old_district_id,old_area_km2,new_district_id,new_area_km2,intersection_area_km2,old_area_fraction,new_area_fraction,method,population_fraction,data_status,source_id,snapshot_id,observed_at,retrieved_at,source_updated_at,old_name_source,new_name_source,change_evidence
qc-prov-2017-2022-240,62.01660438983565,qc-prov-2026-2026-211,62.01660438983565,62.01660438983061,0.9999999999999186,0.9999999999999186,official_geometry_intersection_EPSG6933,NA,derived,src_982233d9cc25;src_4a2457749372,src_982233d9cc25_20261003140407728_e3cd4a8a3355;src_4a2457749372_20261003140240251_abfb6f8b4c2c,2026-10-03T14:04:07.728Z,2026-10-03T14:04:09.656Z,NA,Vachon,Vachon,geometric_overlap; no official predecessor relationship inferred
qc-prov-2017-2022-822,3213.935312181997,qc-prov-2026-2026-797,3213.935312181997,3213.9353121819786,0.9999999999999942,0.9999999999999942,official_geometry_intersection_EPSG6933,NA,derived,src_982233d9cc25;src_4a2457749372,src_982233d9cc25_20261003140407728_e3cd4a8a3355;src_4a2457749372_20261003140240251_abfb6f8b4c2c,2026-10-03T14:04:07.728Z,2026-10-03T14:04:09.656Z,NA,Bellechasse,Bellechasse,geometric_overlap; no official predecessor relationship inferred
qc-prov-2017-2022-906,57950.01018840397,qc-prov-2026-2026-817,57950.01380463249,57950.0086278762,0.999999973071139,0.9999999106685926,official_geometry_intersection_EPSG6933,NA,derived,src_982233d9cc25;src_4a2457749372,src_982233d9cc25_20261003140407728_e3cd4a8a3355;src_4a2457749372_20261003140240251_abfb6f8b4c2c,2026-10-03T14:04:07.728Z,2026-10-03T14:04:09.656Z,NA,René-Lévesque,René-Lévesque,geometric_overlap; no official predecessor relationship inferred
qc-prov-2017-2022-842,14186.876644449554,qc-prov-2026-2026-817,57950.01380463249,0.005176751621102853,3.648972040035461e-7,8.933132679752748e-8,official_geometry_intersection_EPSG6933,NA,derived,src_982233d9cc25;src_4a2457749372,src_982233d9cc25_20261003140407728_e3cd4a8a3355;src_4a2457749372_20261003140240251_abfb6f8b4c2c,2026-10-03T14:04:07.728Z,2026-10-03T14:04:09.656Z,NA,Matane-Matapédia,René-Lévesque,geometric_overlap; no official predecessor relationship inferred
qc-prov-2017-2022-120,1583.970742929138,qc-prov-2026-2026-131,1853.923693875964,140.33242216733396,0.08859533725214268,0.07569482100632934,official_geometry_intersection_EPSG6933,NA,derived,src_982233d9cc25;src_4a2457749372,src_982233d9cc25_20261003140407728_e3cd4a8a3355;src_4a2457749372_20261003140240251_abfb6f8b4c2c,2026-10-03T14:04:07.728Z,2026-10-03T14:04:09.656Z,NA,Orford,Daniel-Johnson,geometric_overlap; no official predecessor relationship inferred
qc-prov-2017-2022-260,835.0911675456874,qc-prov-2026-2026-131,1853.923693875964,254.12789677367448,0.3043115610006392,0.13707570468683858,official_geometry_intersection_EPSG6933,NA,derived,src_982233d9cc25;src_4a2457749372,src_982233d9cc25_20261003140407728_e3cd4a8a3355;src_4a2457749372_20261003140240251_abfb6f8b4c2c,2026-10-03T14:04:07.728Z,2026-10-03T14:04:09.656Z,NA,Saint-Hyacinthe,Daniel-Johnson,geometric_overlap; no official predecessor relationship inferred
qc-prov-2017-2022-204,1889.153826111536,qc-prov-2026-2026-131,1853.923693875964,137.85832703856042,0.07297358485746795,0.07436030268880302,official_geometry_intersection_EPSG6933,NA,derived,src_982233d9cc25;src_4a2457749372,src_982233d9cc25_20261003140407728_e3cd4a8a3355;src_4a2457749372_20261003140240251_abfb6f8b4c2c,2026-10-03T14:04:07.728Z,2026-10-03T14:04:09.656Z,NA,Brome-Missisquoi,Daniel-Johnson,geometric_overlap; no official predecessor relationship inferred
qc-prov-2017-2022-210,1028.6472922456885,qc-prov-2026-2026-131,1853.923693875964,0.2764855220694637,2.6878554403799104e-4,1.4913533010165088e-4,official_geometry_intersection_EPSG6933,NA,derived,src_982233d9cc25;src_4a2457749372,src_982233d9cc25_20261003140407728_e3cd4a8a3355;src_4a2457749372_20261003140240251_abfb6f8b4c2c,2026-10-03T14:04:07.728Z,2026-10-03T14:04:09.656Z,NA,Iberville,Daniel-Johnson,geometric_overlap; no official predecessor relationship inferred
qc-prov-2017-2022-126,1798.6676387006432,qc-prov-2026-2026-131,1853.923693875964,1066.2119479805008,0.5927787463562373,0.5751110207515562,official_geometry_intersection_EPSG6933,NA,derived,src_982233d9cc25;src_4a2457749372,src_982233d9cc25_20261003140407728_e3cd4a8a3355;src_4a2457749372_20261003140240251_abfb6f8b4c2c,2026-10-03T14:04:07.728Z,2026-10-03T14:04:09.656Z,NA,Johnson,Daniel-Johnson,geometric_overlap; no official predecessor relationship inferred
qc-prov-2017-2022-132,1981.84575229334,qc-prov-2026-2026-131,1853.923693875964,255.1166143931756,0.1287267760863636,0.1376090155360214,official_geometry_intersection_EPSG6933,NA,derived,src_982233d9cc25;src_4a2457749372,src_982233d9cc25_20261003140407728_e3cd4a8a3355;src_4a2457749372_20261003140240251_abfb6f8b4c2c,2026-10-03T14:04:07.728Z,2026-10-03T14:04:09.656Z,NA,Richmond,Daniel-Johnson,geometric_overlap; no official predecessor relationship inferred
qc-prov-2017-2022-366,17.55333203079349,qc-prov-2026-2026-833,17.55333200399906,17.553332003987652,0.9999999984728916,0.99999999999935,official_geometry_intersection_EPSG6933,NA,derived,src_982233d9cc25;src_4a2457749372,src_982233d9cc25_20261003140407728_e3cd4a8a3355;src_4a2457749372_20261003140240251_abfb6f8b4c2c,2026-10-03T14:04:07.728Z,2026-10-03T14:04:09.656Z,NA,Anjou-Louis-Riel,Anjou–Louis-Riel,geometric_overlap; no official predecessor relationship inferred
qc-prov-2017-2022-542,88.85959280468764,qc-prov-2026-2026-569,45.0092542981782,4.601039992999162e-6,5.1778765215728536e-8,1.022243106388322e-7,official_geometry_intersection_EPSG6933,NA,derived,src_982233d9cc25;src_4a2457749372,src_982233d9cc25_20261003140407728_e3cd4a8a3355;src_4a2457749372_20261003140240251_abfb6f8b4c2c,2026-10-03T14:04:07.728Z,2026-10-03T14:04:09.656Z,NA,Terrebonne,Vimont-Auteuil,geometric_overlap; no official predecessor relationship inferred
qc-prov-2017-2022-536,66.62854308364163,qc-prov-2026-2026-569,45.0092542981782,4.1763530195861125e-5,6.268113973831545e-7,9.278876277128536e-7,official_geometry_intersection_EPSG6933,NA,derived,src_982233d9cc25;src_4a2457749372,src_982233d9cc25_20261003140407728_e3cd4a8a3355;src_4a2457749372_20261003140240251_abfb6f8b4c2c,2026-10-03T14:04:07.728Z,2026-10-03T14:04:09.656Z,NA,Blainville,Vimont-Auteuil,geometric_overlap; no official predecessor relationship inferred
qc-prov-2017-2022-476,45.00927543711138,qc-prov-2026-2026-569,45.0092542981782,45.00920793106226,0.9999985001747204,0.9999989698315008,official_geometry_intersection_EPSG6933,NA,derived,src_982233d9cc25;src_4a2457749372,src_982233d9cc25_20261003140407728_e3cd4a8a3355;src_4a2457749372_20261003140240251_abfb6f8b4c2c,2026-10-03T14:04:07.728Z,2026-10-03T14:04:09.656Z,NA,Vimont,Vimont-Auteuil,geometric_overlap; no official predecessor relationship inferred
qc-prov-2017-2022-356,9.734509008034356,qc-prov-2026-2026-319,9.734509008034356,9.734509008030306,0.999999999999584,0.999999999999584,official_geometry_intersection_EPSG6933,NA,derived,src_982233d9cc25;src_4a2457749372,src_982233d9cc25_20261003140407728_e3cd4a8a3355;src_4a2457749372_20261003140240251_abfb6f8b4c2c,2026-10-03T14:04:07.728Z,2026-10-03T14:04:09.656Z,NA,Rosemont,Rosemont,geometric_overlap; no official predecessor relationship inferred
qc-prov-2017-2022-470,41.28554400612149,qc-prov-2026-2026-359,41.28556966112695,41.28554400357637,0.9999999999383532,0.99999937853466,official_geometry_intersection_EPSG6933,NA,derived,src_982233d9cc25;src_4a2457749372,src_982233d9cc25_20261003140407728_e3cd4a8a3355;src_4a2457749372_20261003140240251_abfb6f8b4c2c,2026-10-03T14:04:07.728Z,2026-10-03T14:04:09.656Z,NA,Sainte-Rose,Sainte-Rose,geometric_overlap; no official predecessor relationship inferred
qc-prov-2017-2022-502,51.063006015152645,qc-prov-2026-2026-359,41.28556966112695,2.565753894760548e-5,5.024682436437792e-7,6.214650580869597e-7,official_geometry_intersection_EPSG6933,NA,derived,src_982233d9cc25;src_4a2457749372,src_982233d9cc25_20261003140407728_e3cd4a8a3355;src_4a2457749372_20261003140240251_abfb6f8b4c2c,2026-10-03T14:04:07.728Z,2026-10-03T14:04:09.656Z,NA,Groulx,Sainte-Rose,geometric_overlap; no official predecessor relationship inferred
qc-prov-2017-2022-120,1583.970742929138,qc-prov-2026-2026-157,1701.3061897948696,0.04084544880823262,2.5786744477804992e-5,2.4008287898580706e-5,official_geometry_intersection_EPSG6933,NA,derived,src_982233d9cc25;src_4a2457749372,src_982233d9cc25_20261003140407728_e3cd4a8a3355;src_4a2457749372_20261003140240251_abfb6f8b4c2c,2026-10-03T14:04:07.728Z,2026-10-03T14:04:09.656Z,NA,Orford,Brome-Missisquoi,geometric_overlap; no official predecessor relationship inferred
qc-prov-2017-2022-204,1889.153826111536,qc-prov-2026-2026-157,1701.3061897948696,1701.265287497292,0.900543547054092,0.9999759582973228,official_geometry_intersection_EPSG6933,NA,derived,src_982233d9cc25;src_4a2457749372,src_982233d9cc25_20261003140407728_e3cd4a8a3355;src_4a2457749372_20261003140240251_abfb6f8b4c2c,2026-10-03T14:04:07.728Z,2026-10-03T14:04:09.656Z,NA,Brome-Missisquoi,Brome-Missisquoi,geometric_overlap; no official predecessor relationship inferred
qc-prov-2017-2022-210,1028.6472922456885,qc-prov-2026-2026-157,1701.3061897948696,5.684869622806637e-5,5.5265489596494544e-8,3.3414735436259565e-8,official_geometry_intersection_EPSG6933,NA,derived,src_982233d9cc25;src_4a2457749372,src_982233d9cc25_20261003140407728_e3cd4a8a3355;src_4a2457749372_20261003140240251_abfb6f8b4c2c,2026-10-03T14:04:07.728Z,2026-10-03T14:04:09.656Z,NA,Iberville,Brome-Missisquoi,geometric_overlap; no official predecessor relationship inferred
qc-prov-2017-2022-212,244.18752432309321,qc-prov-2026-2026-207,212.032485198834,0.08928873568186883,3.6565641889111305e-4,4.2110875415216737e-4,official_geometry_intersection_EPSG6933,NA,derived,src_982233d9cc25;src_4a2457749372,src_982233d9cc25_20261003140407728_e3cd4a8a3355;src_4a2457749372_20261003140240251_abfb6f8b4c2c,2026-10-03T14:04:07.728Z,2026-10-03T14:04:09.656Z,NA,Saint-Jean,Chambly,geometric_overlap; no official predecessor relationship inferred
qc-prov-2017-2022-210,1028.6472922456885,qc-prov-2026-2026-207,212.032485198834,0.037269235918961405,3.623130707669213e-5,1.7577134882898766e-4,official_geometry_intersection_EPSG6933,NA,derived,src_982233d9cc25;src_4a2457749372,src_982233d9cc25_20261003140407728_e3cd4a8a3355;src_4a2457749372_20261003140240251_abfb6f8b4c2c,2026-10-03T14:04:07.728Z,2026-10-03T14:04:09.656Z,NA,Iberville,Chambly,geometric_overlap; no official predecessor relationship inferred
qc-prov-2017-2022-238,211.91711492655708,qc-prov-2026-2026-207,212.032485198834,211.90592722720075,0.9999472071929622,0.9994031198968664,official_geometry_intersection_EPSG6933,NA,derived,src_982233d9cc25;src_4a2457749372,src_982233d9cc25_20261003140407728_e3cd4a8a3355;src_4a2457749372_20261003140240251_abfb6f8b4c2c,2026-10-03T14:04:07.728Z,2026-10-03T14:04:09.656Z,NA,Chambly,Chambly,geometric_overlap; no official predecessor relationship inferred
qc-prov-2017-2022-906,57950.01018840397,qc-prov-2026-2026-807,14186.872349379928,0.0015478183003994157,2.670954319709749e-8,1.09102151783798e-7,official_geometry_intersection_EPSG6933,NA,derived,src_982233d9cc25;src_4a2457749372,src_982233d9cc25_20261003140407728_e3cd4a8a3355;src_4a2457749372_20261003140240251_abfb6f8b4c2c,2026-10-03T14:04:07.728Z,2026-10-03T14:04:09.656Z,NA,René-Lévesque,Matane-Matapédia-Mitis,geometric_overlap; no official predecessor relationship inferred
qc-prov-2017-2022-842,14186.876644449554,qc-prov-2026-2026-807,14186.872349379928,14186.867933832806,0.999999386008847,0.9999996887582396,official_geometry_intersection_EPSG6933,NA,derived,src_982233d9cc25;src_4a2457749372,src_982233d9cc25_20261003140407728_e3cd4a8a3355;src_4a2457749372_20261003140240251_abfb6f8b4c2c,2026-10-03T14:04:07.728Z,2026-10-03T14:04:09.656Z,NA,Matane-Matapédia,Matane-Matapédia-Mitis,geometric_overlap; no official predecessor relationship inferred
qc-prov-2017-2022-838,3733.225891100009,qc-prov-2026-2026-807,14186.872349379928,0.0028677287689607965,7.681637416577033e-7,2.021396047231043e-7,official_geometry_intersection_EPSG6933,NA,derived,src_982233d9cc25;src_4a2457749372,src_982233d9cc25_20261003140407728_e3cd4a8a3355;src_4a2457749372_20261003140240251_abfb6f8b4c2c,2026-10-03T14:04:07.728Z,2026-10-03T14:04:09.656Z,NA,Rimouski,Matane-Matapédia-Mitis,geometric_overlap; no official predecessor relationship inferred
qc-prov-2017-2022-244,25.15077846073112,qc-prov-2026-2026-201,47.44524880412937,0.22710685175778453,0.009029814012014588,0.00478671431770463,official_geometry_intersection_EPSG6933,NA,derived,src_982233d9cc25;src_4a2457749372,src_982233d9cc25_20261003140407728_e3cd4a8a3355;src_4a2457749372_20261003140240251_abfb6f8b4c2c,2026-10-03T14:04:07.728Z,2026-10-03T14:04:09.656Z,NA,Laporte,La Pinière,geometric_overlap; no official predecessor relationship inferred
qc-prov-2017-2022-236,47.21814192842746,qc-prov-2026-2026-201,47.44524880412937,47.21814192843736,1.0000000000002094,0.9952132851778354,official_geometry_intersection_EPSG6933,NA,derived,src_982233d9cc25;src_4a2457749372,src_982233d9cc25_20261003140407728_e3cd4a8a3355;src_4a2457749372_20261003140240251_abfb6f8b4c2c,2026-10-03T14:04:07.728Z,2026-10-03T14:04:09.656Z,NA,La Pinière,La Pinière,geometric_overlap; no official predecessor relationship inferred
qc-prov-2017-2022-326,17.710487039392934,qc-prov-2026-2026-281,17.710487039392934,17.71048703939556,1.0000000000001483,1.0000000000001483,official_geometry_intersection_EPSG6933,NA,derived,src_982233d9cc25;src_4a2457749372,src_982233d9cc25_20261003140407728_e3cd4a8a3355;src_4a2457749372_20261003140240251_abfb6f8b4c2c,2026-10-03T14:04:07.728Z,2026-10-03T14:04:09.656Z,NA,Saint-Henri-Sainte-Anne,Saint-Henri–Sainte-Anne,geometric_overlap; no official predecessor relationship inferred
qc-prov-2017-2022-318,44.69458606124754,qc-prov-2026-2026-271,44.69458606124754,44.69458606124553,0.999999999999955,0.999999999999955,official_geometry_intersection_EPSG6933,NA,derived,src_982233d9cc25;src_4a2457749372,src_982233d9cc25_20261003140407728_e3cd4a8a3355;src_4a2457749372_20261003140240251_abfb6f8b4c2c,2026-10-03T14:04:07.728Z,2026-10-03T14:04:09.656Z,NA,Saint-Laurent,Saint-Laurent,geometric_overlap; no official predecessor relationship inferred
qc-prov-2017-2022-150,2803.3575814408377,qc-prov-2026-2026-239,635.7180970001895,0.001475914676381749,5.264810619069064e-7,2.3216496169391087e-6,official_geometry_intersection_EPSG6933,NA,derived,src_982233d9cc25;src_4a2457749372,src_982233d9cc25_20261003140407728_e3cd4a8a3355;src_4a2457749372_20261003140240251_abfb6f8b4c2c,2026-10-03T14:04:07.728Z,2026-10-03T14:04:09.656Z,NA,Nicolet-Bécancour,Saint-Hyacinthe,geometric_overlap; no official predecessor relationship inferred
qc-prov-2017-2022-264,882.8751130176917,qc-prov-2026-2026-239,635.7180970001895,0.031979427145127255,3.622191482532641e-5,5.030441526838857e-5,official_geometry_intersection_EPSG6933,NA,derived,src_982233d9cc25;src_4a2457749372,src_982233d9cc25_20261003140407728_e3cd4a8a3355;src_4a2457749372_20261003140240251_abfb6f8b4c2c,2026-10-03T14:04:07.728Z,2026-10-03T14:04:09.656Z,NA,Richelieu,Saint-Hyacinthe,geometric_overlap; no official predecessor relationship inferred
qc-prov-2017-2022-260,835.0911675456874,qc-prov-2026-2026-239,635.7180970001895,580.6325119580945,0.6952923639038828,0.913349037408198,official_geometry_intersection_EPSG6933,NA,derived,src_982233d9cc25;src_4a2457749372,src_982233d9cc25_20261003140407728_e3cd4a8a3355;src_4a2457749372_20261003140240251_abfb6f8b4c2c,2026-10-03T14:04:07.728Z,2026-10-03T14:04:09.656Z,NA,Saint-Hyacinthe,Saint-Hyacinthe,geometric_overlap; no official predecessor relationship inferred
qc-prov-2017-2022-258,529.9054153673592,qc-prov-2026-2026-239,635.7180970001895,55.01847119446169,0.10382696533931418,0.08654539088014242,official_geometry_intersection_EPSG6933,NA,derived,src_982233d9cc25;src_4a2457749372,src_982233d9cc25_20261003140407728_e3cd4a8a3355;src_4a2457749372_20261003140240251_abfb6f8b4c2c,2026-10-03T14:04:07.728Z,2026-10-03T14:04:09.656Z,NA,Borduas,Saint-Hyacinthe,geometric_overlap; no official predecessor relationship inferred
qc-prov-2017-2022-210,1028.6472922456885,qc-prov-2026-2026-239,635.7180970001895,0.028905072553689043,2.8100081312210537e-5,4.546838085951237e-5,official_geometry_intersection_EPSG6933,NA,derived,src_982233d9cc25;src_4a2457749372,src_982233d9cc25_20261003140407728_e3cd4a8a3355;src_4a2457749372_20261003140240251_abfb6f8b4c2c,2026-10-03T14:04:07.728Z,2026-10-03T14:04:09.656Z,NA,Iberville,Saint-Hyacinthe,geometric_overlap; no official predecessor relationship inferred
qc-prov-2017-2022-126,1798.6676387006432,qc-prov-2026-2026-239,635.7180970001895,0.004753433267117863,2.6427524267639245e-6,7.477265928952226e-6,official_geometry_intersection_EPSG6933,NA,derived,src_982233d9cc25;src_4a2457749372,src_982233d9cc25_20261003140407728_e3cd4a8a3355;src_4a2457749372_20261003140240251_abfb6f8b4c2c,2026-10-03T14:04:07.728Z,2026-10-03T14:04:09.656Z,NA,Johnson,Saint-Hyacinthe,geometric_overlap; no official predecessor relationship inferred
qc-prov-2017-2022-736,21.09201068136264,qc-prov-2026-2026-757,21.091460372410427,21.091444702487205,0.9999731661962444,0.999999257048922,official_geometry_intersection_EPSG6933,NA,derived,src_982233d9cc25;src_4a2457749372,src_982233d9cc25_20261003140407728_e3cd4a8a3355;src_4a2457749372_20261003140240251_abfb6f8b4c2c,2026-10-03T14:04:07.728Z,2026-10-03T14:04:09.656Z,NA,Jean-Lesage,Jean-Lesage,geometric_overlap; no official predecessor relationship inferred
qc-prov-2017-2022-742,184.0797382860312,qc-prov-2026-2026-757,21.091460372410427,1.566992136808778e-5,8.51257260249858e-8,7.429509901829976e-7,official_geometry_intersection_EPSG6933,NA,derived,src_982233d9cc25;src_4a2457749372,src_982233d9cc25_20261003140407728_e3cd4a8a3355;src_4a2457749372_20261003140240251_abfb6f8b4c2c,2026-10-03T14:04:07.728Z,2026-10-03T14:04:09.656Z,NA,Montmorency,Jean-Lesage,geometric_overlap; no official predecessor relationship inferred
qc-prov-2017-2022-720,775.8714432049969,qc-prov-2026-2026-727,4321.256613915644,178.5097823378494,0.2300764951477721,0.041309692593353146,official_geometry_intersection_EPSG6933,NA,derived,src_982233d9cc25;src_4a2457749372,src_982233d9cc25_20261003140407728_e3cd4a8a3355;src_4a2457749372_20261003140240251_abfb6f8b4c2c,2026-10-03T14:04:07.728Z,2026-10-03T14:04:09.656Z,NA,La Peltrie,Portneuf,geometric_overlap; no official predecessor relationship inferred
qc-prov-2017-2022-714,4142.746831577872,qc-prov-2026-2026-727,4321.256613915644,4142.746831577807,0.9999999999999843,0.9586903074066496,official_geometry_intersection_EPSG6933,NA,derived,src_982233d9cc25;src_4a2457749372,src_982233d9cc25_20261003140407728_e3cd4a8a3355;src_4a2457749372_20261003140240251_abfb6f8b4c2c,2026-10-03T14:04:07.728Z,2026-10-03T14:04:09.656Z,NA,Portneuf,Portneuf,geometric_overlap; no official predecessor relationship inferred
qc-prov-2017-2022-806,1760.2290361195069,qc-prov-2026-2026-781,1760.2290361195069,1760.22903611957,1.000000000000036,1.000000000000036,official_geometry_intersection_EPSG6933,NA,derived,src_982233d9cc25;src_4a2457749372,src_982233d9cc25_20261003140407728_e3cd4a8a3355;src_4a2457749372_20261003140240251_abfb6f8b4c2c,2026-10-03T14:04:07.728Z,2026-10-03T14:04:09.656Z,NA,Beauce-Nord,Beauce-Nord,geometric_overlap; no official predecessor relationship inferred
qc-prov-2017-2022-922,411.01841891814496,qc-prov-2026-2026-823,411.01841891814496,411.0184189181469,1.0000000000000049,1.0000000000000049,official_geometry_intersection_EPSG6933,NA,derived,src_982233d9cc25;src_4a2457749372,src_982233d9cc25_20261003140407728_e3cd4a8a3355;src_4a2457749372_20261003140240251_abfb6f8b4c2c,2026-10-03T14:04:07.728Z,2026-10-03T14:04:09.656Z,NA,Jonquière,Jonquière,geometric_overlap; no official predecessor relationship inferred
qc-prov-2017-2022-212,244.18752432309321,qc-prov-2026-2026-167,172.11226840863776,172.10320564527848,0.7047993386327247,0.9999473438852264,official_geometry_intersection_EPSG6933,NA,derived,src_982233d9cc25;src_4a2457749372,src_982233d9cc25_20261003140407728_e3cd4a8a3355;src_4a2457749372_20261003140240251_abfb6f8b4c2c,2026-10-03T14:04:07.728Z,2026-10-03T14:04:09.656Z,NA,Saint-Jean,Saint-Jean,geometric_overlap; no official predecessor relationship inferred
qc-prov-2017-2022-238,211.91711492655708,qc-prov-2026-2026-167,172.11226840863776,0.009062763355551898,4.276560370639592e-5,5.2656114751997935e-5,official_geometry_intersection_EPSG6933,NA,derived,src_982233d9cc25;src_4a2457749372,src_982233d9cc25_20261003140407728_e3cd4a8a3355;src_4a2457749372_20261003140240251_abfb6f8b4c2c,2026-10-03T14:04:07.728Z,2026-10-03T14:04:09.656Z,NA,Chambly,Saint-Jean,geometric_overlap; no official predecessor relationship inferred
qc-prov-2017-2022-258,529.9054153673592,qc-prov-2026-2026-237,474.8884785184823,474.88694417291737,0.8961730346607233,0.9999967690402394,official_geometry_intersection_EPSG6933,NA,derived,src_982233d9cc25;src_4a2457749372,src_982233d9cc25_20261003140407728_e3cd4a8a3355;src_4a2457749372_20261003140240251_abfb6f8b4c2c,2026-10-03T14:04:07.728Z,2026-10-03T14:04:09.656Z,NA,Borduas,Borduas,geometric_overlap; no official predecessor relationship inferred
qc-prov-2017-2022-238,211.91711492655708,qc-prov-2026-2026-237,474.8884785184823,0.0015343455742923182,7.240309848612595e-6,3.230959780450017e-6,official_geometry_intersection_EPSG6933,NA,derived,src_982233d9cc25;src_4a2457749372,src_982233d9cc25_20261003140407728_e3cd4a8a3355;src_4a2457749372_20261003140240251_abfb6f8b4c2c,2026-10-03T14:04:07.728Z,2026-10-03T14:04:09.656Z,NA,Chambly,Borduas,geometric_overlap; no official predecessor relationship inferred
qc-prov-2017-2022-300,22.634978947188547,qc-prov-2026-2026-247,22.634978924887825,22.63497892304872,0.9999999989335168,0.9999999999187494,official_geometry_intersection_EPSG6933,NA,derived,src_982233d9cc25;src_4a2457749372,src_982233d9cc25_20261003140407728_e3cd4a8a3355;src_4a2457749372_20261003140240251_abfb6f8b4c2c,2026-10-03T14:04:07.728Z,2026-10-03T14:04:09.656Z,NA,Verdun,Verdun,geometric_overlap; no official predecessor relationship inferred
qc-prov-2017-2022-336,20.101095297538027,qc-prov-2026-2026-277,12.751705816253995,2.097027666545426e-6,1.0432404978460397e-7,1.644507563742918e-7,official_geometry_intersection_EPSG6933,NA,derived,src_982233d9cc25;src_4a2457749372,src_982233d9cc25_20261003140407728_e3cd4a8a3355;src_4a2457749372_20261003140240251_abfb6f8b4c2c,2026-10-03T14:04:07.728Z,2026-10-03T14:04:09.656Z,NA,Mont-Royal-Outremont,D'Arcy-McGee,geometric_overlap; no official predecessor relationship inferred
qc-prov-2017-2022-320,12.751703824734784,qc-prov-2026-2026-277,12.751705816253995,12.751703719233012,0.9999999917264568,0.9999998355497676,official_geometry_intersection_EPSG6933,NA,derived,src_982233d9cc25;src_4a2457749372,src_982233d9cc25_20261003140407728_e3cd4a8a3355;src_4a2457749372_20261003140240251_abfb6f8b4c2c,2026-10-03T14:04:07.728Z,2026-10-03T14:04:09.656Z,NA,D'Arcy-McGee,D'Arcy-McGee,geometric_overlap; no official predecessor relationship inferred
qc-prov-2017-2022-826,7585.061039610179,qc-prov-2026-2026-799,7585.061039610179,7585.06103961022,1.000000000000005,1.000000000000005,official_geometry_intersection_EPSG6933,NA,derived,src_982233d9cc25;src_4a2457749372,src_982233d9cc25_20261003140407728_e3cd4a8a3355;src_4a2457749372_20261003140240251_abfb6f8b4c2c,2026-10-03T14:04:07.728Z,2026-10-03T14:04:09.656Z,NA,Côte-du-Sud,Côte-du-Sud,geometric_overlap; no official predecessor relationship inferred
qc-prov-2017-2022-702,34.62019482709621,qc-prov-2026-2026-707,34.620194831059685,34.62019482709381,0.9999999999999306,0.9999999998854464,official_geometry_intersection_EPSG6933,NA,derived,src_982233d9cc25;src_4a2457749372,src_982233d9cc25_20261003140407728_e3cd4a8a3355;src_4a2457749372_20261003140240251_abfb6f8b4c2c,2026-10-03T14:04:07.728Z,2026-10-03T14:04:09.656Z,NA,Jean-Talon,Jean-Talon,geometric_overlap; no official predecessor relationship inferred
qc-prov-2017-2022-760,12885.440486013687,qc-prov-2026-2026-771,12885.440380393691,12885.440347695969,0.9999999892655808,0.9999999974624288,official_geometry_intersection_EPSG6933,NA,derived,src_982233d9cc25;src_4a2457749372,src_982233d9cc25_20261003140407728_e3cd4a8a3355;src_4a2457749372_20261003140240251_abfb6f8b4c2c,2026-10-03T14:04:07.728Z,2026-10-03T14:04:09.656Z,NA,Charlevoix-Côte-de-Beaupré,Charlevoix–Côte-de-Beaupré,geometric_overlap; no official predecessor relationship inferred
qc-prov-2017-2022-742,184.0797382860312,qc-prov-2026-2026-771,12885.440380393691,3.269739949534649e-5,1.7762628195689753e-7,2.537546139680131e-9,official_geometry_intersection_EPSG6933,NA,derived,src_982233d9cc25;src_4a2457749372,src_982233d9cc25_20261003140407728_e3cd4a8a3355;src_4a2457749372_20261003140240251_abfb6f8b4c2c,2026-10-03T14:04:07.728Z,2026-10-03T14:04:09.656Z,NA,Montmorency,Charlevoix–Côte-de-Beaupré,geometric_overlap; no official predecessor relationship inferred
qc-prov-2017-2022-144,1886.148313323948,qc-prov-2026-2026-787,3326.463363086461,0.29332654040860845,1.5551615869044828e-4,8.81796996965706e-5,official_geometry_intersection_EPSG6933,NA,derived,src_982233d9cc25;src_4a2457749372,src_982233d9cc25_20261003140407728_e3cd4a8a3355;src_4a2457749372_20261003140240251_abfb6f8b4c2c,2026-10-03T14:04:07.728Z,2026-10-03T14:04:09.656Z,NA,Arthabaska,Lotbinière-Frontenac,geometric_overlap; no official predecessor relationship inferred
qc-prov-2017-2022-810,3326.313563347173,qc-prov-2026-2026-787,3326.463363086461,3326.162829450074,0.9999546843993422,0.9999096537061788,official_geometry_intersection_EPSG6933,NA,derived,src_982233d9cc25;src_4a2457749372,src_982233d9cc25_20261003140407728_e3cd4a8a3355;src_4a2457749372_20261003140240251_abfb6f8b4c2c,2026-10-03T14:04:07.728Z,2026-10-03T14:04:09.656Z,NA,Lotbinière-Frontenac,Lotbinière-Frontenac,geometric_overlap; no official predecessor relationship inferred
qc-prov-2017-2022-814,326.32341431566783,qc-prov-2026-2026-787,3326.463363086461,0.007207096080212077,2.208574611578536e-5,2.166594155278767e-6,official_geometry_intersection_EPSG6933,NA,derived,src_982233d9cc25;src_4a2457749372,src_982233d9cc25_20261003140407728_e3cd4a8a3355;src_4a2457749372_20261003140240251_abfb6f8b4c2c,2026-10-03T14:04:07.728Z,2026-10-03T14:04:09.656Z,NA,Chutes-de-la-Chaudière,Lotbinière-Frontenac,geometric_overlap; no official predecessor relationship inferred
qc-prov-2017-2022-858,34022.90774305388,qc-prov-2026-2026-811,34022.90774305388,34022.9077430539,1.0000000000000004,1.0000000000000004,official_geometry_intersection_EPSG6933,NA,derived,src_982233d9cc25;src_4a2457749372,src_982233d9cc25_20261003140407728_e3cd4a8a3355;src_4a2457749372_20261003140240251_abfb6f8b4c2c,2026-10-03T14:04:07.728Z,2026-10-03T14:04:09.656Z,NA,Îles-de-la-Madeleine,Îles-de-la-Madeleine,geometric_overlap; no official predecessor relationship inferred
qc-prov-2017-2022-918,173.45090898777062,qc-prov-2026-2026-821,163.5069858284199,163.4046720427126,0.9420802289034628,0.9993742543464494,official_geometry_intersection_EPSG6933,NA,derived,src_982233d9cc25;src_4a2457749372,src_982233d9cc25_20261003140407728_e3cd4a8a3355;src_4a2457749372_20261003140240251_abfb6f8b4c2c,2026-10-03T14:04:07.728Z,2026-10-03T14:04:09.656Z,NA,Chicoutimi,Chicoutimi,geometric_overlap; no official predecessor relationship inferred
qc-prov-2017-2022-914,44621.312659790594,qc-prov-2026-2026-821,163.5069858284199,0.10231378570413206,2.292935362171217e-6,6.25745653531266e-4,official_geometry_intersection_EPSG6933,NA,derived,src_982233d9cc25;src_4a2457749372,src_982233d9cc25_20261003140407728_e3cd4a8a3355;src_4a2457749372_20261003140240251_abfb6f8b4c2c,2026-10-03T14:04:07.728Z,2026-10-03T14:04:09.656Z,NA,Dubuc,Chicoutimi,geometric_overlap; no official predecessor relationship inferred
qc-prov-2017-2022-502,51.063006015152645,qc-prov-2026-2026-577,51.062972396168426,51.06297239600006,0.9999993416143074,0.9999999999967027,official_geometry_intersection_EPSG6933,NA,derived,src_982233d9cc25;src_4a2457749372,src_982233d9cc25_20261003140407728_e3cd4a8a3355;src_4a2457749372_20261003140240251_abfb6f8b4c2c,2026-10-03T14:04:07.728Z,2026-10-03T14:04:09.656Z,NA,Groulx,Groulx,geometric_overlap; no official predecessor relationship inferred
qc-prov-2017-2022-150,2803.3575814408377,qc-prov-2026-2026-141,1793.6783434708825,72.23475169602413,0.02576722719008174,0.040271853623568464,official_geometry_intersection_EPSG6933,NA,derived,src_982233d9cc25;src_4a2457749372,src_982233d9cc25_20261003140407728_e3cd4a8a3355;src_4a2457749372_20261003140240251_abfb6f8b4c2c,2026-10-03T14:04:07.728Z,2026-10-03T14:04:09.656Z,NA,Nicolet-Bécancour,Drummond–Bois-Francs,geometric_overlap; no official predecessor relationship inferred
qc-prov-2017-2022-144,1886.148313323948,qc-prov-2026-2026-141,1793.6783434708825,0.05189046230829701,2.7511337227161504e-5,2.89296364073202e-5,official_geometry_intersection_EPSG6933,NA,derived,src_982233d9cc25;src_4a2457749372,src_982233d9cc25_20261003140407728_e3cd4a8a3355;src_4a2457749372_20261003140240251_abfb6f8b4c2c,2026-10-03T14:04:07.728Z,2026-10-03T14:04:09.656Z,NA,Arthabaska,Drummond–Bois-Francs,geometric_overlap; no official predecessor relationship inferred
qc-prov-2017-2022-126,1798.6676387006432,qc-prov-2026-2026-141,1793.6783434708825,9.659979776900108e-4,5.370630776388723e-7,5.385569721607626e-7,official_geometry_intersection_EPSG6933,NA,derived,src_982233d9cc25;src_4a2457749372,src_982233d9cc25_20261003140407728_e3cd4a8a3355;src_4a2457749372_20261003140240251_abfb6f8b4c2c,2026-10-03T14:04:07.728Z,2026-10-03T14:04:09.656Z,NA,Johnson,Drummond–Bois-Francs,geometric_overlap; no official predecessor relationship inferred
qc-prov-2017-2022-138,1839.029456684648,qc-prov-2026-2026-141,1793.6783434708825,1721.2601603144142,0.9359611691144172,0.959625880849777,official_geometry_intersection_EPSG6933,NA,derived,src_982233d9cc25;src_4a2457749372,src_982233d9cc25_20261003140407728_e3cd4a8a3355;src_4a2457749372_20261003140240251_abfb6f8b4c2c,2026-10-03T14:04:07.728Z,2026-10-03T14:04:09.656Z,NA,Drummond-Bois-Francs,Drummond–Bois-Francs,geometric_overlap; no official predecessor relationship inferred
qc-prov-2017-2022-132,1981.84575229334,qc-prov-2026-2026-141,1793.6783434708825,0.1305750002915255,6.588555145647815e-5,7.279733334955392e-5,official_geometry_intersection_EPSG6933,NA,derived,src_982233d9cc25;src_4a2457749372,src_982233d9cc25_20261003140407728_e3cd4a8a3355;src_4a2457749372_20261003140240251_abfb6f8b4c2c,2026-10-03T14:04:07.728Z,2026-10-03T14:04:09.656Z,NA,Richmond,Drummond–Bois-Francs,geometric_overlap; no official predecessor relationship inferred
qc-prov-2017-2022-602,53.95523539782514,qc-prov-2026-2026-651,56.60453427720951,53.95446654710769,0.9999857502110449,0.9531827659402048,official_geometry_intersection_EPSG6933,NA,derived,src_982233d9cc25;src_4a2457749372,src_982233d9cc25_20261003140407728_e3cd4a8a3355;src_4a2457749372_20261003140240251_abfb6f8b4c2c,2026-10-03T14:04:07.728Z,2026-10-03T14:04:09.656Z,NA,Hull,Hull,geometric_overlap; no official predecessor relationship inferred
qc-prov-2017-2022-608,14721.508018140476,qc-prov-2026-2026-651,56.60453427720951,1.05862747488282e-5,7.191026038761341e-10,1.8702167386421765e-7,official_geometry_intersection_EPSG6933,NA,derived,src_982233d9cc25;src_4a2457749372,src_982233d9cc25_20261003140407728_e3cd4a8a3355;src_4a2457749372_20261003140240251_abfb6f8b4c2c,2026-10-03T14:04:07.728Z,2026-10-03T14:04:09.656Z,NA,Pontiac,Hull,geometric_overlap; no official predecessor relationship inferred
qc-prov-2017-2022-614,15606.338324031396,qc-prov-2026-2026-651,56.60453427720951,2.6500571438416385,0.00016980646509251641,0.04681704703837872,official_geometry_intersection_EPSG6933,NA,derived,src_982233d9cc25;src_4a2457749372,src_982233d9cc25_20261003140407728_e3cd4a8a3355;src_4a2457749372_20261003140240251_abfb6f8b4c2c,2026-10-03T14:04:07.728Z,2026-10-03T14:04:09.656Z,NA,Gatineau,Hull,geometric_overlap; no official predecessor relationship inferred
qc-prov-2017-2022-814,326.32341431566783,qc-prov-2026-2026-789,326.316207219568,326.3162072195647,0.999977914253814,0.99999999999999,official_geometry_intersection_EPSG6933,NA,derived,src_982233d9cc25;src_4a2457749372,src_982233d9cc25_20261003140407728_e3cd4a8a3355;src_4a2457749372_20261003140240251_abfb6f8b4c2c,2026-10-03T14:04:07.728Z,2026-10-03T14:04:09.656Z,NA,Chutes-de-la-Chaudière,Chutes-de-la-Chaudière,geometric_overlap; no official predecessor relationship inferred
qc-prov-2017-2022-460,21.76137891158201,qc-prov-2026-2026-351,19.38733038289838,19.38733038292169,0.890905418341997,1.000000000001202,official_geometry_intersection_EPSG6933,NA,derived,src_982233d9cc25;src_4a2457749372,src_982233d9cc25_20261003140407728_e3cd4a8a3355;src_4a2457749372_20261003140240251_abfb6f8b4c2c,2026-10-03T14:04:07.728Z,2026-10-03T14:04:09.656Z,NA,Chomedey,Chomedey,geometric_overlap; no official predecessor relationship inferred
qc-prov-2017-2022-232,143.54134256526123,qc-prov-2026-2026-199,143.53434038800754,143.5040701705793,0.9997403368673036,0.9997891081859128,official_geometry_intersection_EPSG6933,NA,derived,src_982233d9cc25;src_4a2457749372,src_982233d9cc25_20261003140407728_e3cd4a8a3355;src_4a2457749372_20261003140240251_abfb6f8b4c2c,2026-10-03T14:04:07.728Z,2026-10-03T14:04:09.656Z,NA,La Prairie,La Prairie,geometric_overlap; no official predecessor relationship inferred
qc-prov-2017-2022-230,183.3071901811774,qc-prov-2026-2026-199,143.53434038800754,0.0302702174056294,1.6513382467818577e-4,2.1089181392969645e-4,official_geometry_intersection_EPSG6933,NA,derived,src_982233d9cc25;src_4a2457749372,src_982233d9cc25_20261003140407728_e3cd4a8a3355;src_4a2457749372_20261003140240251_abfb6f8b4c2c,2026-10-03T14:04:07.728Z,2026-10-03T14:04:09.656Z,NA,Sanguinet,La Prairie,geometric_overlap; no official predecessor relationship inferred
qc-prov-2017-2022-246,15.747588131306212,qc-prov-2026-2026-219,15.747588131306212,15.747588131304369,0.9999999999998828,0.9999999999998828,official_geometry_intersection_EPSG6933,NA,derived,src_982233d9cc25;src_4a2457749372,src_982233d9cc25_20261003140407728_e3cd4a8a3355;src_4a2457749372_20261003140240251_abfb6f8b4c2c,2026-10-03T14:04:07.728Z,2026-10-03T14:04:09.656Z,NA,Marie-Victorin,Marie-Victorin,geometric_overlap; no official predecessor relationship inferred
qc-prov-2017-2022-834,7417.313562666543,qc-prov-2026-2026-801,7417.313562666543,7417.313562666513,0.999999999999996,0.999999999999996,official_geometry_intersection_EPSG6933,NA,derived,src_982233d9cc25;src_4a2457749372,src_982233d9cc25_20261003140407728_e3cd4a8a3355;src_4a2457749372_20261003140240251_abfb6f8b4c2c,2026-10-03T14:04:07.728Z,2026-10-03T14:04:09.656Z,NA,Rivière-du-Loup-Témiscouata,Rivière-du-Loup–Témiscouata–Les Basques,geometric_overlap; no official predecessor relationship inferred
qc-prov-2017-2022-642,11552.151073259522,qc-prov-2026-2026-831,859472.3944385151,0.02944246844329275,2.548656804830492e-6,3.425644457438011e-8,official_geometry_intersection_EPSG6933,NA,derived,src_982233d9cc25;src_4a2457749372,src_982233d9cc25_20261003140407728_e3cd4a8a3355;src_4a2457749372_20261003140240251_abfb6f8b4c2c,2026-10-03T14:04:07.728Z,2026-10-03T14:04:09.656Z,NA,Abitibi-Ouest,Ungava,geometric_overlap; no official predecessor relationship inferred
qc-prov-2017-2022-938,859472.5389934886,qc-prov-2026-2026-831,859472.3944385151,859472.3649960473,0.9999997975532278,0.9999999657435562,official_geometry_intersection_EPSG6933,NA,derived,src_982233d9cc25;src_4a2457749372,src_982233d9cc25_20261003140407728_e3cd4a8a3355;src_4a2457749372_20261003140240251_abfb6f8b4c2c,2026-10-03T14:04:07.728Z,2026-10-03T14:04:09.656Z,NA,Ungava,Ungava,geometric_overlap; no official predecessor relationship inferred
qc-prov-2017-2022-930,41064.028460153306,qc-prov-2026-2026-827,20252.500785570785,4.681938148720926e-4,1.1401555873321269e-8,2.311782726633269e-8,official_geometry_intersection_EPSG6933,NA,derived,src_982233d9cc25;src_4a2457749372,src_982233d9cc25_20261003140407728_e3cd4a8a3355;src_4a2457749372_20261003140240251_abfb6f8b4c2c,2026-10-03T14:04:07.728Z,2026-10-03T14:04:09.656Z,NA,Roberval,Lac-Saint-Jean,geometric_overlap; no official predecessor relationship inferred
qc-prov-2017-2022-926,20252.500347317367,qc-prov-2026-2026-827,20252.500785570785,20252.50031737701,0.999999998521646,0.9999999768821743,official_geometry_intersection_EPSG6933,NA,derived,src_982233d9cc25;src_4a2457749372,src_982233d9cc25_20261003140407728_e3cd4a8a3355;src_4a2457749372_20261003140240251_abfb6f8b4c2c,2026-10-03T14:04:07.728Z,2026-10-03T14:04:09.656Z,NA,Lac-Saint-Jean,Lac-Saint-Jean,geometric_overlap; no official predecessor relationship inferred
qc-prov-2017-2022-344,6.205958050709339,qc-prov-2026-2026-321,10.284584003659258,0.0015972524689441502,2.573740357077639e-4,1.5530550077434802e-4,official_geometry_intersection_EPSG6933,NA,derived,src_982233d9cc25;src_4a2457749372,src_982233d9cc25_20261003140407728_e3cd4a8a3355;src_4a2457749372_20261003140240251_abfb6f8b4c2c,2026-10-03T14:04:07.728Z,2026-10-03T14:04:09.656Z,NA,Laurier-Dorion,Viau,geometric_overlap; no official predecessor relationship inferred
qc-prov-2017-2022-358,10.283083443455704,qc-prov-2026-2026-321,10.284584003659258,10.282986751191874,0.9999905969581632,0.9998446944993772,official_geometry_intersection_EPSG6933,NA,derived,src_982233d9cc25;src_4a2457749372,src_982233d9cc25_20261003140407728_e3cd4a8a3355;src_4a2457749372_20261003140240251_abfb6f8b4c2c,2026-10-03T14:04:07.728Z,2026-10-03T14:04:09.656Z,NA,Viau,Viau,geometric_overlap; no official predecessor relationship inferred
qc-prov-2017-2022-542,88.85959280468764,qc-prov-2026-2026-611,137.20963104901654,0.0011048480146662889,1.2433638055203924e-5,8.052262849330123e-6,official_geometry_intersection_EPSG6933,NA,derived,src_982233d9cc25;src_4a2457749372,src_982233d9cc25_20261003140407728_e3cd4a8a3355;src_4a2457749372_20261003140240251_abfb6f8b4c2c,2026-10-03T14:04:07.728Z,2026-10-03T14:04:09.656Z,NA,Terrebonne,Masson,geometric_overlap; no official predecessor relationship inferred
qc-prov-2017-2022-548,137.21026394987146,qc-prov-2026-2026-611,137.20963104901654,137.18758955169193,0.9998347470697396,0.9998393589636814,official_geometry_intersection_EPSG6933,NA,derived,src_982233d9cc25;src_4a2457749372,src_982233d9cc25_20261003140407728_e3cd4a8a3355;src_4a2457749372_20261003140240251_abfb6f8b4c2c,2026-10-03T14:04:07.728Z,2026-10-03T14:04:09.656Z,NA,Masson,Masson,geometric_overlap; no official predecessor relationship inferred
qc-prov-2017-2022-576,715.954297180552,qc-prov-2026-2026-611,137.20963104901654,0.015263113038105002,2.131855776019722e-5,1.1123937089119082e-4,official_geometry_intersection_EPSG6933,NA,derived,src_982233d9cc25;src_4a2457749372,src_982233d9cc25_20261003140407728_e3cd4a8a3355;src_4a2457749372_20261003140240251_abfb6f8b4c2c,2026-10-03T14:04:07.728Z,2026-10-03T14:04:09.656Z,NA,Rousseau,Masson,geometric_overlap; no official predecessor relationship inferred
qc-prov-2017-2022-554,198.22922438014265,qc-prov-2026-2026-611,137.20963104901654,0.005673536262056754,2.8621088942852635e-5,4.134940250681054e-5,official_geometry_intersection_EPSG6933,NA,derived,src_982233d9cc25;src_4a2457749372,src_982233d9cc25_20261003140407728_e3cd4a8a3355;src_4a2457749372_20261003140240251_abfb6f8b4c2c,2026-10-03T14:04:07.728Z,2026-10-03T14:04:09.656Z,NA,L'Assomption,Masson,geometric_overlap; no official predecessor relationship inferred
qc-prov-2017-2022-754,2647.6053063591576,qc-prov-2026-2026-769,2647.6053053889427,2647.605305132137,0.9999999995365544,0.9999999999030044,official_geometry_intersection_EPSG6933,NA,derived,src_982233d9cc25;src_4a2457749372,src_982233d9cc25_20261003140407728_e3cd4a8a3355;src_4a2457749372_20261003140240251_abfb6f8b4c2c,2026-10-03T14:04:07.728Z,2026-10-03T14:04:09.656Z,NA,Chauveau,Chauveau,geometric_overlap; no official predecessor relationship inferred
qc-prov-2017-2022-150,2803.3575814408377,qc-prov-2026-2026-151,2727.287831725018,2509.1396600467187,0.895048022649005,0.9200127800444444,official_geometry_intersection_EPSG6933,NA,derived,src_982233d9cc25;src_4a2457749372,src_982233d9cc25_20261003140407728_e3cd4a8a3355;src_4a2457749372_20261003140240251_abfb6f8b4c2c,2026-10-03T14:04:07.728Z,2026-10-03T14:04:09.656Z,NA,Nicolet-Bécancour,Nicolet-Bécancour,geometric_overlap; no official predecessor relationship inferred
qc-prov-2017-2022-264,882.8751130176917,qc-prov-2026-2026-151,2727.287831725018,0.3607845235251973,4.086472913388913e-4,1.3228692598133286e-4,official_geometry_intersection_EPSG6933,NA,derived,src_982233d9cc25;src_4a2457749372,src_982233d9cc25_20261003140407728_e3cd4a8a3355;src_4a2457749372_20261003140240251_abfb6f8b4c2c,2026-10-03T14:04:07.728Z,2026-10-03T14:04:09.656Z,NA,Richelieu,Nicolet-Bécancour,geometric_overlap; no official predecessor relationship inferred
qc-prov-2017-2022-144,1886.148313323948,qc-prov-2026-2026-151,2727.287831725018,217.1836708540568,0.11514665592299855,0.07963357161194365,official_geometry_intersection_EPSG6933,NA,derived,src_982233d9cc25;src_4a2457749372,src_982233d9cc25_20261003140407728_e3cd4a8a3355;src_4a2457749372_20261003140240251_abfb6f8b4c2c,2026-10-03T14:04:07.728Z,2026-10-03T14:04:09.656Z,NA,Arthabaska,Nicolet-Bécancour,geometric_overlap; no official predecessor relationship inferred
qc-prov-2017-2022-676,1967.3513200913333,qc-prov-2026-2026-151,2727.287831725018,1.4265799384349348e-4,7.251271920099693e-8,5.2307641380580594e-8,official_geometry_intersection_EPSG6933,NA,derived,src_982233d9cc25;src_4a2457749372,src_982233d9cc25_20261003140407728_e3cd4a8a3355;src_4a2457749372_20261003140240251_abfb6f8b4c2c,2026-10-03T14:04:07.728Z,2026-10-03T14:04:09.656Z,NA,Champlain,Nicolet-Bécancour,geometric_overlap; no official predecessor relationship inferred
qc-prov-2017-2022-566,10381.80886267161,qc-prov-2026-2026-151,2727.287831725018,5.912730946970712e-4,5.6952801050212695e-8,2.1679893402490243e-7,official_geometry_intersection_EPSG6933,NA,derived,src_982233d9cc25;src_4a2457749372,src_982233d9cc25_20261003140407728_e3cd4a8a3355;src_4a2457749372_20261003140240251_abfb6f8b4c2c,2026-10-03T14:04:07.728Z,2026-10-03T14:04:09.656Z,NA,Berthier,Nicolet-Bécancour,geometric_overlap; no official predecessor relationship inferred
qc-prov-2017-2022-138,1839.029456684648,qc-prov-2026-2026-151,2727.287831725018,0.6029823700559904,3.278807568112752e-4,2.210923112118321e-4,official_geometry_intersection_EPSG6933,NA,derived,src_982233d9cc25;src_4a2457749372,src_982233d9cc25_20261003140407728_e3cd4a8a3355;src_4a2457749372_20261003140240251_abfb6f8b4c2c,2026-10-03T14:04:07.728Z,2026-10-03T14:04:09.656Z,NA,Drummond-Bois-Francs,Nicolet-Bécancour,geometric_overlap; no official predecessor relationship inferred
qc-prov-2017-2022-324,10.009438022648732,qc-prov-2026-2026-279,10.009438022648732,10.0094380226503,1.0000000000001563,1.0000000000001563,official_geometry_intersection_EPSG6933,NA,derived,src_982233d9cc25;src_4a2457749372,src_982233d9cc25_20261003140407728_e3cd4a8a3355;src_4a2457749372_20261003140240251_abfb6f8b4c2c,2026-10-03T14:04:07.728Z,2026-10-03T14:04:09.656Z,NA,Notre-Dame-de-Grâce,Notre-Dame-de-Grâce,geometric_overlap; no official predecessor relationship inferred
qc-prov-2017-2022-726,49.1329355084638,qc-prov-2026-2026-749,44.69196319714356,44.69196319714478,0.9096131288440112,1.000000000000027,official_geometry_intersection_EPSG6933,NA,derived,src_982233d9cc25;src_4a2457749372,src_982233d9cc25_20261003140407728_e3cd4a8a3355;src_4a2457749372_20261003140240251_abfb6f8b4c2c,2026-10-03T14:04:07.728Z,2026-10-03T14:04:09.656Z,NA,Vanier-Les Rivières,Vanier-Les Rivières,geometric_overlap; no official predecessor relationship inferred
qc-prov-2017-2022-670,35112.17471907964,qc-prov-2026-2026-701,1967.3456416060887,0.03371340854809049,9.601629297478668e-7,1.713649489703688e-5,official_geometry_intersection_EPSG6933,NA,derived,src_982233d9cc25;src_4a2457749372,src_982233d9cc25_20261003140407728_e3cd4a8a3355;src_4a2457749372_20261003140240251_abfb6f8b4c2c,2026-10-03T14:04:07.728Z,2026-10-03T14:04:09.656Z,NA,Laviolette-Saint-Maurice,Champlain,geometric_overlap; no official predecessor relationship inferred
qc-prov-2017-2022-676,1967.3513200913333,qc-prov-2026-2026-701,1967.3456416060887,1967.3119281975703,0.999979977194027,0.999982863505118,official_geometry_intersection_EPSG6933,NA,derived,src_982233d9cc25;src_4a2457749372,src_982233d9cc25_20261003140407728_e3cd4a8a3355;src_4a2457749372_20261003140240251_abfb6f8b4c2c,2026-10-03T14:04:07.728Z,2026-10-03T14:04:09.656Z,NA,Champlain,Champlain,geometric_overlap; no official predecessor relationship inferred
qc-prov-2017-2022-582,381.38892736090696,qc-prov-2026-2026-631,716.1588678439169,0.24027112306599524,6.299897711467316e-4,3.3549975271459053e-4,official_geometry_intersection_EPSG6933,NA,derived,src_982233d9cc25;src_4a2457749372,src_982233d9cc25_20261003140407728_e3cd4a8a3355;src_4a2457749372_20261003140240251_abfb6f8b4c2c,2026-10-03T14:04:07.728Z,2026-10-03T14:04:09.656Z,NA,Prévost,Rousseau,geometric_overlap; no official predecessor relationship inferred
qc-prov-2017-2022-530,195.7281108301462,qc-prov-2026-2026-631,716.1588678439169,0.018539809495912943,9.472226251650627e-5,2.5887844622701228e-5,official_geometry_intersection_EPSG6933,NA,derived,src_982233d9cc25;src_4a2457749372,src_982233d9cc25_20261003140407728_e3cd4a8a3355;src_4a2457749372_20261003140240251_abfb6f8b4c2c,2026-10-03T14:04:07.728Z,2026-10-03T14:04:09.656Z,NA,Les Plaines,Rousseau,geometric_overlap; no official predecessor relationship inferred
qc-prov-2017-2022-548,137.21026394987146,qc-prov-2026-2026-631,716.1588678439169,0.004880230960359786,3.556753569210197e-5,6.814453020811308e-6,official_geometry_intersection_EPSG6933,NA,derived,src_982233d9cc25;src_4a2457749372,src_982233d9cc25_20261003140407728_e3cd4a8a3355;src_4a2457749372_20261003140240251_abfb6f8b4c2c,2026-10-03T14:04:07.728Z,2026-10-03T14:04:09.656Z,NA,Masson,Rousseau,geometric_overlap; no official predecessor relationship inferred
qc-prov-2017-2022-576,715.954297180552,qc-prov-2026-2026-631,716.1588678439169,715.1573058901936,0.9988868126170944,0.9986014807625874,official_geometry_intersection_EPSG6933,NA,derived,src_982233d9cc25;src_4a2457749372,src_982233d9cc25_20261003140407728_e3cd4a8a3355;src_4a2457749372_20261003140240251_abfb6f8b4c2c,2026-10-03T14:04:07.728Z,2026-10-03T14:04:09.656Z,NA,Rousseau,Rousseau,geometric_overlap; no official predecessor relationship inferred
qc-prov-2017-2022-588,2316.958213800092,qc-prov-2026-2026-631,716.1588678439169,0.6214687619188264,2.682261415925764e-4,8.677805858773116e-4,official_geometry_intersection_EPSG6933,NA,derived,src_982233d9cc25;src_4a2457749372,src_982233d9cc25_20261003140407728_e3cd4a8a3355;src_4a2457749372_20261003140240251_abfb6f8b4c2c,2026-10-03T14:04:07.728Z,2026-10-03T14:04:09.656Z,NA,Bertrand,Rousseau,geometric_overlap; no official predecessor relationship inferred
qc-prov-2017-2022-554,198.22922438014265,qc-prov-2026-2026-631,716.1588678439169,0.1164020283592698,5.872092206548038e-4,1.625366012847292e-4,official_geometry_intersection_EPSG6933,NA,derived,src_982233d9cc25;src_4a2457749372,src_982233d9cc25_20261003140407728_e3cd4a8a3355;src_4a2457749372_20261003140240251_abfb6f8b4c2c,2026-10-03T14:04:07.728Z,2026-10-03T14:04:09.656Z,NA,L'Assomption,Rousseau,geometric_overlap; no official predecessor relationship inferred
qc-prov-2017-2022-636,23810.33765589825,qc-prov-2026-2026-671,23810.33765589825,23810.337655900454,1.0000000000000926,1.0000000000000926,official_geometry_intersection_EPSG6933,NA,derived,src_982233d9cc25;src_4a2457749372,src_982233d9cc25_20261003140407728_e3cd4a8a3355;src_4a2457749372_20261003140240251_abfb6f8b4c2c,2026-10-03T14:04:07.728Z,2026-10-03T14:04:09.656Z,NA,Rouyn-Noranda-Témiscamingue,Rouyn-Noranda–Témiscamingue,geometric_overlap; no official predecessor relationship inferred
qc-prov-2017-2022-120,1583.970742929138,qc-prov-2026-2026-127,1443.6260164418063,1443.5974747005969,0.9113788756167568,0.999980229130755,official_geometry_intersection_EPSG6933,NA,derived,src_982233d9cc25;src_4a2457749372,src_982233d9cc25_20261003140407728_e3cd4a8a3355;src_4a2457749372_20261003140240251_abfb6f8b4c2c,2026-10-03T14:04:07.728Z,2026-10-03T14:04:09.656Z,NA,Orford,Orford,geometric_overlap; no official predecessor relationship inferred
qc-prov-2017-2022-204,1889.153826111536,qc-prov-2026-2026-127,1443.6260164418063,0.028541740944592907,1.5108214349776196e-5,1.977086906132482e-5,official_geometry_intersection_EPSG6933,NA,derived,src_982233d9cc25;src_4a2457749372,src_982233d9cc25_20261003140407728_e3cd4a8a3355;src_4a2457749372_20261003140240251_abfb6f8b4c2c,2026-10-03T14:04:07.728Z,2026-10-03T14:04:09.656Z,NA,Brome-Missisquoi,Orford,geometric_overlap; no official predecessor relationship inferred
qc-prov-2017-2022-582,381.38892736090696,qc-prov-2026-2026-597,38.09474870202284,0.045916989454653424,1.203941335486186e-4,0.0012053364576261195,official_geometry_intersection_EPSG6933,NA,derived,src_982233d9cc25;src_4a2457749372,src_982233d9cc25_20261003140407728_e3cd4a8a3355;src_4a2457749372_20261003140240251_abfb6f8b4c2c,2026-10-03T14:04:07.728Z,2026-10-03T14:04:09.656Z,NA,Prévost,Saint-Jérôme,geometric_overlap; no official predecessor relationship inferred
qc-prov-2017-2022-526,92.48162638965124,qc-prov-2026-2026-597,38.09474870202284,38.04883171254976,0.4114204431509377,0.9987946635418904,official_geometry_intersection_EPSG6933,NA,derived,src_982233d9cc25;src_4a2457749372,src_982233d9cc25_20261003140407728_e3cd4a8a3355;src_4a2457749372_20261003140240251_abfb6f8b4c2c,2026-10-03T14:04:07.728Z,2026-10-03T14:04:09.656Z,NA,Saint-Jérôme,Saint-Jérôme,geometric_overlap; no official predecessor relationship inferred
qc-prov-2017-2022-260,835.0911675456874,qc-prov-2026-2026-161,1028.5145394696492,0.17620714149810618,2.110034788368972e-4,1.7132197429991307e-4,official_geometry_intersection_EPSG6933,NA,derived,src_982233d9cc25;src_4a2457749372,src_982233d9cc25_20261003140407728_e3cd4a8a3355;src_4a2457749372_20261003140240251_abfb6f8b4c2c,2026-10-03T14:04:07.728Z,2026-10-03T14:04:09.656Z,NA,Saint-Hyacinthe,Iberville,geometric_overlap; no official predecessor relationship inferred
qc-prov-2017-2022-212,244.18752432309321,qc-prov-2026-2026-161,1028.5145394696492,0.008614897494900721,3.527984289443896e-5,8.376058056838914e-6,official_geometry_intersection_EPSG6933,NA,derived,src_982233d9cc25;src_4a2457749372,src_982233d9cc25_20261003140407728_e3cd4a8a3355;src_4a2457749372_20261003140240251_abfb6f8b4c2c,2026-10-03T14:04:07.728Z,2026-10-03T14:04:09.656Z,NA,Saint-Jean,Iberville,geometric_overlap; no official predecessor relationship inferred
qc-prov-2017-2022-204,1889.153826111536,qc-prov-2026-2026-161,1028.5145394696492,0.05719873790331095,3.0277438032160502e-5,5.561295996146571e-5,official_geometry_intersection_EPSG6933,NA,derived,src_982233d9cc25;src_4a2457749372,src_982233d9cc25_20261003140407728_e3cd4a8a3355;src_4a2457749372_20261003140240251_abfb6f8b4c2c,2026-10-03T14:04:07.728Z,2026-10-03T14:04:09.656Z,NA,Brome-Missisquoi,Iberville,geometric_overlap; no official predecessor relationship inferred
qc-prov-2017-2022-210,1028.6472922456885,qc-prov-2026-2026-161,1028.5145394696492,1028.271928102444,0.999635089552975,0.9997641147909,official_geometry_intersection_EPSG6933,NA,derived,src_982233d9cc25;src_4a2457749372,src_982233d9cc25_20261003140407728_e3cd4a8a3355;src_4a2457749372_20261003140240251_abfb6f8b4c2c,2026-10-03T14:04:07.728Z,2026-10-03T14:04:09.656Z,NA,Iberville,Iberville,geometric_overlap; no official predecessor relationship inferred
qc-prov-2017-2022-238,211.91711492655708,qc-prov-2026-2026-161,1028.5145394696492,5.905904000193182e-4,2.7868933579243746e-6,5.742168704040437e-7,official_geometry_intersection_EPSG6933,NA,derived,src_982233d9cc25;src_4a2457749372,src_982233d9cc25_20261003140407728_e3cd4a8a3355;src_4a2457749372_20261003140240251_abfb6f8b4c2c,2026-10-03T14:04:07.728Z,2026-10-03T14:04:09.656Z,NA,Chambly,Iberville,geometric_overlap; no official predecessor relationship inferred
qc-prov-2017-2022-542,88.85959280468764,qc-prov-2026-2026-607,66.63217029786955,0.0036507376745927257,4.108433945468336e-5,5.4789415657221234e-5,official_geometry_intersection_EPSG6933,NA,derived,src_982233d9cc25;src_4a2457749372,src_982233d9cc25_20261003140407728_e3cd4a8a3355;src_4a2457749372_20261003140240251_abfb6f8b4c2c,2026-10-03T14:04:07.728Z,2026-10-03T14:04:09.656Z,NA,Terrebonne,Blainville,geometric_overlap; no official predecessor relationship inferred
qc-prov-2017-2022-536,66.62854308364163,qc-prov-2026-2026-607,66.63217029786955,66.62845146608086,0.9999986249502612,0.9999441886438328,official_geometry_intersection_EPSG6933,NA,derived,src_982233d9cc25;src_4a2457749372,src_982233d9cc25_20261003140407728_e3cd4a8a3355;src_4a2457749372_20261003140240251_abfb6f8b4c2c,2026-10-03T14:04:07.728Z,2026-10-03T14:04:09.656Z,NA,Blainville,Blainville,geometric_overlap; no official predecessor relationship inferred
qc-prov-2017-2022-476,45.00927543711138,qc-prov-2026-2026-607,66.63217029786955,6.748448091742587e-5,1.4993460850467962e-6,1.012791278083037e-6,official_geometry_intersection_EPSG6933,NA,derived,src_982233d9cc25;src_4a2457749372,src_982233d9cc25_20261003140407728_e3cd4a8a3355;src_4a2457749372_20261003140240251_abfb6f8b4c2c,2026-10-03T14:04:07.728Z,2026-10-03T14:04:09.656Z,NA,Vimont,Blainville,geometric_overlap; no official predecessor relationship inferred
qc-prov-2017-2022-224,189.29266277415684,qc-prov-2026-2026-187,146.34091899264791,146.3409189926453,0.7730934567033017,0.999999999999982,official_geometry_intersection_EPSG6933,NA,derived,src_982233d9cc25;src_4a2457749372,src_982233d9cc25_20261003140407728_e3cd4a8a3355;src_4a2457749372_20261003140240251_abfb6f8b4c2c,2026-10-03T14:04:07.728Z,2026-10-03T14:04:09.656Z,NA,Vaudreuil,Vaudreuil,geometric_overlap; no official predecessor relationship inferred
qc-prov-2017-2022-226,244.65995894494324,qc-prov-2026-2026-197,181.9605955547583,1.910105142899022e-4,7.807183288741008e-7,1.0497355963666349e-6,official_geometry_intersection_EPSG6933,NA,derived,src_982233d9cc25;src_4a2457749372,src_982233d9cc25_20261003140407728_e3cd4a8a3355;src_4a2457749372_20261003140240251_abfb6f8b4c2c,2026-10-03T14:04:07.728Z,2026-10-03T14:04:09.656Z,NA,Châteauguay,Sanguinet,geometric_overlap; no official predecessor relationship inferred
qc-prov-2017-2022-232,143.54134256526123,qc-prov-2026-2026-197,181.9605955547583,0.0372723946286288,2.596631323249806e-4,2.048377260746667e-4,official_geometry_intersection_EPSG6933,NA,derived,src_982233d9cc25;src_4a2457749372,src_982233d9cc25_20261003140407728_e3cd4a8a3355;src_4a2457749372_20261003140240251_abfb6f8b4c2c,2026-10-03T14:04:07.728Z,2026-10-03T14:04:09.656Z,NA,La Prairie,Sanguinet,geometric_overlap; no official predecessor relationship inferred
qc-prov-2017-2022-230,183.3071901811774,qc-prov-2026-2026-197,181.9605955547583,181.9231321495739,0.9924495158633138,0.9997941125381008,official_geometry_intersection_EPSG6933,NA,derived,src_982233d9cc25;src_4a2457749372,src_982233d9cc25_20261003140407728_e3cd4a8a3355;src_4a2457749372_20261003140240251_abfb6f8b4c2c,2026-10-03T14:04:07.728Z,2026-10-03T14:04:09.656Z,NA,Sanguinet,Sanguinet,geometric_overlap; no official predecessor relationship inferred
qc-prov-2017-2022-390,27.998637531451774,qc-prov-2026-2026-339,27.9986365067478,27.99863650674944,0.9999999634017072,1.0000000000000588,official_geometry_intersection_EPSG6933,NA,derived,src_982233d9cc25;src_4a2457749372,src_982233d9cc25_20261003140407728_e3cd4a8a3355;src_4a2457749372_20261003140240251_abfb6f8b4c2c,2026-10-03T14:04:07.728Z,2026-10-03T14:04:09.656Z,NA,LaFontaine,LaFontaine,geometric_overlap; no official predecessor relationship inferred
qc-prov-2017-2022-542,88.85959280468764,qc-prov-2026-2026-601,213.5591342125076,17.830623125426822,0.2006606440862083,0.0834926737794507,official_geometry_intersection_EPSG6933,NA,derived,src_982233d9cc25;src_4a2457749372,src_982233d9cc25_20261003140407728_e3cd4a8a3355;src_4a2457749372_20261003140240251_abfb6f8b4c2c,2026-10-03T14:04:07.728Z,2026-10-03T14:04:09.656Z,NA,Terrebonne,Les Plaines,geometric_overlap; no official predecessor relationship inferred
qc-prov-2017-2022-530,195.7281108301462,qc-prov-2026-2026-601,213.5591342125076,195.70918326464863,0.9999032966423816,0.916416822845438,official_geometry_intersection_EPSG6933,NA,derived,src_982233d9cc25;src_4a2457749372,src_982233d9cc25_20261003140407728_e3cd4a8a3355;src_4a2457749372_20261003140240251_abfb6f8b4c2c,2026-10-03T14:04:07.728Z,2026-10-03T14:04:09.656Z,NA,Les Plaines,Les Plaines,geometric_overlap; no official predecessor relationship inferred
qc-prov-2017-2022-576,715.954297180552,qc-prov-2026-2026-601,213.5591342125076,0.019327822405333712,2.699588853848244e-5,9.050337498606389e-5,official_geometry_intersection_EPSG6933,NA,derived,src_982233d9cc25;src_4a2457749372,src_982233d9cc25_20261003140407728_e3cd4a8a3355;src_4a2457749372_20261003140240251_abfb6f8b4c2c,2026-10-03T14:04:07.728Z,2026-10-03T14:04:09.656Z,NA,Rousseau,Les Plaines,geometric_overlap; no official predecessor relationship inferred
qc-prov-2017-2022-252,124.14565272255112,qc-prov-2026-2026-227,124.14565272255112,124.14565272257596,1.0000000000002005,1.0000000000002005,official_geometry_intersection_EPSG6933,NA,derived,src_982233d9cc25;src_4a2457749372,src_982233d9cc25_20261003140407728_e3cd4a8a3355;src_4a2457749372_20261003140240251_abfb6f8b4c2c,2026-10-03T14:04:07.728Z,2026-10-03T14:04:09.656Z,NA,Montarville,Montarville,geometric_overlap; no official predecessor relationship inferred
qc-prov-2017-2022-312,70.4112698747679,qc-prov-2026-2026-267,24.618877279573287,0.0040517900217786566,5.754462359484626e-5,1.645806173761018e-4,official_geometry_intersection_EPSG6933,NA,derived,src_982233d9cc25;src_4a2457749372,src_982233d9cc25_20261003140407728_e3cd4a8a3355;src_4a2457749372_20261003140240251_abfb6f8b4c2c,2026-10-03T14:04:07.728Z,2026-10-03T14:04:09.656Z,NA,Nelligan,Robert-Baldwin,geometric_overlap; no official predecessor relationship inferred
qc-prov-2017-2022-316,24.616125152354325,qc-prov-2026-2026-267,24.618877279573287,24.614825489552857,0.9999472027870584,0.9998354193826788,official_geometry_intersection_EPSG6933,NA,derived,src_982233d9cc25;src_4a2457749372,src_982233d9cc25_20261003140407728_e3cd4a8a3355;src_4a2457749372_20261003140240251_abfb6f8b4c2c,2026-10-03T14:04:07.728Z,2026-10-03T14:04:09.656Z,NA,Robert-Baldwin,Robert-Baldwin,geometric_overlap; no official predecessor relationship inferred
qc-prov-2017-2022-802,3010.957278777544,qc-prov-2026-2026-777,3010.957278777544,3010.957278777553,1.000000000000003,1.000000000000003,official_geometry_intersection_EPSG6933,NA,derived,src_982233d9cc25;src_4a2457749372,src_982233d9cc25_20261003140407728_e3cd4a8a3355;src_4a2457749372_20261003140240251_abfb6f8b4c2c,2026-10-03T14:04:07.728Z,2026-10-03T14:04:09.656Z,NA,Beauce-Sud,Beauce-Sud,geometric_overlap; no official predecessor relationship inferred
qc-prov-2017-2022-902,323852.80792739167,qc-prov-2026-2026-813,323852.80792739167,323852.80792739155,0.9999999999999996,0.9999999999999996,official_geometry_intersection_EPSG6933,NA,derived,src_982233d9cc25;src_4a2457749372,src_982233d9cc25_20261003140407728_e3cd4a8a3355;src_4a2457749372_20261003140240251_abfb6f8b4c2c,2026-10-03T14:04:07.728Z,2026-10-03T14:04:09.656Z,NA,Duplessis,Duplessis,geometric_overlap; no official predecessor relationship inferred
qc-prov-2017-2022-560,87.25854114308487,qc-prov-2026-2026-617,36.56846459802365,34.18803956987015,0.3918016405271922,0.9349049774356084,official_geometry_intersection_EPSG6933,NA,derived,src_982233d9cc25;src_4a2457749372,src_982233d9cc25_20261003140407728_e3cd4a8a3355;src_4a2457749372_20261003140240251_abfb6f8b4c2c,2026-10-03T14:04:07.728Z,2026-10-03T14:04:09.656Z,NA,Repentigny,Repentigny,geometric_overlap; no official predecessor relationship inferred
qc-prov-2017-2022-554,198.22922438014265,qc-prov-2026-2026-617,36.56846459802365,2.3804250281771946,0.012008446462022534,0.0650950225650394,official_geometry_intersection_EPSG6933,NA,derived,src_982233d9cc25;src_4a2457749372,src_982233d9cc25_20261003140407728_e3cd4a8a3355;src_4a2457749372_20261003140240251_abfb6f8b4c2c,2026-10-03T14:04:07.728Z,2026-10-03T14:04:09.656Z,NA,L'Assomption,Repentigny,geometric_overlap; no official predecessor relationship inferred
qc-prov-2017-2022-110,1501.1869158164732,qc-prov-2026-2026-137,1266.8920405340957,79.84246416582867,0.05318622439658258,0.06302231098726355,official_geometry_intersection_EPSG6933,NA,derived,src_982233d9cc25;src_4a2457749372,src_982233d9cc25_20261003140407728_e3cd4a8a3355;src_4a2457749372_20261003140240251_abfb6f8b4c2c,2026-10-03T14:04:07.728Z,2026-10-03T14:04:09.656Z,NA,Saint-François,Richmond,geometric_overlap; no official predecessor relationship inferred
qc-prov-2017-2022-104,5279.255517059155,qc-prov-2026-2026-137,1266.8920405340957,252.7693395235635,0.047879732039257376,0.19951924192135675,official_geometry_intersection_EPSG6933,NA,derived,src_982233d9cc25;src_4a2457749372,src_982233d9cc25_20261003140407728_e3cd4a8a3355;src_4a2457749372_20261003140240251_abfb6f8b4c2c,2026-10-03T14:04:07.728Z,2026-10-03T14:04:09.656Z,NA,Mégantic,Richmond,geometric_overlap; no official predecessor relationship inferred
qc-prov-2017-2022-132,1981.84575229334,qc-prov-2026-2026-137,1266.8920405340957,934.280236844318,0.4714192493352186,0.7374584470910754,official_geometry_intersection_EPSG6933,NA,derived,src_982233d9cc25;src_4a2457749372,src_982233d9cc25_20261003140407728_e3cd4a8a3355;src_4a2457749372_20261003140240251_abfb6f8b4c2c,2026-10-03T14:04:07.728Z,2026-10-03T14:04:09.656Z,NA,Richmond,Richmond,geometric_overlap; no official predecessor relationship inferred
qc-prov-2017-2022-370,19.42349768522725,qc-prov-2026-2026-337,19.42349768522725,19.42349768523203,1.0000000000002458,1.0000000000002458,official_geometry_intersection_EPSG6933,NA,derived,src_982233d9cc25;src_4a2457749372,src_982233d9cc25_20261003140407728_e3cd4a8a3355;src_4a2457749372_20261003140240251_abfb6f8b4c2c,2026-10-03T14:04:07.728Z,2026-10-03T14:04:09.656Z,NA,Camille-Laurin,Camille-Laurin,geometric_overlap; no official predecessor relationship inferred
qc-prov-2017-2022-220,833.6793709064501,qc-prov-2026-2026-179,486.3042559121732,56.9744494589354,0.06834096110233329,0.1171580317594938,official_geometry_intersection_EPSG6933,NA,derived,src_982233d9cc25;src_4a2457749372,src_982233d9cc25_20261003140407728_e3cd4a8a3355;src_4a2457749372_20261003140240251_abfb6f8b4c2c,2026-10-03T14:04:07.728Z,2026-10-03T14:04:09.656Z,NA,Soulanges,Beauharnois,geometric_overlap; no official predecessor relationship inferred
qc-prov-2017-2022-218,429.32980645313074,qc-prov-2026-2026-179,486.3042559121732,429.3298064531276,0.9999999999999926,0.8828419682402794,official_geometry_intersection_EPSG6933,NA,derived,src_982233d9cc25;src_4a2457749372,src_982233d9cc25_20261003140407728_e3cd4a8a3355;src_4a2457749372_20261003140240251_abfb6f8b4c2c,2026-10-03T14:04:07.728Z,2026-10-03T14:04:09.656Z,NA,Beauharnois,Beauharnois,geometric_overlap; no official predecessor relationship inferred
qc-prov-2017-2022-620,39.78573477230755,qc-prov-2026-2026-667,46.51385029410145,39.78573477230904,1.0000000000000375,0.855352427733861,official_geometry_intersection_EPSG6933,NA,derived,src_982233d9cc25;src_4a2457749372,src_982233d9cc25_20261003140407728_e3cd4a8a3355;src_4a2457749372_20261003140240251_abfb6f8b4c2c,2026-10-03T14:04:07.728Z,2026-10-03T14:04:09.656Z,NA,Chapleau,Chapleau,geometric_overlap; no official predecessor relationship inferred
qc-prov-2017-2022-626,3655.852879750772,qc-prov-2026-2026-667,46.51385029410145,6.728115521759392,0.001840368237744311,0.14464757226542913,official_geometry_intersection_EPSG6933,NA,derived,src_982233d9cc25;src_4a2457749372,src_982233d9cc25_20261003140407728_e3cd4a8a3355;src_4a2457749372_20261003140240251_abfb6f8b4c2c,2026-10-03T14:04:07.728Z,2026-10-03T14:04:09.656Z,NA,Papineau,Chapleau,geometric_overlap; no official predecessor relationship inferred
qc-prov-2017-2022-110,1501.1869158164732,qc-prov-2026-2026-119,1421.3444516515967,1421.3444516515967,0.9468137756040518,1,official_geometry_intersection_EPSG6933,NA,derived,src_982233d9cc25;src_4a2457749372,src_982233d9cc25_20261003140407728_e3cd4a8a3355;src_4a2457749372_20261003140240251_abfb6f8b4c2c,2026-10-03T14:04:07.728Z,2026-10-03T14:04:09.656Z,NA,Saint-François,Saint-François,geometric_overlap; no official predecessor relationship inferred
qc-prov-2017-2022-670,35112.17471907964,qc-prov-2026-2026-697,35112.180254907275,35112.141005671125,0.9999990398370712,0.9999988821760464,official_geometry_intersection_EPSG6933,NA,derived,src_982233d9cc25;src_4a2457749372,src_982233d9cc25_20261003140407728_e3cd4a8a3355;src_4a2457749372_20261003140240251_abfb6f8b4c2c,2026-10-03T14:04:07.728Z,2026-10-03T14:04:09.656Z,NA,Laviolette-Saint-Maurice,Laviolette–Saint-Maurice,geometric_overlap; no official predecessor relationship inferred
qc-prov-2017-2022-676,1967.3513200913333,qc-prov-2026-2026-697,35112.180254907275,0.0392492357597829,1.9950293249078043e-5,1.1178239424279964e-6,official_geometry_intersection_EPSG6933,NA,derived,src_982233d9cc25;src_4a2457749372,src_982233d9cc25_20261003140407728_e3cd4a8a3355;src_4a2457749372_20261003140240251_abfb6f8b4c2c,2026-10-03T14:04:07.728Z,2026-10-03T14:04:09.656Z,NA,Champlain,Laviolette–Saint-Maurice,geometric_overlap; no official predecessor relationship inferred
qc-prov-2017-2022-708,172.90821988687665,qc-prov-2026-2026-709,172.90822085036237,172.90821988690192,1.000000000000146,0.9999999944279084,official_geometry_intersection_EPSG6933,NA,derived,src_982233d9cc25;src_4a2457749372,src_982233d9cc25_20261003140407728_e3cd4a8a3355;src_4a2457749372_20261003140240251_abfb6f8b4c2c,2026-10-03T14:04:07.728Z,2026-10-03T14:04:09.656Z,NA,Louis-Hébert,Louis-Hébert,geometric_overlap; no official predecessor relationship inferred
qc-prov-2017-2022-748,34.36691006988704,qc-prov-2026-2026-767,34.36691006988704,34.36691006990206,1.000000000000437,1.000000000000437,official_geometry_intersection_EPSG6933,NA,derived,src_982233d9cc25;src_4a2457749372,src_982233d9cc25_20261003140407728_e3cd4a8a3355;src_4a2457749372_20261003140240251_abfb6f8b4c2c,2026-10-03T14:04:07.728Z,2026-10-03T14:04:09.656Z,NA,Charlesbourg,Charlesbourg,geometric_overlap; no official predecessor relationship inferred
qc-prov-2017-2022-306,51.83731915357555,qc-prov-2026-2026-257,51.83731915357555,51.83731915357612,1.0000000000000109,1.0000000000000109,official_geometry_intersection_EPSG6933,NA,derived,src_982233d9cc25;src_4a2457749372,src_982233d9cc25_20261003140407728_e3cd4a8a3355;src_4a2457749372_20261003140240251_abfb6f8b4c2c,2026-10-03T14:04:07.728Z,2026-10-03T14:04:09.656Z,NA,Marquette,Marquette,geometric_overlap; no official predecessor relationship inferred
qc-prov-2017-2022-150,2803.3575814408377,qc-prov-2026-2026-627,10302.937804869483,4.535296559220621e-4,1.6178087980091433e-7,4.401945003566944e-8,official_geometry_intersection_EPSG6933,NA,derived,src_982233d9cc25;src_4a2457749372,src_982233d9cc25_20261003140407728_e3cd4a8a3355;src_4a2457749372_20261003140240251_abfb6f8b4c2c,2026-10-03T14:04:07.728Z,2026-10-03T14:04:09.656Z,NA,Nicolet-Bécancour,Berthier,geometric_overlap; no official predecessor relationship inferred
qc-prov-2017-2022-666,2778.992666853312,qc-prov-2026-2026-627,10302.937804869483,0.1615786441005931,5.814288250121603e-5,1.568277390010314e-5,official_geometry_intersection_EPSG6933,NA,derived,src_982233d9cc25;src_4a2457749372,src_982233d9cc25_20261003140407728_e3cd4a8a3355;src_4a2457749372_20261003140240251_abfb6f8b4c2c,2026-10-03T14:04:07.728Z,2026-10-03T14:04:09.656Z,NA,Maskinongé,Berthier,geometric_overlap; no official predecessor relationship inferred
qc-prov-2017-2022-566,10381.80886267161,qc-prov-2026-2026-627,10302.937804869483,10302.069604516882,0.99231932901005,0.9999157327386572,official_geometry_intersection_EPSG6933,NA,derived,src_982233d9cc25;src_4a2457749372,src_982233d9cc25_20261003140407728_e3cd4a8a3355;src_4a2457749372_20261003140240251_abfb6f8b4c2c,2026-10-03T14:04:07.728Z,2026-10-03T14:04:09.656Z,NA,Berthier,Berthier,geometric_overlap; no official predecessor relationship inferred
qc-prov-2017-2022-588,2316.958213800092,qc-prov-2026-2026-627,10302.937804869483,0.5394263350034946,2.328166005716478e-4,5.2356555500950914e-5,official_geometry_intersection_EPSG6933,NA,derived,src_982233d9cc25;src_4a2457749372,src_982233d9cc25_20261003140407728_e3cd4a8a3355;src_4a2457749372_20261003140240251_abfb6f8b4c2c,2026-10-03T14:04:07.728Z,2026-10-03T14:04:09.656Z,NA,Bertrand,Berthier,geometric_overlap; no official predecessor relationship inferred
qc-prov-2017-2022-570,424.44637848282247,qc-prov-2026-2026-627,10302.937804869483,0.16674184572825673,3.928454904581189e-4,1.61839126748343e-5,official_geometry_intersection_EPSG6933,NA,derived,src_982233d9cc25;src_4a2457749372,src_982233d9cc25_20261003140407728_e3cd4a8a3355;src_4a2457749372_20261003140240251_abfb6f8b4c2c,2026-10-03T14:04:07.728Z,2026-10-03T14:04:09.656Z,NA,Joliette,Berthier,geometric_overlap; no official predecessor relationship inferred
qc-prov-2017-2022-332,11.809758825032748,qc-prov-2026-2026-291,11.8097588248649,11.809758824858651,0.9999999999852583,0.999999999999471,official_geometry_intersection_EPSG6933,NA,derived,src_982233d9cc25;src_4a2457749372,src_982233d9cc25_20261003140407728_e3cd4a8a3355;src_4a2457749372_20261003140240251_abfb6f8b4c2c,2026-10-03T14:04:07.728Z,2026-10-03T14:04:09.656Z,NA,Westmount-Saint-Louis,Westmount–Saint-Louis,geometric_overlap; no official predecessor relationship inferred
qc-prov-2017-2022-582,381.38892736090696,qc-prov-2026-2026-637,381.5478472479125,381.06446429432606,0.9991492593431432,0.9987331000369336,official_geometry_intersection_EPSG6933,NA,derived,src_982233d9cc25;src_4a2457749372,src_982233d9cc25_20261003140407728_e3cd4a8a3355;src_4a2457749372_20261003140240251_abfb6f8b4c2c,2026-10-03T14:04:07.728Z,2026-10-03T14:04:09.656Z,NA,Prévost,Prévost,geometric_overlap; no official predecessor relationship inferred
qc-prov-2017-2022-526,92.48162638965124,qc-prov-2026-2026-637,381.5478472479125,0.11367685657647328,0.0012291831471207108,2.979360449716054e-4,official_geometry_intersection_EPSG6933,NA,derived,src_982233d9cc25;src_4a2457749372,src_982233d9cc25_20261003140407728_e3cd4a8a3355;src_4a2457749372_20261003140240251_abfb6f8b4c2c,2026-10-03T14:04:07.728Z,2026-10-03T14:04:09.656Z,NA,Saint-Jérôme,Prévost,geometric_overlap; no official predecessor relationship inferred
qc-prov-2017-2022-530,195.7281108301462,qc-prov-2026-2026-637,381.5478472479125,3.871463712315255e-4,1.9779804218694628e-6,1.01467318980829e-6,official_geometry_intersection_EPSG6933,NA,derived,src_982233d9cc25;src_4a2457749372,src_982233d9cc25_20261003140407728_e3cd4a8a3355;src_4a2457749372_20261003140240251_abfb6f8b4c2c,2026-10-03T14:04:07.728Z,2026-10-03T14:04:09.656Z,NA,Les Plaines,Prévost,geometric_overlap; no official predecessor relationship inferred
qc-prov-2017-2022-576,715.954297180552,qc-prov-2026-2026-637,381.5478472479125,0.352035910083538,4.91701651166653e-4,9.226520674215756e-4,official_geometry_intersection_EPSG6933,NA,derived,src_982233d9cc25;src_4a2457749372,src_982233d9cc25_20261003140407728_e3cd4a8a3355;src_4a2457749372_20261003140240251_abfb6f8b4c2c,2026-10-03T14:04:07.728Z,2026-10-03T14:04:09.656Z,NA,Rousseau,Prévost,geometric_overlap; no official predecessor relationship inferred
qc-prov-2017-2022-588,2316.958213800092,qc-prov-2026-2026-637,381.5478472479125,1.3600271852931324e-6,5.869882232630011e-10,3.5644996953932444e-9,official_geometry_intersection_EPSG6933,NA,derived,src_982233d9cc25;src_4a2457749372,src_982233d9cc25_20261003140407728_e3cd4a8a3355;src_4a2457749372_20261003140240251_abfb6f8b4c2c,2026-10-03T14:04:07.728Z,2026-10-03T14:04:09.656Z,NA,Bertrand,Prévost,geometric_overlap; no official predecessor relationship inferred
qc-prov-2017-2022-520,2045.8607845233887,qc-prov-2026-2026-637,381.5478472479125,0.017281680703471882,8.44714402573481e-6,4.529361344356643e-5,official_geometry_intersection_EPSG6933,NA,derived,src_982233d9cc25;src_4a2457749372,src_982233d9cc25_20261003140407728_e3cd4a8a3355;src_4a2457749372_20261003140240251_abfb6f8b4c2c,2026-10-03T14:04:07.728Z,2026-10-03T14:04:09.656Z,NA,Argenteuil,Prévost,geometric_overlap; no official predecessor relationship inferred
qc-prov-2017-2022-466,46.19902607432071,qc-prov-2026-2026-357,46.19902607432071,46.199026074307824,0.9999999999997212,0.9999999999997212,official_geometry_intersection_EPSG6933,NA,derived,src_982233d9cc25;src_4a2457749372,src_982233d9cc25_20261003140407728_e3cd4a8a3355;src_4a2457749372_20261003140240251_abfb6f8b4c2c,2026-10-03T14:04:07.728Z,2026-10-03T14:04:09.656Z,NA,Fabre,Fabre,geometric_overlap; no official predecessor relationship inferred
qc-prov-2017-2022-594,18121.334355849223,qc-prov-2026-2026-649,18122.87275248765,18120.590502419447,0.999958951509024,0.9998740679747976,official_geometry_intersection_EPSG6933,NA,derived,src_982233d9cc25;src_4a2457749372,src_982233d9cc25_20261003140407728_e3cd4a8a3355;src_4a2457749372_20261003140240251_abfb6f8b4c2c,2026-10-03T14:04:07.728Z,2026-10-03T14:04:09.656Z,NA,Labelle,Labelle,geometric_overlap; no official predecessor relationship inferred
qc-prov-2017-2022-626,3655.852879750772,qc-prov-2026-2026-649,18122.87275248765,1.906162695755907,5.21400274697557e-4,1.0517994149102305e-4,official_geometry_intersection_EPSG6933,NA,derived,src_982233d9cc25;src_4a2457749372,src_982233d9cc25_20261003140407728_e3cd4a8a3355;src_4a2457749372_20261003140240251_abfb6f8b4c2c,2026-10-03T14:04:07.728Z,2026-10-03T14:04:09.656Z,NA,Papineau,Labelle,geometric_overlap; no official predecessor relationship inferred
qc-prov-2017-2022-614,15606.338324031396,qc-prov-2026-2026-649,18122.87275248765,0.3760873732135032,2.4098373712325942e-5,2.075208375349207e-5,official_geometry_intersection_EPSG6933,NA,derived,src_982233d9cc25;src_4a2457749372,src_982233d9cc25_20261003140407728_e3cd4a8a3355;src_4a2457749372_20261003140240251_abfb6f8b4c2c,2026-10-03T14:04:07.728Z,2026-10-03T14:04:09.656Z,NA,Gatineau,Labelle,geometric_overlap; no official predecessor relationship inferred
qc-prov-2017-2022-854,33233.58637259064,qc-prov-2026-2026-809,33233.58637259064,33233.586372590464,0.9999999999999948,0.9999999999999948,official_geometry_intersection_EPSG6933,NA,derived,src_982233d9cc25;src_4a2457749372,src_982233d9cc25_20261003140407728_e3cd4a8a3355;src_4a2457749372_20261003140240251_abfb6f8b4c2c,2026-10-03T14:04:07.728Z,2026-10-03T14:04:09.656Z,NA,Gaspé,Gaspé,geometric_overlap; no official predecessor relationship inferred
qc-prov-2017-2022-212,244.18752432309321,qc-prov-2026-2026-171,2343.229700365135,71.98641504441746,0.2947997251045867,0.03072102365090376,official_geometry_intersection_EPSG6933,NA,derived,src_982233d9cc25;src_4a2457749372,src_982233d9cc25_20261003140407728_e3cd4a8a3355;src_4a2457749372_20261003140240251_abfb6f8b4c2c,2026-10-03T14:04:07.728Z,2026-10-03T14:04:09.656Z,NA,Saint-Jean,Huntingdon,geometric_overlap; no official predecessor relationship inferred
qc-prov-2017-2022-216,2271.2432873748244,qc-prov-2026-2026-171,2343.229700365135,2271.243285320736,0.9999999990956108,0.969278976349104,official_geometry_intersection_EPSG6933,NA,derived,src_982233d9cc25;src_4a2457749372,src_982233d9cc25_20261003140407728_e3cd4a8a3355;src_4a2457749372_20261003140240251_abfb6f8b4c2c,2026-10-03T14:04:07.728Z,2026-10-03T14:04:09.656Z,NA,Huntingdon,Huntingdon,geometric_overlap; no official predecessor relationship inferred
qc-prov-2017-2022-330,15.296474147855342,qc-prov-2026-2026-317,9.868565086236108,3.7227764032883066e-4,2.433748043702125e-5,3.772358362899729e-5,official_geometry_intersection_EPSG6933,NA,derived,src_982233d9cc25;src_4a2457749372,src_982233d9cc25_20261003140407728_e3cd4a8a3355;src_4a2457749372_20261003140240251_abfb6f8b4c2c,2026-10-03T14:04:07.728Z,2026-10-03T14:04:09.656Z,NA,Sainte-Marie-Saint-Jacques,Hochelaga-Maisonneuve,geometric_overlap; no official predecessor relationship inferred
qc-prov-2017-2022-352,9.869763079396357,qc-prov-2026-2026-317,9.868565086236108,9.868192808599645,0.9998409008621504,0.9999622764167628,official_geometry_intersection_EPSG6933,NA,derived,src_982233d9cc25;src_4a2457749372,src_982233d9cc25_20261003140407728_e3cd4a8a3355;src_4a2457749372_20261003140240251_abfb6f8b4c2c,2026-10-03T14:04:07.728Z,2026-10-03T14:04:09.656Z,NA,Hochelaga-Maisonneuve,Hochelaga-Maisonneuve,geometric_overlap; no official predecessor relationship inferred
qc-prov-2017-2022-660,69.31521326733585,qc-prov-2026-2026-691,69.31521326733585,69.31521326733854,1.0000000000000389,1.0000000000000389,official_geometry_intersection_EPSG6933,NA,derived,src_982233d9cc25;src_4a2457749372,src_982233d9cc25_20261003140407728_e3cd4a8a3355;src_4a2457749372_20261003140240251_abfb6f8b4c2c,2026-10-03T14:04:07.728Z,2026-10-03T14:04:09.656Z,NA,Trois-Rivières,Trois-Rivières,geometric_overlap; no official predecessor relationship inferred
qc-prov-2017-2022-930,41064.028460153306,qc-prov-2026-2026-829,41064.02802189989,41064.02799195958,0.9999999885984462,0.9999999992708872,official_geometry_intersection_EPSG6933,NA,derived,src_982233d9cc25;src_4a2457749372,src_982233d9cc25_20261003140407728_e3cd4a8a3355;src_4a2457749372_20261003140240251_abfb6f8b4c2c,2026-10-03T14:04:07.728Z,2026-10-03T14:04:09.656Z,NA,Roberval,Roberval,geometric_overlap; no official predecessor relationship inferred
qc-prov-2017-2022-926,20252.500347317367,qc-prov-2026-2026-829,41064.02802189989,2.994065479492065e-5,1.4783683141072787e-9,7.291212342577055e-10,official_geometry_intersection_EPSG6933,NA,derived,src_982233d9cc25;src_4a2457749372,src_982233d9cc25_20261003140407728_e3cd4a8a3355;src_4a2457749372_20261003140240251_abfb6f8b4c2c,2026-10-03T14:04:07.728Z,2026-10-03T14:04:09.656Z,NA,Lac-Saint-Jean,Roberval,geometric_overlap; no official predecessor relationship inferred
qc-prov-2017-2022-340,11.68689976357683,qc-prov-2026-2026-301,11.68689976357683,11.68689976358269,1.0000000000005014,1.0000000000005014,official_geometry_intersection_EPSG6933,NA,derived,src_982233d9cc25;src_4a2457749372,src_982233d9cc25_20261003140407728_e3cd4a8a3355;src_4a2457749372_20261003140240251_abfb6f8b4c2c,2026-10-03T14:04:07.728Z,2026-10-03T14:04:09.656Z,NA,Maurice-Richard,Maurice-Richard,geometric_overlap; no official predecessor relationship inferred
qc-prov-2017-2022-360,11.381800904100214,qc-prov-2026-2026-327,11.381800904100214,11.381800904104283,1.0000000000003575,1.0000000000003575,official_geometry_intersection_EPSG6933,NA,derived,src_982233d9cc25;src_4a2457749372,src_982233d9cc25_20261003140407728_e3cd4a8a3355;src_4a2457749372_20261003140240251_abfb6f8b4c2c,2026-10-03T14:04:07.728Z,2026-10-03T14:04:09.656Z,NA,Bourassa-Sauvé,Bourassa-Sauvé,geometric_overlap; no official predecessor relationship inferred
qc-prov-2017-2022-918,173.45090898777062,qc-prov-2026-2026-819,44631.25658295271,10.046236945047609,0.05791977109647739,2.2509419886880024e-4,official_geometry_intersection_EPSG6933,NA,derived,src_982233d9cc25;src_4a2457749372,src_982233d9cc25_20261003140407728_e3cd4a8a3355;src_4a2457749372_20261003140240251_abfb6f8b4c2c,2026-10-03T14:04:07.728Z,2026-10-03T14:04:09.656Z,NA,Chicoutimi,Dubuc,geometric_overlap; no official predecessor relationship inferred
qc-prov-2017-2022-914,44621.312659790594,qc-prov-2026-2026-819,44631.25658295271,44621.21034600496,0.9999977070646394,0.9997749058010708,official_geometry_intersection_EPSG6933,NA,derived,src_982233d9cc25;src_4a2457749372,src_982233d9cc25_20261003140407728_e3cd4a8a3355;src_4a2457749372_20261003140240251_abfb6f8b4c2c,2026-10-03T14:04:07.728Z,2026-10-03T14:04:09.656Z,NA,Dubuc,Dubuc,geometric_overlap; no official predecessor relationship inferred
qc-prov-2017-2022-336,20.101095297538027,qc-prov-2026-2026-297,20.1010932672212,20.101093161703336,0.9999998937453576,0.9999999947506406,official_geometry_intersection_EPSG6933,NA,derived,src_982233d9cc25;src_4a2457749372,src_982233d9cc25_20261003140407728_e3cd4a8a3355;src_4a2457749372_20261003140240251_abfb6f8b4c2c,2026-10-03T14:04:07.728Z,2026-10-03T14:04:09.656Z,NA,Mont-Royal-Outremont,Mont-Royal–Outremont,geometric_overlap; no official predecessor relationship inferred
qc-prov-2017-2022-116,58.84551702896488,qc-prov-2026-2026-121,58.84551702896488,58.84551702896784,1.0000000000000502,1.0000000000000502,official_geometry_intersection_EPSG6933,NA,derived,src_982233d9cc25;src_4a2457749372,src_982233d9cc25_20261003140407728_e3cd4a8a3355;src_4a2457749372_20261003140240251_abfb6f8b4c2c,2026-10-03T14:04:07.728Z,2026-10-03T14:04:09.656Z,NA,Sherbrooke,Sherbrooke,geometric_overlap; no official predecessor relationship inferred
qc-prov-2017-2022-150,2803.3575814408377,qc-prov-2026-2026-147,1753.091136274941,0.03948274251520426,1.408409072627523e-5,2.252178548977165e-5,official_geometry_intersection_EPSG6933,NA,derived,src_982233d9cc25;src_4a2457749372,src_982233d9cc25_20261003140407728_e3cd4a8a3355;src_4a2457749372_20261003140240251_abfb6f8b4c2c,2026-10-03T14:04:07.728Z,2026-10-03T14:04:09.656Z,NA,Nicolet-Bécancour,Arthabaska-L’Érable,geometric_overlap; no official predecessor relationship inferred
qc-prov-2017-2022-144,1886.148313323948,qc-prov-2026-2026-147,1753.091136274941,1668.619425467118,0.8846703165810539,0.9518155622032788,official_geometry_intersection_EPSG6933,NA,derived,src_982233d9cc25;src_4a2457749372,src_982233d9cc25_20261003140407728_e3cd4a8a3355;src_4a2457749372_20261003140240251_abfb6f8b4c2c,2026-10-03T14:04:07.728Z,2026-10-03T14:04:09.656Z,NA,Arthabaska,Arthabaska-L’Érable,geometric_overlap; no official predecessor relationship inferred
qc-prov-2017-2022-810,3326.313563347173,qc-prov-2026-2026-147,1753.091136274941,0.15073389736237042,4.531560073689844e-5,8.598178054944572e-5,official_geometry_intersection_EPSG6933,NA,derived,src_982233d9cc25;src_4a2457749372,src_982233d9cc25_20261003140407728_e3cd4a8a3355;src_4a2457749372_20261003140240251_abfb6f8b4c2c,2026-10-03T14:04:07.728Z,2026-10-03T14:04:09.656Z,NA,Lotbinière-Frontenac,Arthabaska-L’Érable,geometric_overlap; no official predecessor relationship inferred
qc-prov-2017-2022-138,1839.029456684648,qc-prov-2026-2026-147,1753.091136274941,84.28149416244253,0.045829333432419794,0.04807593422754291,official_geometry_intersection_EPSG6933,NA,derived,src_982233d9cc25;src_4a2457749372,src_982233d9cc25_20261003140407728_e3cd4a8a3355;src_4a2457749372_20261003140240251_abfb6f8b4c2c,2026-10-03T14:04:07.728Z,2026-10-03T14:04:09.656Z,NA,Drummond-Bois-Francs,Arthabaska-L’Érable,geometric_overlap; no official predecessor relationship inferred
qc-prov-2017-2022-150,2803.3575814408377,qc-prov-2026-2026-241,970.1611421689046,0.1442649273296396,5.146147900814421e-5,1.4870202594088555e-4,official_geometry_intersection_EPSG6933,NA,derived,src_982233d9cc25;src_4a2457749372,src_982233d9cc25_20261003140407728_e3cd4a8a3355;src_4a2457749372_20261003140240251_abfb6f8b4c2c,2026-10-03T14:04:07.728Z,2026-10-03T14:04:09.656Z,NA,Nicolet-Bécancour,Richelieu,geometric_overlap; no official predecessor relationship inferred
qc-prov-2017-2022-264,882.8751130176917,qc-prov-2026-2026-241,970.1611421689046,882.3928417601779,0.9994537491765224,0.9095322451149602,official_geometry_intersection_EPSG6933,NA,derived,src_982233d9cc25;src_4a2457749372,src_982233d9cc25_20261003140407728_e3cd4a8a3355;src_4a2457749372_20261003140240251_abfb6f8b4c2c,2026-10-03T14:04:07.728Z,2026-10-03T14:04:09.656Z,NA,Richelieu,Richelieu,geometric_overlap; no official predecessor relationship inferred
qc-prov-2017-2022-260,835.0911675456874,qc-prov-2026-2026-241,970.1611421689046,0.06203447983934269,7.428467962565154e-5,6.394244949932504e-5,official_geometry_intersection_EPSG6933,NA,derived,src_982233d9cc25;src_4a2457749372,src_982233d9cc25_20261003140407728_e3cd4a8a3355;src_4a2457749372_20261003140240251_abfb6f8b4c2c,2026-10-03T14:04:07.728Z,2026-10-03T14:04:09.656Z,NA,Saint-Hyacinthe,Richelieu,geometric_overlap; no official predecessor relationship inferred
qc-prov-2017-2022-566,10381.80886267161,qc-prov-2026-2026-241,970.1611421689046,5.8790550241298825e-5,5.6628426721169595e-9,6.059874765739011e-8,official_geometry_intersection_EPSG6933,NA,derived,src_982233d9cc25;src_4a2457749372,src_982233d9cc25_20261003140407728_e3cd4a8a3355;src_4a2457749372_20261003140240251_abfb6f8b4c2c,2026-10-03T14:04:07.728Z,2026-10-03T14:04:09.656Z,NA,Berthier,Richelieu,geometric_overlap; no official predecessor relationship inferred
qc-prov-2017-2022-256,405.35659818693335,qc-prov-2026-2026-241,970.1611421689046,87.5619422112125,0.2160121300673453,0.09025504981106323,official_geometry_intersection_EPSG6933,NA,derived,src_982233d9cc25;src_4a2457749372,src_982233d9cc25_20261003140407728_e3cd4a8a3355;src_4a2457749372_20261003140240251_abfb6f8b4c2c,2026-10-03T14:04:07.728Z,2026-10-03T14:04:09.656Z,NA,Verchères,Richelieu,geometric_overlap; no official predecessor relationship inferred
qc-prov-2017-2022-508,79.76694124136974,qc-prov-2026-2026-587,506.0702045711798,0.1116522186406799,0.0013997304760982037,2.2062594800515624e-4,official_geometry_intersection_EPSG6933,NA,derived,src_982233d9cc25;src_4a2457749372,src_982233d9cc25_20261003140407728_e3cd4a8a3355;src_4a2457749372_20261003140240251_abfb6f8b4c2c,2026-10-03T14:04:07.728Z,2026-10-03T14:04:09.656Z,NA,Deux-Montagnes,Mirabel,geometric_overlap; no official predecessor relationship inferred
qc-prov-2017-2022-514,648.944994002729,qc-prov-2026-2026-587,506.0702045711798,505.95854439098105,0.7796632211771917,0.9997793583198732,official_geometry_intersection_EPSG6933,NA,derived,src_982233d9cc25;src_4a2457749372,src_982233d9cc25_20261003140407728_e3cd4a8a3355;src_4a2457749372_20261003140240251_abfb6f8b4c2c,2026-10-03T14:04:07.728Z,2026-10-03T14:04:09.656Z,NA,Mirabel,Mirabel,geometric_overlap; no official predecessor relationship inferred
qc-prov-2017-2022-502,51.063006015152645,qc-prov-2026-2026-587,506.0702045711798,7.961604863302573e-6,1.5591727719554968e-7,1.5732214209387934e-8,official_geometry_intersection_EPSG6933,NA,derived,src_982233d9cc25;src_4a2457749372,src_982233d9cc25_20261003140407728_e3cd4a8a3355;src_4a2457749372_20261003140240251_abfb6f8b4c2c,2026-10-03T14:04:07.728Z,2026-10-03T14:04:09.656Z,NA,Groulx,Mirabel,geometric_overlap; no official predecessor relationship inferred
qc-prov-2017-2022-350,5.417100720294477,qc-prov-2026-2026-313,5.417739286345007,5.41710070552399,0.9999999972733592,0.999882131496688,official_geometry_intersection_EPSG6933,NA,derived,src_982233d9cc25;src_4a2457749372,src_982233d9cc25_20261003140407728_e3cd4a8a3355;src_4a2457749372_20261003140240251_abfb6f8b4c2c,2026-10-03T14:04:07.728Z,2026-10-03T14:04:09.656Z,NA,Mercier,Mercier,geometric_overlap; no official predecessor relationship inferred
qc-prov-2017-2022-330,15.296474147855342,qc-prov-2026-2026-313,5.417739286345007,1.2071271250260017e-6,7.891538359480365e-8,2.2281011714027522e-7,official_geometry_intersection_EPSG6933,NA,derived,src_982233d9cc25;src_4a2457749372,src_982233d9cc25_20261003140407728_e3cd4a8a3355;src_4a2457749372_20261003140240251_abfb6f8b4c2c,2026-10-03T14:04:07.728Z,2026-10-03T14:04:09.656Z,NA,Sainte-Marie-Saint-Jacques,Mercier,geometric_overlap; no official predecessor relationship inferred
qc-prov-2017-2022-352,9.869763079396357,qc-prov-2026-2026-313,5.417739286345007,6.373534199368632e-4,6.457636468167829e-5,1.1764195105203072e-4,official_geometry_intersection_EPSG6933,NA,derived,src_982233d9cc25;src_4a2457749372,src_982233d9cc25_20261003140407728_e3cd4a8a3355;src_4a2457749372_20261003140240251_abfb6f8b4c2c,2026-10-03T14:04:07.728Z,2026-10-03T14:04:09.656Z,NA,Hochelaga-Maisonneuve,Mercier,geometric_overlap; no official predecessor relationship inferred
qc-prov-2017-2022-390,27.998637531451774,qc-prov-2026-2026-341,37.30080122987594,1.024700470681448e-6,3.6598226236200564e-8,2.7471272382769036e-8,official_geometry_intersection_EPSG6933,NA,derived,src_982233d9cc25;src_4a2457749372,src_982233d9cc25_20261003140407728_e3cd4a8a3355;src_4a2457749372_20261003140240251_abfb6f8b4c2c,2026-10-03T14:04:07.728Z,2026-10-03T14:04:09.656Z,NA,LaFontaine,Pointe-aux-Trembles,geometric_overlap; no official predecessor relationship inferred
qc-prov-2017-2022-380,37.30080020517197,qc-prov-2026-2026-341,37.30080122987594,37.30080020517507,1.0000000000000833,0.9999999725287168,official_geometry_intersection_EPSG6933,NA,derived,src_982233d9cc25;src_4a2457749372,src_982233d9cc25_20261003140407728_e3cd4a8a3355;src_4a2457749372_20261003140240251_abfb6f8b4c2c,2026-10-03T14:04:07.728Z,2026-10-03T14:04:09.656Z,NA,Pointe-aux-Trembles,Pointe-aux-Trembles,geometric_overlap; no official predecessor relationship inferred
qc-prov-2017-2022-548,137.21026394987146,qc-prov-2026-2026-621,328.41038169803,0.015200358479861911,1.107814972604034e-4,4.628464667063567e-5,official_geometry_intersection_EPSG6933,NA,derived,src_982233d9cc25;src_4a2457749372,src_982233d9cc25_20261003140407728_e3cd4a8a3355;src_4a2457749372_20261003140240251_abfb6f8b4c2c,2026-10-03T14:04:07.728Z,2026-10-03T14:04:09.656Z,NA,Masson,L'Assomption,geometric_overlap; no official predecessor relationship inferred
qc-prov-2017-2022-576,715.954297180552,qc-prov-2026-2026-621,328.41038169803,0.05677771076876454,7.930354073207851e-5,1.728864674593968e-4,official_geometry_intersection_EPSG6933,NA,derived,src_982233d9cc25;src_4a2457749372,src_982233d9cc25_20261003140407728_e3cd4a8a3355;src_4a2457749372_20261003140240251_abfb6f8b4c2c,2026-10-03T14:04:07.728Z,2026-10-03T14:04:09.656Z,NA,Rousseau,L'Assomption,geometric_overlap; no official predecessor relationship inferred
qc-prov-2017-2022-566,10381.80886267161,qc-prov-2026-2026-621,328.41038169803,79.54117823438311,0.007661591470863809,0.24220055962640183,official_geometry_intersection_EPSG6933,NA,derived,src_982233d9cc25;src_4a2457749372,src_982233d9cc25_20261003140407728_e3cd4a8a3355;src_4a2457749372_20261003140240251_abfb6f8b4c2c,2026-10-03T14:04:07.728Z,2026-10-03T14:04:09.656Z,NA,Berthier,L'Assomption,geometric_overlap; no official predecessor relationship inferred
qc-prov-2017-2022-560,87.25854114308487,qc-prov-2026-2026-621,328.41038169803,53.07050157326982,0.6081983594734393,0.16159812396572654,official_geometry_intersection_EPSG6933,NA,derived,src_982233d9cc25;src_4a2457749372,src_982233d9cc25_20261003140407728_e3cd4a8a3355;src_4a2457749372_20261003140240251_abfb6f8b4c2c,2026-10-03T14:04:07.728Z,2026-10-03T14:04:09.656Z,NA,Repentigny,L'Assomption,geometric_overlap; no official predecessor relationship inferred
qc-prov-2017-2022-554,198.22922438014265,qc-prov-2026-2026-621,328.41038169803,195.72672378740964,0.9873757232287104,0.5959821451910688,official_geometry_intersection_EPSG6933,NA,derived,src_982233d9cc25;src_4a2457749372,src_982233d9cc25_20261003140407728_e3cd4a8a3355;src_4a2457749372_20261003140240251_abfb6f8b4c2c,2026-10-03T14:04:07.728Z,2026-10-03T14:04:09.656Z,NA,L'Assomption,L'Assomption,geometric_overlap; no official predecessor relationship inferred
qc-prov-2017-2022-338,14.919465793417858,qc-prov-2026-2026-299,14.919465793417858,14.919465793420358,1.0000000000001674,1.0000000000001674,official_geometry_intersection_EPSG6933,NA,derived,src_982233d9cc25;src_4a2457749372,src_982233d9cc25_20261003140407728_e3cd4a8a3355;src_4a2457749372_20261003140240251_abfb6f8b4c2c,2026-10-03T14:04:07.728Z,2026-10-03T14:04:09.656Z,NA,Acadie,Acadie,geometric_overlap; no official predecessor relationship inferred
qc-prov-2017-2022-346,5.765577465179882,qc-prov-2026-2026-311,5.765577465179882,5.765577465180012,1.0000000000000226,1.0000000000000226,official_geometry_intersection_EPSG6933,NA,derived,src_982233d9cc25;src_4a2457749372,src_982233d9cc25_20261003140407728_e3cd4a8a3355;src_4a2457749372_20261003140240251_abfb6f8b4c2c,2026-10-03T14:04:07.728Z,2026-10-03T14:04:09.656Z,NA,Gouin,Gouin,geometric_overlap; no official predecessor relationship inferred
qc-prov-2017-2022-304,25.175714767588207,qc-prov-2026-2026-251,25.175714767588207,25.17571476759352,1.0000000000002112,1.0000000000002112,official_geometry_intersection_EPSG6933,NA,derived,src_982233d9cc25;src_4a2457749372,src_982233d9cc25_20261003140407728_e3cd4a8a3355;src_4a2457749372_20261003140240251_abfb6f8b4c2c,2026-10-03T14:04:07.728Z,2026-10-03T14:04:09.656Z,NA,Marguerite-Bourgeoys,Marguerite-Bourgeoys,geometric_overlap; no official predecessor relationship inferred
qc-prov-2017-2022-582,381.38892736090696,qc-prov-2026-2026-641,2316.296353242389,0.03788821616213643,9.93427271848481e-5,1.635724034582185e-5,official_geometry_intersection_EPSG6933,NA,derived,src_982233d9cc25;src_4a2457749372,src_982233d9cc25_20261003140407728_e3cd4a8a3355;src_4a2457749372_20261003140240251_abfb6f8b4c2c,2026-10-03T14:04:07.728Z,2026-10-03T14:04:09.656Z,NA,Prévost,Bertrand,geometric_overlap; no official predecessor relationship inferred
qc-prov-2017-2022-576,715.954297180552,qc-prov-2026-2026-641,2316.296353242389,0.3535867341578074,4.93867744841035e-4,1.5265176826913834e-4,official_geometry_intersection_EPSG6933,NA,derived,src_982233d9cc25;src_4a2457749372,src_982233d9cc25_20261003140407728_e3cd4a8a3355;src_4a2457749372_20261003140240251_abfb6f8b4c2c,2026-10-03T14:04:07.728Z,2026-10-03T14:04:09.656Z,NA,Rousseau,Bertrand,geometric_overlap; no official predecessor relationship inferred
qc-prov-2017-2022-566,10381.80886267161,qc-prov-2026-2026-641,2316.296353242389,0.1106166809970126,1.0654856245209948e-5,4.775584127746416e-5,official_geometry_intersection_EPSG6933,NA,derived,src_982233d9cc25;src_4a2457749372,src_982233d9cc25_20261003140407728_e3cd4a8a3355;src_4a2457749372_20261003140240251_abfb6f8b4c2c,2026-10-03T14:04:07.728Z,2026-10-03T14:04:09.656Z,NA,Berthier,Bertrand,geometric_overlap; no official predecessor relationship inferred
qc-prov-2017-2022-588,2316.958213800092,qc-prov-2026-2026-641,2316.296353242389,2315.7942616111463,0.9994976378158168,0.9997832351501396,official_geometry_intersection_EPSG6933,NA,derived,src_982233d9cc25;src_4a2457749372,src_982233d9cc25_20261003140407728_e3cd4a8a3355;src_4a2457749372_20261003140240251_abfb6f8b4c2c,2026-10-03T14:04:07.728Z,2026-10-03T14:04:09.656Z,NA,Bertrand,Bertrand,geometric_overlap; no official predecessor relationship inferred
qc-prov-2017-2022-850,10926.634524326044,qc-prov-2026-2026-837,10926.634524326044,10926.634524326037,0.9999999999999992,0.9999999999999992,official_geometry_intersection_EPSG6933,NA,derived,src_982233d9cc25;src_4a2457749372,src_982233d9cc25_20261003140407728_e3cd4a8a3355;src_4a2457749372_20261003140240251_abfb6f8b4c2c,2026-10-03T14:04:07.728Z,2026-10-03T14:04:09.656Z,NA,Bonaventure,Bonaventure,geometric_overlap; no official predecessor relationship inferred
qc-prov-2017-2022-312,70.4112698747679,qc-prov-2026-2026-261,70.40851774754015,70.4072180847481,0.9999424553764332,0.9999815411141488,official_geometry_intersection_EPSG6933,NA,derived,src_982233d9cc25;src_4a2457749372,src_982233d9cc25_20261003140407728_e3cd4a8a3355;src_4a2457749372_20261003140240251_abfb6f8b4c2c,2026-10-03T14:04:07.728Z,2026-10-03T14:04:09.656Z,NA,Nelligan,Nelligan,geometric_overlap; no official predecessor relationship inferred
qc-prov-2017-2022-316,24.616125152354325,qc-prov-2026-2026-261,70.40851774754015,0.0012996628030844484,5.279721300735045e-5,1.8458886007863084e-5,official_geometry_intersection_EPSG6933,NA,derived,src_982233d9cc25;src_4a2457749372,src_982233d9cc25_20261003140407728_e3cd4a8a3355;src_4a2457749372_20261003140240251_abfb6f8b4c2c,2026-10-03T14:04:07.728Z,2026-10-03T14:04:09.656Z,NA,Robert-Baldwin,Nelligan,geometric_overlap; no official predecessor relationship inferred
qc-prov-2017-2022-648,29288.213914619053,qc-prov-2026-2026-689,29288.213914619053,29288.21391461905,1,1,official_geometry_intersection_EPSG6933,NA,derived,src_982233d9cc25;src_4a2457749372,src_982233d9cc25_20261003140407728_e3cd4a8a3355;src_4a2457749372_20261003140240251_abfb6f8b4c2c,2026-10-03T14:04:07.728Z,2026-10-03T14:04:09.656Z,NA,Abitibi-Est,Abitibi-Est,geometric_overlap; no official predecessor relationship inferred
qc-prov-2017-2022-526,92.48162638965124,qc-prov-2026-2026-591,230.09540990121863,54.31911782053906,0.5873503737020938,0.2360721486963108,official_geometry_intersection_EPSG6933,NA,derived,src_982233d9cc25;src_4a2457749372,src_982233d9cc25_20261003140407728_e3cd4a8a3355;src_4a2457749372_20261003140240251_abfb6f8b4c2c,2026-10-03T14:04:07.728Z,2026-10-03T14:04:09.656Z,NA,Saint-Jérôme,Bellefeuille,geometric_overlap; no official predecessor relationship inferred
qc-prov-2017-2022-514,648.944994002729,qc-prov-2026-2026-591,230.09540990121863,80.84507233693701,0.12457923719894975,0.35135456362056194,official_geometry_intersection_EPSG6933,NA,derived,src_982233d9cc25;src_4a2457749372,src_982233d9cc25_20261003140407728_e3cd4a8a3355;src_4a2457749372_20261003140240251_abfb6f8b4c2c,2026-10-03T14:04:07.728Z,2026-10-03T14:04:09.656Z,NA,Mirabel,Bellefeuille,geometric_overlap; no official predecessor relationship inferred
qc-prov-2017-2022-520,2045.8607845233887,qc-prov-2026-2026-591,230.09540990121863,94.93121974369906,0.04640160291542739,0.41257328768293816,official_geometry_intersection_EPSG6933,NA,derived,src_982233d9cc25;src_4a2457749372,src_982233d9cc25_20261003140407728_e3cd4a8a3355;src_4a2457749372_20261003140240251_abfb6f8b4c2c,2026-10-03T14:04:07.728Z,2026-10-03T14:04:09.656Z,NA,Argenteuil,Bellefeuille,geometric_overlap; no official predecessor relationship inferred
qc-prov-2017-2022-330,15.296474147855342,qc-prov-2026-2026-287,15.29703358243463,15.296100663085324,0.9999755836040116,0.9999390130547678,official_geometry_intersection_EPSG6933,NA,derived,src_982233d9cc25;src_4a2457749372,src_982233d9cc25_20261003140407728_e3cd4a8a3355;src_4a2457749372_20261003140240251_abfb6f8b4c2c,2026-10-03T14:04:07.728Z,2026-10-03T14:04:09.656Z,NA,Sainte-Marie-Saint-Jacques,Sainte-Marie–Saint-Jacques,geometric_overlap; no official predecessor relationship inferred
qc-prov-2017-2022-352,9.869763079396357,qc-prov-2026-2026-287,15.29703358243463,9.329173781361478e-4,9.452277330584173e-5,6.0986816372515774e-5,official_geometry_intersection_EPSG6933,NA,derived,src_982233d9cc25;src_4a2457749372,src_982233d9cc25_20261003140407728_e3cd4a8a3355;src_4a2457749372_20261003140240251_abfb6f8b4c2c,2026-10-03T14:04:07.728Z,2026-10-03T14:04:09.656Z,NA,Hochelaga-Maisonneuve,Sainte-Marie–Saint-Jacques,geometric_overlap; no official predecessor relationship inferred
qc-prov-2017-2022-582,381.38892736090696,qc-prov-2026-2026-589,2013.000110263502,3.867381399965858e-4,1.0140256107399177e-6,1.921202776019529e-7,official_geometry_intersection_EPSG6933,NA,derived,src_982233d9cc25;src_4a2457749372,src_982233d9cc25_20261003140407728_e3cd4a8a3355;src_4a2457749372_20261003140240251_abfb6f8b4c2c,2026-10-03T14:04:07.728Z,2026-10-03T14:04:09.656Z,NA,Prévost,Argenteuil,geometric_overlap; no official predecessor relationship inferred
qc-prov-2017-2022-514,648.944994002729,qc-prov-2026-2026-589,2013.000110263502,62.08744042573717,0.09567442695378288,0.030843237468879185,official_geometry_intersection_EPSG6933,NA,derived,src_982233d9cc25;src_4a2457749372,src_982233d9cc25_20261003140407728_e3cd4a8a3355;src_4a2457749372_20261003140240251_abfb6f8b4c2c,2026-10-03T14:04:07.728Z,2026-10-03T14:04:09.656Z,NA,Mirabel,Argenteuil,geometric_overlap; no official predecessor relationship inferred
qc-prov-2017-2022-520,2045.8607845233887,qc-prov-2026-2026-589,2013.000110263502,1950.9122830992444,0.9535899499406728,0.9691565704106544,official_geometry_intersection_EPSG6933,NA,derived,src_982233d9cc25;src_4a2457749372,src_982233d9cc25_20261003140407728_e3cd4a8a3355;src_4a2457749372_20261003140240251_abfb6f8b4c2c,2026-10-03T14:04:07.728Z,2026-10-03T14:04:09.656Z,NA,Argenteuil,Argenteuil,geometric_overlap; no official predecessor relationship inferred
qc-prov-2017-2022-244,25.15077846073112,qc-prov-2026-2026-217,24.923671607329936,24.92367160713745,0.9909701859149904,0.999999999992277,official_geometry_intersection_EPSG6933,NA,derived,src_982233d9cc25;src_4a2457749372,src_982233d9cc25_20261003140407728_e3cd4a8a3355;src_4a2457749372_20261003140240251_abfb6f8b4c2c,2026-10-03T14:04:07.728Z,2026-10-03T14:04:09.656Z,NA,Laporte,Pierre-Laporte,geometric_overlap; no official predecessor relationship inferred
qc-prov-2017-2022-310,96.87940133706968,qc-prov-2026-2026-259,96.87940133706968,96.87940133706134,0.999999999999914,0.999999999999914,official_geometry_intersection_EPSG6933,NA,derived,src_982233d9cc25;src_4a2457749372,src_982233d9cc25_20261003140407728_e3cd4a8a3355;src_4a2457749372_20261003140240251_abfb6f8b4c2c,2026-10-03T14:04:07.728Z,2026-10-03T14:04:09.656Z,NA,Jacques-Cartier,Jacques-Cartier,geometric_overlap; no official predecessor relationship inferred
qc-prov-2017-2022-542,88.85959280468764,qc-prov-2026-2026-609,71.02685317681886,71.02420949251339,0.7992857861573122,0.9999627790872434,official_geometry_intersection_EPSG6933,NA,derived,src_982233d9cc25;src_4a2457749372,src_982233d9cc25_20261003140407728_e3cd4a8a3355;src_4a2457749372_20261003140240251_abfb6f8b4c2c,2026-10-03T14:04:07.728Z,2026-10-03T14:04:09.656Z,NA,Terrebonne,Terrebonne,geometric_overlap; no official predecessor relationship inferred
qc-prov-2017-2022-536,66.62854308364163,qc-prov-2026-2026-609,71.02685317681886,4.985403901721261e-5,7.482384682286798e-7,7.019040938376184e-7,official_geometry_intersection_EPSG6933,NA,derived,src_982233d9cc25;src_4a2457749372,src_982233d9cc25_20261003140407728_e3cd4a8a3355;src_4a2457749372_20261003140240251_abfb6f8b4c2c,2026-10-03T14:04:07.728Z,2026-10-03T14:04:09.656Z,NA,Blainville,Terrebonne,geometric_overlap; no official predecessor relationship inferred
qc-prov-2017-2022-548,137.21026394987146,qc-prov-2026-2026-609,71.02685317681886,0.002593808716250002,1.890389713992261e-5,3.6518705253530046e-5,official_geometry_intersection_EPSG6933,NA,derived,src_982233d9cc25;src_4a2457749372,src_982233d9cc25_20261003140407728_e3cd4a8a3355;src_4a2457749372_20261003140240251_abfb6f8b4c2c,2026-10-03T14:04:07.728Z,2026-10-03T14:04:09.656Z,NA,Masson,Terrebonne,geometric_overlap; no official predecessor relationship inferred
qc-prov-2017-2022-566,10381.80886267161,qc-prov-2026-2026-629,424.3592974089661,0.07660508006624388,7.378779659648892e-6,1.805193865999301e-4,official_geometry_intersection_EPSG6933,NA,derived,src_982233d9cc25;src_4a2457749372,src_982233d9cc25_20261003140407728_e3cd4a8a3355;src_4a2457749372_20261003140240251_abfb6f8b4c2c,2026-10-03T14:04:07.728Z,2026-10-03T14:04:09.656Z,NA,Berthier,Joliette,geometric_overlap; no official predecessor relationship inferred
qc-prov-2017-2022-588,2316.958213800092,qc-prov-2026-2026-629,424.3592974089661,0.003055732080518681,1.318855067095453e-6,7.200813318280598e-6,official_geometry_intersection_EPSG6933,NA,derived,src_982233d9cc25;src_4a2457749372,src_982233d9cc25_20261003140407728_e3cd4a8a3355;src_4a2457749372_20261003140240251_abfb6f8b4c2c,2026-10-03T14:04:07.728Z,2026-10-03T14:04:09.656Z,NA,Bertrand,Joliette,geometric_overlap; no official predecessor relationship inferred
qc-prov-2017-2022-570,424.44637848282247,qc-prov-2026-2026-629,424.3592974089661,424.27963659673486,0.9996071544144548,0.9998122797998826,official_geometry_intersection_EPSG6933,NA,derived,src_982233d9cc25;src_4a2457749372,src_982233d9cc25_20261003140407728_e3cd4a8a3355;src_4a2457749372_20261003140240251_abfb6f8b4c2c,2026-10-03T14:04:07.728Z,2026-10-03T14:04:09.656Z,NA,Joliette,Joliette,geometric_overlap; no official predecessor relationship inferred
qc-prov-2017-2022-226,244.65995894494324,qc-prov-2026-2026-191,246.01355574862367,244.65976793440348,0.999999219281567,0.9944971007386134,official_geometry_intersection_EPSG6933,NA,derived,src_982233d9cc25;src_4a2457749372,src_982233d9cc25_20261003140407728_e3cd4a8a3355;src_4a2457749372_20261003140240251_abfb6f8b4c2c,2026-10-03T14:04:07.728Z,2026-10-03T14:04:09.656Z,NA,Châteauguay,Châteauguay,geometric_overlap; no official predecessor relationship inferred
qc-prov-2017-2022-230,183.3071901811774,qc-prov-2026-2026-191,246.01355574862367,1.3537878141730018,0.007385350311872345,0.005502899261194779,official_geometry_intersection_EPSG6933,NA,derived,src_982233d9cc25;src_4a2457749372,src_982233d9cc25_20261003140407728_e3cd4a8a3355;src_4a2457749372_20261003140240251_abfb6f8b4c2c,2026-10-03T14:04:07.728Z,2026-10-03T14:04:09.656Z,NA,Sanguinet,Châteauguay,geometric_overlap; no official predecessor relationship inferred
qc-prov-2017-2022-730,16.50278511460727,qc-prov-2026-2026-751,16.50278511064475,16.5027851106496,0.9999999997601816,1.0000000000002938,official_geometry_intersection_EPSG6933,NA,derived,src_982233d9cc25;src_4a2457749372,src_982233d9cc25_20261003140407728_e3cd4a8a3355;src_4a2457749372_20261003140240251_abfb6f8b4c2c,2026-10-03T14:04:07.728Z,2026-10-03T14:04:09.656Z,NA,Taschereau,Taschereau,geometric_overlap; no official predecessor relationship inferred
qc-prov-2017-2022-818,76.42547165178387,qc-prov-2026-2026-791,76.42547165178387,76.42547165178019,0.9999999999999518,0.9999999999999518,official_geometry_intersection_EPSG6933,NA,derived,src_982233d9cc25;src_4a2457749372,src_982233d9cc25_20261003140407728_e3cd4a8a3355;src_4a2457749372_20261003140240251_abfb6f8b4c2c,2026-10-03T14:04:07.728Z,2026-10-03T14:04:09.656Z,NA,Lévis,Lévis,geometric_overlap; no official predecessor relationship inferred
qc-prov-2017-2022-220,833.6793709064501,qc-prov-2026-2026-181,819.6566652288735,776.7049214475253,0.9316590388976794,0.947597883841578,official_geometry_intersection_EPSG6933,NA,derived,src_982233d9cc25;src_4a2457749372,src_982233d9cc25_20261003140407728_e3cd4a8a3355;src_4a2457749372_20261003140240251_abfb6f8b4c2c,2026-10-03T14:04:07.728Z,2026-10-03T14:04:09.656Z,NA,Soulanges,Soulanges,geometric_overlap; no official predecessor relationship inferred
qc-prov-2017-2022-224,189.29266277415684,qc-prov-2026-2026-181,819.6566652288735,42.95174378143147,0.22690654329627533,0.05240211615852353,official_geometry_intersection_EPSG6933,NA,derived,src_982233d9cc25;src_4a2457749372,src_982233d9cc25_20261003140407728_e3cd4a8a3355;src_4a2457749372_20261003140240251_abfb6f8b4c2c,2026-10-03T14:04:07.728Z,2026-10-03T14:04:09.656Z,NA,Vaudreuil,Soulanges,geometric_overlap; no official predecessor relationship inferred
qc-prov-2017-2022-594,18121.334355849223,qc-prov-2026-2026-661,15603.186377597314,0.07559815470833676,4.171776383781314e-6,4.845045933494636e-6,official_geometry_intersection_EPSG6933,NA,derived,src_982233d9cc25;src_4a2457749372,src_982233d9cc25_20261003140407728_e3cd4a8a3355;src_4a2457749372_20261003140240251_abfb6f8b4c2c,2026-10-03T14:04:07.728Z,2026-10-03T14:04:09.656Z,NA,Labelle,Gatineau,geometric_overlap; no official predecessor relationship inferred
qc-prov-2017-2022-602,53.95523539782514,qc-prov-2026-2026-661,15603.186377597314,7.688507145469382e-4,1.4249788901447912e-5,4.927523750218327e-8,official_geometry_intersection_EPSG6933,NA,derived,src_982233d9cc25;src_4a2457749372,src_982233d9cc25_20261003140407728_e3cd4a8a3355;src_4a2457749372_20261003140240251_abfb6f8b4c2c,2026-10-03T14:04:07.728Z,2026-10-03T14:04:09.656Z,NA,Hull,Gatineau,geometric_overlap; no official predecessor relationship inferred
qc-prov-2017-2022-626,3655.852879750772,qc-prov-2026-2026-661,15603.186377597314,0.06287691617707446,1.719897332995548e-5,4.029748453646086e-6,official_geometry_intersection_EPSG6933,NA,derived,src_982233d9cc25;src_4a2457749372,src_982233d9cc25_20261003140407728_e3cd4a8a3355;src_4a2457749372_20261003140240251_abfb6f8b4c2c,2026-10-03T14:04:07.728Z,2026-10-03T14:04:09.656Z,NA,Papineau,Gatineau,geometric_overlap; no official predecessor relationship inferred
qc-prov-2017-2022-608,14721.508018140476,qc-prov-2026-2026-661,15603.186377597314,0.5218261543059177,3.5446514967277885e-5,3.3443563492591704e-5,official_geometry_intersection_EPSG6933,NA,derived,src_982233d9cc25;src_4a2457749372,src_982233d9cc25_20261003140407728_e3cd4a8a3355;src_4a2457749372_20261003140240251_abfb6f8b4c2c,2026-10-03T14:04:07.728Z,2026-10-03T14:04:09.656Z,NA,Pontiac,Gatineau,geometric_overlap; no official predecessor relationship inferred
qc-prov-2017-2022-614,15606.338324031396,qc-prov-2026-2026-661,15603.186377597314,15602.525307519736,0.9997556751345196,0.9999576323667756,official_geometry_intersection_EPSG6933,NA,derived,src_982233d9cc25;src_4a2457749372,src_982233d9cc25_20261003140407728_e3cd4a8a3355;src_4a2457749372_20261003140240251_abfb6f8b4c2c,2026-10-03T14:04:07.728Z,2026-10-03T14:04:09.656Z,NA,Gatineau,Gatineau,geometric_overlap; no official predecessor relationship inferred
qc-prov-2017-2022-454,25.6236873466438,qc-prov-2026-2026-347,26.04939281149372,23.675344282836825,0.9239632049263912,0.9088635752151047,official_geometry_intersection_EPSG6933,NA,derived,src_982233d9cc25;src_4a2457749372,src_982233d9cc25_20261003140407728_e3cd4a8a3355;src_4a2457749372_20261003140240251_abfb6f8b4c2c,2026-10-03T14:04:07.728Z,2026-10-03T14:04:09.656Z,NA,Laval-des-Rapides,Laval-des-Rapides,geometric_overlap; no official predecessor relationship inferred
qc-prov-2017-2022-460,21.76137891158201,qc-prov-2026-2026-347,26.04939281149372,2.374048528686204,0.10909458165919204,0.091136424786020645,official_geometry_intersection_EPSG6933,NA,derived,src_982233d9cc25;src_4a2457749372,src_982233d9cc25_20261003140407728_e3cd4a8a3355;src_4a2457749372_20261003140240251_abfb6f8b4c2c,2026-10-03T14:04:07.728Z,2026-10-03T14:04:09.656Z,NA,Chomedey,Laval-des-Rapides,geometric_overlap; no official predecessor relationship inferred
qc-prov-2017-2022-666,2778.992666853312,qc-prov-2026-2026-693,2778.8412963072915,2778.8310882091173,0.9999418571174647,0.9999963264911214,official_geometry_intersection_EPSG6933,NA,derived,src_982233d9cc25;src_4a2457749372,src_982233d9cc25_20261003140407728_e3cd4a8a3355;src_4a2457749372_20261003140240251_abfb6f8b4c2c,2026-10-03T14:04:07.728Z,2026-10-03T14:04:09.656Z,NA,Maskinongé,Maskinongé,geometric_overlap; no official predecessor relationship inferred
qc-prov-2017-2022-566,10381.80886267161,qc-prov-2026-2026-693,2778.8412963072915,0.01020809816267436,9.832677809527164e-7,3.673508874450497e-6,official_geometry_intersection_EPSG6933,NA,derived,src_982233d9cc25;src_4a2457749372,src_982233d9cc25_20261003140407728_e3cd4a8a3355;src_4a2457749372_20261003140240251_abfb6f8b4c2c,2026-10-03T14:04:07.728Z,2026-10-03T14:04:09.656Z,NA,Berthier,Maskinongé,geometric_overlap; no official predecessor relationship inferred
qc-prov-2017-2022-250,34.74849639012893,qc-prov-2026-2026-221,34.74849639012893,34.74849639013781,1.0000000000002556,1.0000000000002556,official_geometry_intersection_EPSG6933,NA,derived,src_982233d9cc25;src_4a2457749372,src_982233d9cc25_20261003140407728_e3cd4a8a3355;src_4a2457749372_20261003140240251_abfb6f8b4c2c,2026-10-03T14:04:07.728Z,2026-10-03T14:04:09.656Z,NA,Taillon,Taillon,geometric_overlap; no official predecessor relationship inferred
qc-prov-2017-2022-594,18121.334355849223,qc-prov-2026-2026-669,3647.975621891153,0.6682552725869105,3.6876714455147744e-5,1.8318523527865007e-4,official_geometry_intersection_EPSG6933,NA,derived,src_982233d9cc25;src_4a2457749372,src_982233d9cc25_20261003140407728_e3cd4a8a3355;src_4a2457749372_20261003140240251_abfb6f8b4c2c,2026-10-03T14:04:07.728Z,2026-10-03T14:04:09.656Z,NA,Labelle,Papineau,geometric_overlap; no official predecessor relationship inferred
qc-prov-2017-2022-626,3655.852879750772,qc-prov-2026-2026-669,3647.975621891153,3647.155724616893,0.9976210325141772,0.9997752459557736,official_geometry_intersection_EPSG6933,NA,derived,src_982233d9cc25;src_4a2457749372,src_982233d9cc25_20261003140407728_e3cd4a8a3355;src_4a2457749372_20261003140240251_abfb6f8b4c2c,2026-10-03T14:04:07.728Z,2026-10-03T14:04:09.656Z,NA,Papineau,Papineau,geometric_overlap; no official predecessor relationship inferred
qc-prov-2017-2022-614,15606.338324031396,qc-prov-2026-2026-669,3647.975621891153,0.15214053483221557,9.748637487753434e-6,4.170546917014324e-5,official_geometry_intersection_EPSG6933,NA,derived,src_982233d9cc25;src_4a2457749372,src_982233d9cc25_20261003140407728_e3cd4a8a3355;src_4a2457749372_20261003140240251_abfb6f8b4c2c,2026-10-03T14:04:07.728Z,2026-10-03T14:04:09.656Z,NA,Gatineau,Papineau,geometric_overlap; no official predecessor relationship inferred
qc-prov-2017-2022-720,775.8714432049969,qc-prov-2026-2026-729,601.8026343970972,597.3616608670402,0.7699235048520896,0.9926205482059643,official_geometry_intersection_EPSG6933,NA,derived,src_982233d9cc25;src_4a2457749372,src_982233d9cc25_20261003140407728_e3cd4a8a3355;src_4a2457749372_20261003140240251_abfb6f8b4c2c,2026-10-03T14:04:07.728Z,2026-10-03T14:04:09.656Z,NA,La Peltrie,La Peltrie,geometric_overlap; no official predecessor relationship inferred
qc-prov-2017-2022-726,49.1329355084638,qc-prov-2026-2026-729,601.8026343970972,4.440972302889998,0.09038687098443328,0.007379449754883656,official_geometry_intersection_EPSG6933,NA,derived,src_982233d9cc25;src_4a2457749372,src_982233d9cc25_20261003140407728_e3cd4a8a3355;src_4a2457749372_20261003140240251_abfb6f8b4c2c,2026-10-03T14:04:07.728Z,2026-10-03T14:04:09.656Z,NA,Vanier-Les Rivières,La Peltrie,geometric_overlap; no official predecessor relationship inferred
qc-prov-2017-2022-754,2647.6053063591576,qc-prov-2026-2026-729,601.8026343970972,1.2271425560005335e-6,4.6349150043366286e-10,2.039111306366945e-9,official_geometry_intersection_EPSG6933,NA,derived,src_982233d9cc25;src_4a2457749372,src_982233d9cc25_20261003140407728_e3cd4a8a3355;src_4a2457749372_20261003140240251_abfb6f8b4c2c,2026-10-03T14:04:07.728Z,2026-10-03T14:04:09.656Z,NA,Chauveau,La Peltrie,geometric_overlap; no official predecessor relationship inferred
qc-prov-2017-2022-104,5279.255517059155,qc-prov-2026-2026-117,5818.804503571842,5026.486177516572,0.95212026795714,0.8638348606541241,official_geometry_intersection_EPSG6933,NA,derived,src_982233d9cc25;src_4a2457749372,src_982233d9cc25_20261003140407728_e3cd4a8a3355;src_4a2457749372_20261003140240251_abfb6f8b4c2c,2026-10-03T14:04:07.728Z,2026-10-03T14:04:09.656Z,NA,Mégantic,Mégantic,geometric_overlap; no official predecessor relationship inferred
qc-prov-2017-2022-132,1981.84575229334,qc-prov-2026-2026-117,5818.804503571842,792.3183260547958,0.3997880890265783,0.13616513934579438,official_geometry_intersection_EPSG6933,NA,derived,src_982233d9cc25;src_4a2457749372,src_982233d9cc25_20261003140407728_e3cd4a8a3355;src_4a2457749372_20261003140240251_abfb6f8b4c2c,2026-10-03T14:04:07.728Z,2026-10-03T14:04:09.656Z,NA,Richmond,Mégantic,geometric_overlap; no official predecessor relationship inferred
qc-prov-2017-2022-206,155.44284126379247,qc-prov-2026-2026-159,205.4199598247208,155.4428412637808,0.9999999999999248,0.756707582828932,official_geometry_intersection_EPSG6933,NA,derived,src_982233d9cc25;src_4a2457749372,src_982233d9cc25_20261003140407728_e3cd4a8a3355;src_4a2457749372_20261003140240251_abfb6f8b4c2c,2026-10-03T14:04:07.728Z,2026-10-03T14:04:09.656Z,NA,Granby,Granby,geometric_overlap; no official predecessor relationship inferred
qc-prov-2017-2022-204,1889.153826111536,qc-prov-2026-2026-159,205.4199598247208,49.94447109682009,0.026437482436049844,0.2431334868307653,official_geometry_intersection_EPSG6933,NA,derived,src_982233d9cc25;src_4a2457749372,src_982233d9cc25_20261003140407728_e3cd4a8a3355;src_4a2457749372_20261003140240251_abfb6f8b4c2c,2026-10-03T14:04:07.728Z,2026-10-03T14:04:09.656Z,NA,Brome-Missisquoi,Granby,geometric_overlap; no official predecessor relationship inferred
qc-prov-2017-2022-210,1028.6472922456885,qc-prov-2026-2026-159,205.4199598247208,0.03264746416709408,3.173824926503219e-5,1.5893034053239647e-4,official_geometry_intersection_EPSG6933,NA,derived,src_982233d9cc25;src_4a2457749372,src_982233d9cc25_20261003140407728_e3cd4a8a3355;src_4a2457749372_20261003140240251_abfb6f8b4c2c,2026-10-03T14:04:07.728Z,2026-10-03T14:04:09.656Z,NA,Iberville,Granby,geometric_overlap; no official predecessor relationship inferred
qc-prov-2017-2022-256,405.35659818693335,qc-prov-2026-2026-231,317.7946559758947,317.7946559761056,0.7839878699336037,1.0000000000006637,official_geometry_intersection_EPSG6933,NA,derived,src_982233d9cc25;src_4a2457749372,src_982233d9cc25_20261003140407728_e3cd4a8a3355;src_4a2457749372_20261003140240251_abfb6f8b4c2c,2026-10-03T14:04:07.728Z,2026-10-03T14:04:09.656Z,NA,Verchères,Verchères,geometric_overlap; no official predecessor relationship inferred
qc-prov-2017-2022-344,6.205958050709339,qc-prov-2026-2026-307,6.204457490505787,6.204360798245315,0.999742625965085,0.9999844156784666,official_geometry_intersection_EPSG6933,NA,derived,src_982233d9cc25;src_4a2457749372,src_982233d9cc25_20261003140407728_e3cd4a8a3355;src_4a2457749372_20261003140240251_abfb6f8b4c2c,2026-10-03T14:04:07.728Z,2026-10-03T14:04:09.656Z,NA,Laurier-Dorion,Laurier-Dorion,geometric_overlap; no official predecessor relationship inferred
qc-prov-2017-2022-358,10.283083443455704,qc-prov-2026-2026-307,6.204457490505787,9.669226220370129e-5,9.40304167863556e-6,1.5584321812448897e-5,official_geometry_intersection_EPSG6933,NA,derived,src_982233d9cc25;src_4a2457749372,src_982233d9cc25_20261003140407728_e3cd4a8a3355;src_4a2457749372_20261003140240251_abfb6f8b4c2c,2026-10-03T14:04:07.728Z,2026-10-03T14:04:09.656Z,NA,Viau,Laurier-Dorion,geometric_overlap; no official predecessor relationship inferred
qc-prov-2017-2022-364,13.515258762251705,qc-prov-2026-2026-331,13.515258762251705,13.515258762226816,0.9999999999981584,0.9999999999981584,official_geometry_intersection_EPSG6933,NA,derived,src_982233d9cc25;src_4a2457749372,src_982233d9cc25_20261003140407728_e3cd4a8a3355;src_4a2457749372_20261003140240251_abfb6f8b4c2c,2026-10-03T14:04:07.728Z,2026-10-03T14:04:09.656Z,NA,Jeanne-Mance-Viger,Jeanne-Mance–Viger,geometric_overlap; no official predecessor relationship inferred
qc-prov-2017-2022-906,57950.01018840397,qc-prov-2026-2026-803,3733.226569940604,1.27043512471646e-5,2.1922949117456398e-10,3.40304854504631e-9,official_geometry_intersection_EPSG6933,NA,derived,src_982233d9cc25;src_4a2457749372,src_982233d9cc25_20261003140407728_e3cd4a8a3355;src_4a2457749372_20261003140240251_abfb6f8b4c2c,2026-10-03T14:04:07.728Z,2026-10-03T14:04:09.656Z,NA,René-Lévesque,Rimouski,geometric_overlap; no official predecessor relationship inferred
qc-prov-2017-2022-842,14186.876644449554,qc-prov-2026-2026-803,3733.226569940604,0.0035338650632830934,2.490939444846499e-7,9.465980692779964e-7,official_geometry_intersection_EPSG6933,NA,derived,src_982233d9cc25;src_4a2457749372,src_982233d9cc25_20261003140407728_e3cd4a8a3355;src_4a2457749372_20261003140240251_abfb6f8b4c2c,2026-10-03T14:04:07.728Z,2026-10-03T14:04:09.656Z,NA,Matane-Matapédia,Rimouski,geometric_overlap; no official predecessor relationship inferred
qc-prov-2017-2022-838,3733.225891100009,qc-prov-2026-2026-803,3733.226569940604,3733.223023371139,0.9999992318362312,0.9999990499988686,official_geometry_intersection_EPSG6933,NA,derived,src_982233d9cc25;src_4a2457749372,src_982233d9cc25_20261003140407728_e3cd4a8a3355;src_4a2457749372_20261003140240251_abfb6f8b4c2c,2026-10-03T14:04:07.728Z,2026-10-03T14:04:09.656Z,NA,Rimouski,Rimouski,geometric_overlap; no official predecessor relationship inferred
qc-prov-2017-2022-736,21.09201068136264,qc-prov-2026-2026-761,184.08039421538305,5.65978874236814e-4,2.683380369880645e-5,3.0746287601632964e-6,official_geometry_intersection_EPSG6933,NA,derived,src_982233d9cc25;src_4a2457749372,src_982233d9cc25_20261003140407728_e3cd4a8a3355;src_4a2457749372_20261003140240251_abfb6f8b4c2c,2026-10-03T14:04:07.728Z,2026-10-03T14:04:09.656Z,NA,Jean-Lesage,Montmorency,geometric_overlap; no official predecessor relationship inferred
qc-prov-2017-2022-760,12885.440486013687,qc-prov-2026-2026-761,184.08039421538305,1.3831779592655592e-4,1.0734425111558349e-8,7.513988467708156e-7,official_geometry_intersection_EPSG6933,NA,derived,src_982233d9cc25;src_4a2457749372,src_982233d9cc25_20261003140407728_e3cd4a8a3355;src_4a2457749372_20261003140240251_abfb6f8b4c2c,2026-10-03T14:04:07.728Z,2026-10-03T14:04:09.656Z,NA,Charlevoix-Côte-de-Beaupré,Montmorency,geometric_overlap; no official predecessor relationship inferred
qc-prov-2017-2022-742,184.0797382860312,qc-prov-2026-2026-761,184.08039421538305,184.07968991871488,0.9999997372480166,0.999996173972404,official_geometry_intersection_EPSG6933,NA,derived,src_982233d9cc25;src_4a2457749372,src_982233d9cc25_20261003140407728_e3cd4a8a3355;src_4a2457749372_20261003140240251_abfb6f8b4c2c,2026-10-03T14:04:07.728Z,2026-10-03T14:04:09.656Z,NA,Montmorency,Montmorency,geometric_overlap; no official predecessor relationship inferred
qc-prov-2017-2022-482,86.95889071225795,qc-prov-2026-2026-571,88.90723377607021,86.95889071226304,1.0000000000000584,0.9780856632125744,official_geometry_intersection_EPSG6933,NA,derived,src_982233d9cc25;src_4a2457749372,src_982233d9cc25_20261003140407728_e3cd4a8a3355;src_4a2457749372_20261003140240251_abfb6f8b4c2c,2026-10-03T14:04:07.728Z,2026-10-03T14:04:09.656Z,NA,Mille-Îles,Mille-Îles,geometric_overlap; no official predecessor relationship inferred
qc-prov-2017-2022-454,25.6236873466438,qc-prov-2026-2026-571,88.90723377607021,1.9483430638096195,0.0760367950737119,0.021914336787453,official_geometry_intersection_EPSG6933,NA,derived,src_982233d9cc25;src_4a2457749372,src_982233d9cc25_20261003140407728_e3cd4a8a3355;src_4a2457749372_20261003140240251_abfb6f8b4c2c,2026-10-03T14:04:07.728Z,2026-10-03T14:04:09.656Z,NA,Laval-des-Rapides,Mille-Îles,geometric_overlap; no official predecessor relationship inferred
qc-prov-2017-2022-150,2803.3575814408377,qc-prov-2026-2026-139,987.3143082100868,221.79749258471463,0.07911851632952144,0.2246472989810244,official_geometry_intersection_EPSG6933,NA,derived,src_982233d9cc25;src_4a2457749372,src_982233d9cc25_20261003140407728_e3cd4a8a3355;src_4a2457749372_20261003140240251_abfb6f8b4c2c,2026-10-03T14:04:07.728Z,2026-10-03T14:04:09.656Z,NA,Nicolet-Bécancour,Marie-Lacoste-Gérin-Lajoie,geometric_overlap; no official predecessor relationship inferred
qc-prov-2017-2022-264,882.8751130176917,qc-prov-2026-2026-139,987.3143082100868,0.08950730677125977,1.0138161723159384e-4,9.065735807427788e-5,official_geometry_intersection_EPSG6933,NA,derived,src_982233d9cc25;src_4a2457749372,src_982233d9cc25_20261003140407728_e3cd4a8a3355;src_4a2457749372_20261003140240251_abfb6f8b4c2c,2026-10-03T14:04:07.728Z,2026-10-03T14:04:09.656Z,NA,Richelieu,Marie-Lacoste-Gérin-Lajoie,geometric_overlap; no official predecessor relationship inferred
qc-prov-2017-2022-260,835.0911675456874,qc-prov-2026-2026-139,987.3143082100868,0.09251719207750068,1.1078693641247154e-4,9.370591645250858e-5,official_geometry_intersection_EPSG6933,NA,derived,src_982233d9cc25;src_4a2457749372,src_982233d9cc25_20261003140407728_e3cd4a8a3355;src_4a2457749372_20261003140240251_abfb6f8b4c2c,2026-10-03T14:04:07.728Z,2026-10-03T14:04:09.656Z,NA,Saint-Hyacinthe,Marie-Lacoste-Gérin-Lajoie,geometric_overlap; no official predecessor relationship inferred
qc-prov-2017-2022-126,1798.6676387006432,qc-prov-2026-2026-139,987.3143082100868,732.449971288907,0.4072180738282636,0.7418609911738987,official_geometry_intersection_EPSG6933,NA,derived,src_982233d9cc25;src_4a2457749372,src_982233d9cc25_20261003140407728_e3cd4a8a3355;src_4a2457749372_20261003140240251_abfb6f8b4c2c,2026-10-03T14:04:07.728Z,2026-10-03T14:04:09.656Z,NA,Johnson,Marie-Lacoste-Gérin-Lajoie,geometric_overlap; no official predecessor relationship inferred
qc-prov-2017-2022-138,1839.029456684648,qc-prov-2026-2026-139,987.3143082100868,32.88481983784394,0.017881616696411053,0.033307346570780695,official_geometry_intersection_EPSG6933,NA,derived,src_982233d9cc25;src_4a2457749372,src_982233d9cc25_20261003140407728_e3cd4a8a3355;src_4a2457749372_20261003140240251_abfb6f8b4c2c,2026-10-03T14:04:07.728Z,2026-10-03T14:04:09.656Z,NA,Drummond-Bois-Francs,Marie-Lacoste-Gérin-Lajoie,geometric_overlap; no official predecessor relationship inferred
qc-prov-2017-2022-608,14721.508018140476,qc-prov-2026-2026-657,14721.620912860935,14720.986181400238,0.9999645527659534,0.9999568844039352,official_geometry_intersection_EPSG6933,NA,derived,src_982233d9cc25;src_4a2457749372,src_982233d9cc25_20261003140407728_e3cd4a8a3355;src_4a2457749372_20261003140240251_abfb6f8b4c2c,2026-10-03T14:04:07.728Z,2026-10-03T14:04:09.656Z,NA,Pontiac,Pontiac,geometric_overlap; no official predecessor relationship inferred
qc-prov-2017-2022-614,15606.338324031396,qc-prov-2026-2026-657,14721.620912860935,0.6347314605648655,4.0671389238529785e-5,4.311559605575488e-5,official_geometry_intersection_EPSG6933,NA,derived,src_982233d9cc25;src_4a2457749372,src_982233d9cc25_20261003140407728_e3cd4a8a3355;src_4a2457749372_20261003140240251_abfb6f8b4c2c,2026-10-03T14:04:07.728Z,2026-10-03T14:04:09.656Z,NA,Gatineau,Pontiac,geometric_overlap; no official predecessor relationship inferred
qc-prov-2017-2022-508,79.76694124136974,qc-prov-2026-2026-581,79.70922587034656,79.65528902166854,0.9986002695106064,0.9993233299145854,official_geometry_intersection_EPSG6933,NA,derived,src_982233d9cc25;src_4a2457749372,src_982233d9cc25_20261003140407728_e3cd4a8a3355;src_4a2457749372_20261003140240251_abfb6f8b4c2c,2026-10-03T14:04:07.728Z,2026-10-03T14:04:09.656Z,NA,Deux-Montagnes,Deux-Montagnes,geometric_overlap; no official predecessor relationship inferred
qc-prov-2017-2022-514,648.944994002729,qc-prov-2026-2026-581,79.70922587034656,0.05393684868534498,8.311466947708384e-5,6.766700855065082e-4,official_geometry_intersection_EPSG6933,NA,derived,src_982233d9cc25;src_4a2457749372,src_982233d9cc25_20261003140407728_e3cd4a8a3355;src_4a2457749372_20261003140240251_abfb6f8b4c2c,2026-10-03T14:04:07.728Z,2026-10-03T14:04:09.656Z,NA,Mirabel,Deux-Montagnes,geometric_overlap; no official predecessor relationship inferred
qc-prov-2017-2022-642,11552.151073259522,qc-prov-2026-2026-681,11552.290388031251,11552.121630791064,0.9999974513431938,0.9999853918803528,official_geometry_intersection_EPSG6933,NA,derived,src_982233d9cc25;src_4a2457749372,src_982233d9cc25_20261003140407728_e3cd4a8a3355;src_4a2457749372_20261003140240251_abfb6f8b4c2c,2026-10-03T14:04:07.728Z,2026-10-03T14:04:09.656Z,NA,Abitibi-Ouest,Abitibi-Ouest,geometric_overlap; no official predecessor relationship inferred
qc-prov-2017-2022-938,859472.5389934886,qc-prov-2026-2026-681,11552.290388031251,0.16875724014386764,1.9634977557455869e-7,1.4608119643417943e-5,official_geometry_intersection_EPSG6933,NA,derived,src_982233d9cc25;src_4a2457749372,src_982233d9cc25_20261003140407728_e3cd4a8a3355;src_4a2457749372_20261003140240251_abfb6f8b4c2c,2026-10-03T14:04:07.728Z,2026-10-03T14:04:09.656Z,NA,Ungava,Abitibi-Ouest,geometric_overlap; no official predecessor relationship inferred
