election_id,district_id,snapshot_id,data_status,source_id,observed_at,retrieved_at,source_updated_at,candidates_count,parties_count,valid_votes_from_candidates,margin_votes,effective_parties
qc-prov-2012-09-04-general,qc-prov-2011-2011-103,src_f428cc11d231_20261003140401352_79d2bc06db1e,final,src_f428cc11d231,2026-10-03T14:04:01.352Z,2026-10-03T14:04:04.715Z,NA,7,6,28341,1099,3.453959376029934
qc-prov-2012-09-04-general,qc-prov-2011-2011-111,src_f428cc11d231_20261003140401352_79d2bc06db1e,final,src_f428cc11d231,2026-10-03T14:04:01.352Z,2026-10-03T14:04:04.715Z,NA,7,7,42116,65,3.3454119394410773
qc-prov-2012-09-04-general,qc-prov-2011-2011-113,src_f428cc11d231_20261003140401352_79d2bc06db1e,final,src_f428cc11d231,2026-10-03T14:04:01.352Z,2026-10-03T14:04:04.715Z,NA,7,7,37768,2642,3.1214401109955214
qc-prov-2012-09-04-general,qc-prov-2011-2011-123,src_f428cc11d231_20261003140401352_79d2bc06db1e,final,src_f428cc11d231,2026-10-03T14:04:01.352Z,2026-10-03T14:04:04.715Z,NA,7,7,31297,1888,3.4627139601976866
qc-prov-2012-09-04-general,qc-prov-2011-2011-129,src_f428cc11d231_20261003140401352_79d2bc06db1e,final,src_f428cc11d231,2026-10-03T14:04:01.352Z,2026-10-03T14:04:04.715Z,NA,10,9,41912,303,3.5601346528707087
qc-prov-2012-09-04-general,qc-prov-2011-2011-133,src_f428cc11d231_20261003140401352_79d2bc06db1e,final,src_f428cc11d231,2026-10-03T14:04:01.352Z,2026-10-03T14:04:04.715Z,NA,8,8,37432,11015,2.831989437525762
qc-prov-2012-09-04-general,qc-prov-2011-2011-143,src_f428cc11d231_20261003140401352_79d2bc06db1e,final,src_f428cc11d231,2026-10-03T14:04:01.352Z,2026-10-03T14:04:04.715Z,NA,6,6,35422,1953,3.3043451710247203
qc-prov-2012-09-04-general,qc-prov-2011-2011-149,src_f428cc11d231_20261003140401352_79d2bc06db1e,final,src_f428cc11d231,2026-10-03T14:04:01.352Z,2026-10-03T14:04:04.715Z,NA,9,9,30040,3889,3.380979279729201
qc-prov-2012-09-04-general,qc-prov-2011-2011-153,src_f428cc11d231_20261003140401352_79d2bc06db1e,final,src_f428cc11d231,2026-10-03T14:04:01.352Z,2026-10-03T14:04:04.715Z,NA,9,9,33473,6518,3.1835657776867596
qc-prov-2012-09-04-general,qc-prov-2011-2011-163,src_f428cc11d231_20261003140401352_79d2bc06db1e,final,src_f428cc11d231,2026-10-03T14:04:01.352Z,2026-10-03T14:04:04.715Z,NA,6,6,36506,1514,3.3497587081312217
qc-prov-2012-09-04-general,qc-prov-2011-2011-169,src_f428cc11d231_20261003140401352_79d2bc06db1e,final,src_f428cc11d231,2026-10-03T14:04:01.352Z,2026-10-03T14:04:04.715Z,NA,7,7,42993,8362,3.177729967978045
qc-prov-2012-09-04-general,qc-prov-2011-2011-173,src_f428cc11d231_20261003140401352_79d2bc06db1e,final,src_f428cc11d231,2026-10-03T14:04:01.352Z,2026-10-03T14:04:04.715Z,NA,7,7,36711,2220,3.336178346733864
qc-prov-2012-09-04-general,qc-prov-2011-2011-177,src_f428cc11d231_20261003140401352_79d2bc06db1e,final,src_f428cc11d231,2026-10-03T14:04:01.352Z,2026-10-03T14:04:04.715Z,NA,8,8,30440,2527,3.2078080900772585
qc-prov-2012-09-04-general,qc-prov-2011-2011-183,src_f428cc11d231_20261003140401352_79d2bc06db1e,final,src_f428cc11d231,2026-10-03T14:04:01.352Z,2026-10-03T14:04:04.715Z,NA,9,9,33987,75,3.462276584788763
qc-prov-2012-09-04-general,qc-prov-2011-2011-189,src_f428cc11d231_20261003140401352_79d2bc06db1e,final,src_f428cc11d231,2026-10-03T14:04:01.352Z,2026-10-03T14:04:04.715Z,NA,8,8,44938,3847,3.2130723193228063
qc-prov-2012-09-04-general,qc-prov-2011-2011-193,src_f428cc11d231_20261003140401352_79d2bc06db1e,final,src_f428cc11d231,2026-10-03T14:04:01.352Z,2026-10-03T14:04:04.715Z,NA,7,7,37639,2247,3.2458529891957153
qc-prov-2012-09-04-general,qc-prov-2011-2011-203,src_f428cc11d231_20261003140401352_79d2bc06db1e,final,src_f428cc11d231,2026-10-03T14:04:01.352Z,2026-10-03T14:04:04.715Z,NA,9,9,41724,10331,2.968102316254102
qc-prov-2012-09-04-general,qc-prov-2011-2011-209,src_f428cc11d231_20261003140401352_79d2bc06db1e,final,src_f428cc11d231,2026-10-03T14:04:01.352Z,2026-10-03T14:04:04.715Z,NA,6,6,34486,2075,3.4070371110884072
qc-prov-2012-09-04-general,qc-prov-2011-2011-213,src_f428cc11d231_20261003140401352_79d2bc06db1e,final,src_f428cc11d231,2026-10-03T14:04:01.352Z,2026-10-03T14:04:04.715Z,NA,8,8,32918,8387,3.2547709735131654
qc-prov-2012-09-04-general,qc-prov-2011-2011-223,src_f428cc11d231_20261003140401352_79d2bc06db1e,final,src_f428cc11d231,2026-10-03T14:04:01.352Z,2026-10-03T14:04:04.715Z,NA,9,9,38569,4736,3.5260456988792166
qc-prov-2012-09-04-general,qc-prov-2011-2011-229,src_f428cc11d231_20261003140401352_79d2bc06db1e,final,src_f428cc11d231,2026-10-03T14:04:01.352Z,2026-10-03T14:04:04.715Z,NA,7,7,37450,3729,3.4122502070033955
qc-prov-2012-09-04-general,qc-prov-2011-2011-233,src_f428cc11d231_20261003140401352_79d2bc06db1e,final,src_f428cc11d231,2026-10-03T14:04:01.352Z,2026-10-03T14:04:04.715Z,NA,7,7,45003,1908,3.4544070692123143
qc-prov-2012-09-04-general,qc-prov-2011-2011-243,src_f428cc11d231_20261003140401352_79d2bc06db1e,final,src_f428cc11d231,2026-10-03T14:04:01.352Z,2026-10-03T14:04:04.715Z,NA,7,7,46697,2511,3.2979201265577736
qc-prov-2012-09-04-general,qc-prov-2011-2011-249,src_f428cc11d231_20261003140401352_79d2bc06db1e,final,src_f428cc11d231,2026-10-03T14:04:01.352Z,2026-10-03T14:04:04.715Z,NA,7,7,46654,7370,2.910287353080874
qc-prov-2012-09-04-general,qc-prov-2011-2011-253,src_f428cc11d231_20261003140401352_79d2bc06db1e,final,src_f428cc11d231,2026-10-03T14:04:01.352Z,2026-10-03T14:04:04.715Z,NA,5,5,33624,3601,3.075716661442867
qc-prov-2012-09-04-general,qc-prov-2011-2011-263,src_f428cc11d231_20261003140401352_79d2bc06db1e,final,src_f428cc11d231,2026-10-03T14:04:01.352Z,2026-10-03T14:04:04.715Z,NA,9,9,44276,2120,3.436038144912975
qc-prov-2012-09-04-general,qc-prov-2011-2011-269,src_f428cc11d231_20261003140401352_79d2bc06db1e,final,src_f428cc11d231,2026-10-03T14:04:01.352Z,2026-10-03T14:04:04.715Z,NA,6,6,41500,203,3.3115011591494246
qc-prov-2012-09-04-general,qc-prov-2011-2011-273,src_f428cc11d231_20261003140401352_79d2bc06db1e,final,src_f428cc11d231,2026-10-03T14:04:01.352Z,2026-10-03T14:04:04.715Z,NA,8,8,36923,2505,3.464330651744905
qc-prov-2012-09-04-general,qc-prov-2011-2011-283,src_f428cc11d231_20261003140401352_79d2bc06db1e,final,src_f428cc11d231,2026-10-03T14:04:01.352Z,2026-10-03T14:04:04.715Z,NA,7,7,44959,269,3.364623385954937
qc-prov-2012-09-04-general,qc-prov-2011-2011-289,src_f428cc11d231_20261003140401352_79d2bc06db1e,final,src_f428cc11d231,2026-10-03T14:04:01.352Z,2026-10-03T14:04:04.715Z,NA,4,4,40818,4956,3.017318155954185
qc-prov-2012-09-04-general,qc-prov-2011-2011-293,src_f428cc11d231_20261003140401352_79d2bc06db1e,final,src_f428cc11d231,2026-10-03T14:04:01.352Z,2026-10-03T14:04:04.715Z,NA,7,7,34896,650,2.7939400297474926
qc-prov-2012-09-04-general,qc-prov-2011-2011-303,src_f428cc11d231_20261003140401352_79d2bc06db1e,final,src_f428cc11d231,2026-10-03T14:04:01.352Z,2026-10-03T14:04:04.715Z,NA,8,8,32255,698,2.959502931868773
qc-prov-2012-09-04-general,qc-prov-2011-2011-309,src_f428cc11d231_20261003140401352_79d2bc06db1e,final,src_f428cc11d231,2026-10-03T14:04:01.352Z,2026-10-03T14:04:04.715Z,NA,9,9,31613,10156,2.4773453897758
qc-prov-2012-09-04-general,qc-prov-2011-2011-323,src_f428cc11d231_20261003140401352_79d2bc06db1e,final,src_f428cc11d231,2026-10-03T14:04:01.352Z,2026-10-03T14:04:04.715Z,NA,8,8,44832,5393,3.1811828966290405
qc-prov-2012-09-04-general,qc-prov-2011-2011-329,src_f428cc11d231_20261003140401352_79d2bc06db1e,final,src_f428cc11d231,2026-10-03T14:04:01.352Z,2026-10-03T14:04:04.715Z,NA,5,5,30446,1876,3.9336654127803516
qc-prov-2012-09-04-general,qc-prov-2011-2011-333,src_f428cc11d231_20261003140401352_79d2bc06db1e,final,src_f428cc11d231,2026-10-03T14:04:01.352Z,2026-10-03T14:04:04.715Z,NA,7,7,32019,1001,3.520643593735408
qc-prov-2012-09-04-general,qc-prov-2011-2011-343,src_f428cc11d231_20261003140401352_79d2bc06db1e,final,src_f428cc11d231,2026-10-03T14:04:01.352Z,2026-10-03T14:04:04.715Z,NA,7,7,26352,1897,3.5114978273631965
qc-prov-2012-09-04-general,qc-prov-2011-2011-349,src_f428cc11d231_20261003140401352_79d2bc06db1e,final,src_f428cc11d231,2026-10-03T14:04:01.352Z,2026-10-03T14:04:04.715Z,NA,9,9,36415,769,3.522405370554551
qc-prov-2012-09-04-general,qc-prov-2011-2011-353,src_f428cc11d231_20261003140401352_79d2bc06db1e,final,src_f428cc11d231,2026-10-03T14:04:01.352Z,2026-10-03T14:04:04.715Z,NA,7,7,41721,6130,2.9053192728674415
qc-prov-2012-09-04-general,qc-prov-2011-2011-361,src_f428cc11d231_20261003140401352_79d2bc06db1e,final,src_f428cc11d231,2026-10-03T14:04:01.352Z,2026-10-03T14:04:04.715Z,NA,8,8,43525,7500,2.9889072555996505
qc-prov-2012-09-04-general,qc-prov-2011-2011-363,src_f428cc11d231_20261003140401352_79d2bc06db1e,final,src_f428cc11d231,2026-10-03T14:04:01.352Z,2026-10-03T14:04:04.715Z,NA,6,6,40668,1078,2.8590907900770364
qc-prov-2012-09-04-general,qc-prov-2011-2011-367,src_f428cc11d231_20261003140401352_79d2bc06db1e,final,src_f428cc11d231,2026-10-03T14:04:01.352Z,2026-10-03T14:04:04.715Z,NA,5,5,41182,1237,3.0041773256102626
qc-prov-2012-09-04-general,qc-prov-2011-2011-369,src_f428cc11d231_20261003140401352_79d2bc06db1e,final,src_f428cc11d231,2026-10-03T14:04:01.352Z,2026-10-03T14:04:04.715Z,NA,8,8,30653,7981,2.9473555388834747
qc-prov-2012-09-04-general,qc-prov-2011-2011-371,src_f428cc11d231_20261003140401352_79d2bc06db1e,final,src_f428cc11d231,2026-10-03T14:04:01.352Z,2026-10-03T14:04:04.715Z,NA,8,8,28880,12255,2.4580566041253484
qc-prov-2012-09-04-general,qc-prov-2011-2011-373,src_f428cc11d231_20261003140401352_79d2bc06db1e,final,src_f428cc11d231,2026-10-03T14:04:01.352Z,2026-10-03T14:04:04.715Z,NA,7,7,32288,2955,3.319831300087615
qc-prov-2012-09-04-general,qc-prov-2011-2011-377,src_f428cc11d231_20261003140401352_79d2bc06db1e,final,src_f428cc11d231,2026-10-03T14:04:01.352Z,2026-10-03T14:04:04.715Z,NA,10,10,35856,8876,3.336991889267245
qc-prov-2012-09-04-general,qc-prov-2011-2011-379,src_f428cc11d231_20261003140401352_79d2bc06db1e,final,src_f428cc11d231,2026-10-03T14:04:01.352Z,2026-10-03T14:04:04.715Z,NA,8,8,38423,8944,3.519258645633712
qc-prov-2012-09-04-general,qc-prov-2011-2011-381,src_f428cc11d231_20261003140401352_79d2bc06db1e,final,src_f428cc11d231,2026-10-03T14:04:01.352Z,2026-10-03T14:04:04.715Z,NA,6,6,33638,4556,2.9612912069250132
qc-prov-2012-09-04-general,qc-prov-2011-2011-383,src_f428cc11d231_20261003140401352_79d2bc06db1e,final,src_f428cc11d231,2026-10-03T14:04:01.352Z,2026-10-03T14:04:04.715Z,NA,6,6,30309,7027,3.272892468611061
qc-prov-2012-09-04-general,qc-prov-2011-2011-387,src_f428cc11d231_20261003140401352_79d2bc06db1e,final,src_f428cc11d231,2026-10-03T14:04:01.352Z,2026-10-03T14:04:04.715Z,NA,10,10,28281,6053,3.4412891957196283
qc-prov-2012-09-04-general,qc-prov-2011-2011-389,src_f428cc11d231_20261003140401352_79d2bc06db1e,final,src_f428cc11d231,2026-10-03T14:04:01.352Z,2026-10-03T14:04:04.715Z,NA,10,9,28523,2946,3.9527440368717497
qc-prov-2012-09-04-general,qc-prov-2011-2011-391,src_f428cc11d231_20261003140401352_79d2bc06db1e,final,src_f428cc11d231,2026-10-03T14:04:01.352Z,2026-10-03T14:04:04.715Z,NA,7,7,23302,12718,2.054325367548148
qc-prov-2012-09-04-general,qc-prov-2011-2011-393,src_f428cc11d231_20261003140401352_79d2bc06db1e,final,src_f428cc11d231,2026-10-03T14:04:01.352Z,2026-10-03T14:04:04.715Z,NA,6,6,36122,2307,3.472539280659147
qc-prov-2012-09-04-general,qc-prov-2011-2011-397,src_f428cc11d231_20261003140401352_79d2bc06db1e,final,src_f428cc11d231,2026-10-03T14:04:01.352Z,2026-10-03T14:04:04.715Z,NA,8,8,33650,547,3.5493777597054867
qc-prov-2012-09-04-general,qc-prov-2011-2011-399,src_f428cc11d231_20261003140401352_79d2bc06db1e,final,src_f428cc11d231,2026-10-03T14:04:01.352Z,2026-10-03T14:04:04.715Z,NA,6,6,35131,13049,2.531344166041661
qc-prov-2012-09-04-general,qc-prov-2011-2011-401,src_f428cc11d231_20261003140401352_79d2bc06db1e,final,src_f428cc11d231,2026-10-03T14:04:01.352Z,2026-10-03T14:04:04.715Z,NA,7,7,26753,13118,2.3330820235687293
qc-prov-2012-09-04-general,qc-prov-2011-2011-403,src_f428cc11d231_20261003140401352_79d2bc06db1e,final,src_f428cc11d231,2026-10-03T14:04:01.352Z,2026-10-03T14:04:04.715Z,NA,5,5,26305,20347,1.3782631347519099
qc-prov-2012-09-04-general,qc-prov-2011-2011-407,src_f428cc11d231_20261003140401352_79d2bc06db1e,final,src_f428cc11d231,2026-10-03T14:04:01.352Z,2026-10-03T14:04:04.715Z,NA,6,6,31187,8660,3.028860852114008
qc-prov-2012-09-04-general,qc-prov-2011-2011-409,src_f428cc11d231_20261003140401352_79d2bc06db1e,final,src_f428cc11d231,2026-10-03T14:04:01.352Z,2026-10-03T14:04:04.715Z,NA,8,8,33547,19519,1.783047249223131
qc-prov-2012-09-04-general,qc-prov-2011-2011-411,src_f428cc11d231_20261003140401352_79d2bc06db1e,final,src_f428cc11d231,2026-10-03T14:04:01.352Z,2026-10-03T14:04:04.715Z,NA,7,7,41425,19816,2.0686226943747563
qc-prov-2012-09-04-general,qc-prov-2011-2011-413,src_f428cc11d231_20261003140401352_79d2bc06db1e,final,src_f428cc11d231,2026-10-03T14:04:01.352Z,2026-10-03T14:04:04.715Z,NA,7,7,37102,23087,1.703756485160851
qc-prov-2012-09-04-general,qc-prov-2011-2011-417,src_f428cc11d231_20261003140401352_79d2bc06db1e,final,src_f428cc11d231,2026-10-03T14:04:01.352Z,2026-10-03T14:04:04.715Z,NA,8,8,34234,17579,2.1384374485526534
qc-prov-2012-09-04-general,qc-prov-2011-2011-419,src_f428cc11d231_20261003140401352_79d2bc06db1e,final,src_f428cc11d231,2026-10-03T14:04:01.352Z,2026-10-03T14:04:04.715Z,NA,8,8,25506,13505,2.1291018851169077
qc-prov-2012-09-04-general,qc-prov-2011-2011-421,src_f428cc11d231_20261003140401352_79d2bc06db1e,final,src_f428cc11d231,2026-10-03T14:04:01.352Z,2026-10-03T14:04:04.715Z,NA,8,8,26371,4830,3.5884381786262525
qc-prov-2012-09-04-general,qc-prov-2011-2011-423,src_f428cc11d231_20261003140401352_79d2bc06db1e,final,src_f428cc11d231,2026-10-03T14:04:01.352Z,2026-10-03T14:04:04.715Z,NA,10,10,32236,2463,3.9074680197699374
qc-prov-2012-09-04-general,qc-prov-2011-2011-427,src_f428cc11d231_20261003140401352_79d2bc06db1e,final,src_f428cc11d231,2026-10-03T14:04:01.352Z,2026-10-03T14:04:04.715Z,NA,6,6,24934,5888,3.22999910711958
qc-prov-2012-09-04-general,qc-prov-2011-2011-429,src_f428cc11d231_20261003140401352_79d2bc06db1e,final,src_f428cc11d231,2026-10-03T14:04:01.352Z,2026-10-03T14:04:04.715Z,NA,6,6,31982,16269,2.1304322116562804
qc-prov-2012-09-04-general,qc-prov-2011-2011-431,src_f428cc11d231_20261003140401352_79d2bc06db1e,final,src_f428cc11d231,2026-10-03T14:04:01.352Z,2026-10-03T14:04:04.715Z,NA,6,6,29609,4426,3.3921016760921776
qc-prov-2012-09-04-general,qc-prov-2011-2011-433,src_f428cc11d231_20261003140401352_79d2bc06db1e,final,src_f428cc11d231,2026-10-03T14:04:01.352Z,2026-10-03T14:04:04.715Z,NA,6,6,34686,3388,3.6272674450250455
qc-prov-2012-09-04-general,qc-prov-2011-2011-437,src_f428cc11d231_20261003140401352_79d2bc06db1e,final,src_f428cc11d231,2026-10-03T14:04:01.352Z,2026-10-03T14:04:04.715Z,NA,5,5,30889,11798,2.6556030493191884
qc-prov-2012-09-04-general,qc-prov-2011-2011-439,src_f428cc11d231_20261003140401352_79d2bc06db1e,final,src_f428cc11d231,2026-10-03T14:04:01.352Z,2026-10-03T14:04:04.715Z,NA,7,7,38958,2362,3.3241748049708186
qc-prov-2012-09-04-general,qc-prov-2011-2011-441,src_f428cc11d231_20261003140401352_79d2bc06db1e,final,src_f428cc11d231,2026-10-03T14:04:01.352Z,2026-10-03T14:04:04.715Z,NA,7,7,38245,14514,2.537476900547622
qc-prov-2012-09-04-general,qc-prov-2011-2011-443,src_f428cc11d231_20261003140401352_79d2bc06db1e,final,src_f428cc11d231,2026-10-03T14:04:01.352Z,2026-10-03T14:04:04.715Z,NA,7,7,35483,3381,3.360577181253161
qc-prov-2012-09-04-general,qc-prov-2011-2011-447,src_f428cc11d231_20261003140401352_79d2bc06db1e,final,src_f428cc11d231,2026-10-03T14:04:01.352Z,2026-10-03T14:04:04.715Z,NA,6,6,38748,2038,3.4144357081002354
qc-prov-2012-09-04-general,qc-prov-2011-2011-449,src_f428cc11d231_20261003140401352_79d2bc06db1e,final,src_f428cc11d231,2026-10-03T14:04:01.352Z,2026-10-03T14:04:04.715Z,NA,7,7,34614,2409,3.371523828068276
qc-prov-2012-09-04-general,qc-prov-2011-2011-451,src_f428cc11d231_20261003140401352_79d2bc06db1e,final,src_f428cc11d231,2026-10-03T14:04:01.352Z,2026-10-03T14:04:04.715Z,NA,8,8,31946,1797,3.3569618240233425
qc-prov-2012-09-04-general,qc-prov-2011-2011-453,src_f428cc11d231_20261003140401352_79d2bc06db1e,final,src_f428cc11d231,2026-10-03T14:04:01.352Z,2026-10-03T14:04:04.715Z,NA,7,7,42837,3648,2.88316365528333
qc-prov-2012-09-04-general,qc-prov-2011-2011-465,src_f428cc11d231_20261003140401352_79d2bc06db1e,final,src_f428cc11d231,2026-10-03T14:04:01.352Z,2026-10-03T14:04:04.715Z,NA,7,7,37813,3713,2.8124753987348114
qc-prov-2012-09-04-general,qc-prov-2011-2011-473,src_f428cc11d231_20261003140401352_79d2bc06db1e,final,src_f428cc11d231,2026-10-03T14:04:01.352Z,2026-10-03T14:04:04.715Z,NA,7,7,46676,2709,3.0857356643868545
qc-prov-2012-09-04-general,qc-prov-2011-2011-481,src_f428cc11d231_20261003140401352_79d2bc06db1e,final,src_f428cc11d231,2026-10-03T14:04:01.352Z,2026-10-03T14:04:04.715Z,NA,7,7,43953,1763,3.305341447016606
qc-prov-2012-09-04-general,qc-prov-2011-2011-483,src_f428cc11d231_20261003140401352_79d2bc06db1e,final,src_f428cc11d231,2026-10-03T14:04:01.352Z,2026-10-03T14:04:04.715Z,NA,6,6,37172,1321,3.230098670083747
qc-prov-2012-09-04-general,qc-prov-2011-2011-495,src_f428cc11d231_20261003140401352_79d2bc06db1e,final,src_f428cc11d231,2026-10-03T14:04:01.352Z,2026-10-03T14:04:04.715Z,NA,6,6,44474,3300,2.917043791939488
qc-prov-2012-09-04-general,qc-prov-2011-2011-505,src_f428cc11d231_20261003140401352_79d2bc06db1e,final,src_f428cc11d231,2026-10-03T14:04:01.352Z,2026-10-03T14:04:04.715Z,NA,6,6,40489,897,3.092292563228382
qc-prov-2012-09-04-general,qc-prov-2011-2011-515,src_f428cc11d231_20261003140401352_79d2bc06db1e,final,src_f428cc11d231,2026-10-03T14:04:01.352Z,2026-10-03T14:04:04.715Z,NA,7,7,43414,1116,2.9047553577338454
qc-prov-2012-09-04-general,qc-prov-2011-2011-525,src_f428cc11d231_20261003140401352_79d2bc06db1e,final,src_f428cc11d231,2026-10-03T14:04:01.352Z,2026-10-03T14:04:04.715Z,NA,7,7,43911,4300,3.2373748431198037
qc-prov-2012-09-04-general,qc-prov-2011-2011-535,src_f428cc11d231_20261003140401352_79d2bc06db1e,final,src_f428cc11d231,2026-10-03T14:04:01.352Z,2026-10-03T14:04:04.715Z,NA,6,6,32317,3062,3.2867192034989428
qc-prov-2012-09-04-general,qc-prov-2011-2011-545,src_f428cc11d231_20261003140401352_79d2bc06db1e,final,src_f428cc11d231,2026-10-03T14:04:01.352Z,2026-10-03T14:04:04.715Z,NA,6,6,33881,9099,2.885007234080698
qc-prov-2012-09-04-general,qc-prov-2011-2011-553,src_f428cc11d231_20261003140401352_79d2bc06db1e,final,src_f428cc11d231,2026-10-03T14:04:01.352Z,2026-10-03T14:04:04.715Z,NA,8,8,37387,167,3.447324816650003
qc-prov-2012-09-04-general,qc-prov-2011-2011-557,src_f428cc11d231_20261003140401352_79d2bc06db1e,final,src_f428cc11d231,2026-10-03T14:04:01.352Z,2026-10-03T14:04:04.715Z,NA,7,7,36861,6752,3.111312302744243
qc-prov-2012-09-04-general,qc-prov-2011-2011-559,src_f428cc11d231_20261003140401352_79d2bc06db1e,final,src_f428cc11d231,2026-10-03T14:04:01.352Z,2026-10-03T14:04:04.715Z,NA,7,7,35161,5666,3.306335925186007
qc-prov-2012-09-04-general,qc-prov-2011-2011-561,src_f428cc11d231_20261003140401352_79d2bc06db1e,final,src_f428cc11d231,2026-10-03T14:04:01.352Z,2026-10-03T14:04:04.715Z,NA,9,9,33385,2473,3.4351612814889316
qc-prov-2012-09-04-general,qc-prov-2011-2011-563,src_f428cc11d231_20261003140401352_79d2bc06db1e,final,src_f428cc11d231,2026-10-03T14:04:01.352Z,2026-10-03T14:04:04.715Z,NA,7,7,29988,11564,2.6111579318064546
qc-prov-2012-09-04-general,qc-prov-2011-2011-567,src_f428cc11d231_20261003140401352_79d2bc06db1e,final,src_f428cc11d231,2026-10-03T14:04:01.352Z,2026-10-03T14:04:04.715Z,NA,6,6,30131,3099,3.6807325377980584
qc-prov-2012-09-04-general,qc-prov-2011-2011-573,src_f428cc11d231_20261003140401352_79d2bc06db1e,final,src_f428cc11d231,2026-10-03T14:04:01.352Z,2026-10-03T14:04:04.715Z,NA,5,5,23481,7307,2.8992982288035245
qc-prov-2012-09-04-general,qc-prov-2011-2011-579,src_f428cc11d231_20261003140401352_79d2bc06db1e,final,src_f428cc11d231,2026-10-03T14:04:01.352Z,2026-10-03T14:04:04.715Z,NA,6,6,21957,777,3.2683384019564508
qc-prov-2012-09-04-general,qc-prov-2011-2011-583,src_f428cc11d231_20261003140401352_79d2bc06db1e,final,src_f428cc11d231,2026-10-03T14:04:01.352Z,2026-10-03T14:04:04.715Z,NA,7,7,25258,3116,3.111675861646743
qc-prov-2012-09-04-general,qc-prov-2011-2011-593,src_f428cc11d231_20261003140401352_79d2bc06db1e,final,src_f428cc11d231,2026-10-03T14:04:01.352Z,2026-10-03T14:04:04.715Z,NA,7,7,37089,1404,3.391090841214559
qc-prov-2012-09-04-general,qc-prov-2011-2011-599,src_f428cc11d231_20261003140401352_79d2bc06db1e,final,src_f428cc11d231,2026-10-03T14:04:01.352Z,2026-10-03T14:04:04.715Z,NA,7,7,31011,2203,3.2085168632482235
qc-prov-2012-09-04-general,qc-prov-2011-2011-603,src_f428cc11d231_20261003140401352_79d2bc06db1e,final,src_f428cc11d231,2026-10-03T14:04:01.352Z,2026-10-03T14:04:04.715Z,NA,7,7,42160,10124,2.713210662393097
qc-prov-2012-09-04-general,qc-prov-2011-2011-613,src_f428cc11d231_20261003140401352_79d2bc06db1e,final,src_f428cc11d231,2026-10-03T14:04:01.352Z,2026-10-03T14:04:04.715Z,NA,9,9,44250,12542,2.7056014085392195
qc-prov-2012-09-04-general,qc-prov-2011-2011-619,src_f428cc11d231_20261003140401352_79d2bc06db1e,final,src_f428cc11d231,2026-10-03T14:04:01.352Z,2026-10-03T14:04:04.715Z,NA,10,10,41418,1125,3.338350916721535
qc-prov-2012-09-04-general,qc-prov-2011-2011-623,src_f428cc11d231_20261003140401352_79d2bc06db1e,final,src_f428cc11d231,2026-10-03T14:04:01.352Z,2026-10-03T14:04:04.715Z,NA,10,10,32563,651,3.8750390934942502
qc-prov-2012-09-04-general,qc-prov-2011-2011-633,src_f428cc11d231_20261003140401352_79d2bc06db1e,final,src_f428cc11d231,2026-10-03T14:04:01.352Z,2026-10-03T14:04:04.715Z,NA,8,8,37762,4297,3.992056863951568
qc-prov-2012-09-04-general,qc-prov-2011-2011-639,src_f428cc11d231_20261003140401352_79d2bc06db1e,final,src_f428cc11d231,2026-10-03T14:04:01.352Z,2026-10-03T14:04:04.715Z,NA,9,9,43067,1331,3.313564895546439
qc-prov-2012-09-04-general,qc-prov-2011-2011-643,src_f428cc11d231_20261003140401352_79d2bc06db1e,final,src_f428cc11d231,2026-10-03T14:04:01.352Z,2026-10-03T14:04:04.715Z,NA,6,6,36278,3471,3.5741646729075414
qc-prov-2012-09-04-general,qc-prov-2011-2011-653,src_f428cc11d231_20261003140401352_79d2bc06db1e,final,src_f428cc11d231,2026-10-03T14:04:01.352Z,2026-10-03T14:04:04.715Z,NA,10,10,38004,2092,3.295727060103443
qc-prov-2012-09-04-general,qc-prov-2011-2011-659,src_f428cc11d231_20261003140401352_79d2bc06db1e,final,src_f428cc11d231,2026-10-03T14:04:01.352Z,2026-10-03T14:04:04.715Z,NA,6,6,45112,13911,2.682452700959802
qc-prov-2012-09-04-general,qc-prov-2011-2011-663,src_f428cc11d231_20261003140401352_79d2bc06db1e,final,src_f428cc11d231,2026-10-03T14:04:01.352Z,2026-10-03T14:04:04.715Z,NA,10,10,36436,3273,3.358563518457139
qc-prov-2012-09-04-general,qc-prov-2011-2011-673,src_f428cc11d231_20261003140401352_79d2bc06db1e,final,src_f428cc11d231,2026-10-03T14:04:01.352Z,2026-10-03T14:04:04.715Z,NA,9,9,42495,2122,3.3287763910700265
qc-prov-2012-09-04-general,qc-prov-2011-2011-679,src_f428cc11d231_20261003140401352_79d2bc06db1e,final,src_f428cc11d231,2026-10-03T14:04:01.352Z,2026-10-03T14:04:04.715Z,NA,6,6,38065,5171,3.208877925959602
qc-prov-2012-09-04-general,qc-prov-2011-2011-683,src_f428cc11d231_20261003140401352_79d2bc06db1e,final,src_f428cc11d231,2026-10-03T14:04:01.352Z,2026-10-03T14:04:04.715Z,NA,6,6,36103,3296,3.2496056941782316
qc-prov-2012-09-04-general,qc-prov-2011-2011-699,src_f428cc11d231_20261003140401352_79d2bc06db1e,final,src_f428cc11d231,2026-10-03T14:04:01.352Z,2026-10-03T14:04:04.715Z,NA,7,7,37444,2447,3.1130007439390157
qc-prov-2012-09-04-general,qc-prov-2011-2011-703,src_f428cc11d231_20261003140401352_79d2bc06db1e,final,src_f428cc11d231,2026-10-03T14:04:01.352Z,2026-10-03T14:04:04.715Z,NA,7,7,33052,8721,3.1448167618912692
qc-prov-2012-09-04-general,qc-prov-2011-2011-711,src_f428cc11d231_20261003140401352_79d2bc06db1e,final,src_f428cc11d231,2026-10-03T14:04:01.352Z,2026-10-03T14:04:04.715Z,NA,7,7,33508,13505,2.4393918087082898
qc-prov-2012-09-04-general,qc-prov-2011-2011-713,src_f428cc11d231_20261003140401352_79d2bc06db1e,final,src_f428cc11d231,2026-10-03T14:04:01.352Z,2026-10-03T14:04:04.715Z,NA,5,5,24833,3144,2.754034820188684
qc-prov-2012-09-04-general,qc-prov-2011-2011-731,src_f428cc11d231_20261003140401352_79d2bc06db1e,final,src_f428cc11d231,2026-10-03T14:04:01.352Z,2026-10-03T14:04:04.715Z,NA,5,5,20823,5972,2.4259101251493678
qc-prov-2012-09-04-general,qc-prov-2011-2011-733,src_f428cc11d231_20261003140401352_79d2bc06db1e,final,src_f428cc11d231,2026-10-03T14:04:01.352Z,2026-10-03T14:04:04.715Z,NA,5,5,8438,1060,2.423213208174551
qc-prov-2012-09-04-general,qc-prov-2011-2011-745,src_f428cc11d231_20261003140401352_79d2bc06db1e,final,src_f428cc11d231,2026-10-03T14:04:01.352Z,2026-10-03T14:04:04.715Z,NA,7,7,23380,6251,2.7308726894006483
qc-prov-2012-09-04-general,qc-prov-2011-2011-753,src_f428cc11d231_20261003140401352_79d2bc06db1e,final,src_f428cc11d231,2026-10-03T14:04:01.352Z,2026-10-03T14:04:04.715Z,NA,5,5,22846,9474,2.3994364663365833
qc-prov-2012-09-04-general,qc-prov-2011-2011-759,src_f428cc11d231_20261003140401352_79d2bc06db1e,final,src_f428cc11d231,2026-10-03T14:04:01.352Z,2026-10-03T14:04:04.715Z,NA,7,6,29262,4265,3.205059881210478
qc-prov-2012-09-04-general,qc-prov-2011-2011-763,src_f428cc11d231_20261003140401352_79d2bc06db1e,final,src_f428cc11d231,2026-10-03T14:04:01.352Z,2026-10-03T14:04:04.715Z,NA,6,6,35428,6907,3.188171806427676
qc-prov-2012-09-04-general,qc-prov-2011-2011-773,src_f428cc11d231_20261003140401352_79d2bc06db1e,final,src_f428cc11d231,2026-10-03T14:04:01.352Z,2026-10-03T14:04:04.715Z,NA,8,8,34070,7889,2.9680106636831565
qc-prov-2012-09-04-general,qc-prov-2011-2011-779,src_f428cc11d231_20261003140401352_79d2bc06db1e,final,src_f428cc11d231,2026-10-03T14:04:01.352Z,2026-10-03T14:04:04.715Z,NA,7,7,31958,9268,2.710010769049722
qc-prov-2012-09-04-general,qc-prov-2011-2011-783,src_f428cc11d231_20261003140401352_79d2bc06db1e,final,src_f428cc11d231,2026-10-03T14:04:01.352Z,2026-10-03T14:04:04.715Z,NA,5,5,32268,5912,2.9584738820155447
qc-prov-2012-09-04-general,qc-prov-2011-2011-793,src_f428cc11d231_20261003140401352_79d2bc06db1e,final,src_f428cc11d231,2026-10-03T14:04:01.352Z,2026-10-03T14:04:04.715Z,NA,5,5,10663,1153,2.9043929480254485
qc-prov-2013-12-09-partial,qc-prov-2011-2011-2032,src_a0bedefcbbb2_20261003140357004_8be30da11b10,final,src_a0bedefcbbb2,2026-10-03T14:03:57.004Z,2026-10-03T14:03:58.582Z,2013-12-11T07:24:37.967Z,9,9,6758,3062,2.49193114257806
qc-prov-2013-12-09-partial,qc-prov-2011-2011-2033,src_a0bedefcbbb2_20261003140357004_8be30da11b10,final,src_a0bedefcbbb2,2026-10-03T14:03:57.004Z,2026-10-03T14:03:58.582Z,2013-12-11T07:28:22.990Z,7,7,10127,2317,2.4169617968696473
qc-prov-2014-04-07-general,qc-prov-2011-2011-103,src_f5041537304c_20261003140352022_c70ed25b0773,final,src_f5041537304c,2026-10-03T14:03:52.022Z,2026-10-03T14:03:53.452Z,2014-04-15T06:24:38.652Z,5,5,26574,2961,3.2251923304909846
qc-prov-2014-04-07-general,qc-prov-2011-2011-111,src_f5041537304c_20261003140352022_c70ed25b0773,final,src_f5041537304c,2026-10-03T14:03:52.022Z,2026-10-03T14:03:53.452Z,2014-04-15T06:24:38.652Z,9,9,38665,2174,3.4146340998245637
qc-prov-2014-04-07-general,qc-prov-2011-2011-113,src_f5041537304c_20261003140352022_c70ed25b0773,final,src_f5041537304c,2026-10-03T14:03:52.022Z,2026-10-03T14:03:53.452Z,2014-04-15T06:24:38.652Z,9,9,33978,1855,3.656125669250492
qc-prov-2014-04-07-general,qc-prov-2011-2011-123,src_f5041537304c_20261003140352022_c70ed25b0773,final,src_f5041537304c,2026-10-03T14:03:52.022Z,2026-10-03T14:03:53.452Z,2014-04-15T06:24:38.652Z,5,5,29613,5288,3.1904823578154358
qc-prov-2014-04-07-general,qc-prov-2011-2011-129,src_f5041537304c_20261003140352022_c70ed25b0773,final,src_f5041537304c,2026-10-03T14:03:52.022Z,2026-10-03T14:03:53.452Z,2014-04-15T06:24:38.652Z,5,5,40683,6754,3.1070085712045437
qc-prov-2014-04-07-general,qc-prov-2011-2011-133,src_f5041537304c_20261003140352022_c70ed25b0773,final,src_f5041537304c,2026-10-03T14:03:52.022Z,2026-10-03T14:03:53.452Z,2014-04-15T06:24:38.652Z,6,6,34765,10811,2.7139958329902214
qc-prov-2014-04-07-general,qc-prov-2011-2011-143,src_f5041537304c_20261003140352022_c70ed25b0773,final,src_f5041537304c,2026-10-03T14:03:52.022Z,2026-10-03T14:03:53.452Z,2014-04-15T06:24:38.652Z,5,5,32534,886,3.433140824748988
qc-prov-2014-04-07-general,qc-prov-2011-2011-149,src_f5041537304c_20261003140352022_c70ed25b0773,final,src_f5041537304c,2026-10-03T14:03:52.022Z,2026-10-03T14:03:53.452Z,2014-04-15T06:24:38.652Z,7,7,29064,7240,2.9782693153021267
qc-prov-2014-04-07-general,qc-prov-2011-2011-153,src_f5041537304c_20261003140352022_c70ed25b0773,final,src_f5041537304c,2026-10-03T14:03:52.022Z,2026-10-03T14:03:53.452Z,2014-04-15T06:24:38.652Z,9,9,30620,3290,3.478431529241664
qc-prov-2014-04-07-general,qc-prov-2011-2011-163,src_f5041537304c_20261003140352022_c70ed25b0773,final,src_f5041537304c,2026-10-03T14:03:52.022Z,2026-10-03T14:03:53.452Z,2014-04-15T06:24:38.652Z,5,5,34791,7923,2.4597791504611015
qc-prov-2014-04-07-general,qc-prov-2011-2011-169,src_f5041537304c_20261003140352022_c70ed25b0773,final,src_f5041537304c,2026-10-03T14:03:52.022Z,2026-10-03T14:03:53.452Z,2014-04-15T06:24:38.652Z,9,9,45348,20512,2.3435618906517566
qc-prov-2014-04-07-general,qc-prov-2011-2011-173,src_f5041537304c_20261003140352022_c70ed25b0773,final,src_f5041537304c,2026-10-03T14:03:52.022Z,2026-10-03T14:03:53.452Z,2014-04-15T06:24:38.652Z,8,8,36019,9619,2.9139531373563936
qc-prov-2014-04-07-general,qc-prov-2011-2011-177,src_f5041537304c_20261003140352022_c70ed25b0773,final,src_f5041537304c,2026-10-03T14:03:52.022Z,2026-10-03T14:03:53.452Z,2014-04-15T06:24:38.652Z,7,7,28794,949,3.429465153058003
qc-prov-2014-04-07-general,qc-prov-2011-2011-183,src_f5041537304c_20261003140352022_c70ed25b0773,final,src_f5041537304c,2026-10-03T14:03:52.022Z,2026-10-03T14:03:53.452Z,2014-04-15T06:24:38.652Z,7,7,32723,435,3.3992559402266154
qc-prov-2014-04-07-general,qc-prov-2011-2011-189,src_f5041537304c_20261003140352022_c70ed25b0773,final,src_f5041537304c,2026-10-03T14:03:52.022Z,2026-10-03T14:03:53.452Z,2014-04-15T06:24:38.652Z,6,6,41576,563,3.4805135121053494
qc-prov-2014-04-07-general,qc-prov-2011-2011-193,src_f5041537304c_20261003140352022_c70ed25b0773,final,src_f5041537304c,2026-10-03T14:03:52.022Z,2026-10-03T14:03:53.452Z,2014-04-15T06:24:38.652Z,8,8,35424,408,3.5482582521025527
qc-prov-2014-04-07-general,qc-prov-2011-2011-203,src_f5041537304c_20261003140352022_c70ed25b0773,final,src_f5041537304c,2026-10-03T14:03:52.022Z,2026-10-03T14:03:53.452Z,2014-04-15T06:24:38.652Z,6,6,44525,15503,2.42474111870467
qc-prov-2014-04-07-general,qc-prov-2011-2011-209,src_f5041537304c_20261003140352022_c70ed25b0773,final,src_f5041537304c,2026-10-03T14:03:52.022Z,2026-10-03T14:03:53.452Z,2014-04-15T06:24:38.652Z,7,7,33165,7803,3.093098657500627
qc-prov-2014-04-07-general,qc-prov-2011-2011-213,src_f5041537304c_20261003140352022_c70ed25b0773,final,src_f5041537304c,2026-10-03T14:03:52.022Z,2026-10-03T14:03:53.452Z,2014-04-15T06:24:38.652Z,8,8,30429,3688,3.704349211131129
qc-prov-2014-04-07-general,qc-prov-2011-2011-223,src_f5041537304c_20261003140352022_c70ed25b0773,final,src_f5041537304c,2026-10-03T14:03:52.022Z,2026-10-03T14:03:53.452Z,2014-04-15T06:24:38.652Z,5,5,35942,1372,3.633728683715827
qc-prov-2014-04-07-general,qc-prov-2011-2011-229,src_f5041537304c_20261003140352022_c70ed25b0773,final,src_f5041537304c,2026-10-03T14:03:52.022Z,2026-10-03T14:03:53.452Z,2014-04-15T06:24:38.652Z,6,6,36249,176,3.5116220139550833
qc-prov-2014-04-07-general,qc-prov-2011-2011-233,src_f5041537304c_20261003140352022_c70ed25b0773,final,src_f5041537304c,2026-10-03T14:03:52.022Z,2026-10-03T14:03:53.452Z,2014-04-15T06:24:38.652Z,5,5,42805,1607,3.396434328653511
qc-prov-2014-04-07-general,qc-prov-2011-2011-243,src_f5041537304c_20261003140352022_c70ed25b0773,final,src_f5041537304c,2026-10-03T14:03:52.022Z,2026-10-03T14:03:53.452Z,2014-04-15T06:24:38.652Z,7,7,42782,99,3.516660569493345
qc-prov-2014-04-07-general,qc-prov-2011-2011-249,src_f5041537304c_20261003140352022_c70ed25b0773,final,src_f5041537304c,2026-10-03T14:03:52.022Z,2026-10-03T14:03:53.452Z,2014-04-15T06:24:38.652Z,5,5,43364,5307,3.18006021750953
qc-prov-2014-04-07-general,qc-prov-2011-2011-253,src_f5041537304c_20261003140352022_c70ed25b0773,final,src_f5041537304c,2026-10-03T14:03:52.022Z,2026-10-03T14:03:53.452Z,2014-04-15T06:24:38.652Z,7,7,29971,3659,3.4116323908126263
qc-prov-2014-04-07-general,qc-prov-2011-2011-263,src_f5041537304c_20261003140352022_c70ed25b0773,final,src_f5041537304c,2026-10-03T14:03:52.022Z,2026-10-03T14:03:53.452Z,2014-04-15T06:24:38.652Z,6,6,40453,1222,3.519222757642037
qc-prov-2014-04-07-general,qc-prov-2011-2011-269,src_f5041537304c_20261003140352022_c70ed25b0773,final,src_f5041537304c,2026-10-03T14:03:52.022Z,2026-10-03T14:03:53.452Z,2014-04-15T06:24:38.652Z,7,7,37768,1853,3.4786137760606413
qc-prov-2014-04-07-general,qc-prov-2011-2011-273,src_f5041537304c_20261003140352022_c70ed25b0773,final,src_f5041537304c,2026-10-03T14:03:52.022Z,2026-10-03T14:03:53.452Z,2014-04-15T06:24:38.652Z,7,7,34070,4642,3.3763500747496713
qc-prov-2014-04-07-general,qc-prov-2011-2011-283,src_f5041537304c_20261003140352022_c70ed25b0773,final,src_f5041537304c,2026-10-03T14:03:52.022Z,2026-10-03T14:03:53.452Z,2014-04-15T06:24:38.652Z,7,7,41737,5657,3.3445265833435873
qc-prov-2014-04-07-general,qc-prov-2011-2011-289,src_f5041537304c_20261003140352022_c70ed25b0773,final,src_f5041537304c,2026-10-03T14:03:52.022Z,2026-10-03T14:03:53.452Z,2014-04-15T06:24:38.652Z,8,8,39414,7561,2.824294850225415
qc-prov-2014-04-07-general,qc-prov-2011-2011-293,src_f5041537304c_20261003140352022_c70ed25b0773,final,src_f5041537304c,2026-10-03T14:03:52.022Z,2026-10-03T14:03:53.452Z,2014-04-15T06:24:38.652Z,8,8,33774,4146,2.460594380134766
qc-prov-2014-04-07-general,qc-prov-2011-2011-303,src_f5041537304c_20261003140352022_c70ed25b0773,final,src_f5041537304c,2026-10-03T14:03:52.022Z,2026-10-03T14:03:53.452Z,2014-04-15T06:24:38.652Z,6,6,32153,5175,2.691838383567905
qc-prov-2014-04-07-general,qc-prov-2011-2011-309,src_f5041537304c_20261003140352022_c70ed25b0773,final,src_f5041537304c,2026-10-03T14:03:52.022Z,2026-10-03T14:03:53.452Z,2014-04-15T06:24:38.652Z,7,7,30973,4226,2.478920323609445
qc-prov-2014-04-07-general,qc-prov-2011-2011-323,src_f5041537304c_20261003140352022_c70ed25b0773,final,src_f5041537304c,2026-10-03T14:03:52.022Z,2026-10-03T14:03:53.452Z,2014-04-15T06:24:38.652Z,6,6,42634,6512,3.0279713125124785
qc-prov-2014-04-07-general,qc-prov-2011-2011-329,src_f5041537304c_20261003140352022_c70ed25b0773,final,src_f5041537304c,2026-10-03T14:03:52.022Z,2026-10-03T14:03:53.452Z,2014-04-15T06:24:38.652Z,6,6,28900,3130,3.531854113674865
qc-prov-2014-04-07-general,qc-prov-2011-2011-333,src_f5041537304c_20261003140352022_c70ed25b0773,final,src_f5041537304c,2026-10-03T14:03:52.022Z,2026-10-03T14:03:53.452Z,2014-04-15T06:24:38.652Z,6,6,29773,3206,3.4373075378368894
qc-prov-2014-04-07-general,qc-prov-2011-2011-343,src_f5041537304c_20261003140352022_c70ed25b0773,final,src_f5041537304c,2026-10-03T14:03:52.022Z,2026-10-03T14:03:53.452Z,2014-04-15T06:24:38.652Z,6,6,24541,653,3.419400571116352
qc-prov-2014-04-07-general,qc-prov-2011-2011-349,src_f5041537304c_20261003140352022_c70ed25b0773,final,src_f5041537304c,2026-10-03T14:03:52.022Z,2026-10-03T14:03:53.452Z,2014-04-15T06:24:38.652Z,8,8,34802,3812,3.3273905681516944
qc-prov-2014-04-07-general,qc-prov-2011-2011-353,src_f5041537304c_20261003140352022_c70ed25b0773,final,src_f5041537304c,2026-10-03T14:03:52.022Z,2026-10-03T14:03:53.452Z,2014-04-15T06:24:38.652Z,7,7,38057,3256,3.3570837126688042
qc-prov-2014-04-07-general,qc-prov-2011-2011-361,src_f5041537304c_20261003140352022_c70ed25b0773,final,src_f5041537304c,2026-10-03T14:03:52.022Z,2026-10-03T14:03:53.452Z,2014-04-15T06:24:38.652Z,6,6,39425,6806,3.1927192453009856
qc-prov-2014-04-07-general,qc-prov-2011-2011-363,src_f5041537304c_20261003140352022_c70ed25b0773,final,src_f5041537304c,2026-10-03T14:03:52.022Z,2026-10-03T14:03:53.452Z,2014-04-15T06:24:38.652Z,6,6,37910,7178,2.7956132298948524
qc-prov-2014-04-07-general,qc-prov-2011-2011-367,src_f5041537304c_20261003140352022_c70ed25b0773,final,src_f5041537304c,2026-10-03T14:03:52.022Z,2026-10-03T14:03:53.452Z,2014-04-15T06:24:38.652Z,6,6,38505,948,3.3487792182300358
qc-prov-2014-04-07-general,qc-prov-2011-2011-369,src_f5041537304c_20261003140352022_c70ed25b0773,final,src_f5041537304c,2026-10-03T14:03:52.022Z,2026-10-03T14:03:53.452Z,2014-04-15T06:24:38.652Z,8,8,27811,5329,3.3202504766144667
qc-prov-2014-04-07-general,qc-prov-2011-2011-371,src_f5041537304c_20261003140352022_c70ed25b0773,final,src_f5041537304c,2026-10-03T14:03:52.022Z,2026-10-03T14:03:53.452Z,2014-04-15T06:24:38.652Z,7,7,30678,19149,1.7803307365826646
qc-prov-2014-04-07-general,qc-prov-2011-2011-373,src_f5041537304c_20261003140352022_c70ed25b0773,final,src_f5041537304c,2026-10-03T14:03:52.022Z,2026-10-03T14:03:53.452Z,2014-04-15T06:24:38.652Z,6,6,31588,8723,2.887191040137661
qc-prov-2014-04-07-general,qc-prov-2011-2011-377,src_f5041537304c_20261003140352022_c70ed25b0773,final,src_f5041537304c,2026-10-03T14:03:52.022Z,2026-10-03T14:03:53.452Z,2014-04-15T06:24:38.652Z,7,7,33149,2958,3.6041616603454005
qc-prov-2014-04-07-general,qc-prov-2011-2011-379,src_f5041537304c_20261003140352022_c70ed25b0773,final,src_f5041537304c,2026-10-03T14:03:52.022Z,2026-10-03T14:03:53.452Z,2014-04-15T06:24:38.652Z,8,8,37095,1598,3.810564311594155
qc-prov-2014-04-07-general,qc-prov-2011-2011-381,src_f5041537304c_20261003140352022_c70ed25b0773,final,src_f5041537304c,2026-10-03T14:03:52.022Z,2026-10-03T14:03:53.452Z,2014-04-15T06:24:38.652Z,6,6,31692,9717,2.936217617453091
qc-prov-2014-04-07-general,qc-prov-2011-2011-383,src_f5041537304c_20261003140352022_c70ed25b0773,final,src_f5041537304c,2026-10-03T14:03:52.022Z,2026-10-03T14:03:53.452Z,2014-04-15T06:24:38.652Z,7,7,28639,6635,3.1693065107952973
qc-prov-2014-04-07-general,qc-prov-2011-2011-387,src_f5041537304c_20261003140352022_c70ed25b0773,final,src_f5041537304c,2026-10-03T14:03:52.022Z,2026-10-03T14:03:53.452Z,2014-04-15T06:24:38.652Z,9,9,25925,1112,3.812460143150242
qc-prov-2014-04-07-general,qc-prov-2011-2011-389,src_f5041537304c_20261003140352022_c70ed25b0773,final,src_f5041537304c,2026-10-03T14:03:52.022Z,2026-10-03T14:03:53.452Z,2014-04-15T06:24:38.652Z,8,8,27573,91,3.715933863453843
qc-prov-2014-04-07-general,qc-prov-2011-2011-391,src_f5041537304c_20261003140352022_c70ed25b0773,final,src_f5041537304c,2026-10-03T14:03:52.022Z,2026-10-03T14:03:53.452Z,2014-04-15T06:24:38.652Z,4,4,24395,18703,1.4244349868433597
qc-prov-2014-04-07-general,qc-prov-2011-2011-393,src_f5041537304c_20261003140352022_c70ed25b0773,final,src_f5041537304c,2026-10-03T14:03:52.022Z,2026-10-03T14:03:53.452Z,2014-04-15T06:24:38.652Z,8,8,37689,11540,2.8715426249433293
qc-prov-2014-04-07-general,qc-prov-2011-2011-397,src_f5041537304c_20261003140352022_c70ed25b0773,final,src_f5041537304c,2026-10-03T14:03:52.022Z,2026-10-03T14:03:53.452Z,2014-04-15T06:24:38.652Z,8,8,33943,8901,2.9404733185385497
qc-prov-2014-04-07-general,qc-prov-2011-2011-399,src_f5041537304c_20261003140352022_c70ed25b0773,final,src_f5041537304c,2026-10-03T14:03:52.022Z,2026-10-03T14:03:53.452Z,2014-04-15T06:24:38.652Z,6,6,37457,21060,1.9153386485252615
qc-prov-2014-04-07-general,qc-prov-2011-2011-401,src_f5041537304c_20261003140352022_c70ed25b0773,final,src_f5041537304c,2026-10-03T14:03:52.022Z,2026-10-03T14:03:53.452Z,2014-04-15T06:24:38.652Z,6,6,29155,20172,1.6646238283158339
qc-prov-2014-04-07-general,qc-prov-2011-2011-403,src_f5041537304c_20261003140352022_c70ed25b0773,final,src_f5041537304c,2026-10-03T14:03:52.022Z,2026-10-03T14:03:53.452Z,2014-04-15T06:24:38.652Z,5,5,29281,26267,1.1753899272707322
qc-prov-2014-04-07-general,qc-prov-2011-2011-407,src_f5041537304c_20261003140352022_c70ed25b0773,final,src_f5041537304c,2026-10-03T14:03:52.022Z,2026-10-03T14:03:53.452Z,2014-04-15T06:24:38.652Z,8,8,32542,15618,2.305511944804005
qc-prov-2014-04-07-general,qc-prov-2011-2011-409,src_f5041537304c_20261003140352022_c70ed25b0773,final,src_f5041537304c,2026-10-03T14:03:52.022Z,2026-10-03T14:03:53.452Z,2014-04-15T06:24:38.652Z,6,6,36083,28695,1.3598187560864374
qc-prov-2014-04-07-general,qc-prov-2011-2011-411,src_f5041537304c_20261003140352022_c70ed25b0773,final,src_f5041537304c,2026-10-03T14:03:52.022Z,2026-10-03T14:03:53.452Z,2014-04-15T06:24:38.652Z,6,6,45424,32191,1.515510763040589
qc-prov-2014-04-07-general,qc-prov-2011-2011-413,src_f5041537304c_20261003140352022_c70ed25b0773,final,src_f5041537304c,2026-10-03T14:03:52.022Z,2026-10-03T14:03:53.452Z,2014-04-15T06:24:38.652Z,7,7,42124,34602,1.305072728290054
qc-prov-2014-04-07-general,qc-prov-2011-2011-417,src_f5041537304c_20261003140352022_c70ed25b0773,final,src_f5041537304c,2026-10-03T14:03:52.022Z,2026-10-03T14:03:53.452Z,2014-04-15T06:24:38.652Z,7,7,38227,28348,1.4550608972382486
qc-prov-2014-04-07-general,qc-prov-2011-2011-419,src_f5041537304c_20261003140352022_c70ed25b0773,final,src_f5041537304c,2026-10-03T14:03:52.022Z,2026-10-03T14:03:53.452Z,2014-04-15T06:24:38.652Z,7,7,29098,21277,1.534479527942034
qc-prov-2014-04-07-general,qc-prov-2011-2011-421,src_f5041537304c_20261003140352022_c70ed25b0773,final,src_f5041537304c,2026-10-03T14:03:52.022Z,2026-10-03T14:03:53.452Z,2014-04-15T06:24:38.652Z,8,8,27275,10747,2.666497354636481
qc-prov-2014-04-07-general,qc-prov-2011-2011-423,src_f5041537304c_20261003140352022_c70ed25b0773,final,src_f5041537304c,2026-10-03T14:03:52.022Z,2026-10-03T14:03:53.452Z,2014-04-15T06:24:38.652Z,8,8,33700,6236,3.1164266641189884
qc-prov-2014-04-07-general,qc-prov-2011-2011-427,src_f5041537304c_20261003140352022_c70ed25b0773,final,src_f5041537304c,2026-10-03T14:03:52.022Z,2026-10-03T14:03:53.452Z,2014-04-15T06:24:38.652Z,8,8,25709,12163,2.3421385479094026
qc-prov-2014-04-07-general,qc-prov-2011-2011-429,src_f5041537304c_20261003140352022_c70ed25b0773,final,src_f5041537304c,2026-10-03T14:03:52.022Z,2026-10-03T14:03:53.452Z,2014-04-15T06:24:38.652Z,6,6,34389,24051,1.5819741698267724
qc-prov-2014-04-07-general,qc-prov-2011-2011-431,src_f5041537304c_20261003140352022_c70ed25b0773,final,src_f5041537304c,2026-10-03T14:03:52.022Z,2026-10-03T14:03:53.452Z,2014-04-15T06:24:38.652Z,7,7,29606,12259,2.376443427731744
qc-prov-2014-04-07-general,qc-prov-2011-2011-433,src_f5041537304c_20261003140352022_c70ed25b0773,final,src_f5041537304c,2026-10-03T14:03:52.022Z,2026-10-03T14:03:53.452Z,2014-04-15T06:24:38.652Z,6,6,34464,2548,3.4504153327409504
qc-prov-2014-04-07-general,qc-prov-2011-2011-437,src_f5041537304c_20261003140352022_c70ed25b0773,final,src_f5041537304c,2026-10-03T14:03:52.022Z,2026-10-03T14:03:53.452Z,2014-04-15T06:24:38.652Z,7,7,34121,20226,1.8882506511789283
qc-prov-2014-04-07-general,qc-prov-2011-2011-439,src_f5041537304c_20261003140352022_c70ed25b0773,final,src_f5041537304c,2026-10-03T14:03:52.022Z,2026-10-03T14:03:53.452Z,2014-04-15T06:24:38.652Z,6,6,38189,4978,3.073880197760051
qc-prov-2014-04-07-general,qc-prov-2011-2011-441,src_f5041537304c_20261003140352022_c70ed25b0773,final,src_f5041537304c,2026-10-03T14:03:52.022Z,2026-10-03T14:03:53.452Z,2014-04-15T06:24:38.652Z,7,7,41910,25788,1.7867799002434044
qc-prov-2014-04-07-general,qc-prov-2011-2011-443,src_f5041537304c_20261003140352022_c70ed25b0773,final,src_f5041537304c,2026-10-03T14:03:52.022Z,2026-10-03T14:03:53.452Z,2014-04-15T06:24:38.652Z,5,5,37382,12816,2.613305876154017
qc-prov-2014-04-07-general,qc-prov-2011-2011-447,src_f5041537304c_20261003140352022_c70ed25b0773,final,src_f5041537304c,2026-10-03T14:03:52.022Z,2026-10-03T14:03:53.452Z,2014-04-15T06:24:38.652Z,5,5,39145,5839,3.187125863350071
qc-prov-2014-04-07-general,qc-prov-2011-2011-449,src_f5041537304c_20261003140352022_c70ed25b0773,final,src_f5041537304c,2026-10-03T14:03:52.022Z,2026-10-03T14:03:53.452Z,2014-04-15T06:24:38.652Z,8,8,34837,9424,2.8705981131434917
qc-prov-2014-04-07-general,qc-prov-2011-2011-451,src_f5041537304c_20261003140352022_c70ed25b0773,final,src_f5041537304c,2026-10-03T14:03:52.022Z,2026-10-03T14:03:53.452Z,2014-04-15T06:24:38.652Z,7,7,32670,8160,2.8279324544909414
qc-prov-2014-04-07-general,qc-prov-2011-2011-453,src_f5041537304c_20261003140352022_c70ed25b0773,final,src_f5041537304c,2026-10-03T14:03:52.022Z,2026-10-03T14:03:53.452Z,2014-04-15T06:24:38.652Z,5,5,39891,743,3.3123723207747697
qc-prov-2014-04-07-general,qc-prov-2011-2011-465,src_f5041537304c_20261003140352022_c70ed25b0773,final,src_f5041537304c,2026-10-03T14:03:52.022Z,2026-10-03T14:03:53.452Z,2014-04-15T06:24:38.652Z,6,6,34511,534,3.1695033189222452
qc-prov-2014-04-07-general,qc-prov-2011-2011-473,src_f5041537304c_20261003140352022_c70ed25b0773,final,src_f5041537304c,2026-10-03T14:03:52.022Z,2026-10-03T14:03:53.452Z,2014-04-15T06:24:38.652Z,5,5,44449,1957,3.4180038602850127
qc-prov-2014-04-07-general,qc-prov-2011-2011-481,src_f5041537304c_20261003140352022_c70ed25b0773,final,src_f5041537304c,2026-10-03T14:03:52.022Z,2026-10-03T14:03:53.452Z,2014-04-15T06:24:38.652Z,6,6,41407,256,3.552574187424635
qc-prov-2014-04-07-general,qc-prov-2011-2011-483,src_f5041537304c_20261003140352022_c70ed25b0773,final,src_f5041537304c,2026-10-03T14:03:52.022Z,2026-10-03T14:03:53.452Z,2014-04-15T06:24:38.652Z,6,6,34744,761,3.4567974746691683
qc-prov-2014-04-07-general,qc-prov-2011-2011-495,src_f5041537304c_20261003140352022_c70ed25b0773,final,src_f5041537304c,2026-10-03T14:03:52.022Z,2026-10-03T14:03:53.452Z,2014-04-15T06:24:38.652Z,6,6,41689,2069,3.1979013801599065
qc-prov-2014-04-07-general,qc-prov-2011-2011-505,src_f5041537304c_20261003140352022_c70ed25b0773,final,src_f5041537304c,2026-10-03T14:03:52.022Z,2026-10-03T14:03:53.452Z,2014-04-15T06:24:38.652Z,6,6,37074,1962,3.4926917267621875
qc-prov-2014-04-07-general,qc-prov-2011-2011-515,src_f5041537304c_20261003140352022_c70ed25b0773,final,src_f5041537304c,2026-10-03T14:03:52.022Z,2026-10-03T14:03:53.452Z,2014-04-15T06:24:38.652Z,5,5,39968,813,3.137549246660068
qc-prov-2014-04-07-general,qc-prov-2011-2011-525,src_f5041537304c_20261003140352022_c70ed25b0773,final,src_f5041537304c,2026-10-03T14:03:52.022Z,2026-10-03T14:03:53.452Z,2014-04-15T06:24:38.652Z,7,7,40794,4247,3.460566779615678
qc-prov-2014-04-07-general,qc-prov-2011-2011-535,src_f5041537304c_20261003140352022_c70ed25b0773,final,src_f5041537304c,2026-10-03T14:03:52.022Z,2026-10-03T14:03:53.452Z,2014-04-15T06:24:38.652Z,7,7,30527,1965,3.272761952422509
qc-prov-2014-04-07-general,qc-prov-2011-2011-545,src_f5041537304c_20261003140352022_c70ed25b0773,final,src_f5041537304c,2026-10-03T14:03:52.022Z,2026-10-03T14:03:53.452Z,2014-04-15T06:24:38.652Z,5,5,30572,6155,3.149201598756739
qc-prov-2014-04-07-general,qc-prov-2011-2011-553,src_f5041537304c_20261003140352022_c70ed25b0773,final,src_f5041537304c,2026-10-03T14:03:52.022Z,2026-10-03T14:03:53.452Z,2014-04-15T06:24:38.652Z,6,6,36404,9355,2.899022694791036
qc-prov-2014-04-07-general,qc-prov-2011-2011-557,src_f5041537304c_20261003140352022_c70ed25b0773,final,src_f5041537304c,2026-10-03T14:03:52.022Z,2026-10-03T14:03:53.452Z,2014-04-15T06:24:38.652Z,6,6,37108,16355,2.3081778853418218
qc-prov-2014-04-07-general,qc-prov-2011-2011-559,src_f5041537304c_20261003140352022_c70ed25b0773,final,src_f5041537304c,2026-10-03T14:03:52.022Z,2026-10-03T14:03:53.452Z,2014-04-15T06:24:38.652Z,7,7,34060,13402,2.5364818191526086
qc-prov-2014-04-07-general,qc-prov-2011-2011-561,src_f5041537304c_20261003140352022_c70ed25b0773,final,src_f5041537304c,2026-10-03T14:03:52.022Z,2026-10-03T14:03:53.452Z,2014-04-15T06:24:38.652Z,6,6,33013,11004,2.6577655627016945
qc-prov-2014-04-07-general,qc-prov-2011-2011-563,src_f5041537304c_20261003140352022_c70ed25b0773,final,src_f5041537304c,2026-10-03T14:03:52.022Z,2026-10-03T14:03:53.452Z,2014-04-15T06:24:38.652Z,5,5,33870,22633,1.6855292530902757
qc-prov-2014-04-07-general,qc-prov-2011-2011-567,src_f5041537304c_20261003140352022_c70ed25b0773,final,src_f5041537304c,2026-10-03T14:03:52.022Z,2026-10-03T14:03:53.452Z,2014-04-15T06:24:38.652Z,5,5,28025,1610,3.4313858486553395
qc-prov-2014-04-07-general,qc-prov-2011-2011-573,src_f5041537304c_20261003140352022_c70ed25b0773,final,src_f5041537304c,2026-10-03T14:03:52.022Z,2026-10-03T14:03:53.452Z,2014-04-15T06:24:38.652Z,5,5,21947,1652,3.0955107714333168
qc-prov-2014-04-07-general,qc-prov-2011-2011-579,src_f5041537304c_20261003140352022_c70ed25b0773,final,src_f5041537304c,2026-10-03T14:03:52.022Z,2026-10-03T14:03:53.452Z,2014-04-15T06:24:38.652Z,6,6,20626,2159,3.287158394486073
qc-prov-2014-04-07-general,qc-prov-2011-2011-583,src_f5041537304c_20261003140352022_c70ed25b0773,final,src_f5041537304c,2026-10-03T14:03:52.022Z,2026-10-03T14:03:53.452Z,2014-04-15T06:24:38.652Z,6,6,23626,6930,2.718257681893909
qc-prov-2014-04-07-general,qc-prov-2011-2011-593,src_f5041537304c_20261003140352022_c70ed25b0773,final,src_f5041537304c,2026-10-03T14:03:52.022Z,2026-10-03T14:03:53.452Z,2014-04-15T06:24:38.652Z,5,5,34735,1046,3.3521179605678344
qc-prov-2014-04-07-general,qc-prov-2011-2011-599,src_f5041537304c_20261003140352022_c70ed25b0773,final,src_f5041537304c,2026-10-03T14:03:52.022Z,2026-10-03T14:03:53.452Z,2014-04-15T06:24:38.652Z,6,6,30851,1059,2.948499015763353
qc-prov-2014-04-07-general,qc-prov-2011-2011-603,src_f5041537304c_20261003140352022_c70ed25b0773,final,src_f5041537304c,2026-10-03T14:03:52.022Z,2026-10-03T14:03:53.452Z,2014-04-15T06:24:38.652Z,7,7,42493,7024,2.6380563909117702
qc-prov-2014-04-07-general,qc-prov-2011-2011-613,src_f5041537304c_20261003140352022_c70ed25b0773,final,src_f5041537304c,2026-10-03T14:03:52.022Z,2026-10-03T14:03:53.452Z,2014-04-15T06:24:38.652Z,6,6,43269,9739,2.6270703352558193
qc-prov-2014-04-07-general,qc-prov-2011-2011-619,src_f5041537304c_20261003140352022_c70ed25b0773,final,src_f5041537304c,2026-10-03T14:03:52.022Z,2026-10-03T14:03:53.452Z,2014-04-15T06:24:38.652Z,9,9,40252,3881,3.1563765154936325
qc-prov-2014-04-07-general,qc-prov-2011-2011-623,src_f5041537304c_20261003140352022_c70ed25b0773,final,src_f5041537304c,2026-10-03T14:03:52.022Z,2026-10-03T14:03:53.452Z,2014-04-15T06:24:38.652Z,9,9,31248,4214,3.8476404868772676
qc-prov-2014-04-07-general,qc-prov-2011-2011-633,src_f5041537304c_20261003140352022_c70ed25b0773,final,src_f5041537304c,2026-10-03T14:03:52.022Z,2026-10-03T14:03:53.452Z,2014-04-15T06:24:38.652Z,9,9,35933,451,4.087859188497856
qc-prov-2014-04-07-general,qc-prov-2011-2011-639,src_f5041537304c_20261003140352022_c70ed25b0773,final,src_f5041537304c,2026-10-03T14:03:52.022Z,2026-10-03T14:03:53.452Z,2014-04-15T06:24:38.652Z,6,6,42154,3863,2.991138545281984
qc-prov-2014-04-07-general,qc-prov-2011-2011-643,src_f5041537304c_20261003140352022_c70ed25b0773,final,src_f5041537304c,2026-10-03T14:03:52.022Z,2026-10-03T14:03:53.452Z,2014-04-15T06:24:38.652Z,8,8,34812,7668,3.339809787748303
qc-prov-2014-04-07-general,qc-prov-2011-2011-653,src_f5041537304c_20261003140352022_c70ed25b0773,final,src_f5041537304c,2026-10-03T14:03:52.022Z,2026-10-03T14:03:53.452Z,2014-04-15T06:24:38.652Z,6,6,37234,8677,2.892169812017055
qc-prov-2014-04-07-general,qc-prov-2011-2011-659,src_f5041537304c_20261003140352022_c70ed25b0773,final,src_f5041537304c,2026-10-03T14:03:52.022Z,2026-10-03T14:03:53.452Z,2014-04-15T06:24:38.652Z,7,7,44625,6779,2.8399188479314823
qc-prov-2014-04-07-general,qc-prov-2011-2011-663,src_f5041537304c_20261003140352022_c70ed25b0773,final,src_f5041537304c,2026-10-03T14:03:52.022Z,2026-10-03T14:03:53.452Z,2014-04-15T06:24:38.652Z,7,7,34896,1943,3.1498684864246043
qc-prov-2014-04-07-general,qc-prov-2011-2011-673,src_f5041537304c_20261003140352022_c70ed25b0773,final,src_f5041537304c,2026-10-03T14:03:52.022Z,2026-10-03T14:03:53.452Z,2014-04-15T06:24:38.652Z,7,7,42336,2790,3.225745584076157
qc-prov-2014-04-07-general,qc-prov-2011-2011-679,src_f5041537304c_20261003140352022_c70ed25b0773,final,src_f5041537304c,2026-10-03T14:03:52.022Z,2026-10-03T14:03:53.452Z,2014-04-15T06:24:38.652Z,6,6,37124,882,3.310321902885049
qc-prov-2014-04-07-general,qc-prov-2011-2011-683,src_f5041537304c_20261003140352022_c70ed25b0773,final,src_f5041537304c,2026-10-03T14:03:52.022Z,2026-10-03T14:03:53.452Z,2014-04-15T06:24:38.652Z,7,7,34777,9255,2.917642149947353
qc-prov-2014-04-07-general,qc-prov-2011-2011-699,src_f5041537304c_20261003140352022_c70ed25b0773,final,src_f5041537304c,2026-10-03T14:03:52.022Z,2026-10-03T14:03:53.452Z,2014-04-15T06:24:38.652Z,6,6,34986,9708,2.810075334994137
qc-prov-2014-04-07-general,qc-prov-2011-2011-703,src_f5041537304c_20261003140352022_c70ed25b0773,final,src_f5041537304c,2026-10-03T14:03:52.022Z,2026-10-03T14:03:53.452Z,2014-04-15T06:24:38.652Z,7,7,29637,3140,3.41072966522584
qc-prov-2014-04-07-general,qc-prov-2011-2011-711,src_f5041537304c_20261003140352022_c70ed25b0773,final,src_f5041537304c,2026-10-03T14:03:52.022Z,2026-10-03T14:03:53.452Z,2014-04-15T06:24:38.652Z,5,5,29474,11313,2.2777533450500655
qc-prov-2014-04-07-general,qc-prov-2011-2011-713,src_f5041537304c_20261003140352022_c70ed25b0773,final,src_f5041537304c,2026-10-03T14:03:52.022Z,2026-10-03T14:03:53.452Z,2014-04-15T06:24:38.652Z,6,6,24902,872,2.546475931879748
qc-prov-2014-04-07-general,qc-prov-2011-2011-731,src_f5041537304c_20261003140352022_c70ed25b0773,final,src_f5041537304c,2026-10-03T14:03:52.022Z,2026-10-03T14:03:53.452Z,2014-04-15T06:24:38.652Z,7,7,19268,3513,2.552440881721422
qc-prov-2014-04-07-general,qc-prov-2011-2011-733,src_f5041537304c_20261003140352022_c70ed25b0773,final,src_f5041537304c,2026-10-03T14:03:52.022Z,2026-10-03T14:03:53.452Z,2014-04-15T06:24:38.652Z,5,5,8263,818,2.3998759450298763
qc-prov-2014-04-07-general,qc-prov-2011-2011-745,src_f5041537304c_20261003140352022_c70ed25b0773,final,src_f5041537304c,2026-10-03T14:03:52.022Z,2026-10-03T14:03:53.452Z,2014-04-15T06:24:38.652Z,5,5,22281,397,3.050838637317164
qc-prov-2014-04-07-general,qc-prov-2011-2011-753,src_f5041537304c_20261003140352022_c70ed25b0773,final,src_f5041537304c,2026-10-03T14:03:52.022Z,2026-10-03T14:03:53.452Z,2014-04-15T06:24:38.652Z,5,5,20051,6663,2.638750790483013
qc-prov-2014-04-07-general,qc-prov-2011-2011-759,src_f5041537304c_20261003140352022_c70ed25b0773,final,src_f5041537304c,2026-10-03T14:03:52.022Z,2026-10-03T14:03:53.452Z,2014-04-15T06:24:38.652Z,6,6,27755,2467,3.221209840028429
qc-prov-2014-04-07-general,qc-prov-2011-2011-763,src_f5041537304c_20261003140352022_c70ed25b0773,final,src_f5041537304c,2026-10-03T14:03:52.022Z,2026-10-03T14:03:53.452Z,2014-04-15T06:24:38.652Z,6,6,32609,1605,3.9489655453221753
qc-prov-2014-04-07-general,qc-prov-2011-2011-773,src_f5041537304c_20261003140352022_c70ed25b0773,final,src_f5041537304c,2026-10-03T14:03:52.022Z,2026-10-03T14:03:53.452Z,2014-04-15T06:24:38.652Z,5,5,30993,5233,3.1363092280861076
qc-prov-2014-04-07-general,qc-prov-2011-2011-779,src_f5041537304c_20261003140352022_c70ed25b0773,final,src_f5041537304c,2026-10-03T14:03:52.022Z,2026-10-03T14:03:53.452Z,2014-04-15T06:24:38.652Z,7,7,29549,4828,3.1685615332822694
qc-prov-2014-04-07-general,qc-prov-2011-2011-783,src_f5041537304c_20261003140352022_c70ed25b0773,final,src_f5041537304c,2026-10-03T14:03:52.022Z,2026-10-03T14:03:53.452Z,2014-04-15T06:24:38.652Z,6,6,32292,7052,2.373031242139616
qc-prov-2014-04-07-general,qc-prov-2011-2011-793,src_f5041537304c_20261003140352022_c70ed25b0773,final,src_f5041537304c,2026-10-03T14:03:52.022Z,2026-10-03T14:03:53.452Z,2014-04-15T06:24:38.652Z,6,6,10901,1016,3.141371912521401
qc-prov-2014-10-20-partial,qc-prov-2011-2011-663,src_04249426efff_20261003140348061_3e0558476091,final,src_04249426efff,2026-10-03T14:03:48.061Z,2026-10-03T14:03:49.166Z,2014-10-26T06:23:57.718Z,11,11,21605,3096,2.960194700762437
qc-prov-2015-03-09-partial,qc-prov-2011-2011-253,src_68477afa07d6_20261003140343358_34827d6504ac,final,src_68477afa07d6,2026-10-03T14:03:43.358Z,2026-10-03T14:03:44.878Z,2015-03-15T06:22:32.490Z,8,8,20266,710,3.3494386195931205
qc-prov-2015-06-08-partial,qc-prov-2011-2011-613,src_d0efa9a1d2ca_20261003140339158_313bd91bc37f,final,src_d0efa9a1d2ca,2026-10-03T14:03:39.158Z,2026-10-03T14:03:40.726Z,2015-06-14T06:24:27.526Z,8,8,25102,1929,3.2046624571696887
qc-prov-2015-06-08-partial,qc-prov-2011-2011-643,src_d0efa9a1d2ca_20261003140339158_313bd91bc37f,final,src_d0efa9a1d2ca,2026-10-03T14:03:39.158Z,2026-10-03T14:03:40.726Z,2015-06-14T06:24:27.526Z,10,10,19669,2320,3.443024536243328
qc-prov-2015-11-09-partial,qc-prov-2011-2011-293,src_46b2b80361d8_20261003140334616_19b24c218d52,final,src_46b2b80361d8,2026-10-03T14:03:34.616Z,2026-10-03T14:03:35.992Z,2015-11-15T07:23:38.111Z,7,7,19147,3759,2.590514971887101
qc-prov-2015-11-09-partial,qc-prov-2011-2011-393,src_46b2b80361d8_20261003140334616_19b24c218d52,final,src_46b2b80361d8,2026-10-03T14:03:34.616Z,2026-10-03T14:03:35.992Z,2015-11-15T07:23:38.111Z,7,7,13760,1206,3.489245270403903
qc-prov-2015-11-09-partial,qc-prov-2011-2011-443,src_46b2b80361d8_20261003140334616_19b24c218d52,final,src_46b2b80361d8,2026-10-03T14:03:34.616Z,2026-10-03T14:03:35.992Z,2015-11-15T07:23:38.111Z,7,7,11450,1757,3.305122761918673
qc-prov-2015-11-09-partial,qc-prov-2011-2011-753,src_46b2b80361d8_20261003140334616_19b24c218d52,final,src_46b2b80361d8,2026-10-03T14:03:34.616Z,2026-10-03T14:03:35.992Z,2015-11-15T07:23:38.111Z,6,6,13363,1333,2.5141412214253656
qc-prov-2016-04-11-partial,qc-prov-2011-2011-763,src_9869ef080ebd_20261003140330158_408f2e0b3e14,final,src_9869ef080ebd,2026-10-03T14:03:30.158Z,2026-10-03T14:03:31.509Z,2016-04-17T06:22:07.368Z,6,6,18858,3110,3.0269154336101347
qc-prov-2016-12-05-partial,qc-prov-2011-2011-213,src_2d4e90d4e476_20261003140326153_cb135ba81452,final,src_2d4e90d4e476,2026-10-03T14:03:26.153Z,2026-10-03T14:03:27.324Z,2016-12-11T07:23:47.134Z,11,11,12005,4599,2.9878714664025705
qc-prov-2016-12-05-partial,qc-prov-2011-2011-323,src_2d4e90d4e476_20261003140326153_cb135ba81452,final,src_2d4e90d4e476,2026-10-03T14:03:26.153Z,2026-10-03T14:03:27.324Z,2016-12-11T07:23:47.134Z,9,9,25744,4221,3.3187427408679806
qc-prov-2016-12-05-partial,qc-prov-2011-2011-397,src_2d4e90d4e476_20261003140326153_cb135ba81452,final,src_2d4e90d4e476,2026-10-03T14:03:26.153Z,2026-10-03T14:03:27.324Z,2016-12-11T07:23:47.134Z,8,8,14365,1216,3.9490966431901793
qc-prov-2016-12-05-partial,qc-prov-2011-2011-505,src_2d4e90d4e476_20261003140326153_cb135ba81452,final,src_2d4e90d4e476,2026-10-03T14:03:26.153Z,2026-10-03T14:03:27.324Z,2016-12-11T07:23:47.134Z,10,10,19785,2135,2.8309382655905946
qc-prov-2017-05-29-partial,qc-prov-2011-2011-381,src_4e9171631c9b_20261003140322454_1a6a53295089,final,src_4e9171631c9b,2026-10-03T14:03:22.454Z,2026-10-03T14:03:23.293Z,2017-06-04T06:25:04.538Z,13,12,14245,8603,1.9957843339505816
qc-prov-2017-10-02-partial,qc-prov-2011-2011-653,src_c0d45adf2a1b_20261003140224477_5797901f93d9,final,src_c0d45adf2a1b,2026-10-03T14:02:24.477Z,2026-10-03T14:02:26.450Z,2017-10-08T06:25:34.381Z,10,10,23690,7658,3.057538488658061
qc-prov-2018-10-01-general,qc-prov-2017-2017-104,src_6ce929ca1736_20261003140216850_ff268ada6bee,final,src_6ce929ca1736,2026-10-03T14:02:16.850Z,2026-10-03T14:02:19.940Z,2018-10-17T14:10:42.608Z,6,6,26493,7336,3.251174769182051
qc-prov-2018-10-01-general,qc-prov-2017-2017-110,src_6ce929ca1736_20261003140216850_ff268ada6bee,final,src_6ce929ca1736,2026-10-03T14:02:16.850Z,2026-10-03T14:02:19.940Z,2018-10-17T14:10:42.608Z,6,6,38940,4450,3.951434475559566
qc-prov-2018-10-01-general,qc-prov-2017-2017-116,src_6ce929ca1736_20261003140216850_ff268ada6bee,final,src_6ce929ca1736,2026-10-03T14:02:16.850Z,2026-10-03T14:02:19.940Z,2018-10-17T14:10:42.608Z,11,10,35932,3450,3.9287215450983206
qc-prov-2018-10-01-general,qc-prov-2017-2017-120,src_6ce929ca1736_20261003140216850_ff268ada6bee,final,src_6ce929ca1736,2026-10-03T14:02:16.850Z,2026-10-03T14:02:19.940Z,2018-10-17T14:10:42.608Z,7,7,30251,4569,3.6903784155058648
qc-prov-2018-10-01-general,qc-prov-2017-2017-126,src_6ce929ca1736_20261003140216850_ff268ada6bee,final,src_6ce929ca1736,2026-10-03T14:02:16.850Z,2026-10-03T14:02:19.940Z,2018-10-17T14:10:42.608Z,8,8,39466,13851,2.9182291392245157
qc-prov-2018-10-01-general,qc-prov-2017-2017-132,src_6ce929ca1736_20261003140216850_ff268ada6bee,final,src_6ce929ca1736,2026-10-03T14:02:16.850Z,2026-10-03T14:02:19.940Z,2018-10-17T14:10:42.608Z,7,7,42910,8509,3.7811411777474153
qc-prov-2018-10-01-general,qc-prov-2017-2017-138,src_6ce929ca1736_20261003140216850_ff268ada6bee,final,src_6ce929ca1736,2026-10-03T14:02:16.850Z,2026-10-03T14:02:19.940Z,2018-10-17T14:10:42.608Z,7,7,34774,14356,2.683410728170813
qc-prov-2018-10-01-general,qc-prov-2017-2017-144,src_6ce929ca1736_20261003140216850_ff268ada6bee,final,src_6ce929ca1736,2026-10-03T14:02:16.850Z,2026-10-03T14:02:19.940Z,2018-10-17T14:10:42.608Z,7,7,41465,20425,2.3766113212363655
qc-prov-2018-10-01-general,qc-prov-2017-2017-150,src_6ce929ca1736_20261003140216850_ff268ada6bee,final,src_6ce929ca1736,2026-10-03T14:02:16.850Z,2026-10-03T14:02:19.940Z,2018-10-17T14:10:42.608Z,7,7,28147,11139,2.7618603723054482
qc-prov-2018-10-01-general,qc-prov-2017-2017-204,src_6ce929ca1736_20261003140216850_ff268ada6bee,final,src_6ce929ca1736,2026-10-03T14:02:16.850Z,2026-10-03T14:02:19.940Z,2018-10-17T14:10:42.608Z,7,7,41473,8369,3.3609333947841358
qc-prov-2018-10-01-general,qc-prov-2017-2017-206,src_6ce929ca1736_20261003140216850_ff268ada6bee,final,src_6ce929ca1736,2026-10-03T14:02:16.850Z,2026-10-03T14:02:19.940Z,2018-10-17T14:10:42.608Z,8,8,36183,17495,2.3259989614770618
qc-prov-2018-10-01-general,qc-prov-2017-2017-210,src_6ce929ca1736_20261003140216850_ff268ada6bee,final,src_6ce929ca1736,2026-10-03T14:02:16.850Z,2026-10-03T14:02:19.940Z,2018-10-17T14:10:42.608Z,8,8,33375,10035,3.295601036784279
qc-prov-2018-10-01-general,qc-prov-2017-2017-212,src_6ce929ca1736_20261003140216850_ff268ada6bee,final,src_6ce929ca1736,2026-10-03T14:02:16.850Z,2026-10-03T14:02:19.940Z,2018-10-17T14:10:42.608Z,8,8,42504,3618,3.4864719624388054
qc-prov-2018-10-01-general,qc-prov-2017-2017-216,src_6ce929ca1736_20261003140216850_ff268ada6bee,final,src_6ce929ca1736,2026-10-03T14:02:16.850Z,2026-10-03T14:02:19.940Z,2018-10-17T14:10:42.608Z,7,7,28905,711,3.391144348414313
qc-prov-2018-10-01-general,qc-prov-2017-2017-218,src_6ce929ca1736_20261003140216850_ff268ada6bee,final,src_6ce929ca1736,2026-10-03T14:02:16.850Z,2026-10-03T14:02:19.940Z,2018-10-17T14:10:42.608Z,7,7,32003,7952,3.276668742876841
qc-prov-2018-10-01-general,qc-prov-2017-2017-220,src_6ce929ca1736_20261003140216850_ff268ada6bee,final,src_6ce929ca1736,2026-10-03T14:02:16.850Z,2026-10-03T14:02:19.940Z,2018-10-17T14:10:42.608Z,10,10,39018,2142,3.4219180158333566
qc-prov-2018-10-01-general,qc-prov-2017-2017-224,src_6ce929ca1736_20261003140216850_ff268ada6bee,final,src_6ce929ca1736,2026-10-03T14:02:16.850Z,2026-10-03T14:02:19.940Z,2018-10-17T14:10:42.608Z,9,9,37932,2765,3.479332305558734
qc-prov-2018-10-01-general,qc-prov-2017-2017-226,src_6ce929ca1736_20261003140216850_ff268ada6bee,final,src_6ce929ca1736,2026-10-03T14:02:16.850Z,2026-10-03T14:02:19.940Z,2018-10-17T14:10:42.608Z,7,7,33080,1121,3.5365719599728895
qc-prov-2018-10-01-general,qc-prov-2017-2017-230,src_6ce929ca1736_20261003140216850_ff268ada6bee,final,src_6ce929ca1736,2026-10-03T14:02:16.850Z,2026-10-03T14:02:19.940Z,2018-10-17T14:10:42.608Z,7,7,29826,5597,3.4185203747347983
qc-prov-2018-10-01-general,qc-prov-2017-2017-232,src_6ce929ca1736_20261003140216850_ff268ada6bee,final,src_6ce929ca1736,2026-10-03T14:02:16.850Z,2026-10-03T14:02:19.940Z,2018-10-17T14:10:42.608Z,9,9,33634,6442,3.4983061859885765
qc-prov-2018-10-01-general,qc-prov-2017-2017-236,src_6ce929ca1736_20261003140216850_ff268ada6bee,final,src_6ce929ca1736,2026-10-03T14:02:16.850Z,2026-10-03T14:02:19.940Z,2018-10-17T14:10:42.608Z,9,8,32880,5996,3.0926917738584145
qc-prov-2018-10-01-general,qc-prov-2017-2017-238,src_6ce929ca1736_20261003140216850_ff268ada6bee,final,src_6ce929ca1736,2026-10-03T14:02:16.850Z,2026-10-03T14:02:19.940Z,2018-10-17T14:10:42.608Z,9,9,37685,12376,3.075652352693306
qc-prov-2018-10-01-general,qc-prov-2017-2017-240,src_6ce929ca1736_20261003140216850_ff268ada6bee,final,src_6ce929ca1736,2026-10-03T14:02:16.850Z,2026-10-03T14:02:19.940Z,2018-10-17T14:10:42.608Z,8,8,35828,8089,3.510053849850096
qc-prov-2018-10-01-general,qc-prov-2017-2017-244,src_6ce929ca1736_20261003140216850_ff268ada6bee,final,src_6ce929ca1736,2026-10-03T14:02:16.850Z,2026-10-03T14:02:19.940Z,2018-10-17T14:10:42.608Z,7,7,35138,2479,3.9023156968889894
qc-prov-2018-10-01-general,qc-prov-2017-2017-246,src_6ce929ca1736_20261003140216850_ff268ada6bee,final,src_6ce929ca1736,2026-10-03T14:02:16.850Z,2026-10-03T14:02:19.940Z,2018-10-17T14:10:42.608Z,9,9,29050,705,4.061147719775535
qc-prov-2018-10-01-general,qc-prov-2017-2017-250,src_6ce929ca1736_20261003140216850_ff268ada6bee,final,src_6ce929ca1736,2026-10-03T14:02:16.850Z,2026-10-03T14:02:19.940Z,2018-10-17T14:10:42.608Z,7,7,36098,2048,3.957352528999055
qc-prov-2018-10-01-general,qc-prov-2017-2017-252,src_6ce929ca1736_20261003140216850_ff268ada6bee,final,src_6ce929ca1736,2026-10-03T14:02:16.850Z,2026-10-03T14:02:19.940Z,2018-10-17T14:10:42.608Z,6,6,42252,7070,3.5700490536721294
qc-prov-2018-10-01-general,qc-prov-2017-2017-256,src_6ce929ca1736_20261003140216850_ff268ada6bee,final,src_6ce929ca1736,2026-10-03T14:02:16.850Z,2026-10-03T14:02:19.940Z,2018-10-17T14:10:42.608Z,7,7,45543,827,3.358682742721936
qc-prov-2018-10-01-general,qc-prov-2017-2017-258,src_6ce929ca1736_20261003140216850_ff268ada6bee,final,src_6ce929ca1736,2026-10-03T14:02:16.850Z,2026-10-03T14:02:19.940Z,2018-10-17T14:10:42.608Z,9,9,43640,11513,3.2027659660780086
qc-prov-2018-10-01-general,qc-prov-2017-2017-260,src_6ce929ca1736_20261003140216850_ff268ada6bee,final,src_6ce929ca1736,2026-10-03T14:02:16.850Z,2026-10-03T14:02:19.940Z,2018-10-17T14:10:42.608Z,5,5,40821,14401,2.907446667789187
qc-prov-2018-10-01-general,qc-prov-2017-2017-264,src_6ce929ca1736_20261003140216850_ff268ada6bee,final,src_6ce929ca1736,2026-10-03T14:02:16.850Z,2026-10-03T14:02:19.940Z,2018-10-17T14:10:42.608Z,6,6,30643,8196,3.0121562170287484
qc-prov-2018-10-01-general,qc-prov-2017-2017-300,src_6ce929ca1736_20261003140216850_ff268ada6bee,final,src_6ce929ca1736,2026-10-03T14:02:16.850Z,2026-10-03T14:02:19.940Z,2018-10-17T14:10:42.608Z,10,10,31130,3597,4.116764522338153
qc-prov-2018-10-01-general,qc-prov-2017-2017-304,src_6ce929ca1736_20261003140216850_ff268ada6bee,final,src_6ce929ca1736,2026-10-03T14:02:16.850Z,2026-10-03T14:02:19.940Z,2018-10-17T14:10:42.608Z,6,6,28773,8605,2.7804594285238875
qc-prov-2018-10-01-general,qc-prov-2017-2017-306,src_6ce929ca1736_20261003140216850_ff268ada6bee,final,src_6ce929ca1736,2026-10-03T14:02:16.850Z,2026-10-03T14:02:19.940Z,2018-10-17T14:10:42.608Z,9,9,27494,4026,3.4847047092293133
qc-prov-2018-10-01-general,qc-prov-2017-2017-310,src_6ce929ca1736_20261003140216850_ff268ada6bee,final,src_6ce929ca1736,2026-10-03T14:02:16.850Z,2026-10-03T14:02:19.940Z,2018-10-17T14:10:42.608Z,9,9,29431,18389,1.877748728442525
qc-prov-2018-10-01-general,qc-prov-2017-2017-312,src_6ce929ca1736_20261003140216850_ff268ada6bee,final,src_6ce929ca1736,2026-10-03T14:02:16.850Z,2026-10-03T14:02:19.940Z,2018-10-17T14:10:42.608Z,7,7,34429,16510,2.1701765728938454
qc-prov-2018-10-01-general,qc-prov-2017-2017-316,src_6ce929ca1736_20261003140216850_ff268ada6bee,final,src_6ce929ca1736,2026-10-03T14:02:16.850Z,2026-10-03T14:02:19.940Z,2018-10-17T14:10:42.608Z,7,7,30365,18988,1.775995419144769
qc-prov-2018-10-01-general,qc-prov-2017-2017-318,src_6ce929ca1736_20261003140216850_ff268ada6bee,final,src_6ce929ca1736,2026-10-03T14:02:16.850Z,2026-10-03T14:02:19.940Z,2018-10-17T14:10:42.608Z,8,8,28514,13347,2.377469158011516
qc-prov-2018-10-01-general,qc-prov-2017-2017-320,src_6ce929ca1736_20261003140216850_ff268ada6bee,final,src_6ce929ca1736,2026-10-03T14:02:16.850Z,2026-10-03T14:02:19.940Z,2018-10-17T14:10:42.608Z,8,8,25681,17224,1.7681193052146573
qc-prov-2018-10-01-general,qc-prov-2017-2017-324,src_6ce929ca1736_20261003140216850_ff268ada6bee,final,src_6ce929ca1736,2026-10-03T14:02:16.850Z,2026-10-03T14:02:19.940Z,2018-10-17T14:10:42.608Z,9,9,26742,13677,2.3500121428403933
qc-prov-2018-10-01-general,qc-prov-2017-2017-326,src_6ce929ca1736_20261003140216850_ff268ada6bee,final,src_6ce929ca1736,2026-10-03T14:02:16.850Z,2026-10-03T14:02:19.940Z,2018-10-17T14:10:42.608Z,10,10,31102,4424,3.9768637723424027
qc-prov-2018-10-01-general,qc-prov-2017-2017-330,src_6ce929ca1736_20261003140216850_ff268ada6bee,final,src_6ce929ca1736,2026-10-03T14:02:16.850Z,2026-10-03T14:02:19.940Z,2018-10-17T14:10:42.608Z,8,8,25221,7094,3.1199339012277347
qc-prov-2018-10-01-general,qc-prov-2017-2017-332,src_6ce929ca1736_20261003140216850_ff268ada6bee,final,src_6ce929ca1736,2026-10-03T14:02:16.850Z,2026-10-03T14:02:19.940Z,2018-10-17T14:10:42.608Z,7,7,21805,12311,2.1282052487159415
qc-prov-2018-10-01-general,qc-prov-2017-2017-336,src_6ce929ca1736_20261003140216850_ff268ada6bee,final,src_6ce929ca1736,2026-10-03T14:02:16.850Z,2026-10-03T14:02:19.940Z,2018-10-17T14:10:42.608Z,8,8,31216,11206,3.1061553351523727
qc-prov-2018-10-01-general,qc-prov-2017-2017-338,src_6ce929ca1736_20261003140216850_ff268ada6bee,final,src_6ce929ca1736,2026-10-03T14:02:16.850Z,2026-10-03T14:02:19.940Z,2018-10-17T14:10:42.608Z,8,8,26591,9914,2.896772129975916
qc-prov-2018-10-01-general,qc-prov-2017-2017-340,src_6ce929ca1736_20261003140216850_ff268ada6bee,final,src_6ce929ca1736,2026-10-03T14:02:16.850Z,2026-10-03T14:02:19.940Z,2018-10-17T14:10:42.608Z,9,9,32048,530,4.152703435927096
qc-prov-2018-10-01-general,qc-prov-2017-2017-344,src_6ce929ca1736_20261003140216850_ff268ada6bee,final,src_6ce929ca1736,2026-10-03T14:02:16.850Z,2026-10-03T14:02:19.940Z,2018-10-17T14:10:42.608Z,12,12,30091,5301,3.065029490018535
qc-prov-2018-10-01-general,qc-prov-2017-2017-346,src_6ce929ca1736_20261003140216850_ff268ada6bee,final,src_6ce929ca1736,2026-10-03T14:02:16.850Z,2026-10-03T14:02:19.940Z,2018-10-17T14:10:42.608Z,7,7,30399,13454,2.5248578591364437
qc-prov-2018-10-01-general,qc-prov-2017-2017-350,src_6ce929ca1736_20261003140216850_ff268ada6bee,final,src_6ce929ca1736,2026-10-03T14:02:16.850Z,2026-10-03T14:02:19.940Z,2018-10-17T14:10:42.608Z,9,9,29210,10747,2.8435837488246634
qc-prov-2018-10-01-general,qc-prov-2017-2017-352,src_6ce929ca1736_20261003140216850_ff268ada6bee,final,src_6ce929ca1736,2026-10-03T14:02:16.850Z,2026-10-03T14:02:19.940Z,2018-10-17T14:10:42.608Z,9,9,26752,7079,2.996944184328774
qc-prov-2018-10-01-general,qc-prov-2017-2017-356,src_6ce929ca1736_20261003140216850_ff268ada6bee,final,src_6ce929ca1736,2026-10-03T14:02:16.850Z,2026-10-03T14:02:19.940Z,2018-10-17T14:10:42.608Z,10,10,36653,2500,3.879276848927949
qc-prov-2018-10-01-general,qc-prov-2017-2017-358,src_6ce929ca1736_20261003140216850_ff268ada6bee,final,src_6ce929ca1736,2026-10-03T14:02:16.850Z,2026-10-03T14:02:19.940Z,2018-10-17T14:10:42.608Z,8,8,21686,4837,3.235219227062871
qc-prov-2018-10-01-general,qc-prov-2017-2017-360,src_6ce929ca1736_20261003140216850_ff268ada6bee,final,src_6ce929ca1736,2026-10-03T14:02:16.850Z,2026-10-03T14:02:19.940Z,2018-10-17T14:10:42.608Z,10,10,24817,5630,3.3360795780365327
qc-prov-2018-10-01-general,qc-prov-2017-2017-364,src_6ce929ca1736_20261003140216850_ff268ada6bee,final,src_6ce929ca1736,2026-10-03T14:02:16.850Z,2026-10-03T14:02:19.940Z,2018-10-17T14:10:42.608Z,7,7,27464,13770,2.0989725918735345
qc-prov-2018-10-01-general,qc-prov-2017-2017-366,src_6ce929ca1736_20261003140216850_ff268ada6bee,final,src_6ce929ca1736,2026-10-03T14:02:16.850Z,2026-10-03T14:02:19.940Z,2018-10-17T14:10:42.608Z,6,6,27654,2807,3.58028521411377
qc-prov-2018-10-01-general,qc-prov-2017-2017-370,src_6ce929ca1736_20261003140216850_ff268ada6bee,final,src_6ce929ca1736,2026-10-03T14:02:16.850Z,2026-10-03T14:02:19.940Z,2018-10-17T14:10:42.608Z,7,7,32178,500,4.174273067215282
qc-prov-2018-10-01-general,qc-prov-2017-2017-380,src_6ce929ca1736_20261003140216850_ff268ada6bee,final,src_6ce929ca1736,2026-10-03T14:02:16.850Z,2026-10-03T14:02:19.940Z,2018-10-17T14:10:42.608Z,7,7,27156,1834,3.4082846891972887
qc-prov-2018-10-01-general,qc-prov-2017-2017-390,src_6ce929ca1736_20261003140216850_ff268ada6bee,final,src_6ce929ca1736,2026-10-03T14:02:16.850Z,2026-10-03T14:02:19.940Z,2018-10-17T14:10:42.608Z,6,6,24643,9091,2.445427182764843
qc-prov-2018-10-01-general,qc-prov-2017-2017-454,src_6ce929ca1736_20261003140216850_ff268ada6bee,final,src_6ce929ca1736,2026-10-03T14:02:16.850Z,2026-10-03T14:02:19.940Z,2018-10-17T14:10:42.608Z,9,9,33730,271,4.046411360364743
qc-prov-2018-10-01-general,qc-prov-2017-2017-460,src_6ce929ca1736_20261003140216850_ff268ada6bee,final,src_6ce929ca1736,2026-10-03T14:02:16.850Z,2026-10-03T14:02:19.940Z,2018-10-17T14:10:42.608Z,7,7,30339,7968,2.780154159652751
qc-prov-2018-10-01-general,qc-prov-2017-2017-466,src_6ce929ca1736_20261003140216850_ff268ada6bee,final,src_6ce929ca1736,2026-10-03T14:02:16.850Z,2026-10-03T14:02:19.940Z,2018-10-17T14:10:42.608Z,7,7,32374,1607,3.599071833605472
qc-prov-2018-10-01-general,qc-prov-2017-2017-470,src_6ce929ca1736_20261003140216850_ff268ada6bee,final,src_6ce929ca1736,2026-10-03T14:02:16.850Z,2026-10-03T14:02:19.940Z,2018-10-17T14:10:42.608Z,8,8,36617,2462,3.737293150864238
qc-prov-2018-10-01-general,qc-prov-2017-2017-476,src_6ce929ca1736_20261003140216850_ff268ada6bee,final,src_6ce929ca1736,2026-10-03T14:02:16.850Z,2026-10-03T14:02:19.940Z,2018-10-17T14:10:42.608Z,9,9,31277,567,3.5037831212693984
qc-prov-2018-10-01-general,qc-prov-2017-2017-482,src_6ce929ca1736_20261003140216850_ff268ada6bee,final,src_6ce929ca1736,2026-10-03T14:02:16.850Z,2026-10-03T14:02:19.940Z,2018-10-17T14:10:42.608Z,7,7,29058,1206,3.722997552859019
qc-prov-2018-10-01-general,qc-prov-2017-2017-502,src_6ce929ca1736_20261003140216850_ff268ada6bee,final,src_6ce929ca1736,2026-10-03T14:02:16.850Z,2026-10-03T14:02:19.940Z,2018-10-17T14:10:42.608Z,8,8,36370,7402,3.820066493190032
qc-prov-2018-10-01-general,qc-prov-2017-2017-508,src_6ce929ca1736_20261003140216850_ff268ada6bee,final,src_6ce929ca1736,2026-10-03T14:02:16.850Z,2026-10-03T14:02:19.940Z,2018-10-17T14:10:42.608Z,10,10,33806,9574,3.3180181496706806
qc-prov-2018-10-01-general,qc-prov-2017-2017-514,src_6ce929ca1736_20261003140216850_ff268ada6bee,final,src_6ce929ca1736,2026-10-03T14:02:16.850Z,2026-10-03T14:02:19.940Z,2018-10-17T14:10:42.608Z,8,8,39543,14440,2.7626227389451565
qc-prov-2018-10-01-general,qc-prov-2017-2017-520,src_6ce929ca1736_20261003140216850_ff268ada6bee,final,src_6ce929ca1736,2026-10-03T14:02:16.850Z,2026-10-03T14:02:19.940Z,2018-10-17T14:10:42.608Z,9,9,30477,5405,4.081655424708505
qc-prov-2018-10-01-general,qc-prov-2017-2017-526,src_6ce929ca1736_20261003140216850_ff268ada6bee,final,src_6ce929ca1736,2026-10-03T14:02:16.850Z,2026-10-03T14:02:19.940Z,2018-10-17T14:10:42.608Z,9,9,39382,6425,3.3317504398408233
qc-prov-2018-10-01-general,qc-prov-2017-2017-530,src_6ce929ca1736_20261003140216850_ff268ada6bee,final,src_6ce929ca1736,2026-10-03T14:02:16.850Z,2026-10-03T14:02:19.940Z,2018-10-17T14:10:42.608Z,7,7,26980,7421,2.9025006190219544
qc-prov-2018-10-01-general,qc-prov-2017-2017-536,src_6ce929ca1736_20261003140216850_ff268ada6bee,final,src_6ce929ca1736,2026-10-03T14:02:16.850Z,2026-10-03T14:02:19.940Z,2018-10-17T14:10:42.608Z,7,7,42377,12375,3.2106841371666968
qc-prov-2018-10-01-general,qc-prov-2017-2017-542,src_6ce929ca1736_20261003140216850_ff268ada6bee,final,src_6ce929ca1736,2026-10-03T14:02:16.850Z,2026-10-03T14:02:19.940Z,2018-10-17T14:10:42.608Z,7,7,41052,5532,3.2999340513174573
qc-prov-2018-10-01-general,qc-prov-2017-2017-548,src_6ce929ca1736_20261003140216850_ff268ada6bee,final,src_6ce929ca1736,2026-10-03T14:02:16.850Z,2026-10-03T14:02:19.940Z,2018-10-17T14:10:42.608Z,6,6,33111,11038,2.851310111174815
qc-prov-2018-10-01-general,qc-prov-2017-2017-554,src_6ce929ca1736_20261003140216850_ff268ada6bee,final,src_6ce929ca1736,2026-10-03T14:02:16.850Z,2026-10-03T14:02:19.940Z,2018-10-17T14:10:42.608Z,7,7,31979,12812,2.619037087915652
qc-prov-2018-10-01-general,qc-prov-2017-2017-560,src_6ce929ca1736_20261003140216850_ff268ada6bee,final,src_6ce929ca1736,2026-10-03T14:02:16.850Z,2026-10-03T14:02:19.940Z,2018-10-17T14:10:42.608Z,7,7,37795,11698,3.088309773457905
qc-prov-2018-10-01-general,qc-prov-2017-2017-566,src_6ce929ca1736_20261003140216850_ff268ada6bee,final,src_6ce929ca1736,2026-10-03T14:02:16.850Z,2026-10-03T14:02:19.940Z,2018-10-17T14:10:42.608Z,6,6,39990,6481,3.1505923802841362
qc-prov-2018-10-01-general,qc-prov-2017-2017-570,src_6ce929ca1736_20261003140216850_ff268ada6bee,final,src_6ce929ca1736,2026-10-03T14:02:16.850Z,2026-10-03T14:02:19.940Z,2018-10-17T14:10:42.608Z,6,6,38251,4431,2.864893785048721
qc-prov-2018-10-01-general,qc-prov-2017-2017-576,src_6ce929ca1736_20261003140216850_ff268ada6bee,final,src_6ce929ca1736,2026-10-03T14:02:16.850Z,2026-10-03T14:02:19.940Z,2018-10-17T14:10:42.608Z,6,6,27168,7304,2.6827112791324876
qc-prov-2018-10-01-general,qc-prov-2017-2017-582,src_6ce929ca1736_20261003140216850_ff268ada6bee,final,src_6ce929ca1736,2026-10-03T14:02:16.850Z,2026-10-03T14:02:19.940Z,2018-10-17T14:10:42.608Z,6,6,31630,7137,3.1527742066156494
qc-prov-2018-10-01-general,qc-prov-2017-2017-588,src_6ce929ca1736_20261003140216850_ff268ada6bee,final,src_6ce929ca1736,2026-10-03T14:02:16.850Z,2026-10-03T14:02:19.940Z,2018-10-17T14:10:42.608Z,8,8,33378,6052,3.58900090211231
qc-prov-2018-10-01-general,qc-prov-2017-2017-594,src_6ce929ca1736_20261003140216850_ff268ada6bee,final,src_6ce929ca1736,2026-10-03T14:02:16.850Z,2026-10-03T14:02:19.940Z,2018-10-17T14:10:42.608Z,7,7,32288,599,3.461359168640792
qc-prov-2018-10-01-general,qc-prov-2017-2017-602,src_6ce929ca1736_20261003140216850_ff268ada6bee,final,src_6ce929ca1736,2026-10-03T14:02:16.850Z,2026-10-03T14:02:19.940Z,2018-10-17T14:10:42.608Z,9,9,31158,2281,4.191076515282335
qc-prov-2018-10-01-general,qc-prov-2017-2017-608,src_6ce929ca1736_20261003140216850_ff268ada6bee,final,src_6ce929ca1736,2026-10-03T14:02:16.850Z,2026-10-03T14:02:19.940Z,2018-10-17T14:10:42.608Z,8,8,27592,9237,2.8609370878319376
qc-prov-2018-10-01-general,qc-prov-2017-2017-614,src_6ce929ca1736_20261003140216850_ff268ada6bee,final,src_6ce929ca1736,2026-10-03T14:02:16.850Z,2026-10-03T14:02:19.940Z,2018-10-17T14:10:42.608Z,7,7,34944,3932,3.404393653866092
qc-prov-2018-10-01-general,qc-prov-2017-2017-620,src_6ce929ca1736_20261003140216850_ff268ada6bee,final,src_6ce929ca1736,2026-10-03T14:02:16.850Z,2026-10-03T14:02:19.940Z,2018-10-17T14:10:42.608Z,6,6,32300,2537,3.2993710642099563
qc-prov-2018-10-01-general,qc-prov-2017-2017-626,src_6ce929ca1736_20261003140216850_ff268ada6bee,final,src_6ce929ca1736,2026-10-03T14:02:16.850Z,2026-10-03T14:02:19.940Z,2018-10-17T14:10:42.608Z,9,9,36168,8617,3.2473808363880723
qc-prov-2018-10-01-general,qc-prov-2017-2017-636,src_6ce929ca1736_20261003140216850_ff268ada6bee,final,src_6ce929ca1736,2026-10-03T14:02:16.850Z,2026-10-03T14:02:19.940Z,2018-10-17T14:10:42.608Z,7,7,29003,506,3.912067788202607
qc-prov-2018-10-01-general,qc-prov-2017-2017-642,src_6ce929ca1736_20261003140216850_ff268ada6bee,final,src_6ce929ca1736,2026-10-03T14:02:16.850Z,2026-10-03T14:02:19.940Z,2018-10-17T14:10:42.608Z,8,8,22509,194,3.731961047600643
qc-prov-2018-10-01-general,qc-prov-2017-2017-648,src_6ce929ca1736_20261003140216850_ff268ada6bee,final,src_6ce929ca1736,2026-10-03T14:02:16.850Z,2026-10-03T14:02:19.940Z,2018-10-17T14:10:42.608Z,6,6,20991,4877,3.5624705101285397
qc-prov-2018-10-01-general,qc-prov-2017-2017-660,src_6ce929ca1736_20261003140216850_ff268ada6bee,final,src_6ce929ca1736,2026-10-03T14:02:16.850Z,2026-10-03T14:02:19.940Z,2018-10-17T14:10:42.608Z,6,6,37306,6801,3.6384438905321725
qc-prov-2018-10-01-general,qc-prov-2017-2017-666,src_6ce929ca1736_20261003140216850_ff268ada6bee,final,src_6ce929ca1736,2026-10-03T14:02:16.850Z,2026-10-03T14:02:19.940Z,2018-10-17T14:10:42.608Z,8,8,31114,4517,3.4534373402606726
qc-prov-2018-10-01-general,qc-prov-2017-2017-670,src_6ce929ca1736_20261003140216850_ff268ada6bee,final,src_6ce929ca1736,2026-10-03T14:02:16.850Z,2026-10-03T14:02:19.940Z,2018-10-17T14:10:42.608Z,6,6,35808,8820,3.3641397955394896
qc-prov-2018-10-01-general,qc-prov-2017-2017-676,src_6ce929ca1736_20261003140216850_ff268ada6bee,final,src_6ce929ca1736,2026-10-03T14:02:16.850Z,2026-10-03T14:02:19.940Z,2018-10-17T14:10:42.608Z,8,8,40789,13544,2.9772273074030062
qc-prov-2018-10-01-general,qc-prov-2017-2017-702,src_6ce929ca1736_20261003140216850_ff268ada6bee,final,src_6ce929ca1736,2026-10-03T14:02:16.850Z,2026-10-03T14:02:19.940Z,2018-10-17T14:10:42.608Z,10,10,33975,1363,4.0621591052652315
qc-prov-2018-10-01-general,qc-prov-2017-2017-708,src_6ce929ca1736_20261003140216850_ff268ada6bee,final,src_6ce929ca1736,2026-10-03T14:02:16.850Z,2026-10-03T14:02:19.940Z,2018-10-17T14:10:42.608Z,9,9,36440,6548,3.3533328338883472
qc-prov-2018-10-01-general,qc-prov-2017-2017-714,src_6ce929ca1736_20261003140216850_ff268ada6bee,final,src_6ce929ca1736,2026-10-03T14:02:16.850Z,2026-10-03T14:02:19.940Z,2018-10-17T14:10:42.608Z,6,6,29450,10435,2.817146123762651
qc-prov-2018-10-01-general,qc-prov-2017-2017-720,src_6ce929ca1736_20261003140216850_ff268ada6bee,final,src_6ce929ca1736,2026-10-03T14:02:16.850Z,2026-10-03T14:02:19.940Z,2018-10-17T14:10:42.608Z,10,10,40517,16660,2.6392626937723542
qc-prov-2018-10-01-general,qc-prov-2017-2017-726,src_6ce929ca1736_20261003140216850_ff268ada6bee,final,src_6ce929ca1736,2026-10-03T14:02:16.850Z,2026-10-03T14:02:19.940Z,2018-10-17T14:10:42.608Z,9,9,40500,7916,3.3869692426643856
qc-prov-2018-10-01-general,qc-prov-2017-2017-730,src_6ce929ca1736_20261003140216850_ff268ada6bee,final,src_6ce929ca1736,2026-10-03T14:02:16.850Z,2026-10-03T14:02:19.940Z,2018-10-17T14:10:42.608Z,9,9,36157,8511,3.5788397520004085
qc-prov-2018-10-01-general,qc-prov-2017-2017-736,src_6ce929ca1736_20261003140216850_ff268ada6bee,final,src_6ce929ca1736,2026-10-03T14:02:16.850Z,2026-10-03T14:02:19.940Z,2018-10-17T14:10:42.608Z,11,11,29771,699,3.751218027266998
qc-prov-2018-10-01-general,qc-prov-2017-2017-742,src_6ce929ca1736_20261003140216850_ff268ada6bee,final,src_6ce929ca1736,2026-10-03T14:02:16.850Z,2026-10-03T14:02:19.940Z,2018-10-17T14:10:42.608Z,8,8,39771,12836,3.0886620642022025
qc-prov-2018-10-01-general,qc-prov-2017-2017-748,src_6ce929ca1736_20261003140216850_ff268ada6bee,final,src_6ce929ca1736,2026-10-03T14:02:16.850Z,2026-10-03T14:02:19.940Z,2018-10-17T14:10:42.608Z,6,6,41527,10666,3.1709948753884336
qc-prov-2018-10-01-general,qc-prov-2017-2017-754,src_6ce929ca1736_20261003140216850_ff268ada6bee,final,src_6ce929ca1736,2026-10-03T14:02:16.850Z,2026-10-03T14:02:19.940Z,2018-10-17T14:10:42.608Z,7,7,39146,9627,3.3454883503922512
qc-prov-2018-10-01-general,qc-prov-2017-2017-760,src_6ce929ca1736_20261003140216850_ff268ada6bee,final,src_6ce929ca1736,2026-10-03T14:02:16.850Z,2026-10-03T14:02:19.940Z,2018-10-17T14:10:42.608Z,6,6,34738,7890,3.2907892425537826
qc-prov-2018-10-01-general,qc-prov-2017-2017-802,src_6ce929ca1736_20261003140216850_ff268ada6bee,final,src_6ce929ca1736,2026-10-03T14:02:16.850Z,2026-10-03T14:02:19.940Z,2018-10-17T14:10:42.608Z,8,8,33402,13978,2.259331103098643
qc-prov-2018-10-01-general,qc-prov-2017-2017-806,src_6ce929ca1736_20261003140216850_ff268ada6bee,final,src_6ce929ca1736,2026-10-03T14:02:16.850Z,2026-10-03T14:02:19.940Z,2018-10-17T14:10:42.608Z,6,6,30193,15310,2.105511151767618
qc-prov-2018-10-01-general,qc-prov-2017-2017-810,src_6ce929ca1736_20261003140216850_ff268ada6bee,final,src_6ce929ca1736,2026-10-03T14:02:16.850Z,2026-10-03T14:02:19.940Z,2018-10-17T14:10:42.608Z,8,8,37855,12618,2.8499135187102316
qc-prov-2018-10-01-general,qc-prov-2017-2017-814,src_6ce929ca1736_20261003140216850_ff268ada6bee,final,src_6ce929ca1736,2026-10-03T14:02:16.850Z,2026-10-03T14:02:19.940Z,2018-10-17T14:10:42.608Z,7,7,43316,19739,2.516798928166546
qc-prov-2018-10-01-general,qc-prov-2017-2017-818,src_6ce929ca1736_20261003140216850_ff268ada6bee,final,src_6ce929ca1736,2026-10-03T14:02:16.850Z,2026-10-03T14:02:19.940Z,2018-10-17T14:10:42.608Z,9,9,33891,14516,2.6687702221199383
qc-prov-2018-10-01-general,qc-prov-2017-2017-822,src_6ce929ca1736_20261003140216850_ff268ada6bee,final,src_6ce929ca1736,2026-10-03T14:02:16.850Z,2026-10-03T14:02:19.940Z,2018-10-17T14:10:42.608Z,7,7,30274,8079,2.6614307954611958
qc-prov-2018-10-01-general,qc-prov-2017-2017-826,src_6ce929ca1736_20261003140216850_ff268ada6bee,final,src_6ce929ca1736,2026-10-03T14:02:16.850Z,2026-10-03T14:02:19.940Z,2018-10-17T14:10:42.608Z,7,7,32799,10383,2.7888625861912355
qc-prov-2018-10-01-general,qc-prov-2017-2017-834,src_6ce929ca1736_20261003140216850_ff268ada6bee,final,src_6ce929ca1736,2026-10-03T14:02:16.850Z,2026-10-03T14:02:19.940Z,2018-10-17T14:10:42.608Z,5,5,34302,1962,3.3225726674401797
qc-prov-2018-10-01-general,qc-prov-2017-2017-838,src_6ce929ca1736_20261003140216850_ff268ada6bee,final,src_6ce929ca1736,2026-10-03T14:02:16.850Z,2026-10-03T14:02:19.940Z,2018-10-17T14:10:42.608Z,7,7,31737,6037,3.3267718515983824
qc-prov-2018-10-01-general,qc-prov-2017-2017-842,src_6ce929ca1736_20261003140216850_ff268ada6bee,final,src_6ce929ca1736,2026-10-03T14:02:16.850Z,2026-10-03T14:02:19.940Z,2018-10-17T14:10:42.608Z,7,7,29741,17279,1.954675205587471
qc-prov-2018-10-01-general,qc-prov-2017-2017-850,src_6ce929ca1736_20261003140216850_ff268ada6bee,final,src_6ce929ca1736,2026-10-03T14:02:16.850Z,2026-10-03T14:02:19.940Z,2018-10-17T14:10:42.608Z,7,7,21882,2830,3.8141097277409526
qc-prov-2018-10-01-general,qc-prov-2017-2017-854,src_6ce929ca1736_20261003140216850_ff268ada6bee,final,src_6ce929ca1736,2026-10-03T14:02:16.850Z,2026-10-03T14:02:19.940Z,2018-10-17T14:10:42.608Z,4,4,17968,41,3.5816710102810076
qc-prov-2018-10-01-general,qc-prov-2017-2017-858,src_6ce929ca1736_20261003140216850_ff268ada6bee,final,src_6ce929ca1736,2026-10-03T14:02:16.850Z,2026-10-03T14:02:19.940Z,2018-10-17T14:10:42.608Z,4,4,7645,15,3.0828048649072612
qc-prov-2018-10-01-general,qc-prov-2017-2017-902,src_6ce929ca1736_20261003140216850_ff268ada6bee,final,src_6ce929ca1736,2026-10-03T14:02:16.850Z,2026-10-03T14:02:19.940Z,2018-10-17T14:10:42.608Z,5,5,20465,127,3.583575107613681
qc-prov-2018-10-01-general,qc-prov-2017-2017-906,src_6ce929ca1736_20261003140216850_ff268ada6bee,final,src_6ce929ca1736,2026-10-03T14:02:16.850Z,2026-10-03T14:02:19.940Z,2018-10-17T14:10:42.608Z,5,5,19079,1623,3.1368239027532843
qc-prov-2018-10-01-general,qc-prov-2017-2017-914,src_6ce929ca1736_20261003140216850_ff268ada6bee,final,src_6ce929ca1736,2026-10-03T14:02:16.850Z,2026-10-03T14:02:19.940Z,2018-10-17T14:10:42.608Z,6,6,26188,4676,3.6746047210356214
qc-prov-2018-10-01-general,qc-prov-2017-2017-918,src_6ce929ca1736_20261003140216850_ff268ada6bee,final,src_6ce929ca1736,2026-10-03T14:02:16.850Z,2026-10-03T14:02:19.940Z,2018-10-17T14:10:42.608Z,6,6,30878,4416,3.669893506405728
qc-prov-2018-10-01-general,qc-prov-2017-2017-922,src_6ce929ca1736_20261003140216850_ff268ada6bee,final,src_6ce929ca1736,2026-10-03T14:02:16.850Z,2026-10-03T14:02:19.940Z,2018-10-17T14:10:42.608Z,6,6,30788,4890,2.8214245701658154
qc-prov-2018-10-01-general,qc-prov-2017-2017-926,src_6ce929ca1736_20261003140216850_ff268ada6bee,final,src_6ce929ca1736,2026-10-03T14:02:16.850Z,2026-10-03T14:02:19.940Z,2018-10-17T14:10:42.608Z,6,6,28981,2299,3.412396554341396
qc-prov-2018-10-01-general,qc-prov-2017-2017-930,src_6ce929ca1736_20261003140216850_ff268ada6bee,final,src_6ce929ca1736,2026-10-03T14:02:16.850Z,2026-10-03T14:02:19.940Z,2018-10-17T14:10:42.608Z,7,7,27810,5088,3.487502871319694
qc-prov-2018-10-01-general,qc-prov-2017-2017-938,src_6ce929ca1736_20261003140216850_ff268ada6bee,final,src_6ce929ca1736,2026-10-03T14:02:16.850Z,2026-10-03T14:02:19.940Z,2018-10-17T14:10:42.608Z,7,7,8564,46,4.3787721948866904
qc-prov-2018-12-10-partial,qc-prov-2017-2017-930,src_9ef2a7b66e04_20261003140212095_54ba0694cf83,final,src_9ef2a7b66e04,2026-10-03T14:02:12.095Z,2026-10-03T14:02:13.368Z,2018-12-11T16:44:39.118Z,7,7,15354,5684,2.7622487867891983
qc-prov-2019-12-02-partial,qc-prov-2017-2017-702,src_81c5fe8d1b02_20261003140208331_309c476a31aa,final,src_81c5fe8d1b02,2026-10-03T14:02:08.331Z,2026-10-03T14:02:09.382Z,2019-12-08T07:25:00.042Z,10,10,22936,4208,3.457021617979926
qc-prov-2022-04-11-partial,qc-prov-2017-2022-246,src_53258148a5e9_20261003140204660_7805f46f3584,final,src_53258148a5e9,2026-10-03T14:02:04.660Z,2026-10-03T14:02:05.560Z,2022-04-13T06:11:59.302Z,12,12,16299,797,4.018892048426444
qc-prov-2022-10-03-general,qc-prov-2017-2022-104,src_3ee19c14cf6d_20261003140156867_66a4410f46b2,final,src_3ee19c14cf6d,2026-10-03T14:01:56.867Z,2026-10-03T14:02:00.305Z,2022-10-06T15:55:41.243Z,6,6,28098,6721,3.348973279727315
qc-prov-2022-10-03-general,qc-prov-2017-2022-110,src_3ee19c14cf6d_20261003140156867_66a4410f46b2,final,src_3ee19c14cf6d,2026-10-03T14:01:56.867Z,2026-10-03T14:02:00.305Z,2022-10-06T15:55:41.243Z,7,7,40728,5789,3.491901887115354
qc-prov-2022-10-03-general,qc-prov-2017-2022-116,src_3ee19c14cf6d_20261003140156867_66a4410f46b2,final,src_3ee19c14cf6d,2026-10-03T14:01:56.867Z,2026-10-03T14:02:00.305Z,2022-10-06T15:55:41.243Z,9,9,37098,2472,3.163040173528173
qc-prov-2022-10-03-general,qc-prov-2017-2022-120,src_3ee19c14cf6d_20261003140156867_66a4410f46b2,final,src_3ee19c14cf6d,2026-10-03T14:01:56.867Z,2026-10-03T14:02:00.305Z,2022-10-06T15:55:41.243Z,7,7,32792,8786,3.7945544128555775
qc-prov-2022-10-03-general,qc-prov-2017-2022-126,src_3ee19c14cf6d_20261003140156867_66a4410f46b2,final,src_3ee19c14cf6d,2026-10-03T14:01:56.867Z,2026-10-03T14:02:00.305Z,2022-10-06T15:55:41.243Z,6,6,41800,15621,2.944848702793844
qc-prov-2022-10-03-general,qc-prov-2017-2022-132,src_3ee19c14cf6d_20261003140156867_66a4410f46b2,final,src_3ee19c14cf6d,2026-10-03T14:01:56.867Z,2026-10-03T14:02:00.305Z,2022-10-06T15:55:41.243Z,7,7,45465,12224,3.345712442341055
qc-prov-2022-10-03-general,qc-prov-2017-2022-138,src_3ee19c14cf6d_20261003140156867_66a4410f46b2,final,src_3ee19c14cf6d,2026-10-03T14:01:56.867Z,2026-10-03T14:02:00.305Z,2022-10-06T15:55:41.243Z,7,7,36302,12433,3.0063126864922585
qc-prov-2022-10-03-general,qc-prov-2017-2022-144,src_3ee19c14cf6d_20261003140156867_66a4410f46b2,final,src_3ee19c14cf6d,2026-10-03T14:01:56.867Z,2026-10-03T14:02:00.305Z,2022-10-06T15:55:41.243Z,6,6,45309,12260,2.867464349753463
qc-prov-2022-10-03-general,qc-prov-2017-2022-150,src_3ee19c14cf6d_20261003140156867_66a4410f46b2,final,src_3ee19c14cf6d,2026-10-03T14:01:56.867Z,2026-10-03T14:02:00.305Z,2022-10-06T15:55:41.243Z,5,5,29662,7361,3.2226953224409005
qc-prov-2022-10-03-general,qc-prov-2017-2022-204,src_3ee19c14cf6d_20261003140156867_66a4410f46b2,final,src_3ee19c14cf6d,2026-10-03T14:01:56.867Z,2026-10-03T14:02:00.305Z,2022-10-06T15:55:41.243Z,10,10,44856,13438,3.618265403344157
qc-prov-2022-10-03-general,qc-prov-2017-2022-206,src_3ee19c14cf6d_20261003140156867_66a4410f46b2,final,src_3ee19c14cf6d,2026-10-03T14:01:56.867Z,2026-10-03T14:02:00.305Z,2022-10-06T15:55:41.243Z,7,7,36971,16233,2.593219529675519
qc-prov-2022-10-03-general,qc-prov-2017-2022-210,src_3ee19c14cf6d_20261003140156867_66a4410f46b2,final,src_3ee19c14cf6d,2026-10-03T14:01:56.867Z,2026-10-03T14:02:00.305Z,2022-10-06T15:55:41.243Z,7,7,34288,12996,2.9373080293308935
qc-prov-2022-10-03-general,qc-prov-2017-2022-212,src_3ee19c14cf6d_20261003140156867_66a4410f46b2,final,src_3ee19c14cf6d,2026-10-03T14:01:56.867Z,2026-10-03T14:02:00.305Z,2022-10-06T15:55:41.243Z,7,7,42907,13486,3.0674388304708833
qc-prov-2022-10-03-general,qc-prov-2017-2022-216,src_3ee19c14cf6d_20261003140156867_66a4410f46b2,final,src_3ee19c14cf6d,2026-10-03T14:01:56.867Z,2026-10-03T14:02:00.305Z,2022-10-06T15:55:41.243Z,7,7,29294,9450,3.529009478015391
qc-prov-2022-10-03-general,qc-prov-2017-2022-218,src_3ee19c14cf6d_20261003140156867_66a4410f46b2,final,src_3ee19c14cf6d,2026-10-03T14:01:56.867Z,2026-10-03T14:02:00.305Z,2022-10-06T15:55:41.243Z,7,7,33252,12242,2.882548540117097
qc-prov-2022-10-03-general,qc-prov-2017-2022-220,src_3ee19c14cf6d_20261003140156867_66a4410f46b2,final,src_3ee19c14cf6d,2026-10-03T14:01:56.867Z,2026-10-03T14:02:00.305Z,2022-10-06T15:55:41.243Z,6,6,40153,8353,3.7382163352687683
qc-prov-2022-10-03-general,qc-prov-2017-2022-224,src_3ee19c14cf6d_20261003140156867_66a4410f46b2,final,src_3ee19c14cf6d,2026-10-03T14:01:56.867Z,2026-10-03T14:02:00.305Z,2022-10-06T15:55:41.243Z,9,9,39765,576,3.951181664532668
qc-prov-2022-10-03-general,qc-prov-2017-2022-226,src_3ee19c14cf6d_20261003140156867_66a4410f46b2,final,src_3ee19c14cf6d,2026-10-03T14:01:56.867Z,2026-10-03T14:02:00.305Z,2022-10-06T15:55:41.243Z,6,6,33332,4778,3.919279886271334
qc-prov-2022-10-03-general,qc-prov-2017-2022-230,src_3ee19c14cf6d_20261003140156867_66a4410f46b2,final,src_3ee19c14cf6d,2026-10-03T14:01:56.867Z,2026-10-03T14:02:00.305Z,2022-10-06T15:55:41.243Z,8,8,29944,9725,3.303293362827679
qc-prov-2022-10-03-general,qc-prov-2017-2022-232,src_3ee19c14cf6d_20261003140156867_66a4410f46b2,final,src_3ee19c14cf6d,2026-10-03T14:01:56.867Z,2026-10-03T14:02:00.305Z,2022-10-06T15:55:41.243Z,7,7,34583,13438,2.9972126399021413
qc-prov-2022-10-03-general,qc-prov-2017-2022-236,src_3ee19c14cf6d_20261003140156867_66a4410f46b2,final,src_3ee19c14cf6d,2026-10-03T14:01:56.867Z,2026-10-03T14:02:00.305Z,2022-10-06T15:55:41.243Z,7,7,32950,2416,3.6738672539426567
qc-prov-2022-10-03-general,qc-prov-2017-2022-238,src_3ee19c14cf6d_20261003140156867_66a4410f46b2,final,src_3ee19c14cf6d,2026-10-03T14:01:56.867Z,2026-10-03T14:02:00.305Z,2022-10-06T15:55:41.243Z,7,7,38170,11669,3.257957591183547
qc-prov-2022-10-03-general,qc-prov-2017-2022-240,src_3ee19c14cf6d_20261003140156867_66a4410f46b2,final,src_3ee19c14cf6d,2026-10-03T14:01:56.867Z,2026-10-03T14:02:00.305Z,2022-10-06T15:55:41.243Z,7,7,35589,10266,3.622990362552753
qc-prov-2022-10-03-general,qc-prov-2017-2022-244,src_3ee19c14cf6d_20261003140156867_66a4410f46b2,final,src_3ee19c14cf6d,2026-10-03T14:01:56.867Z,2026-10-03T14:02:00.305Z,2022-10-06T15:55:41.243Z,8,8,33687,654,4.3526690540719075
qc-prov-2022-10-03-general,qc-prov-2017-2022-246,src_3ee19c14cf6d_20261003140156867_66a4410f46b2,final,src_3ee19c14cf6d,2026-10-03T14:01:56.867Z,2026-10-03T14:02:00.305Z,2022-10-06T15:55:41.243Z,9,9,27820,2299,4.20157253577327
qc-prov-2022-10-03-general,qc-prov-2017-2022-250,src_3ee19c14cf6d_20261003140156867_66a4410f46b2,final,src_3ee19c14cf6d,2026-10-03T14:01:56.867Z,2026-10-03T14:02:00.305Z,2022-10-06T15:55:41.243Z,7,7,35256,7475,3.7446056670756427
qc-prov-2022-10-03-general,qc-prov-2017-2022-252,src_3ee19c14cf6d_20261003140156867_66a4410f46b2,final,src_3ee19c14cf6d,2026-10-03T14:01:56.867Z,2026-10-03T14:02:00.305Z,2022-10-06T15:55:41.243Z,7,7,41488,11292,3.4489872242967903
qc-prov-2022-10-03-general,qc-prov-2017-2022-256,src_3ee19c14cf6d_20261003140156867_66a4410f46b2,final,src_3ee19c14cf6d,2026-10-03T14:01:56.867Z,2026-10-03T14:02:00.305Z,2022-10-06T15:55:41.243Z,9,9,46161,14111,2.988763378224855
qc-prov-2022-10-03-general,qc-prov-2017-2022-258,src_3ee19c14cf6d_20261003140156867_66a4410f46b2,final,src_3ee19c14cf6d,2026-10-03T14:01:56.867Z,2026-10-03T14:02:00.305Z,2022-10-06T15:55:41.243Z,8,8,44429,14114,3.0140288870803897
qc-prov-2022-10-03-general,qc-prov-2017-2022-260,src_3ee19c14cf6d_20261003140156867_66a4410f46b2,final,src_3ee19c14cf6d,2026-10-03T14:01:56.867Z,2026-10-03T14:02:00.305Z,2022-10-06T15:55:41.243Z,8,8,41321,15587,2.8241763025796573
qc-prov-2022-10-03-general,qc-prov-2017-2022-264,src_3ee19c14cf6d_20261003140156867_66a4410f46b2,final,src_3ee19c14cf6d,2026-10-03T14:01:56.867Z,2026-10-03T14:02:00.305Z,2022-10-06T15:55:41.243Z,7,7,30592,10894,2.679713915147564
qc-prov-2022-10-03-general,qc-prov-2017-2022-300,src_3ee19c14cf6d_20261003140156867_66a4410f46b2,final,src_3ee19c14cf6d,2026-10-03T14:01:56.867Z,2026-10-03T14:02:00.305Z,2022-10-06T15:55:41.243Z,11,11,31093,461,4.109412416869302
qc-prov-2022-10-03-general,qc-prov-2017-2022-304,src_3ee19c14cf6d_20261003140156867_66a4410f46b2,final,src_3ee19c14cf6d,2026-10-03T14:01:56.867Z,2026-10-03T14:02:00.305Z,2022-10-06T15:55:41.243Z,8,8,28216,6102,3.5431471182103493
qc-prov-2022-10-03-general,qc-prov-2017-2022-306,src_3ee19c14cf6d_20261003140156867_66a4410f46b2,final,src_3ee19c14cf6d,2026-10-03T14:01:56.867Z,2026-10-03T14:02:00.305Z,2022-10-06T15:55:41.243Z,7,7,26224,6533,3.3986520505955222
qc-prov-2022-10-03-general,qc-prov-2017-2022-310,src_3ee19c14cf6d_20261003140156867_66a4410f46b2,final,src_3ee19c14cf6d,2026-10-03T14:01:56.867Z,2026-10-03T14:02:00.305Z,2022-10-06T15:55:41.243Z,7,7,29022,14898,2.379306899481525
qc-prov-2022-10-03-general,qc-prov-2017-2022-312,src_3ee19c14cf6d_20261003140156867_66a4410f46b2,final,src_3ee19c14cf6d,2026-10-03T14:01:56.867Z,2026-10-03T14:02:00.305Z,2022-10-06T15:55:41.243Z,9,9,33546,11870,3.0560256723358163
qc-prov-2022-10-03-general,qc-prov-2017-2022-316,src_3ee19c14cf6d_20261003140156867_66a4410f46b2,final,src_3ee19c14cf6d,2026-10-03T14:01:56.867Z,2026-10-03T14:02:00.305Z,2022-10-06T15:55:41.243Z,8,8,29827,12449,2.6678487098126373
qc-prov-2022-10-03-general,qc-prov-2017-2022-318,src_3ee19c14cf6d_20261003140156867_66a4410f46b2,final,src_3ee19c14cf6d,2026-10-03T14:01:56.867Z,2026-10-03T14:02:00.305Z,2022-10-06T15:55:41.243Z,8,8,28628,10213,3.289965022485912
qc-prov-2022-10-03-general,qc-prov-2017-2022-320,src_3ee19c14cf6d_20261003140156867_66a4410f46b2,final,src_3ee19c14cf6d,2026-10-03T14:01:56.867Z,2026-10-03T14:02:00.305Z,2022-10-06T15:55:41.243Z,9,9,25866,7621,3.0549299220809947
qc-prov-2022-10-03-general,qc-prov-2017-2022-324,src_3ee19c14cf6d_20261003140156867_66a4410f46b2,final,src_3ee19c14cf6d,2026-10-03T14:01:56.867Z,2026-10-03T14:02:00.305Z,2022-10-06T15:55:41.243Z,9,9,25602,8951,3.33533310785765
qc-prov-2022-10-03-general,qc-prov-2017-2022-326,src_3ee19c14cf6d_20261003140156867_66a4410f46b2,final,src_3ee19c14cf6d,2026-10-03T14:01:56.867Z,2026-10-03T14:02:00.305Z,2022-10-06T15:55:41.243Z,8,8,32440,2736,3.992219517597223
qc-prov-2022-10-03-general,qc-prov-2017-2022-330,src_3ee19c14cf6d_20261003140156867_66a4410f46b2,final,src_3ee19c14cf6d,2026-10-03T14:01:56.867Z,2026-10-03T14:02:00.305Z,2022-10-06T15:55:41.243Z,8,8,22841,7271,3.3608070372296
qc-prov-2022-10-03-general,qc-prov-2017-2022-332,src_3ee19c14cf6d_20261003140156867_66a4410f46b2,final,src_3ee19c14cf6d,2026-10-03T14:01:56.867Z,2026-10-03T14:02:00.305Z,2022-10-06T15:55:41.243Z,8,8,20952,7889,3.3551127246046724
qc-prov-2022-10-03-general,qc-prov-2017-2022-336,src_3ee19c14cf6d_20261003140156867_66a4410f46b2,final,src_3ee19c14cf6d,2026-10-03T14:01:56.867Z,2026-10-03T14:02:00.305Z,2022-10-06T15:55:41.243Z,8,8,29629,5650,4.129655407159889
qc-prov-2022-10-03-general,qc-prov-2017-2022-338,src_3ee19c14cf6d_20261003140156867_66a4410f46b2,final,src_3ee19c14cf6d,2026-10-03T14:01:56.867Z,2026-10-03T14:02:00.305Z,2022-10-06T15:55:41.243Z,6,6,25984,6513,3.8373320303978264
qc-prov-2022-10-03-general,qc-prov-2017-2022-340,src_3ee19c14cf6d_20261003140156867_66a4410f46b2,final,src_3ee19c14cf6d,2026-10-03T14:01:56.867Z,2026-10-03T14:02:00.305Z,2022-10-06T15:55:41.243Z,9,9,31447,2361,4.04780502313514
qc-prov-2022-10-03-general,qc-prov-2017-2022-344,src_3ee19c14cf6d_20261003140156867_66a4410f46b2,final,src_3ee19c14cf6d,2026-10-03T14:01:56.867Z,2026-10-03T14:02:00.305Z,2022-10-06T15:55:41.243Z,10,10,27303,7979,3.286502331808774
qc-prov-2022-10-03-general,qc-prov-2017-2022-346,src_3ee19c14cf6d_20261003140156867_66a4410f46b2,final,src_3ee19c14cf6d,2026-10-03T14:01:56.867Z,2026-10-03T14:02:00.305Z,2022-10-06T15:55:41.243Z,8,8,29078,13321,2.527522361125883
qc-prov-2022-10-03-general,qc-prov-2017-2022-350,src_3ee19c14cf6d_20261003140156867_66a4410f46b2,final,src_3ee19c14cf6d,2026-10-03T14:01:56.867Z,2026-10-03T14:02:00.305Z,2022-10-06T15:55:41.243Z,7,7,27363,10769,2.9018043917431324
qc-prov-2022-10-03-general,qc-prov-2017-2022-352,src_3ee19c14cf6d_20261003140156867_66a4410f46b2,final,src_3ee19c14cf6d,2026-10-03T14:01:56.867Z,2026-10-03T14:02:00.305Z,2022-10-06T15:55:41.243Z,8,8,25144,8056,3.051120783433395
qc-prov-2022-10-03-general,qc-prov-2017-2022-356,src_3ee19c14cf6d_20261003140156867_66a4410f46b2,final,src_3ee19c14cf6d,2026-10-03T14:01:56.867Z,2026-10-03T14:02:00.305Z,2022-10-06T15:55:41.243Z,7,7,35380,5154,3.9047545452357304
qc-prov-2022-10-03-general,qc-prov-2017-2022-358,src_3ee19c14cf6d_20261003140156867_66a4410f46b2,final,src_3ee19c14cf6d,2026-10-03T14:01:56.867Z,2026-10-03T14:02:00.305Z,2022-10-06T15:55:41.243Z,8,8,21082,1631,3.685789957335465
qc-prov-2022-10-03-general,qc-prov-2017-2022-360,src_3ee19c14cf6d_20261003140156867_66a4410f46b2,final,src_3ee19c14cf6d,2026-10-03T14:01:56.867Z,2026-10-03T14:02:00.305Z,2022-10-06T15:55:41.243Z,8,8,24182,3655,3.7998718840120134
qc-prov-2022-10-03-general,qc-prov-2017-2022-364,src_3ee19c14cf6d_20261003140156867_66a4410f46b2,final,src_3ee19c14cf6d,2026-10-03T14:01:56.867Z,2026-10-03T14:02:00.305Z,2022-10-06T15:55:41.243Z,7,7,26834,10016,2.8950483844522927
qc-prov-2022-10-03-general,qc-prov-2017-2022-366,src_3ee19c14cf6d_20261003140156867_66a4410f46b2,final,src_3ee19c14cf6d,2026-10-03T14:01:56.867Z,2026-10-03T14:02:00.305Z,2022-10-06T15:55:41.243Z,7,7,26363,1331,3.8641741457847876
qc-prov-2022-10-03-general,qc-prov-2017-2022-370,src_3ee19c14cf6d_20261003140156867_66a4410f46b2,final,src_3ee19c14cf6d,2026-10-03T14:01:56.867Z,2026-10-03T14:02:00.305Z,2022-10-06T15:55:41.243Z,8,8,28690,2794,3.2496038154679616
qc-prov-2022-10-03-general,qc-prov-2017-2022-380,src_3ee19c14cf6d_20261003140156867_66a4410f46b2,final,src_3ee19c14cf6d,2026-10-03T14:01:56.867Z,2026-10-03T14:02:00.305Z,2022-10-06T15:55:41.243Z,9,9,26495,6891,3.456913716138949
qc-prov-2022-10-03-general,qc-prov-2017-2022-390,src_3ee19c14cf6d_20261003140156867_66a4410f46b2,final,src_3ee19c14cf6d,2026-10-03T14:01:56.867Z,2026-10-03T14:02:00.305Z,2022-10-06T15:55:41.243Z,6,6,25929,8209,2.985759389721376
qc-prov-2022-10-03-general,qc-prov-2017-2022-454,src_3ee19c14cf6d_20261003140156867_66a4410f46b2,final,src_3ee19c14cf6d,2026-10-03T14:01:56.867Z,2026-10-03T14:02:00.305Z,2022-10-06T15:55:41.243Z,6,6,33230,1053,4.232385409202864
qc-prov-2022-10-03-general,qc-prov-2017-2022-460,src_3ee19c14cf6d_20261003140156867_66a4410f46b2,final,src_3ee19c14cf6d,2026-10-03T14:01:56.867Z,2026-10-03T14:02:00.305Z,2022-10-06T15:55:41.243Z,7,7,32572,3199,3.9118745144425566
qc-prov-2022-10-03-general,qc-prov-2017-2022-466,src_3ee19c14cf6d_20261003140156867_66a4410f46b2,final,src_3ee19c14cf6d,2026-10-03T14:01:56.867Z,2026-10-03T14:02:00.305Z,2022-10-06T15:55:41.243Z,6,6,34307,306,4.135323244728309
qc-prov-2022-10-03-general,qc-prov-2017-2022-470,src_3ee19c14cf6d_20261003140156867_66a4410f46b2,final,src_3ee19c14cf6d,2026-10-03T14:01:56.867Z,2026-10-03T14:02:00.305Z,2022-10-06T15:55:41.243Z,8,8,36600,5313,3.992143836671834
qc-prov-2022-10-03-general,qc-prov-2017-2022-476,src_3ee19c14cf6d_20261003140156867_66a4410f46b2,final,src_3ee19c14cf6d,2026-10-03T14:01:56.867Z,2026-10-03T14:02:00.305Z,2022-10-06T15:55:41.243Z,6,6,31965,1416,4.038354348545663
qc-prov-2022-10-03-general,qc-prov-2017-2022-482,src_3ee19c14cf6d_20261003140156867_66a4410f46b2,final,src_3ee19c14cf6d,2026-10-03T14:01:56.867Z,2026-10-03T14:02:00.305Z,2022-10-06T15:55:41.243Z,6,6,29410,425,4.115845769310485
qc-prov-2022-10-03-general,qc-prov-2017-2022-502,src_3ee19c14cf6d_20261003140156867_66a4410f46b2,final,src_3ee19c14cf6d,2026-10-03T14:01:56.867Z,2026-10-03T14:02:00.305Z,2022-10-06T15:55:41.243Z,6,6,36507,11512,3.3611327555225605
qc-prov-2022-10-03-general,qc-prov-2017-2022-508,src_3ee19c14cf6d_20261003140156867_66a4410f46b2,final,src_3ee19c14cf6d,2026-10-03T14:01:56.867Z,2026-10-03T14:02:00.305Z,2022-10-06T15:55:41.243Z,8,8,33675,10077,3.4314685761449892
qc-prov-2022-10-03-general,qc-prov-2017-2022-514,src_3ee19c14cf6d_20261003140156867_66a4410f46b2,final,src_3ee19c14cf6d,2026-10-03T14:01:56.867Z,2026-10-03T14:02:00.305Z,2022-10-06T15:55:41.243Z,7,7,43184,14393,3.148117829503301
qc-prov-2022-10-03-general,qc-prov-2017-2022-520,src_3ee19c14cf6d_20261003140156867_66a4410f46b2,final,src_3ee19c14cf6d,2026-10-03T14:01:56.867Z,2026-10-03T14:02:00.305Z,2022-10-06T15:55:41.243Z,8,8,32649,9434,3.653270618164206
qc-prov-2022-10-03-general,qc-prov-2017-2022-526,src_3ee19c14cf6d_20261003140156867_66a4410f46b2,final,src_3ee19c14cf6d,2026-10-03T14:01:56.867Z,2026-10-03T14:02:00.305Z,2022-10-06T15:55:41.243Z,6,6,41038,12800,3.1079810347244385
qc-prov-2022-10-03-general,qc-prov-2017-2022-530,src_3ee19c14cf6d_20261003140156867_66a4410f46b2,final,src_3ee19c14cf6d,2026-10-03T14:01:56.867Z,2026-10-03T14:02:00.305Z,2022-10-06T15:55:41.243Z,6,6,27544,9478,3.1375377110872398
qc-prov-2022-10-03-general,qc-prov-2017-2022-536,src_3ee19c14cf6d_20261003140156867_66a4410f46b2,final,src_3ee19c14cf6d,2026-10-03T14:01:56.867Z,2026-10-03T14:02:00.305Z,2022-10-06T15:55:41.243Z,6,6,42769,14549,3.229530992005233
qc-prov-2022-10-03-general,qc-prov-2017-2022-542,src_3ee19c14cf6d_20261003140156867_66a4410f46b2,final,src_3ee19c14cf6d,2026-10-03T14:01:56.867Z,2026-10-03T14:02:00.305Z,2022-10-06T15:55:41.243Z,7,7,42295,12925,3.196921064680299
qc-prov-2022-10-03-general,qc-prov-2017-2022-548,src_3ee19c14cf6d_20261003140156867_66a4410f46b2,final,src_3ee19c14cf6d,2026-10-03T14:01:56.867Z,2026-10-03T14:02:00.305Z,2022-10-06T15:55:41.243Z,6,6,35264,11763,3.0327633587057967
qc-prov-2022-10-03-general,qc-prov-2017-2022-554,src_3ee19c14cf6d_20261003140156867_66a4410f46b2,final,src_3ee19c14cf6d,2026-10-03T14:01:56.867Z,2026-10-03T14:02:00.305Z,2022-10-06T15:55:41.243Z,5,5,31790,14084,2.5500865009753046
qc-prov-2022-10-03-general,qc-prov-2017-2022-560,src_3ee19c14cf6d_20261003140156867_66a4410f46b2,final,src_3ee19c14cf6d,2026-10-03T14:01:56.867Z,2026-10-03T14:02:00.305Z,2022-10-06T15:55:41.243Z,6,6,37714,13061,2.9781056005636164
qc-prov-2022-10-03-general,qc-prov-2017-2022-566,src_3ee19c14cf6d_20261003140156867_66a4410f46b2,final,src_3ee19c14cf6d,2026-10-03T14:01:56.867Z,2026-10-03T14:02:00.305Z,2022-10-06T15:55:41.243Z,6,6,41706,12574,2.9786802690137426
qc-prov-2022-10-03-general,qc-prov-2017-2022-570,src_3ee19c14cf6d_20261003140156867_66a4410f46b2,final,src_3ee19c14cf6d,2026-10-03T14:01:56.867Z,2026-10-03T14:02:00.305Z,2022-10-06T15:55:41.243Z,5,5,39330,5644,3.0594821063396083
qc-prov-2022-10-03-general,qc-prov-2017-2022-576,src_3ee19c14cf6d_20261003140156867_66a4410f46b2,final,src_3ee19c14cf6d,2026-10-03T14:01:56.867Z,2026-10-03T14:02:00.305Z,2022-10-06T15:55:41.243Z,5,5,27912,9132,3.043439887932872
qc-prov-2022-10-03-general,qc-prov-2017-2022-582,src_3ee19c14cf6d_20261003140156867_66a4410f46b2,final,src_3ee19c14cf6d,2026-10-03T14:01:56.867Z,2026-10-03T14:02:00.305Z,2022-10-06T15:55:41.243Z,7,7,34401,9166,3.421437644493786
qc-prov-2022-10-03-general,qc-prov-2017-2022-588,src_3ee19c14cf6d_20261003140156867_66a4410f46b2,final,src_3ee19c14cf6d,2026-10-03T14:01:56.867Z,2026-10-03T14:02:00.305Z,2022-10-06T15:55:41.243Z,8,8,35188,8668,3.485599790766389
qc-prov-2022-10-03-general,qc-prov-2017-2022-594,src_3ee19c14cf6d_20261003140156867_66a4410f46b2,final,src_3ee19c14cf6d,2026-10-03T14:01:56.867Z,2026-10-03T14:02:00.305Z,2022-10-06T15:55:41.243Z,6,6,33272,11296,2.89725037764131
qc-prov-2022-10-03-general,qc-prov-2017-2022-602,src_3ee19c14cf6d_20261003140156867_66a4410f46b2,final,src_3ee19c14cf6d,2026-10-03T14:01:56.867Z,2026-10-03T14:02:00.305Z,2022-10-06T15:55:41.243Z,6,6,31925,2784,4.082578363932173
qc-prov-2022-10-03-general,qc-prov-2017-2022-608,src_3ee19c14cf6d_20261003140156867_66a4410f46b2,final,src_3ee19c14cf6d,2026-10-03T14:01:56.867Z,2026-10-03T14:02:00.305Z,2022-10-06T15:55:41.243Z,7,7,28564,5421,3.5790726583835815
qc-prov-2022-10-03-general,qc-prov-2017-2022-614,src_3ee19c14cf6d_20261003140156867_66a4410f46b2,final,src_3ee19c14cf6d,2026-10-03T14:01:56.867Z,2026-10-03T14:02:00.305Z,2022-10-06T15:55:41.243Z,7,7,36491,9918,3.4197445612687747
qc-prov-2022-10-03-general,qc-prov-2017-2022-620,src_3ee19c14cf6d_20261003140156867_66a4410f46b2,final,src_3ee19c14cf6d,2026-10-03T14:01:56.867Z,2026-10-03T14:02:00.305Z,2022-10-06T15:55:41.243Z,7,7,31284,12104,3.037491069216512
qc-prov-2022-10-03-general,qc-prov-2017-2022-626,src_3ee19c14cf6d_20261003140156867_66a4410f46b2,final,src_3ee19c14cf6d,2026-10-03T14:01:56.867Z,2026-10-03T14:02:00.305Z,2022-10-06T15:55:41.243Z,7,7,37464,14627,2.9997261041329626
qc-prov-2022-10-03-general,qc-prov-2017-2022-636,src_3ee19c14cf6d_20261003140156867_66a4410f46b2,final,src_3ee19c14cf6d,2026-10-03T14:01:56.867Z,2026-10-03T14:02:00.305Z,2022-10-06T15:55:41.243Z,6,6,28732,4085,3.1236383221626127
qc-prov-2022-10-03-general,qc-prov-2017-2022-642,src_3ee19c14cf6d_20261003140156867_66a4410f46b2,final,src_3ee19c14cf6d,2026-10-03T14:01:56.867Z,2026-10-03T14:02:00.305Z,2022-10-06T15:55:41.243Z,6,6,22246,5780,3.3166306990750076
qc-prov-2022-10-03-general,qc-prov-2017-2022-648,src_3ee19c14cf6d_20261003140156867_66a4410f46b2,final,src_3ee19c14cf6d,2026-10-03T14:01:56.867Z,2026-10-03T14:02:00.305Z,2022-10-06T15:55:41.243Z,5,5,20695,6718,3.415982230126607
qc-prov-2022-10-03-general,qc-prov-2017-2022-660,src_3ee19c14cf6d_20261003140156867_66a4410f46b2,final,src_3ee19c14cf6d,2026-10-03T14:01:56.867Z,2026-10-03T14:02:00.305Z,2022-10-06T15:55:41.243Z,7,7,37115,12790,3.089930808901154
qc-prov-2022-10-03-general,qc-prov-2017-2022-666,src_3ee19c14cf6d_20261003140156867_66a4410f46b2,final,src_3ee19c14cf6d,2026-10-03T14:01:56.867Z,2026-10-03T14:02:00.305Z,2022-10-06T15:55:41.243Z,9,9,31953,11965,2.9029670234183165
qc-prov-2022-10-03-general,qc-prov-2017-2022-670,src_3ee19c14cf6d_20261003140156867_66a4410f46b2,final,src_3ee19c14cf6d,2026-10-03T14:01:56.867Z,2026-10-03T14:02:00.305Z,2022-10-06T15:55:41.243Z,8,8,37543,13131,3.005274905923382
qc-prov-2022-10-03-general,qc-prov-2017-2022-676,src_3ee19c14cf6d_20261003140156867_66a4410f46b2,final,src_3ee19c14cf6d,2026-10-03T14:01:56.867Z,2026-10-03T14:02:00.305Z,2022-10-06T15:55:41.243Z,6,6,42068,16130,2.7147748455894076
qc-prov-2022-10-03-general,qc-prov-2017-2022-702,src_3ee19c14cf6d_20261003140156867_66a4410f46b2,final,src_3ee19c14cf6d,2026-10-03T14:01:56.867Z,2026-10-03T14:02:00.305Z,2022-10-06T15:55:41.243Z,8,8,34164,2988,4.422588352537712
qc-prov-2022-10-03-general,qc-prov-2017-2022-708,src_3ee19c14cf6d_20261003140156867_66a4410f46b2,final,src_3ee19c14cf6d,2026-10-03T14:01:56.867Z,2026-10-03T14:02:00.305Z,2022-10-06T15:55:41.243Z,8,8,37710,11575,3.405851612892564
qc-prov-2022-10-03-general,qc-prov-2017-2022-714,src_3ee19c14cf6d_20261003140156867_66a4410f46b2,final,src_3ee19c14cf6d,2026-10-03T14:01:56.867Z,2026-10-03T14:02:00.305Z,2022-10-06T15:55:41.243Z,7,7,32529,5737,3.0253152411943294
qc-prov-2022-10-03-general,qc-prov-2017-2022-720,src_3ee19c14cf6d_20261003140156867_66a4410f46b2,final,src_3ee19c14cf6d,2026-10-03T14:01:56.867Z,2026-10-03T14:02:00.305Z,2022-10-06T15:55:41.243Z,9,9,44448,6423,3.2554460801272715
qc-prov-2022-10-03-general,qc-prov-2017-2022-726,src_3ee19c14cf6d_20261003140156867_66a4410f46b2,final,src_3ee19c14cf6d,2026-10-03T14:01:56.867Z,2026-10-03T14:02:00.305Z,2022-10-06T15:55:41.243Z,8,8,43918,12240,3.3494616685210983
qc-prov-2022-10-03-general,qc-prov-2017-2022-730,src_3ee19c14cf6d_20261003140156867_66a4410f46b2,final,src_3ee19c14cf6d,2026-10-03T14:01:56.867Z,2026-10-03T14:02:00.305Z,2022-10-06T15:55:41.243Z,9,9,34370,5831,3.7518934597938287
qc-prov-2022-10-03-general,qc-prov-2017-2022-736,src_3ee19c14cf6d_20261003140156867_66a4410f46b2,final,src_3ee19c14cf6d,2026-10-03T14:01:56.867Z,2026-10-03T14:02:00.305Z,2022-10-06T15:55:41.243Z,9,9,30154,1964,3.6418179540002216
qc-prov-2022-10-03-general,qc-prov-2017-2022-742,src_3ee19c14cf6d_20261003140156867_66a4410f46b2,final,src_3ee19c14cf6d,2026-10-03T14:01:56.867Z,2026-10-03T14:02:00.305Z,2022-10-06T15:55:41.243Z,7,7,42326,8093,3.316610753532721
qc-prov-2022-10-03-general,qc-prov-2017-2022-748,src_3ee19c14cf6d_20261003140156867_66a4410f46b2,final,src_3ee19c14cf6d,2026-10-03T14:01:56.867Z,2026-10-03T14:02:00.305Z,2022-10-06T15:55:41.243Z,8,8,42042,10357,3.5101985886184925
qc-prov-2022-10-03-general,qc-prov-2017-2022-754,src_3ee19c14cf6d_20261003140156867_66a4410f46b2,final,src_3ee19c14cf6d,2026-10-03T14:01:56.867Z,2026-10-03T14:02:00.305Z,2022-10-06T15:55:41.243Z,8,8,43318,6498,2.9768306788262864
qc-prov-2022-10-03-general,qc-prov-2017-2022-760,src_3ee19c14cf6d_20261003140156867_66a4410f46b2,final,src_3ee19c14cf6d,2026-10-03T14:01:56.867Z,2026-10-03T14:02:00.305Z,2022-10-06T15:55:41.243Z,6,6,37322,11216,3.236024150538473
qc-prov-2022-10-03-general,qc-prov-2017-2022-802,src_3ee19c14cf6d_20261003140156867_66a4410f46b2,final,src_3ee19c14cf6d,2026-10-03T14:01:56.867Z,2026-10-03T14:02:00.305Z,2022-10-06T15:55:41.243Z,6,6,37293,428,2.5556789367015527
qc-prov-2022-10-03-general,qc-prov-2017-2022-806,src_3ee19c14cf6d_20261003140156867_66a4410f46b2,final,src_3ee19c14cf6d,2026-10-03T14:01:56.867Z,2026-10-03T14:02:00.305Z,2022-10-06T15:55:41.243Z,6,6,33591,202,2.6418940610895154
qc-prov-2022-10-03-general,qc-prov-2017-2022-810,src_3ee19c14cf6d_20261003140156867_66a4410f46b2,final,src_3ee19c14cf6d,2026-10-03T14:01:56.867Z,2026-10-03T14:02:00.305Z,2022-10-06T15:55:41.243Z,5,5,41929,4827,3.176270859493482
qc-prov-2022-10-03-general,qc-prov-2017-2022-814,src_3ee19c14cf6d_20261003140156867_66a4410f46b2,final,src_3ee19c14cf6d,2026-10-03T14:01:56.867Z,2026-10-03T14:02:00.305Z,2022-10-06T15:55:41.243Z,5,5,46467,9415,3.0990906753040766
qc-prov-2022-10-03-general,qc-prov-2017-2022-818,src_3ee19c14cf6d_20261003140156867_66a4410f46b2,final,src_3ee19c14cf6d,2026-10-03T14:01:56.867Z,2026-10-03T14:02:00.305Z,2022-10-06T15:55:41.243Z,7,7,36997,10374,3.188709237030469
qc-prov-2022-10-03-general,qc-prov-2017-2022-822,src_3ee19c14cf6d_20261003140156867_66a4410f46b2,final,src_3ee19c14cf6d,2026-10-03T14:01:56.867Z,2026-10-03T14:02:00.305Z,2022-10-06T15:55:41.243Z,5,5,32933,3453,2.884136873283539
qc-prov-2022-10-03-general,qc-prov-2017-2022-826,src_3ee19c14cf6d_20261003140156867_66a4410f46b2,final,src_3ee19c14cf6d,2026-10-03T14:01:56.867Z,2026-10-03T14:02:00.305Z,2022-10-06T15:55:41.243Z,6,6,33792,8206,3.2126226989712245
qc-prov-2022-10-03-general,qc-prov-2017-2022-834,src_3ee19c14cf6d_20261003140156867_66a4410f46b2,final,src_3ee19c14cf6d,2026-10-03T14:01:56.867Z,2026-10-03T14:02:00.305Z,2022-10-06T15:55:41.243Z,6,6,34925,12042,2.9618618752653205
qc-prov-2022-10-03-general,qc-prov-2017-2022-838,src_3ee19c14cf6d_20261003140156867_66a4410f46b2,final,src_3ee19c14cf6d,2026-10-03T14:01:56.867Z,2026-10-03T14:02:00.305Z,2022-10-06T15:55:41.243Z,7,7,32960,4321,3.2769235921277287
qc-prov-2022-10-03-general,qc-prov-2017-2022-842,src_3ee19c14cf6d_20261003140156867_66a4410f46b2,final,src_3ee19c14cf6d,2026-10-03T14:01:56.867Z,2026-10-03T14:02:00.305Z,2022-10-06T15:55:41.243Z,6,6,29746,14894,2.0255716110928215
qc-prov-2022-10-03-general,qc-prov-2017-2022-850,src_3ee19c14cf6d_20261003140156867_66a4410f46b2,final,src_3ee19c14cf6d,2026-10-03T14:01:56.867Z,2026-10-03T14:02:00.305Z,2022-10-06T15:55:41.243Z,7,7,22313,3211,3.2250985205893636
qc-prov-2022-10-03-general,qc-prov-2017-2022-854,src_3ee19c14cf6d_20261003140156867_66a4410f46b2,final,src_3ee19c14cf6d,2026-10-03T14:01:56.867Z,2026-10-03T14:02:00.305Z,2022-10-06T15:55:41.243Z,5,5,18219,710,3.053177065701052
qc-prov-2022-10-03-general,qc-prov-2017-2022-858,src_3ee19c14cf6d_20261003140156867_66a4410f46b2,final,src_3ee19c14cf6d,2026-10-03T14:01:56.867Z,2026-10-03T14:02:00.305Z,2022-10-06T15:55:41.243Z,5,5,8364,539,2.6150242537331563
qc-prov-2022-10-03-general,qc-prov-2017-2022-902,src_3ee19c14cf6d_20261003140156867_66a4410f46b2,final,src_3ee19c14cf6d,2026-10-03T14:01:56.867Z,2026-10-03T14:02:00.305Z,2022-10-06T15:55:41.243Z,6,6,19463,3960,3.329318250753315
qc-prov-2022-10-03-general,qc-prov-2017-2022-906,src_3ee19c14cf6d_20261003140156867_66a4410f46b2,final,src_3ee19c14cf6d,2026-10-03T14:01:56.867Z,2026-10-03T14:02:00.305Z,2022-10-06T15:55:41.243Z,7,7,19309,7290,2.4497653346940247
qc-prov-2022-10-03-general,qc-prov-2017-2022-914,src_3ee19c14cf6d_20261003140156867_66a4410f46b2,final,src_3ee19c14cf6d,2026-10-03T14:01:56.867Z,2026-10-03T14:02:00.305Z,2022-10-06T15:55:41.243Z,6,6,26781,10728,2.586258317732811
qc-prov-2022-10-03-general,qc-prov-2017-2022-918,src_3ee19c14cf6d_20261003140156867_66a4410f46b2,final,src_3ee19c14cf6d,2026-10-03T14:01:56.867Z,2026-10-03T14:02:00.305Z,2022-10-06T15:55:41.243Z,5,5,31063,14930,2.3224834114142068
qc-prov-2022-10-03-general,qc-prov-2017-2022-922,src_3ee19c14cf6d_20261003140156867_66a4410f46b2,final,src_3ee19c14cf6d,2026-10-03T14:01:56.867Z,2026-10-03T14:02:00.305Z,2022-10-06T15:55:41.243Z,6,6,30637,12284,2.4521532014038505
qc-prov-2022-10-03-general,qc-prov-2017-2022-926,src_3ee19c14cf6d_20261003140156867_66a4410f46b2,final,src_3ee19c14cf6d,2026-10-03T14:01:56.867Z,2026-10-03T14:02:00.305Z,2022-10-06T15:55:41.243Z,7,7,28752,7431,2.8557370672785125
qc-prov-2022-10-03-general,qc-prov-2017-2022-930,src_3ee19c14cf6d_20261003140156867_66a4410f46b2,final,src_3ee19c14cf6d,2026-10-03T14:01:56.867Z,2026-10-03T14:02:00.305Z,2022-10-06T15:55:41.243Z,6,6,26727,9529,2.6486864813382733
qc-prov-2022-10-03-general,qc-prov-2017-2022-938,src_3ee19c14cf6d_20261003140156867_66a4410f46b2,final,src_3ee19c14cf6d,2026-10-03T14:01:56.867Z,2026-10-03T14:02:00.305Z,2022-10-06T15:55:41.243Z,5,5,8635,1040,4.052234444883381
qc-prov-2023-03-13-partial,qc-prov-2017-2022-326,src_8f0698d69120_20261003140153734_b2f8081f3f95,final,src_8f0698d69120,2026-10-03T14:01:53.734Z,2026-10-03T14:01:54.281Z,2023-03-15T06:12:13.009Z,11,11,17747,2758,3.2826776245173925
qc-prov-2023-10-02-partial,qc-prov-2017-2022-702,src_335c9751e725_20261003140151321_78e20bfa311a,final,src_335c9751e725,2026-10-03T14:01:51.321Z,2026-10-03T14:01:51.793Z,2023-10-04T06:12:13.575Z,10,10,25684,5853,3.5439984809436305
qc-prov-2025-03-17-partial,qc-prov-2017-2022-542,src_fc8fc11eea9d_20261003140149086_e91543bd1947,final,src_fc8fc11eea9d,2026-10-03T14:01:49.086Z,2026-10-03T14:01:49.425Z,2025-03-19T06:12:32.367Z,9,9,22622,5427,2.692778183589302
qc-prov-2025-08-11-partial,qc-prov-2017-2022-144,src_d46eedaf6c55_20261003140146688_e9b35e080043,final,src_d46eedaf6c55,2026-10-03T14:01:46.688Z,2026-10-03T14:01:47.121Z,2025-08-13T06:12:20.401Z,10,9,37365,4246,2.8433332960302926
qc-prov-2026-02-23-partial,qc-prov-2017-2022-918,src_23a95c0b8ace_20261003140142071_e93d20d5ee10,final,src_23a95c0b8ace,2026-10-03T14:01:42.071Z,2026-10-03T14:01:42.962Z,2026-02-25T07:12:06.569Z,7,7,15432,2976,3.336941980496625
qc-prov-2026-10-05-general,qc-prov-2026-2026-117,src_3bbf709ff718_20261006060145196_626649ba1833,final,src_3bbf709ff718,2026-10-06T06:01:45.196Z,2026-10-06T06:01:45.273Z,2026-10-06T05:49:38.957Z,7,7,35844,3335,4.167464216861237
qc-prov-2026-10-05-general,qc-prov-2026-2026-117,src_3bbf709ff718_20261006132431492_0b9bc8ab9d4a,final,src_3bbf709ff718,2026-10-06T13:24:31.492Z,2026-10-06T13:24:32.003Z,2026-10-06T13:10:08.959Z,7,7,35844,3335,4.167464216861237
qc-prov-2026-10-05-general,qc-prov-2026-2026-117,src_3bbf709ff718_20261006141046208_ab667d6040b8,final,src_3bbf709ff718,2026-10-06T14:10:46.208Z,2026-10-06T14:10:47.285Z,2026-10-06T13:55:38.958Z,7,7,35844,3335,4.167464216861237
qc-prov-2026-10-05-general,qc-prov-2026-2026-117,src_3bbf709ff718_20261006150515586_f23cf0de219b,final,src_3bbf709ff718,2026-10-06T15:05:15.586Z,2026-10-06T15:05:15.672Z,2026-10-06T14:57:08.957Z,7,7,35844,3335,4.167464216861237
qc-prov-2026-10-05-general,qc-prov-2026-2026-119,src_3bbf709ff718_20261006060145196_626649ba1833,final,src_3bbf709ff718,2026-10-06T06:01:45.196Z,2026-10-06T06:01:45.273Z,2026-10-06T05:49:38.957Z,7,7,37300,809,4.877123439370628
qc-prov-2026-10-05-general,qc-prov-2026-2026-119,src_3bbf709ff718_20261006132431492_0b9bc8ab9d4a,final,src_3bbf709ff718,2026-10-06T13:24:31.492Z,2026-10-06T13:24:32.003Z,2026-10-06T13:10:08.959Z,7,7,37300,809,4.877123439370628
qc-prov-2026-10-05-general,qc-prov-2026-2026-119,src_3bbf709ff718_20261006141046208_ab667d6040b8,final,src_3bbf709ff718,2026-10-06T14:10:46.208Z,2026-10-06T14:10:47.285Z,2026-10-06T13:55:38.958Z,7,7,37300,809,4.877123439370628
qc-prov-2026-10-05-general,qc-prov-2026-2026-119,src_3bbf709ff718_20261006150515586_f23cf0de219b,final,src_3bbf709ff718,2026-10-06T15:05:15.586Z,2026-10-06T15:05:15.672Z,2026-10-06T14:57:08.957Z,7,7,37300,809,4.877123439370628
qc-prov-2026-10-05-general,qc-prov-2026-2026-121,src_3bbf709ff718_20261006060145196_626649ba1833,final,src_3bbf709ff718,2026-10-06T06:01:45.196Z,2026-10-06T06:01:45.273Z,2026-10-06T05:49:38.957Z,10,10,37169,481,4.526901437403522
qc-prov-2026-10-05-general,qc-prov-2026-2026-121,src_3bbf709ff718_20261006132431492_0b9bc8ab9d4a,final,src_3bbf709ff718,2026-10-06T13:24:31.492Z,2026-10-06T13:24:32.003Z,2026-10-06T13:10:08.959Z,10,10,37169,481,4.526901437403522
qc-prov-2026-10-05-general,qc-prov-2026-2026-121,src_3bbf709ff718_20261006141046208_ab667d6040b8,final,src_3bbf709ff718,2026-10-06T14:10:46.208Z,2026-10-06T14:10:47.285Z,2026-10-06T13:55:38.958Z,10,10,37169,481,4.526901437403522
qc-prov-2026-10-05-general,qc-prov-2026-2026-121,src_3bbf709ff718_20261006150515586_f23cf0de219b,final,src_3bbf709ff718,2026-10-06T15:05:15.586Z,2026-10-06T15:05:15.672Z,2026-10-06T14:57:08.957Z,10,10,37169,481,4.526901437403522
qc-prov-2026-10-05-general,qc-prov-2026-2026-127,src_3bbf709ff718_20261006060145196_626649ba1833,final,src_3bbf709ff718,2026-10-06T06:01:45.196Z,2026-10-06T06:01:45.273Z,2026-10-06T05:49:38.957Z,9,9,34602,4416,4.027592987870864
qc-prov-2026-10-05-general,qc-prov-2026-2026-127,src_3bbf709ff718_20261006132431492_0b9bc8ab9d4a,final,src_3bbf709ff718,2026-10-06T13:24:31.492Z,2026-10-06T13:24:32.003Z,2026-10-06T13:10:08.959Z,9,9,34602,4416,4.027592987870864
qc-prov-2026-10-05-general,qc-prov-2026-2026-127,src_3bbf709ff718_20261006141046208_ab667d6040b8,final,src_3bbf709ff718,2026-10-06T14:10:46.208Z,2026-10-06T14:10:47.285Z,2026-10-06T13:55:38.958Z,9,9,34602,4416,4.027592987870864
qc-prov-2026-10-05-general,qc-prov-2026-2026-127,src_3bbf709ff718_20261006150515586_f23cf0de219b,final,src_3bbf709ff718,2026-10-06T15:05:15.586Z,2026-10-06T15:05:15.672Z,2026-10-06T14:57:08.957Z,9,9,34602,4416,4.027592987870864
qc-prov-2026-10-05-general,qc-prov-2026-2026-131,src_3bbf709ff718_20261006060145196_626649ba1833,final,src_3bbf709ff718,2026-10-06T06:01:45.196Z,2026-10-06T06:01:45.273Z,2026-10-06T05:49:38.957Z,5,5,34529,3396,4.160614501974027
qc-prov-2026-10-05-general,qc-prov-2026-2026-131,src_3bbf709ff718_20261006132431492_0b9bc8ab9d4a,final,src_3bbf709ff718,2026-10-06T13:24:31.492Z,2026-10-06T13:24:32.003Z,2026-10-06T13:10:08.959Z,5,5,34529,3396,4.160614501974027
qc-prov-2026-10-05-general,qc-prov-2026-2026-131,src_3bbf709ff718_20261006141046208_ab667d6040b8,final,src_3bbf709ff718,2026-10-06T14:10:46.208Z,2026-10-06T14:10:47.285Z,2026-10-06T13:55:38.958Z,5,5,34529,3396,4.160614501974027
qc-prov-2026-10-05-general,qc-prov-2026-2026-131,src_3bbf709ff718_20261006150515586_f23cf0de219b,final,src_3bbf709ff718,2026-10-06T15:05:15.586Z,2026-10-06T15:05:15.672Z,2026-10-06T14:57:08.957Z,5,5,34529,3396,4.160614501974027
qc-prov-2026-10-05-general,qc-prov-2026-2026-137,src_3bbf709ff718_20261006060145196_626649ba1833,final,src_3bbf709ff718,2026-10-06T06:01:45.196Z,2026-10-06T06:01:45.273Z,2026-10-06T05:49:38.957Z,8,8,43512,2737,4.580392516926239
qc-prov-2026-10-05-general,qc-prov-2026-2026-137,src_3bbf709ff718_20261006132431492_0b9bc8ab9d4a,final,src_3bbf709ff718,2026-10-06T13:24:31.492Z,2026-10-06T13:24:32.003Z,2026-10-06T13:10:08.959Z,8,8,43512,2737,4.580392516926239
qc-prov-2026-10-05-general,qc-prov-2026-2026-137,src_3bbf709ff718_20261006141046208_ab667d6040b8,final,src_3bbf709ff718,2026-10-06T14:10:46.208Z,2026-10-06T14:10:47.285Z,2026-10-06T13:55:38.958Z,8,8,43512,2737,4.580392516926239
qc-prov-2026-10-05-general,qc-prov-2026-2026-137,src_3bbf709ff718_20261006150515586_f23cf0de219b,final,src_3bbf709ff718,2026-10-06T15:05:15.586Z,2026-10-06T15:05:15.672Z,2026-10-06T14:57:08.957Z,8,8,43512,2737,4.580392516926239
qc-prov-2026-10-05-general,qc-prov-2026-2026-139,src_3bbf709ff718_20261006060145196_626649ba1833,final,src_3bbf709ff718,2026-10-06T06:01:45.196Z,2026-10-06T06:01:45.273Z,2026-10-06T05:49:38.957Z,8,8,31327,2769,3.993005752802712
qc-prov-2026-10-05-general,qc-prov-2026-2026-139,src_3bbf709ff718_20261006132431492_0b9bc8ab9d4a,final,src_3bbf709ff718,2026-10-06T13:24:31.492Z,2026-10-06T13:24:32.003Z,2026-10-06T13:10:08.959Z,8,8,31327,2769,3.993005752802712
qc-prov-2026-10-05-general,qc-prov-2026-2026-139,src_3bbf709ff718_20261006141046208_ab667d6040b8,final,src_3bbf709ff718,2026-10-06T14:10:46.208Z,2026-10-06T14:10:47.285Z,2026-10-06T13:55:38.958Z,8,8,31327,2769,3.993005752802712
qc-prov-2026-10-05-general,qc-prov-2026-2026-139,src_3bbf709ff718_20261006150515586_f23cf0de219b,final,src_3bbf709ff718,2026-10-06T15:05:15.586Z,2026-10-06T15:05:15.672Z,2026-10-06T14:57:08.957Z,8,8,31327,2769,3.993005752802712
qc-prov-2026-10-05-general,qc-prov-2026-2026-141,src_3bbf709ff718_20261006060145196_626649ba1833,final,src_3bbf709ff718,2026-10-06T06:01:45.196Z,2026-10-06T06:01:45.273Z,2026-10-06T05:49:38.957Z,7,7,37311,466,4.2057569804718575
qc-prov-2026-10-05-general,qc-prov-2026-2026-141,src_3bbf709ff718_20261006132431492_0b9bc8ab9d4a,final,src_3bbf709ff718,2026-10-06T13:24:31.492Z,2026-10-06T13:24:32.003Z,2026-10-06T13:10:08.959Z,7,7,37311,466,4.2057569804718575
qc-prov-2026-10-05-general,qc-prov-2026-2026-141,src_3bbf709ff718_20261006141046208_ab667d6040b8,final,src_3bbf709ff718,2026-10-06T14:10:46.208Z,2026-10-06T14:10:47.285Z,2026-10-06T13:55:38.958Z,7,7,37311,466,4.2057569804718575
qc-prov-2026-10-05-general,qc-prov-2026-2026-141,src_3bbf709ff718_20261006150515586_f23cf0de219b,final,src_3bbf709ff718,2026-10-06T15:05:15.586Z,2026-10-06T15:05:15.672Z,2026-10-06T14:57:08.957Z,7,7,37311,466,4.2057569804718575
qc-prov-2026-10-05-general,qc-prov-2026-2026-147,src_3bbf709ff718_20261006060145196_626649ba1833,final,src_3bbf709ff718,2026-10-06T06:01:45.196Z,2026-10-06T06:01:45.273Z,2026-10-06T05:49:38.957Z,7,7,45459,3552,3.361055025280858
qc-prov-2026-10-05-general,qc-prov-2026-2026-147,src_3bbf709ff718_20261006132431492_0b9bc8ab9d4a,final,src_3bbf709ff718,2026-10-06T13:24:31.492Z,2026-10-06T13:24:32.003Z,2026-10-06T13:10:08.959Z,7,7,45459,3552,3.361055025280858
qc-prov-2026-10-05-general,qc-prov-2026-2026-147,src_3bbf709ff718_20261006141046208_ab667d6040b8,final,src_3bbf709ff718,2026-10-06T14:10:46.208Z,2026-10-06T14:10:47.285Z,2026-10-06T13:55:38.958Z,7,7,45459,3552,3.361055025280858
qc-prov-2026-10-05-general,qc-prov-2026-2026-147,src_3bbf709ff718_20261006150515586_f23cf0de219b,final,src_3bbf709ff718,2026-10-06T15:05:15.586Z,2026-10-06T15:05:15.672Z,2026-10-06T14:57:08.957Z,7,7,45459,3552,3.361055025280858
qc-prov-2026-10-05-general,qc-prov-2026-2026-151,src_3bbf709ff718_20261006060145196_626649ba1833,final,src_3bbf709ff718,2026-10-06T06:01:45.196Z,2026-10-06T06:01:45.273Z,2026-10-06T05:49:38.957Z,8,8,30513,3786,3.473051790817008
qc-prov-2026-10-05-general,qc-prov-2026-2026-151,src_3bbf709ff718_20261006132431492_0b9bc8ab9d4a,final,src_3bbf709ff718,2026-10-06T13:24:31.492Z,2026-10-06T13:24:32.003Z,2026-10-06T13:10:08.959Z,8,8,30513,3786,3.473051790817008
qc-prov-2026-10-05-general,qc-prov-2026-2026-151,src_3bbf709ff718_20261006141046208_ab667d6040b8,final,src_3bbf709ff718,2026-10-06T14:10:46.208Z,2026-10-06T14:10:47.285Z,2026-10-06T13:55:38.958Z,8,8,30513,3786,3.473051790817008
qc-prov-2026-10-05-general,qc-prov-2026-2026-151,src_3bbf709ff718_20261006150515586_f23cf0de219b,final,src_3bbf709ff718,2026-10-06T15:05:15.586Z,2026-10-06T15:05:15.672Z,2026-10-06T14:57:08.957Z,8,8,30513,3786,3.473051790817008
qc-prov-2026-10-05-general,qc-prov-2026-2026-157,src_3bbf709ff718_20261006060145196_626649ba1833,final,src_3bbf709ff718,2026-10-06T06:01:45.196Z,2026-10-06T06:01:45.273Z,2026-10-06T05:49:38.957Z,8,8,40048,2116,4.336268744195243
qc-prov-2026-10-05-general,qc-prov-2026-2026-157,src_3bbf709ff718_20261006132431492_0b9bc8ab9d4a,final,src_3bbf709ff718,2026-10-06T13:24:31.492Z,2026-10-06T13:24:32.003Z,2026-10-06T13:10:08.959Z,8,8,40048,2116,4.336268744195243
qc-prov-2026-10-05-general,qc-prov-2026-2026-157,src_3bbf709ff718_20261006141046208_ab667d6040b8,final,src_3bbf709ff718,2026-10-06T14:10:46.208Z,2026-10-06T14:10:47.285Z,2026-10-06T13:55:38.958Z,8,8,40048,2116,4.336268744195243
qc-prov-2026-10-05-general,qc-prov-2026-2026-157,src_3bbf709ff718_20261006150515586_f23cf0de219b,final,src_3bbf709ff718,2026-10-06T15:05:15.586Z,2026-10-06T15:05:15.672Z,2026-10-06T14:57:08.957Z,8,8,40048,2116,4.336268744195243
qc-prov-2026-10-05-general,qc-prov-2026-2026-159,src_3bbf709ff718_20261006060145196_626649ba1833,final,src_3bbf709ff718,2026-10-06T06:01:45.196Z,2026-10-06T06:01:45.273Z,2026-10-06T05:49:38.957Z,7,7,39869,4944,4.428567863192965
qc-prov-2026-10-05-general,qc-prov-2026-2026-159,src_3bbf709ff718_20261006132431492_0b9bc8ab9d4a,final,src_3bbf709ff718,2026-10-06T13:24:31.492Z,2026-10-06T13:24:32.003Z,2026-10-06T13:10:08.959Z,7,7,39869,4944,4.428567863192965
qc-prov-2026-10-05-general,qc-prov-2026-2026-159,src_3bbf709ff718_20261006141046208_ab667d6040b8,final,src_3bbf709ff718,2026-10-06T14:10:46.208Z,2026-10-06T14:10:47.285Z,2026-10-06T13:55:38.958Z,7,7,39869,4944,4.428567863192965
qc-prov-2026-10-05-general,qc-prov-2026-2026-159,src_3bbf709ff718_20261006150515586_f23cf0de219b,final,src_3bbf709ff718,2026-10-06T15:05:15.586Z,2026-10-06T15:05:15.672Z,2026-10-06T14:57:08.957Z,7,7,39869,4944,4.428567863192965
qc-prov-2026-10-05-general,qc-prov-2026-2026-161,src_3bbf709ff718_20261006060145196_626649ba1833,final,src_3bbf709ff718,2026-10-06T06:01:45.196Z,2026-10-06T06:01:45.273Z,2026-10-06T05:49:38.957Z,7,7,35921,4807,4.2608560614770585
qc-prov-2026-10-05-general,qc-prov-2026-2026-161,src_3bbf709ff718_20261006132431492_0b9bc8ab9d4a,final,src_3bbf709ff718,2026-10-06T13:24:31.492Z,2026-10-06T13:24:32.003Z,2026-10-06T13:10:08.959Z,7,7,35921,4807,4.2608560614770585
qc-prov-2026-10-05-general,qc-prov-2026-2026-161,src_3bbf709ff718_20261006141046208_ab667d6040b8,final,src_3bbf709ff718,2026-10-06T14:10:46.208Z,2026-10-06T14:10:47.285Z,2026-10-06T13:55:38.958Z,7,7,35921,4807,4.2608560614770585
qc-prov-2026-10-05-general,qc-prov-2026-2026-161,src_3bbf709ff718_20261006150515586_f23cf0de219b,final,src_3bbf709ff718,2026-10-06T15:05:15.586Z,2026-10-06T15:05:15.672Z,2026-10-06T14:57:08.957Z,7,7,35921,4807,4.2608560614770585
qc-prov-2026-10-05-general,qc-prov-2026-2026-167,src_3bbf709ff718_20261006060145196_626649ba1833,final,src_3bbf709ff718,2026-10-06T06:01:45.196Z,2026-10-06T06:01:45.273Z,2026-10-06T05:49:38.957Z,9,9,42278,7155,4.377479674625116
qc-prov-2026-10-05-general,qc-prov-2026-2026-167,src_3bbf709ff718_20261006132431492_0b9bc8ab9d4a,final,src_3bbf709ff718,2026-10-06T13:24:31.492Z,2026-10-06T13:24:32.003Z,2026-10-06T13:10:08.959Z,9,9,42278,7155,4.377479674625116
qc-prov-2026-10-05-general,qc-prov-2026-2026-167,src_3bbf709ff718_20261006141046208_ab667d6040b8,final,src_3bbf709ff718,2026-10-06T14:10:46.208Z,2026-10-06T14:10:47.285Z,2026-10-06T13:55:38.958Z,9,9,42278,7155,4.377479674625116
qc-prov-2026-10-05-general,qc-prov-2026-2026-167,src_3bbf709ff718_20261006150515586_f23cf0de219b,final,src_3bbf709ff718,2026-10-06T15:05:15.586Z,2026-10-06T15:05:15.672Z,2026-10-06T14:57:08.957Z,9,9,42278,7155,4.377479674625116
qc-prov-2026-10-05-general,qc-prov-2026-2026-171,src_3bbf709ff718_20261006060145196_626649ba1833,final,src_3bbf709ff718,2026-10-06T06:01:45.196Z,2026-10-06T06:01:45.273Z,2026-10-06T05:49:38.957Z,6,6,33220,1646,4.137540338049274
qc-prov-2026-10-05-general,qc-prov-2026-2026-171,src_3bbf709ff718_20261006132431492_0b9bc8ab9d4a,final,src_3bbf709ff718,2026-10-06T13:24:31.492Z,2026-10-06T13:24:32.003Z,2026-10-06T13:10:08.959Z,6,6,33220,1646,4.137540338049274
qc-prov-2026-10-05-general,qc-prov-2026-2026-171,src_3bbf709ff718_20261006141046208_ab667d6040b8,final,src_3bbf709ff718,2026-10-06T14:10:46.208Z,2026-10-06T14:10:47.285Z,2026-10-06T13:55:38.958Z,6,6,33220,1646,4.137540338049274
qc-prov-2026-10-05-general,qc-prov-2026-2026-171,src_3bbf709ff718_20261006150515586_f23cf0de219b,final,src_3bbf709ff718,2026-10-06T15:05:15.586Z,2026-10-06T15:05:15.672Z,2026-10-06T14:57:08.957Z,6,6,33220,1646,4.137540338049274
qc-prov-2026-10-05-general,qc-prov-2026-2026-179,src_3bbf709ff718_20261006060145196_626649ba1833,final,src_3bbf709ff718,2026-10-06T06:01:45.196Z,2026-10-06T06:01:45.273Z,2026-10-06T05:49:38.957Z,7,7,39500,10218,3.542744899175081
qc-prov-2026-10-05-general,qc-prov-2026-2026-179,src_3bbf709ff718_20261006132431492_0b9bc8ab9d4a,final,src_3bbf709ff718,2026-10-06T13:24:31.492Z,2026-10-06T13:24:32.003Z,2026-10-06T13:10:08.959Z,7,7,39500,10218,3.542744899175081
qc-prov-2026-10-05-general,qc-prov-2026-2026-179,src_3bbf709ff718_20261006141046208_ab667d6040b8,final,src_3bbf709ff718,2026-10-06T14:10:46.208Z,2026-10-06T14:10:47.285Z,2026-10-06T13:55:38.958Z,7,7,39500,10218,3.542744899175081
qc-prov-2026-10-05-general,qc-prov-2026-2026-179,src_3bbf709ff718_20261006150515586_f23cf0de219b,final,src_3bbf709ff718,2026-10-06T15:05:15.586Z,2026-10-06T15:05:15.672Z,2026-10-06T14:57:08.957Z,7,7,39500,10218,3.542744899175081
qc-prov-2026-10-05-general,qc-prov-2026-2026-181,src_3bbf709ff718_20261006060145196_626649ba1833,final,src_3bbf709ff718,2026-10-06T06:01:45.196Z,2026-10-06T06:01:45.273Z,2026-10-06T05:49:38.957Z,7,7,40017,4150,4.077546491503922
qc-prov-2026-10-05-general,qc-prov-2026-2026-181,src_3bbf709ff718_20261006132431492_0b9bc8ab9d4a,final,src_3bbf709ff718,2026-10-06T13:24:31.492Z,2026-10-06T13:24:32.003Z,2026-10-06T13:10:08.959Z,7,7,40017,4150,4.077546491503922
qc-prov-2026-10-05-general,qc-prov-2026-2026-181,src_3bbf709ff718_20261006141046208_ab667d6040b8,final,src_3bbf709ff718,2026-10-06T14:10:46.208Z,2026-10-06T14:10:47.285Z,2026-10-06T13:55:38.958Z,7,7,40017,4150,4.077546491503922
qc-prov-2026-10-05-general,qc-prov-2026-2026-181,src_3bbf709ff718_20261006150515586_f23cf0de219b,final,src_3bbf709ff718,2026-10-06T15:05:15.586Z,2026-10-06T15:05:15.672Z,2026-10-06T14:57:08.957Z,7,7,40017,4150,4.077546491503922
qc-prov-2026-10-05-general,qc-prov-2026-2026-187,src_3bbf709ff718_20261006060145196_626649ba1833,final,src_3bbf709ff718,2026-10-06T06:01:45.196Z,2026-10-06T06:01:45.273Z,2026-10-06T05:49:38.957Z,6,6,40177,10803,3.3901448216867385
qc-prov-2026-10-05-general,qc-prov-2026-2026-187,src_3bbf709ff718_20261006132431492_0b9bc8ab9d4a,final,src_3bbf709ff718,2026-10-06T13:24:31.492Z,2026-10-06T13:24:32.003Z,2026-10-06T13:10:08.959Z,6,6,40177,10803,3.3901448216867385
qc-prov-2026-10-05-general,qc-prov-2026-2026-187,src_3bbf709ff718_20261006141046208_ab667d6040b8,final,src_3bbf709ff718,2026-10-06T14:10:46.208Z,2026-10-06T14:10:47.285Z,2026-10-06T13:55:38.958Z,6,6,40177,10803,3.3901448216867385
qc-prov-2026-10-05-general,qc-prov-2026-2026-187,src_3bbf709ff718_20261006150515586_f23cf0de219b,final,src_3bbf709ff718,2026-10-06T15:05:15.586Z,2026-10-06T15:05:15.672Z,2026-10-06T14:57:08.957Z,6,6,40177,10803,3.3901448216867385
qc-prov-2026-10-05-general,qc-prov-2026-2026-191,src_3bbf709ff718_20261006060145196_626649ba1833,final,src_3bbf709ff718,2026-10-06T06:01:45.196Z,2026-10-06T06:01:45.273Z,2026-10-06T05:49:38.957Z,7,7,34514,2692,4.042197072548476
qc-prov-2026-10-05-general,qc-prov-2026-2026-191,src_3bbf709ff718_20261006132431492_0b9bc8ab9d4a,final,src_3bbf709ff718,2026-10-06T13:24:31.492Z,2026-10-06T13:24:32.003Z,2026-10-06T13:10:08.959Z,7,7,34514,2692,4.042197072548476
qc-prov-2026-10-05-general,qc-prov-2026-2026-191,src_3bbf709ff718_20261006141046208_ab667d6040b8,final,src_3bbf709ff718,2026-10-06T14:10:46.208Z,2026-10-06T14:10:47.285Z,2026-10-06T13:55:38.958Z,7,7,34514,2692,4.042197072548476
qc-prov-2026-10-05-general,qc-prov-2026-2026-191,src_3bbf709ff718_20261006150515586_f23cf0de219b,final,src_3bbf709ff718,2026-10-06T15:05:15.586Z,2026-10-06T15:05:15.672Z,2026-10-06T14:57:08.957Z,7,7,34514,2692,4.042197072548476
qc-prov-2026-10-05-general,qc-prov-2026-2026-197,src_3bbf709ff718_20261006060145196_626649ba1833,final,src_3bbf709ff718,2026-10-06T06:01:45.196Z,2026-10-06T06:01:45.273Z,2026-10-06T05:49:38.957Z,6,6,32053,7221,3.8123427226742694
qc-prov-2026-10-05-general,qc-prov-2026-2026-197,src_3bbf709ff718_20261006132431492_0b9bc8ab9d4a,final,src_3bbf709ff718,2026-10-06T13:24:31.492Z,2026-10-06T13:24:32.003Z,2026-10-06T13:10:08.959Z,6,6,32053,7221,3.8123427226742694
qc-prov-2026-10-05-general,qc-prov-2026-2026-197,src_3bbf709ff718_20261006141046208_ab667d6040b8,final,src_3bbf709ff718,2026-10-06T14:10:46.208Z,2026-10-06T14:10:47.285Z,2026-10-06T13:55:38.958Z,6,6,32053,7221,3.8123427226742694
qc-prov-2026-10-05-general,qc-prov-2026-2026-197,src_3bbf709ff718_20261006150515586_f23cf0de219b,final,src_3bbf709ff718,2026-10-06T15:05:15.586Z,2026-10-06T15:05:15.672Z,2026-10-06T14:57:08.957Z,6,6,32053,7221,3.8123427226742694
qc-prov-2026-10-05-general,qc-prov-2026-2026-199,src_3bbf709ff718_20261006060145196_626649ba1833,final,src_3bbf709ff718,2026-10-06T06:01:45.196Z,2026-10-06T06:01:45.273Z,2026-10-06T05:49:38.957Z,7,7,36662,651,4.244507917186148
qc-prov-2026-10-05-general,qc-prov-2026-2026-199,src_3bbf709ff718_20261006132431492_0b9bc8ab9d4a,final,src_3bbf709ff718,2026-10-06T13:24:31.492Z,2026-10-06T13:24:32.003Z,2026-10-06T13:10:08.959Z,7,7,36662,651,4.244507917186148
qc-prov-2026-10-05-general,qc-prov-2026-2026-199,src_3bbf709ff718_20261006141046208_ab667d6040b8,final,src_3bbf709ff718,2026-10-06T14:10:46.208Z,2026-10-06T14:10:47.285Z,2026-10-06T13:55:38.958Z,7,7,36662,651,4.244507917186148
qc-prov-2026-10-05-general,qc-prov-2026-2026-199,src_3bbf709ff718_20261006150515586_f23cf0de219b,final,src_3bbf709ff718,2026-10-06T15:05:15.586Z,2026-10-06T15:05:15.672Z,2026-10-06T14:57:08.957Z,7,7,36662,651,4.244507917186148
qc-prov-2026-10-05-general,qc-prov-2026-2026-201,src_3bbf709ff718_20261006060145196_626649ba1833,final,src_3bbf709ff718,2026-10-06T06:01:45.196Z,2026-10-06T06:01:45.273Z,2026-10-06T05:49:38.957Z,7,7,33954,12232,3.2236207018551095
qc-prov-2026-10-05-general,qc-prov-2026-2026-201,src_3bbf709ff718_20261006132431492_0b9bc8ab9d4a,final,src_3bbf709ff718,2026-10-06T13:24:31.492Z,2026-10-06T13:24:32.003Z,2026-10-06T13:10:08.959Z,7,7,33954,12232,3.2236207018551095
qc-prov-2026-10-05-general,qc-prov-2026-2026-201,src_3bbf709ff718_20261006141046208_ab667d6040b8,final,src_3bbf709ff718,2026-10-06T14:10:46.208Z,2026-10-06T14:10:47.285Z,2026-10-06T13:55:38.958Z,7,7,33954,12232,3.2236207018551095
qc-prov-2026-10-05-general,qc-prov-2026-2026-201,src_3bbf709ff718_20261006150515586_f23cf0de219b,final,src_3bbf709ff718,2026-10-06T15:05:15.586Z,2026-10-06T15:05:15.672Z,2026-10-06T14:57:08.957Z,7,7,33954,12232,3.2236207018551095
qc-prov-2026-10-05-general,qc-prov-2026-2026-207,src_3bbf709ff718_20261006060145196_626649ba1833,final,src_3bbf709ff718,2026-10-06T06:01:45.196Z,2026-10-06T06:01:45.273Z,2026-10-06T05:49:38.957Z,9,9,40525,6092,4.470017516071105
qc-prov-2026-10-05-general,qc-prov-2026-2026-207,src_3bbf709ff718_20261006132431492_0b9bc8ab9d4a,final,src_3bbf709ff718,2026-10-06T13:24:31.492Z,2026-10-06T13:24:32.003Z,2026-10-06T13:10:08.959Z,9,9,40525,6092,4.470017516071105
qc-prov-2026-10-05-general,qc-prov-2026-2026-207,src_3bbf709ff718_20261006141046208_ab667d6040b8,final,src_3bbf709ff718,2026-10-06T14:10:46.208Z,2026-10-06T14:10:47.285Z,2026-10-06T13:55:38.958Z,9,9,40525,6092,4.470017516071105
qc-prov-2026-10-05-general,qc-prov-2026-2026-207,src_3bbf709ff718_20261006150515586_f23cf0de219b,final,src_3bbf709ff718,2026-10-06T15:05:15.586Z,2026-10-06T15:05:15.672Z,2026-10-06T14:57:08.957Z,9,9,40510,6092,4.467467389716889
qc-prov-2026-10-05-general,qc-prov-2026-2026-211,src_3bbf709ff718_20261006060145196_626649ba1833,final,src_3bbf709ff718,2026-10-06T06:01:45.196Z,2026-10-06T06:01:45.273Z,2026-10-06T05:49:38.957Z,6,6,36559,14,4.492668527001055
qc-prov-2026-10-05-general,qc-prov-2026-2026-211,src_3bbf709ff718_20261006132431492_0b9bc8ab9d4a,final,src_3bbf709ff718,2026-10-06T13:24:31.492Z,2026-10-06T13:24:32.003Z,2026-10-06T13:10:08.959Z,6,6,36559,14,4.492668527001055
qc-prov-2026-10-05-general,qc-prov-2026-2026-211,src_3bbf709ff718_20261006141046208_ab667d6040b8,final,src_3bbf709ff718,2026-10-06T14:10:46.208Z,2026-10-06T14:10:47.285Z,2026-10-06T13:55:38.958Z,6,6,36559,14,4.492668527001055
qc-prov-2026-10-05-general,qc-prov-2026-2026-211,src_3bbf709ff718_20261006150515586_f23cf0de219b,final,src_3bbf709ff718,2026-10-06T15:05:15.586Z,2026-10-06T15:05:15.672Z,2026-10-06T14:57:08.957Z,6,6,36559,14,4.492668527001055
qc-prov-2026-10-05-general,qc-prov-2026-2026-217,src_3bbf709ff718_20261006060145196_626649ba1833,final,src_3bbf709ff718,2026-10-06T06:01:45.196Z,2026-10-06T06:01:45.273Z,2026-10-06T05:49:38.957Z,9,9,33886,7165,3.699674210759354
qc-prov-2026-10-05-general,qc-prov-2026-2026-217,src_3bbf709ff718_20261006132431492_0b9bc8ab9d4a,final,src_3bbf709ff718,2026-10-06T13:24:31.492Z,2026-10-06T13:24:32.003Z,2026-10-06T13:10:08.959Z,9,9,33886,7165,3.699674210759354
qc-prov-2026-10-05-general,qc-prov-2026-2026-217,src_3bbf709ff718_20261006141046208_ab667d6040b8,final,src_3bbf709ff718,2026-10-06T14:10:46.208Z,2026-10-06T14:10:47.285Z,2026-10-06T13:55:38.958Z,9,9,33886,7165,3.699674210759354
qc-prov-2026-10-05-general,qc-prov-2026-2026-217,src_3bbf709ff718_20261006150515586_f23cf0de219b,final,src_3bbf709ff718,2026-10-06T15:05:15.586Z,2026-10-06T15:05:15.672Z,2026-10-06T14:57:08.957Z,9,9,33886,7165,3.699674210759354
qc-prov-2026-10-05-general,qc-prov-2026-2026-219,src_3bbf709ff718_20261006060145196_626649ba1833,final,src_3bbf709ff718,2026-10-06T06:01:45.196Z,2026-10-06T06:01:45.273Z,2026-10-06T05:49:38.957Z,7,7,27606,3423,4.442450001168773
qc-prov-2026-10-05-general,qc-prov-2026-2026-219,src_3bbf709ff718_20261006132431492_0b9bc8ab9d4a,final,src_3bbf709ff718,2026-10-06T13:24:31.492Z,2026-10-06T13:24:32.003Z,2026-10-06T13:10:08.959Z,7,7,27606,3423,4.442450001168773
qc-prov-2026-10-05-general,qc-prov-2026-2026-219,src_3bbf709ff718_20261006141046208_ab667d6040b8,final,src_3bbf709ff718,2026-10-06T14:10:46.208Z,2026-10-06T14:10:47.285Z,2026-10-06T13:55:38.958Z,7,7,27606,3423,4.442450001168773
qc-prov-2026-10-05-general,qc-prov-2026-2026-219,src_3bbf709ff718_20261006150515586_f23cf0de219b,final,src_3bbf709ff718,2026-10-06T15:05:15.586Z,2026-10-06T15:05:15.672Z,2026-10-06T14:57:08.957Z,7,7,27606,3423,4.442450001168773
qc-prov-2026-10-05-general,qc-prov-2026-2026-221,src_3bbf709ff718_20261006060145196_626649ba1833,final,src_3bbf709ff718,2026-10-06T06:01:45.196Z,2026-10-06T06:01:45.273Z,2026-10-06T05:49:38.957Z,6,6,35256,2035,4.362977101924129
qc-prov-2026-10-05-general,qc-prov-2026-2026-221,src_3bbf709ff718_20261006132431492_0b9bc8ab9d4a,final,src_3bbf709ff718,2026-10-06T13:24:31.492Z,2026-10-06T13:24:32.003Z,2026-10-06T13:10:08.959Z,6,6,35256,2035,4.362977101924129
qc-prov-2026-10-05-general,qc-prov-2026-2026-221,src_3bbf709ff718_20261006141046208_ab667d6040b8,final,src_3bbf709ff718,2026-10-06T14:10:46.208Z,2026-10-06T14:10:47.285Z,2026-10-06T13:55:38.958Z,6,6,35256,2035,4.362977101924129
qc-prov-2026-10-05-general,qc-prov-2026-2026-221,src_3bbf709ff718_20261006150515586_f23cf0de219b,final,src_3bbf709ff718,2026-10-06T15:05:15.586Z,2026-10-06T15:05:15.672Z,2026-10-06T14:57:08.957Z,6,6,35256,2035,4.362977101924129
qc-prov-2026-10-05-general,qc-prov-2026-2026-227,src_3bbf709ff718_20261006060145196_626649ba1833,final,src_3bbf709ff718,2026-10-06T06:01:45.196Z,2026-10-06T06:01:45.273Z,2026-10-06T05:49:38.957Z,8,8,43098,341,4.312517672629392
qc-prov-2026-10-05-general,qc-prov-2026-2026-227,src_3bbf709ff718_20261006132431492_0b9bc8ab9d4a,final,src_3bbf709ff718,2026-10-06T13:24:31.492Z,2026-10-06T13:24:32.003Z,2026-10-06T13:10:08.959Z,8,8,43098,341,4.312517672629392
qc-prov-2026-10-05-general,qc-prov-2026-2026-227,src_3bbf709ff718_20261006141046208_ab667d6040b8,final,src_3bbf709ff718,2026-10-06T14:10:46.208Z,2026-10-06T14:10:47.285Z,2026-10-06T13:55:38.958Z,8,8,43098,341,4.312517672629392
qc-prov-2026-10-05-general,qc-prov-2026-2026-227,src_3bbf709ff718_20261006150515586_f23cf0de219b,final,src_3bbf709ff718,2026-10-06T15:05:15.586Z,2026-10-06T15:05:15.672Z,2026-10-06T14:57:08.957Z,8,8,43098,341,4.312517672629392
qc-prov-2026-10-05-general,qc-prov-2026-2026-231,src_3bbf709ff718_20261006060145196_626649ba1833,final,src_3bbf709ff718,2026-10-06T06:01:45.196Z,2026-10-06T06:01:45.273Z,2026-10-06T05:49:38.957Z,6,6,42931,9466,4.018180167526913
qc-prov-2026-10-05-general,qc-prov-2026-2026-231,src_3bbf709ff718_20261006132431492_0b9bc8ab9d4a,final,src_3bbf709ff718,2026-10-06T13:24:31.492Z,2026-10-06T13:24:32.003Z,2026-10-06T13:10:08.959Z,6,6,42931,9466,4.018180167526913
qc-prov-2026-10-05-general,qc-prov-2026-2026-231,src_3bbf709ff718_20261006141046208_ab667d6040b8,final,src_3bbf709ff718,2026-10-06T14:10:46.208Z,2026-10-06T14:10:47.285Z,2026-10-06T13:55:38.958Z,6,6,42931,9466,4.018180167526913
qc-prov-2026-10-05-general,qc-prov-2026-2026-231,src_3bbf709ff718_20261006150515586_f23cf0de219b,final,src_3bbf709ff718,2026-10-06T15:05:15.586Z,2026-10-06T15:05:15.672Z,2026-10-06T14:57:08.957Z,6,6,42931,9466,4.018180167526913
qc-prov-2026-10-05-general,qc-prov-2026-2026-237,src_3bbf709ff718_20261006060145196_626649ba1833,final,src_3bbf709ff718,2026-10-06T06:01:45.196Z,2026-10-06T06:01:45.273Z,2026-10-06T05:49:38.957Z,6,6,45177,5303,4.242131637751051
qc-prov-2026-10-05-general,qc-prov-2026-2026-237,src_3bbf709ff718_20261006132431492_0b9bc8ab9d4a,final,src_3bbf709ff718,2026-10-06T13:24:31.492Z,2026-10-06T13:24:32.003Z,2026-10-06T13:10:08.959Z,6,6,45177,5303,4.242131637751051
qc-prov-2026-10-05-general,qc-prov-2026-2026-237,src_3bbf709ff718_20261006141046208_ab667d6040b8,final,src_3bbf709ff718,2026-10-06T14:10:46.208Z,2026-10-06T14:10:47.285Z,2026-10-06T13:55:38.958Z,6,6,45177,5303,4.242131637751051
qc-prov-2026-10-05-general,qc-prov-2026-2026-237,src_3bbf709ff718_20261006150515586_f23cf0de219b,final,src_3bbf709ff718,2026-10-06T15:05:15.586Z,2026-10-06T15:05:15.672Z,2026-10-06T14:57:08.957Z,6,6,45177,5303,4.242131637751051
qc-prov-2026-10-05-general,qc-prov-2026-2026-239,src_3bbf709ff718_20261006060145196_626649ba1833,final,src_3bbf709ff718,2026-10-06T06:01:45.196Z,2026-10-06T06:01:45.273Z,2026-10-06T05:49:38.957Z,6,6,39296,8366,4.034351901961516
qc-prov-2026-10-05-general,qc-prov-2026-2026-239,src_3bbf709ff718_20261006132431492_0b9bc8ab9d4a,final,src_3bbf709ff718,2026-10-06T13:24:31.492Z,2026-10-06T13:24:32.003Z,2026-10-06T13:10:08.959Z,6,6,39296,8366,4.034351901961516
qc-prov-2026-10-05-general,qc-prov-2026-2026-239,src_3bbf709ff718_20261006141046208_ab667d6040b8,final,src_3bbf709ff718,2026-10-06T14:10:46.208Z,2026-10-06T14:10:47.285Z,2026-10-06T13:55:38.958Z,6,6,39296,8366,4.034351901961516
qc-prov-2026-10-05-general,qc-prov-2026-2026-239,src_3bbf709ff718_20261006150515586_f23cf0de219b,final,src_3bbf709ff718,2026-10-06T15:05:15.586Z,2026-10-06T15:05:15.672Z,2026-10-06T14:57:08.957Z,6,6,39296,8366,4.034351901961516
qc-prov-2026-10-05-general,qc-prov-2026-2026-241,src_3bbf709ff718_20261006060145196_626649ba1833,final,src_3bbf709ff718,2026-10-06T06:01:45.196Z,2026-10-06T06:01:45.273Z,2026-10-06T05:49:38.957Z,7,7,36535,7222,3.7550850987128017
qc-prov-2026-10-05-general,qc-prov-2026-2026-241,src_3bbf709ff718_20261006132431492_0b9bc8ab9d4a,final,src_3bbf709ff718,2026-10-06T13:24:31.492Z,2026-10-06T13:24:32.003Z,2026-10-06T13:10:08.959Z,7,7,36535,7222,3.7550850987128017
qc-prov-2026-10-05-general,qc-prov-2026-2026-241,src_3bbf709ff718_20261006141046208_ab667d6040b8,final,src_3bbf709ff718,2026-10-06T14:10:46.208Z,2026-10-06T14:10:47.285Z,2026-10-06T13:55:38.958Z,7,7,36535,7222,3.7550850987128017
qc-prov-2026-10-05-general,qc-prov-2026-2026-241,src_3bbf709ff718_20261006150515586_f23cf0de219b,final,src_3bbf709ff718,2026-10-06T15:05:15.586Z,2026-10-06T15:05:15.672Z,2026-10-06T14:57:08.957Z,7,7,36535,7222,3.7550850987128017
qc-prov-2026-10-05-general,qc-prov-2026-2026-247,src_3bbf709ff718_20261006060145196_626649ba1833,final,src_3bbf709ff718,2026-10-06T06:01:45.196Z,2026-10-06T06:01:45.273Z,2026-10-06T05:49:38.957Z,13,13,32759,710,3.3926841119221365
qc-prov-2026-10-05-general,qc-prov-2026-2026-247,src_3bbf709ff718_20261006132431492_0b9bc8ab9d4a,final,src_3bbf709ff718,2026-10-06T13:24:31.492Z,2026-10-06T13:24:32.003Z,2026-10-06T13:10:08.959Z,13,13,32759,710,3.3926841119221365
qc-prov-2026-10-05-general,qc-prov-2026-2026-247,src_3bbf709ff718_20261006141046208_ab667d6040b8,final,src_3bbf709ff718,2026-10-06T14:10:46.208Z,2026-10-06T14:10:47.285Z,2026-10-06T13:55:38.958Z,13,13,32759,710,3.3926841119221365
qc-prov-2026-10-05-general,qc-prov-2026-2026-247,src_3bbf709ff718_20261006150515586_f23cf0de219b,final,src_3bbf709ff718,2026-10-06T15:05:15.586Z,2026-10-06T15:05:15.672Z,2026-10-06T14:57:08.957Z,13,13,32759,710,3.3926841119221365
qc-prov-2026-10-05-general,qc-prov-2026-2026-251,src_3bbf709ff718_20261006060145196_626649ba1833,final,src_3bbf709ff718,2026-10-06T06:01:45.196Z,2026-10-06T06:01:45.273Z,2026-10-06T05:49:38.957Z,7,7,27754,10372,2.997413401651399
qc-prov-2026-10-05-general,qc-prov-2026-2026-251,src_3bbf709ff718_20261006132431492_0b9bc8ab9d4a,final,src_3bbf709ff718,2026-10-06T13:24:31.492Z,2026-10-06T13:24:32.003Z,2026-10-06T13:10:08.959Z,7,7,27754,10372,2.997413401651399
qc-prov-2026-10-05-general,qc-prov-2026-2026-251,src_3bbf709ff718_20261006141046208_ab667d6040b8,final,src_3bbf709ff718,2026-10-06T14:10:46.208Z,2026-10-06T14:10:47.285Z,2026-10-06T13:55:38.958Z,7,7,27754,10372,2.997413401651399
qc-prov-2026-10-05-general,qc-prov-2026-2026-251,src_3bbf709ff718_20261006150515586_f23cf0de219b,final,src_3bbf709ff718,2026-10-06T15:05:15.586Z,2026-10-06T15:05:15.672Z,2026-10-06T14:57:08.957Z,7,7,27754,10372,2.997413401651399
qc-prov-2026-10-05-general,qc-prov-2026-2026-257,src_3bbf709ff718_20261006060145196_626649ba1833,final,src_3bbf709ff718,2026-10-06T06:01:45.196Z,2026-10-06T06:01:45.273Z,2026-10-06T05:49:38.957Z,7,7,26220,10651,2.825603923331141
qc-prov-2026-10-05-general,qc-prov-2026-2026-257,src_3bbf709ff718_20261006132431492_0b9bc8ab9d4a,final,src_3bbf709ff718,2026-10-06T13:24:31.492Z,2026-10-06T13:24:32.003Z,2026-10-06T13:10:08.959Z,7,7,26220,10651,2.825603923331141
qc-prov-2026-10-05-general,qc-prov-2026-2026-257,src_3bbf709ff718_20261006141046208_ab667d6040b8,final,src_3bbf709ff718,2026-10-06T14:10:46.208Z,2026-10-06T14:10:47.285Z,2026-10-06T13:55:38.958Z,7,7,26220,10651,2.825603923331141
qc-prov-2026-10-05-general,qc-prov-2026-2026-257,src_3bbf709ff718_20261006150515586_f23cf0de219b,final,src_3bbf709ff718,2026-10-06T15:05:15.586Z,2026-10-06T15:05:15.672Z,2026-10-06T14:57:08.957Z,7,7,26220,10651,2.825603923331141
qc-prov-2026-10-05-general,qc-prov-2026-2026-259,src_3bbf709ff718_20261006060145196_626649ba1833,final,src_3bbf709ff718,2026-10-06T06:01:45.196Z,2026-10-06T06:01:45.273Z,2026-10-06T05:49:38.957Z,7,7,30675,19147,1.8055285974054789
qc-prov-2026-10-05-general,qc-prov-2026-2026-259,src_3bbf709ff718_20261006132431492_0b9bc8ab9d4a,final,src_3bbf709ff718,2026-10-06T13:24:31.492Z,2026-10-06T13:24:32.003Z,2026-10-06T13:10:08.959Z,7,7,30675,19147,1.8055285974054789
qc-prov-2026-10-05-general,qc-prov-2026-2026-259,src_3bbf709ff718_20261006141046208_ab667d6040b8,final,src_3bbf709ff718,2026-10-06T14:10:46.208Z,2026-10-06T14:10:47.285Z,2026-10-06T13:55:38.958Z,7,7,30675,19147,1.8055285974054789
qc-prov-2026-10-05-general,qc-prov-2026-2026-259,src_3bbf709ff718_20261006150515586_f23cf0de219b,final,src_3bbf709ff718,2026-10-06T15:05:15.586Z,2026-10-06T15:05:15.672Z,2026-10-06T14:57:08.957Z,7,7,30675,19147,1.8055285974054789
qc-prov-2026-10-05-general,qc-prov-2026-2026-261,src_3bbf709ff718_20261006060145196_626649ba1833,final,src_3bbf709ff718,2026-10-06T06:01:45.196Z,2026-10-06T06:01:45.273Z,2026-10-06T05:49:38.957Z,7,7,34290,16580,2.2980126258838642
qc-prov-2026-10-05-general,qc-prov-2026-2026-261,src_3bbf709ff718_20261006132431492_0b9bc8ab9d4a,final,src_3bbf709ff718,2026-10-06T13:24:31.492Z,2026-10-06T13:24:32.003Z,2026-10-06T13:10:08.959Z,7,7,34290,16580,2.2980126258838642
qc-prov-2026-10-05-general,qc-prov-2026-2026-261,src_3bbf709ff718_20261006141046208_ab667d6040b8,final,src_3bbf709ff718,2026-10-06T14:10:46.208Z,2026-10-06T14:10:47.285Z,2026-10-06T13:55:38.958Z,7,7,34290,16580,2.2980126258838642
qc-prov-2026-10-05-general,qc-prov-2026-2026-261,src_3bbf709ff718_20261006150515586_f23cf0de219b,final,src_3bbf709ff718,2026-10-06T15:05:15.586Z,2026-10-06T15:05:15.672Z,2026-10-06T14:57:08.957Z,7,7,34290,16580,2.2980126258838642
qc-prov-2026-10-05-general,qc-prov-2026-2026-267,src_3bbf709ff718_20261006060145196_626649ba1833,final,src_3bbf709ff718,2026-10-06T06:01:45.196Z,2026-10-06T06:01:45.273Z,2026-10-06T05:49:38.957Z,7,7,30722,15334,2.184713810842706
qc-prov-2026-10-05-general,qc-prov-2026-2026-267,src_3bbf709ff718_20261006132431492_0b9bc8ab9d4a,final,src_3bbf709ff718,2026-10-06T13:24:31.492Z,2026-10-06T13:24:32.003Z,2026-10-06T13:10:08.959Z,7,7,30722,15334,2.184713810842706
qc-prov-2026-10-05-general,qc-prov-2026-2026-267,src_3bbf709ff718_20261006141046208_ab667d6040b8,final,src_3bbf709ff718,2026-10-06T14:10:46.208Z,2026-10-06T14:10:47.285Z,2026-10-06T13:55:38.958Z,7,7,30722,15334,2.184713810842706
qc-prov-2026-10-05-general,qc-prov-2026-2026-267,src_3bbf709ff718_20261006150515586_f23cf0de219b,final,src_3bbf709ff718,2026-10-06T15:05:15.586Z,2026-10-06T15:05:15.672Z,2026-10-06T14:57:08.957Z,7,7,30722,15334,2.184713810842706
qc-prov-2026-10-05-general,qc-prov-2026-2026-271,src_3bbf709ff718_20261006060145196_626649ba1833,final,src_3bbf709ff718,2026-10-06T06:01:45.196Z,2026-10-06T06:01:45.273Z,2026-10-06T05:49:38.957Z,9,9,30635,11614,2.8672523430297545
qc-prov-2026-10-05-general,qc-prov-2026-2026-271,src_3bbf709ff718_20261006132431492_0b9bc8ab9d4a,final,src_3bbf709ff718,2026-10-06T13:24:31.492Z,2026-10-06T13:24:32.003Z,2026-10-06T13:10:08.959Z,9,9,30635,11614,2.8672523430297545
qc-prov-2026-10-05-general,qc-prov-2026-2026-271,src_3bbf709ff718_20261006141046208_ab667d6040b8,final,src_3bbf709ff718,2026-10-06T14:10:46.208Z,2026-10-06T14:10:47.285Z,2026-10-06T13:55:38.958Z,9,9,30635,11614,2.8672523430297545
qc-prov-2026-10-05-general,qc-prov-2026-2026-271,src_3bbf709ff718_20261006150515586_f23cf0de219b,final,src_3bbf709ff718,2026-10-06T15:05:15.586Z,2026-10-06T15:05:15.672Z,2026-10-06T14:57:08.957Z,9,9,30635,11614,2.8672523430297545
qc-prov-2026-10-05-general,qc-prov-2026-2026-277,src_3bbf709ff718_20261006060145196_626649ba1833,final,src_3bbf709ff718,2026-10-06T06:01:45.196Z,2026-10-06T06:01:45.273Z,2026-10-06T05:49:38.957Z,9,9,27068,11119,2.3783593311742792
qc-prov-2026-10-05-general,qc-prov-2026-2026-277,src_3bbf709ff718_20261006132431492_0b9bc8ab9d4a,final,src_3bbf709ff718,2026-10-06T13:24:31.492Z,2026-10-06T13:24:32.003Z,2026-10-06T13:10:08.959Z,9,9,27068,11119,2.3783593311742792
qc-prov-2026-10-05-general,qc-prov-2026-2026-277,src_3bbf709ff718_20261006141046208_ab667d6040b8,final,src_3bbf709ff718,2026-10-06T14:10:46.208Z,2026-10-06T14:10:47.285Z,2026-10-06T13:55:38.958Z,9,9,27068,11119,2.3783593311742792
qc-prov-2026-10-05-general,qc-prov-2026-2026-277,src_3bbf709ff718_20261006150515586_f23cf0de219b,final,src_3bbf709ff718,2026-10-06T15:05:15.586Z,2026-10-06T15:05:15.672Z,2026-10-06T14:57:08.957Z,9,9,27068,11119,2.3783593311742792
qc-prov-2026-10-05-general,qc-prov-2026-2026-279,src_3bbf709ff718_20261006060145196_626649ba1833,final,src_3bbf709ff718,2026-10-06T06:01:45.196Z,2026-10-06T06:01:45.273Z,2026-10-06T05:49:38.957Z,9,9,26786,11594,2.4046409432584404
qc-prov-2026-10-05-general,qc-prov-2026-2026-279,src_3bbf709ff718_20261006132431492_0b9bc8ab9d4a,final,src_3bbf709ff718,2026-10-06T13:24:31.492Z,2026-10-06T13:24:32.003Z,2026-10-06T13:10:08.959Z,9,9,26786,11594,2.4046409432584404
qc-prov-2026-10-05-general,qc-prov-2026-2026-279,src_3bbf709ff718_20261006141046208_ab667d6040b8,final,src_3bbf709ff718,2026-10-06T14:10:46.208Z,2026-10-06T14:10:47.285Z,2026-10-06T13:55:38.958Z,9,9,26786,11594,2.4046409432584404
qc-prov-2026-10-05-general,qc-prov-2026-2026-279,src_3bbf709ff718_20261006150515586_f23cf0de219b,final,src_3bbf709ff718,2026-10-06T15:05:15.586Z,2026-10-06T15:05:15.672Z,2026-10-06T14:57:08.957Z,9,9,26786,11594,2.4046409432584404
qc-prov-2026-10-05-general,qc-prov-2026-2026-281,src_3bbf709ff718_20261006060145196_626649ba1833,final,src_3bbf709ff718,2026-10-06T06:01:45.196Z,2026-10-06T06:01:45.273Z,2026-10-06T05:49:38.957Z,7,7,36097,39,3.3680984692840408
qc-prov-2026-10-05-general,qc-prov-2026-2026-281,src_3bbf709ff718_20261006132431492_0b9bc8ab9d4a,final,src_3bbf709ff718,2026-10-06T13:24:31.492Z,2026-10-06T13:24:32.003Z,2026-10-06T13:10:08.959Z,7,7,36097,39,3.3680984692840408
qc-prov-2026-10-05-general,qc-prov-2026-2026-281,src_3bbf709ff718_20261006141046208_ab667d6040b8,final,src_3bbf709ff718,2026-10-06T14:10:46.208Z,2026-10-06T14:10:47.285Z,2026-10-06T13:55:38.958Z,7,7,36097,39,3.3680984692840408
qc-prov-2026-10-05-general,qc-prov-2026-2026-281,src_3bbf709ff718_20261006150515586_f23cf0de219b,final,src_3bbf709ff718,2026-10-06T15:05:15.586Z,2026-10-06T15:05:15.672Z,2026-10-06T14:57:08.957Z,7,7,36097,39,3.3680984692840408
qc-prov-2026-10-05-general,qc-prov-2026-2026-287,src_3bbf709ff718_20261006060145196_626649ba1833,preliminary,src_3bbf709ff718,2026-10-06T06:01:45.196Z,2026-10-06T06:01:45.273Z,2026-10-06T05:49:38.957Z,12,12,24034,4193,3.3825377424102685
qc-prov-2026-10-05-general,qc-prov-2026-2026-287,src_3bbf709ff718_20261006132431492_0b9bc8ab9d4a,final,src_3bbf709ff718,2026-10-06T13:24:31.492Z,2026-10-06T13:24:32.003Z,2026-10-06T13:10:08.959Z,12,12,25309,4492,3.394863885296622
qc-prov-2026-10-05-general,qc-prov-2026-2026-287,src_3bbf709ff718_20261006141046208_ab667d6040b8,final,src_3bbf709ff718,2026-10-06T14:10:46.208Z,2026-10-06T14:10:47.285Z,2026-10-06T13:55:38.958Z,12,12,25309,4492,3.394863885296622
qc-prov-2026-10-05-general,qc-prov-2026-2026-287,src_3bbf709ff718_20261006150515586_f23cf0de219b,final,src_3bbf709ff718,2026-10-06T15:05:15.586Z,2026-10-06T15:05:15.672Z,2026-10-06T14:57:08.957Z,12,12,25310,4492,3.3949502716782303
qc-prov-2026-10-05-general,qc-prov-2026-2026-291,src_3bbf709ff718_20261006060145196_626649ba1833,final,src_3bbf709ff718,2026-10-06T06:01:45.196Z,2026-10-06T06:01:45.273Z,2026-10-06T05:49:38.957Z,9,9,24270,10803,2.501661367121583
qc-prov-2026-10-05-general,qc-prov-2026-2026-291,src_3bbf709ff718_20261006132431492_0b9bc8ab9d4a,final,src_3bbf709ff718,2026-10-06T13:24:31.492Z,2026-10-06T13:24:32.003Z,2026-10-06T13:10:08.959Z,9,9,24270,10803,2.501661367121583
qc-prov-2026-10-05-general,qc-prov-2026-2026-291,src_3bbf709ff718_20261006141046208_ab667d6040b8,final,src_3bbf709ff718,2026-10-06T14:10:46.208Z,2026-10-06T14:10:47.285Z,2026-10-06T13:55:38.958Z,9,9,24270,10803,2.501661367121583
qc-prov-2026-10-05-general,qc-prov-2026-2026-291,src_3bbf709ff718_20261006150515586_f23cf0de219b,final,src_3bbf709ff718,2026-10-06T15:05:15.586Z,2026-10-06T15:05:15.672Z,2026-10-06T14:57:08.957Z,9,9,24270,10803,2.501661367121583
qc-prov-2026-10-05-general,qc-prov-2026-2026-297,src_3bbf709ff718_20261006060145196_626649ba1833,final,src_3bbf709ff718,2026-10-06T06:01:45.196Z,2026-10-06T06:01:45.273Z,2026-10-06T05:49:38.957Z,8,8,31655,9519,3.0560939881509364
qc-prov-2026-10-05-general,qc-prov-2026-2026-297,src_3bbf709ff718_20261006132431492_0b9bc8ab9d4a,final,src_3bbf709ff718,2026-10-06T13:24:31.492Z,2026-10-06T13:24:32.003Z,2026-10-06T13:10:08.959Z,8,8,31655,9519,3.0560939881509364
qc-prov-2026-10-05-general,qc-prov-2026-2026-297,src_3bbf709ff718_20261006141046208_ab667d6040b8,final,src_3bbf709ff718,2026-10-06T14:10:46.208Z,2026-10-06T14:10:47.285Z,2026-10-06T13:55:38.958Z,8,8,31655,9519,3.0560939881509364
qc-prov-2026-10-05-general,qc-prov-2026-2026-297,src_3bbf709ff718_20261006150515586_f23cf0de219b,final,src_3bbf709ff718,2026-10-06T15:05:15.586Z,2026-10-06T15:05:15.672Z,2026-10-06T14:57:08.957Z,8,8,31655,9519,3.0560939881509364
qc-prov-2026-10-05-general,qc-prov-2026-2026-299,src_3bbf709ff718_20261006060145196_626649ba1833,final,src_3bbf709ff718,2026-10-06T06:01:45.196Z,2026-10-06T06:01:45.273Z,2026-10-06T05:49:38.957Z,8,8,26277,7776,3.2232971472613294
qc-prov-2026-10-05-general,qc-prov-2026-2026-299,src_3bbf709ff718_20261006132431492_0b9bc8ab9d4a,final,src_3bbf709ff718,2026-10-06T13:24:31.492Z,2026-10-06T13:24:32.003Z,2026-10-06T13:10:08.959Z,8,8,26277,7776,3.2232971472613294
qc-prov-2026-10-05-general,qc-prov-2026-2026-299,src_3bbf709ff718_20261006141046208_ab667d6040b8,final,src_3bbf709ff718,2026-10-06T14:10:46.208Z,2026-10-06T14:10:47.285Z,2026-10-06T13:55:38.958Z,8,8,26277,7776,3.2232971472613294
qc-prov-2026-10-05-general,qc-prov-2026-2026-299,src_3bbf709ff718_20261006150515586_f23cf0de219b,final,src_3bbf709ff718,2026-10-06T15:05:15.586Z,2026-10-06T15:05:15.672Z,2026-10-06T14:57:08.957Z,8,8,26277,7776,3.2232971472613294
qc-prov-2026-10-05-general,qc-prov-2026-2026-301,src_3bbf709ff718_20261006060145196_626649ba1833,final,src_3bbf709ff718,2026-10-06T06:01:45.196Z,2026-10-06T06:01:45.273Z,2026-10-06T05:49:38.957Z,6,6,31446,307,3.8828825387517094
qc-prov-2026-10-05-general,qc-prov-2026-2026-301,src_3bbf709ff718_20261006132431492_0b9bc8ab9d4a,final,src_3bbf709ff718,2026-10-06T13:24:31.492Z,2026-10-06T13:24:32.003Z,2026-10-06T13:10:08.959Z,6,6,31446,307,3.8828825387517094
qc-prov-2026-10-05-general,qc-prov-2026-2026-301,src_3bbf709ff718_20261006141046208_ab667d6040b8,final,src_3bbf709ff718,2026-10-06T14:10:46.208Z,2026-10-06T14:10:47.285Z,2026-10-06T13:55:38.958Z,6,6,31446,307,3.8828825387517094
qc-prov-2026-10-05-general,qc-prov-2026-2026-301,src_3bbf709ff718_20261006150515586_f23cf0de219b,final,src_3bbf709ff718,2026-10-06T15:05:15.586Z,2026-10-06T15:05:15.672Z,2026-10-06T14:57:08.957Z,6,6,31446,307,3.8828825387517094
qc-prov-2026-10-05-general,qc-prov-2026-2026-307,src_3bbf709ff718_20261006060145196_626649ba1833,final,src_3bbf709ff718,2026-10-06T06:01:45.196Z,2026-10-06T06:01:45.273Z,2026-10-06T05:49:38.957Z,11,11,28772,6544,2.840806379317136
qc-prov-2026-10-05-general,qc-prov-2026-2026-307,src_3bbf709ff718_20261006132431492_0b9bc8ab9d4a,final,src_3bbf709ff718,2026-10-06T13:24:31.492Z,2026-10-06T13:24:32.003Z,2026-10-06T13:10:08.959Z,11,11,28772,6544,2.840806379317136
qc-prov-2026-10-05-general,qc-prov-2026-2026-307,src_3bbf709ff718_20261006141046208_ab667d6040b8,final,src_3bbf709ff718,2026-10-06T14:10:46.208Z,2026-10-06T14:10:47.285Z,2026-10-06T13:55:38.958Z,11,11,28772,6544,2.840806379317136
qc-prov-2026-10-05-general,qc-prov-2026-2026-307,src_3bbf709ff718_20261006150515586_f23cf0de219b,final,src_3bbf709ff718,2026-10-06T15:05:15.586Z,2026-10-06T15:05:15.672Z,2026-10-06T14:57:08.957Z,11,11,28772,6544,2.840806379317136
qc-prov-2026-10-05-general,qc-prov-2026-2026-311,src_3bbf709ff718_20261006060145196_626649ba1833,final,src_3bbf709ff718,2026-10-06T06:01:45.196Z,2026-10-06T06:01:45.273Z,2026-10-06T05:49:38.957Z,9,9,31029,14419,2.2893004301053326
qc-prov-2026-10-05-general,qc-prov-2026-2026-311,src_3bbf709ff718_20261006132431492_0b9bc8ab9d4a,final,src_3bbf709ff718,2026-10-06T13:24:31.492Z,2026-10-06T13:24:32.003Z,2026-10-06T13:10:08.959Z,9,9,31029,14419,2.2893004301053326
qc-prov-2026-10-05-general,qc-prov-2026-2026-311,src_3bbf709ff718_20261006141046208_ab667d6040b8,final,src_3bbf709ff718,2026-10-06T14:10:46.208Z,2026-10-06T14:10:47.285Z,2026-10-06T13:55:38.958Z,9,9,31029,14419,2.2893004301053326
qc-prov-2026-10-05-general,qc-prov-2026-2026-311,src_3bbf709ff718_20261006150515586_f23cf0de219b,final,src_3bbf709ff718,2026-10-06T15:05:15.586Z,2026-10-06T15:05:15.672Z,2026-10-06T14:57:08.957Z,9,9,31029,14419,2.2893004301053326
qc-prov-2026-10-05-general,qc-prov-2026-2026-313,src_3bbf709ff718_20261006060145196_626649ba1833,final,src_3bbf709ff718,2026-10-06T06:01:45.196Z,2026-10-06T06:01:45.273Z,2026-10-06T05:49:38.957Z,10,10,30001,11930,2.4610616643107903
qc-prov-2026-10-05-general,qc-prov-2026-2026-313,src_3bbf709ff718_20261006132431492_0b9bc8ab9d4a,final,src_3bbf709ff718,2026-10-06T13:24:31.492Z,2026-10-06T13:24:32.003Z,2026-10-06T13:10:08.959Z,10,10,30001,11930,2.4610616643107903
qc-prov-2026-10-05-general,qc-prov-2026-2026-313,src_3bbf709ff718_20261006141046208_ab667d6040b8,final,src_3bbf709ff718,2026-10-06T14:10:46.208Z,2026-10-06T14:10:47.285Z,2026-10-06T13:55:38.958Z,10,10,30001,11930,2.4610616643107903
qc-prov-2026-10-05-general,qc-prov-2026-2026-313,src_3bbf709ff718_20261006150515586_f23cf0de219b,final,src_3bbf709ff718,2026-10-06T15:05:15.586Z,2026-10-06T15:05:15.672Z,2026-10-06T14:57:08.957Z,10,10,30001,11930,2.4610616643107903
qc-prov-2026-10-05-general,qc-prov-2026-2026-317,src_3bbf709ff718_20261006060145196_626649ba1833,final,src_3bbf709ff718,2026-10-06T06:01:45.196Z,2026-10-06T06:01:45.273Z,2026-10-06T05:49:38.957Z,10,10,27257,7391,2.8556894828724464
qc-prov-2026-10-05-general,qc-prov-2026-2026-317,src_3bbf709ff718_20261006132431492_0b9bc8ab9d4a,final,src_3bbf709ff718,2026-10-06T13:24:31.492Z,2026-10-06T13:24:32.003Z,2026-10-06T13:10:08.959Z,10,10,27257,7391,2.8556894828724464
qc-prov-2026-10-05-general,qc-prov-2026-2026-317,src_3bbf709ff718_20261006141046208_ab667d6040b8,final,src_3bbf709ff718,2026-10-06T14:10:46.208Z,2026-10-06T14:10:47.285Z,2026-10-06T13:55:38.958Z,10,10,27257,7391,2.8556894828724464
qc-prov-2026-10-05-general,qc-prov-2026-2026-317,src_3bbf709ff718_20261006150515586_f23cf0de219b,final,src_3bbf709ff718,2026-10-06T15:05:15.586Z,2026-10-06T15:05:15.672Z,2026-10-06T14:57:08.957Z,10,10,27257,7391,2.8556894828724464
qc-prov-2026-10-05-general,qc-prov-2026-2026-319,src_3bbf709ff718_20261006060145196_626649ba1833,final,src_3bbf709ff718,2026-10-06T06:01:45.196Z,2026-10-06T06:01:45.273Z,2026-10-06T05:49:38.957Z,7,7,36131,4085,3.589221233291631
qc-prov-2026-10-05-general,qc-prov-2026-2026-319,src_3bbf709ff718_20261006132431492_0b9bc8ab9d4a,final,src_3bbf709ff718,2026-10-06T13:24:31.492Z,2026-10-06T13:24:32.003Z,2026-10-06T13:10:08.959Z,7,7,36131,4085,3.589221233291631
qc-prov-2026-10-05-general,qc-prov-2026-2026-319,src_3bbf709ff718_20261006141046208_ab667d6040b8,final,src_3bbf709ff718,2026-10-06T14:10:46.208Z,2026-10-06T14:10:47.285Z,2026-10-06T13:55:38.958Z,7,7,36131,4085,3.589221233291631
qc-prov-2026-10-05-general,qc-prov-2026-2026-319,src_3bbf709ff718_20261006150515586_f23cf0de219b,final,src_3bbf709ff718,2026-10-06T15:05:15.586Z,2026-10-06T15:05:15.672Z,2026-10-06T14:57:08.957Z,7,7,36131,4085,3.589221233291631
qc-prov-2026-10-05-general,qc-prov-2026-2026-321,src_3bbf709ff718_20261006060145196_626649ba1833,final,src_3bbf709ff718,2026-10-06T06:01:45.196Z,2026-10-06T06:01:45.273Z,2026-10-06T05:49:38.957Z,10,10,20489,2836,3.4550838204019967
qc-prov-2026-10-05-general,qc-prov-2026-2026-321,src_3bbf709ff718_20261006132431492_0b9bc8ab9d4a,final,src_3bbf709ff718,2026-10-06T13:24:31.492Z,2026-10-06T13:24:32.003Z,2026-10-06T13:10:08.959Z,10,10,20489,2836,3.4550838204019967
qc-prov-2026-10-05-general,qc-prov-2026-2026-321,src_3bbf709ff718_20261006141046208_ab667d6040b8,final,src_3bbf709ff718,2026-10-06T14:10:46.208Z,2026-10-06T14:10:47.285Z,2026-10-06T13:55:38.958Z,10,10,20489,2836,3.4550838204019967
qc-prov-2026-10-05-general,qc-prov-2026-2026-321,src_3bbf709ff718_20261006150515586_f23cf0de219b,final,src_3bbf709ff718,2026-10-06T15:05:15.586Z,2026-10-06T15:05:15.672Z,2026-10-06T14:57:08.957Z,10,10,20489,2836,3.4550838204019967
qc-prov-2026-10-05-general,qc-prov-2026-2026-327,src_3bbf709ff718_20261006060145196_626649ba1833,final,src_3bbf709ff718,2026-10-06T06:01:45.196Z,2026-10-06T06:01:45.273Z,2026-10-06T05:49:38.957Z,6,6,21984,6739,3.3596863434261417
qc-prov-2026-10-05-general,qc-prov-2026-2026-327,src_3bbf709ff718_20261006132431492_0b9bc8ab9d4a,final,src_3bbf709ff718,2026-10-06T13:24:31.492Z,2026-10-06T13:24:32.003Z,2026-10-06T13:10:08.959Z,6,6,21984,6739,3.3596863434261417
qc-prov-2026-10-05-general,qc-prov-2026-2026-327,src_3bbf709ff718_20261006141046208_ab667d6040b8,final,src_3bbf709ff718,2026-10-06T14:10:46.208Z,2026-10-06T14:10:47.285Z,2026-10-06T13:55:38.958Z,6,6,21984,6739,3.3596863434261417
qc-prov-2026-10-05-general,qc-prov-2026-2026-327,src_3bbf709ff718_20261006150515586_f23cf0de219b,final,src_3bbf709ff718,2026-10-06T15:05:15.586Z,2026-10-06T15:05:15.672Z,2026-10-06T14:57:08.957Z,6,6,21984,6739,3.3596863434261417
qc-prov-2026-10-05-general,qc-prov-2026-2026-331,src_3bbf709ff718_20261006060145196_626649ba1833,final,src_3bbf709ff718,2026-10-06T06:01:45.196Z,2026-10-06T06:01:45.273Z,2026-10-06T05:49:38.957Z,7,7,27095,13939,2.2775694628972865
qc-prov-2026-10-05-general,qc-prov-2026-2026-331,src_3bbf709ff718_20261006132431492_0b9bc8ab9d4a,final,src_3bbf709ff718,2026-10-06T13:24:31.492Z,2026-10-06T13:24:32.003Z,2026-10-06T13:10:08.959Z,7,7,27095,13939,2.2775694628972865
qc-prov-2026-10-05-general,qc-prov-2026-2026-331,src_3bbf709ff718_20261006141046208_ab667d6040b8,final,src_3bbf709ff718,2026-10-06T14:10:46.208Z,2026-10-06T14:10:47.285Z,2026-10-06T13:55:38.958Z,7,7,27095,13939,2.2775694628972865
qc-prov-2026-10-05-general,qc-prov-2026-2026-331,src_3bbf709ff718_20261006150515586_f23cf0de219b,final,src_3bbf709ff718,2026-10-06T15:05:15.586Z,2026-10-06T15:05:15.672Z,2026-10-06T14:57:08.957Z,7,7,27095,13939,2.2775694628972865
qc-prov-2026-10-05-general,qc-prov-2026-2026-337,src_3bbf709ff718_20261006060145196_626649ba1833,final,src_3bbf709ff718,2026-10-06T06:01:45.196Z,2026-10-06T06:01:45.273Z,2026-10-06T05:49:38.957Z,8,8,30835,5423,3.836184738204462
qc-prov-2026-10-05-general,qc-prov-2026-2026-337,src_3bbf709ff718_20261006132431492_0b9bc8ab9d4a,final,src_3bbf709ff718,2026-10-06T13:24:31.492Z,2026-10-06T13:24:32.003Z,2026-10-06T13:10:08.959Z,8,8,30835,5423,3.836184738204462
qc-prov-2026-10-05-general,qc-prov-2026-2026-337,src_3bbf709ff718_20261006141046208_ab667d6040b8,final,src_3bbf709ff718,2026-10-06T14:10:46.208Z,2026-10-06T14:10:47.285Z,2026-10-06T13:55:38.958Z,8,8,30835,5423,3.836184738204462
qc-prov-2026-10-05-general,qc-prov-2026-2026-337,src_3bbf709ff718_20261006150515586_f23cf0de219b,final,src_3bbf709ff718,2026-10-06T15:05:15.586Z,2026-10-06T15:05:15.672Z,2026-10-06T14:57:08.957Z,8,8,30835,5423,3.836184738204462
qc-prov-2026-10-05-general,qc-prov-2026-2026-339,src_3bbf709ff718_20261006060145196_626649ba1833,final,src_3bbf709ff718,2026-10-06T06:01:45.196Z,2026-10-06T06:01:45.273Z,2026-10-06T05:49:38.957Z,7,7,25303,11475,2.5724348935117862
qc-prov-2026-10-05-general,qc-prov-2026-2026-339,src_3bbf709ff718_20261006132431492_0b9bc8ab9d4a,final,src_3bbf709ff718,2026-10-06T13:24:31.492Z,2026-10-06T13:24:32.003Z,2026-10-06T13:10:08.959Z,7,7,25303,11475,2.5724348935117862
qc-prov-2026-10-05-general,qc-prov-2026-2026-339,src_3bbf709ff718_20261006141046208_ab667d6040b8,final,src_3bbf709ff718,2026-10-06T14:10:46.208Z,2026-10-06T14:10:47.285Z,2026-10-06T13:55:38.958Z,7,7,25303,11475,2.5724348935117862
qc-prov-2026-10-05-general,qc-prov-2026-2026-339,src_3bbf709ff718_20261006150515586_f23cf0de219b,final,src_3bbf709ff718,2026-10-06T15:05:15.586Z,2026-10-06T15:05:15.672Z,2026-10-06T14:57:08.957Z,7,7,25303,11475,2.5724348935117862
qc-prov-2026-10-05-general,qc-prov-2026-2026-341,src_3bbf709ff718_20261006060145196_626649ba1833,final,src_3bbf709ff718,2026-10-06T06:01:45.196Z,2026-10-06T06:01:45.273Z,2026-10-06T05:49:38.957Z,8,8,25729,4960,4.159253282020867
qc-prov-2026-10-05-general,qc-prov-2026-2026-341,src_3bbf709ff718_20261006132431492_0b9bc8ab9d4a,final,src_3bbf709ff718,2026-10-06T13:24:31.492Z,2026-10-06T13:24:32.003Z,2026-10-06T13:10:08.959Z,8,8,25729,4960,4.159253282020867
qc-prov-2026-10-05-general,qc-prov-2026-2026-341,src_3bbf709ff718_20261006141046208_ab667d6040b8,final,src_3bbf709ff718,2026-10-06T14:10:46.208Z,2026-10-06T14:10:47.285Z,2026-10-06T13:55:38.958Z,8,8,25729,4960,4.159253282020867
qc-prov-2026-10-05-general,qc-prov-2026-2026-341,src_3bbf709ff718_20261006150515586_f23cf0de219b,final,src_3bbf709ff718,2026-10-06T15:05:15.586Z,2026-10-06T15:05:15.672Z,2026-10-06T14:57:08.957Z,8,8,25729,4960,4.159253282020867
qc-prov-2026-10-05-general,qc-prov-2026-2026-347,src_3bbf709ff718_20261006060145196_626649ba1833,final,src_3bbf709ff718,2026-10-06T06:01:45.196Z,2026-10-06T06:01:45.273Z,2026-10-06T05:49:38.957Z,7,7,33075,4528,4.20873978959764
qc-prov-2026-10-05-general,qc-prov-2026-2026-347,src_3bbf709ff718_20261006132431492_0b9bc8ab9d4a,final,src_3bbf709ff718,2026-10-06T13:24:31.492Z,2026-10-06T13:24:32.003Z,2026-10-06T13:10:08.959Z,7,7,33075,4528,4.20873978959764
qc-prov-2026-10-05-general,qc-prov-2026-2026-347,src_3bbf709ff718_20261006141046208_ab667d6040b8,final,src_3bbf709ff718,2026-10-06T14:10:46.208Z,2026-10-06T14:10:47.285Z,2026-10-06T13:55:38.958Z,7,7,33075,4528,4.20873978959764
qc-prov-2026-10-05-general,qc-prov-2026-2026-347,src_3bbf709ff718_20261006150515586_f23cf0de219b,final,src_3bbf709ff718,2026-10-06T15:05:15.586Z,2026-10-06T15:05:15.672Z,2026-10-06T14:57:08.957Z,7,7,33075,4528,4.20873978959764
qc-prov-2026-10-05-general,qc-prov-2026-2026-351,src_3bbf709ff718_20261006060145196_626649ba1833,final,src_3bbf709ff718,2026-10-06T06:01:45.196Z,2026-10-06T06:01:45.273Z,2026-10-06T05:49:38.957Z,7,7,28356,7691,3.6516360341923417
qc-prov-2026-10-05-general,qc-prov-2026-2026-351,src_3bbf709ff718_20261006132431492_0b9bc8ab9d4a,final,src_3bbf709ff718,2026-10-06T13:24:31.492Z,2026-10-06T13:24:32.003Z,2026-10-06T13:10:08.959Z,7,7,28356,7691,3.6516360341923417
qc-prov-2026-10-05-general,qc-prov-2026-2026-351,src_3bbf709ff718_20261006141046208_ab667d6040b8,final,src_3bbf709ff718,2026-10-06T14:10:46.208Z,2026-10-06T14:10:47.285Z,2026-10-06T13:55:38.958Z,7,7,28356,7691,3.6516360341923417
qc-prov-2026-10-05-general,qc-prov-2026-2026-351,src_3bbf709ff718_20261006150515586_f23cf0de219b,final,src_3bbf709ff718,2026-10-06T15:05:15.586Z,2026-10-06T15:05:15.672Z,2026-10-06T14:57:08.957Z,7,7,28356,7691,3.6516360341923417
qc-prov-2026-10-05-general,qc-prov-2026-2026-357,src_3bbf709ff718_20261006060145196_626649ba1833,final,src_3bbf709ff718,2026-10-06T06:01:45.196Z,2026-10-06T06:01:45.273Z,2026-10-06T05:49:38.957Z,7,7,35198,8075,3.714683629406012
qc-prov-2026-10-05-general,qc-prov-2026-2026-357,src_3bbf709ff718_20261006132431492_0b9bc8ab9d4a,final,src_3bbf709ff718,2026-10-06T13:24:31.492Z,2026-10-06T13:24:32.003Z,2026-10-06T13:10:08.959Z,7,7,35198,8075,3.714683629406012
qc-prov-2026-10-05-general,qc-prov-2026-2026-357,src_3bbf709ff718_20261006141046208_ab667d6040b8,final,src_3bbf709ff718,2026-10-06T14:10:46.208Z,2026-10-06T14:10:47.285Z,2026-10-06T13:55:38.958Z,7,7,35198,8075,3.714683629406012
qc-prov-2026-10-05-general,qc-prov-2026-2026-357,src_3bbf709ff718_20261006150515586_f23cf0de219b,final,src_3bbf709ff718,2026-10-06T15:05:15.586Z,2026-10-06T15:05:15.672Z,2026-10-06T14:57:08.957Z,7,7,35198,8075,3.714683629406012
qc-prov-2026-10-05-general,qc-prov-2026-2026-359,src_3bbf709ff718_20261006060145196_626649ba1833,final,src_3bbf709ff718,2026-10-06T06:01:45.196Z,2026-10-06T06:01:45.273Z,2026-10-06T05:49:38.957Z,7,7,37566,5019,4.094551264679727
qc-prov-2026-10-05-general,qc-prov-2026-2026-359,src_3bbf709ff718_20261006132431492_0b9bc8ab9d4a,final,src_3bbf709ff718,2026-10-06T13:24:31.492Z,2026-10-06T13:24:32.003Z,2026-10-06T13:10:08.959Z,7,7,37566,5019,4.094551264679727
qc-prov-2026-10-05-general,qc-prov-2026-2026-359,src_3bbf709ff718_20261006141046208_ab667d6040b8,final,src_3bbf709ff718,2026-10-06T14:10:46.208Z,2026-10-06T14:10:47.285Z,2026-10-06T13:55:38.958Z,7,7,37566,5019,4.094551264679727
qc-prov-2026-10-05-general,qc-prov-2026-2026-359,src_3bbf709ff718_20261006150515586_f23cf0de219b,final,src_3bbf709ff718,2026-10-06T15:05:15.586Z,2026-10-06T15:05:15.672Z,2026-10-06T14:57:08.957Z,7,7,37566,5019,4.094551264679727
qc-prov-2026-10-05-general,qc-prov-2026-2026-569,src_3bbf709ff718_20261006060145196_626649ba1833,final,src_3bbf709ff718,2026-10-06T06:01:45.196Z,2026-10-06T06:01:45.273Z,2026-10-06T05:49:38.957Z,7,7,31754,6814,3.735224604048599
qc-prov-2026-10-05-general,qc-prov-2026-2026-569,src_3bbf709ff718_20261006132431492_0b9bc8ab9d4a,final,src_3bbf709ff718,2026-10-06T13:24:31.492Z,2026-10-06T13:24:32.003Z,2026-10-06T13:10:08.959Z,7,7,31754,6814,3.735224604048599
qc-prov-2026-10-05-general,qc-prov-2026-2026-569,src_3bbf709ff718_20261006141046208_ab667d6040b8,final,src_3bbf709ff718,2026-10-06T14:10:46.208Z,2026-10-06T14:10:47.285Z,2026-10-06T13:55:38.958Z,7,7,31754,6814,3.735224604048599
qc-prov-2026-10-05-general,qc-prov-2026-2026-569,src_3bbf709ff718_20261006150515586_f23cf0de219b,final,src_3bbf709ff718,2026-10-06T15:05:15.586Z,2026-10-06T15:05:15.672Z,2026-10-06T14:57:08.957Z,7,7,31754,6814,3.735224604048599
qc-prov-2026-10-05-general,qc-prov-2026-2026-571,src_3bbf709ff718_20261006060145196_626649ba1833,final,src_3bbf709ff718,2026-10-06T06:01:45.196Z,2026-10-06T06:01:45.273Z,2026-10-06T05:49:38.957Z,6,6,32765,7408,3.5537313141482096
qc-prov-2026-10-05-general,qc-prov-2026-2026-571,src_3bbf709ff718_20261006132431492_0b9bc8ab9d4a,final,src_3bbf709ff718,2026-10-06T13:24:31.492Z,2026-10-06T13:24:32.003Z,2026-10-06T13:10:08.959Z,6,6,32765,7408,3.5537313141482096
qc-prov-2026-10-05-general,qc-prov-2026-2026-571,src_3bbf709ff718_20261006141046208_ab667d6040b8,final,src_3bbf709ff718,2026-10-06T14:10:46.208Z,2026-10-06T14:10:47.285Z,2026-10-06T13:55:38.958Z,6,6,32765,7408,3.5537313141482096
qc-prov-2026-10-05-general,qc-prov-2026-2026-571,src_3bbf709ff718_20261006150515586_f23cf0de219b,final,src_3bbf709ff718,2026-10-06T15:05:15.586Z,2026-10-06T15:05:15.672Z,2026-10-06T14:57:08.957Z,6,6,32765,7408,3.5537313141482096
qc-prov-2026-10-05-general,qc-prov-2026-2026-577,src_3bbf709ff718_20261006060145196_626649ba1833,final,src_3bbf709ff718,2026-10-06T06:01:45.196Z,2026-10-06T06:01:45.273Z,2026-10-06T05:49:38.957Z,6,6,36505,3121,4.463681336029675
qc-prov-2026-10-05-general,qc-prov-2026-2026-577,src_3bbf709ff718_20261006132431492_0b9bc8ab9d4a,final,src_3bbf709ff718,2026-10-06T13:24:31.492Z,2026-10-06T13:24:32.003Z,2026-10-06T13:10:08.959Z,6,6,36505,3121,4.463681336029675
qc-prov-2026-10-05-general,qc-prov-2026-2026-577,src_3bbf709ff718_20261006141046208_ab667d6040b8,final,src_3bbf709ff718,2026-10-06T14:10:46.208Z,2026-10-06T14:10:47.285Z,2026-10-06T13:55:38.958Z,6,6,36505,3121,4.463681336029675
qc-prov-2026-10-05-general,qc-prov-2026-2026-577,src_3bbf709ff718_20261006150515586_f23cf0de219b,final,src_3bbf709ff718,2026-10-06T15:05:15.586Z,2026-10-06T15:05:15.672Z,2026-10-06T14:57:08.957Z,6,6,36505,3121,4.463681336029675
qc-prov-2026-10-05-general,qc-prov-2026-2026-581,src_3bbf709ff718_20261006060145196_626649ba1833,final,src_3bbf709ff718,2026-10-06T06:01:45.196Z,2026-10-06T06:01:45.273Z,2026-10-06T05:49:38.957Z,6,6,34532,4858,4.197381463440706
qc-prov-2026-10-05-general,qc-prov-2026-2026-581,src_3bbf709ff718_20261006132431492_0b9bc8ab9d4a,final,src_3bbf709ff718,2026-10-06T13:24:31.492Z,2026-10-06T13:24:32.003Z,2026-10-06T13:10:08.959Z,6,6,34532,4858,4.197381463440706
qc-prov-2026-10-05-general,qc-prov-2026-2026-581,src_3bbf709ff718_20261006141046208_ab667d6040b8,final,src_3bbf709ff718,2026-10-06T14:10:46.208Z,2026-10-06T14:10:47.285Z,2026-10-06T13:55:38.958Z,6,6,34532,4858,4.197381463440706
qc-prov-2026-10-05-general,qc-prov-2026-2026-581,src_3bbf709ff718_20261006150515586_f23cf0de219b,final,src_3bbf709ff718,2026-10-06T15:05:15.586Z,2026-10-06T15:05:15.672Z,2026-10-06T14:57:08.957Z,6,6,34532,4858,4.197381463440706
qc-prov-2026-10-05-general,qc-prov-2026-2026-587,src_3bbf709ff718_20261006060145196_626649ba1833,final,src_3bbf709ff718,2026-10-06T06:01:45.196Z,2026-10-06T06:01:45.273Z,2026-10-06T05:49:38.957Z,7,7,38764,7252,3.9137774632593634
qc-prov-2026-10-05-general,qc-prov-2026-2026-587,src_3bbf709ff718_20261006132431492_0b9bc8ab9d4a,final,src_3bbf709ff718,2026-10-06T13:24:31.492Z,2026-10-06T13:24:32.003Z,2026-10-06T13:10:08.959Z,7,7,38764,7252,3.9137774632593634
qc-prov-2026-10-05-general,qc-prov-2026-2026-587,src_3bbf709ff718_20261006141046208_ab667d6040b8,final,src_3bbf709ff718,2026-10-06T14:10:46.208Z,2026-10-06T14:10:47.285Z,2026-10-06T13:55:38.958Z,7,7,38764,7252,3.9137774632593634
qc-prov-2026-10-05-general,qc-prov-2026-2026-587,src_3bbf709ff718_20261006150515586_f23cf0de219b,final,src_3bbf709ff718,2026-10-06T15:05:15.586Z,2026-10-06T15:05:15.672Z,2026-10-06T14:57:08.957Z,7,7,38764,7252,3.9137774632593634
qc-prov-2026-10-05-general,qc-prov-2026-2026-589,src_3bbf709ff718_20261006060145196_626649ba1833,final,src_3bbf709ff718,2026-10-06T06:01:45.196Z,2026-10-06T06:01:45.273Z,2026-10-06T05:49:38.957Z,9,8,27028,2033,4.269257479888731
qc-prov-2026-10-05-general,qc-prov-2026-2026-589,src_3bbf709ff718_20261006132431492_0b9bc8ab9d4a,final,src_3bbf709ff718,2026-10-06T13:24:31.492Z,2026-10-06T13:24:32.003Z,2026-10-06T13:10:08.959Z,9,8,27028,2033,4.269257479888731
qc-prov-2026-10-05-general,qc-prov-2026-2026-589,src_3bbf709ff718_20261006141046208_ab667d6040b8,final,src_3bbf709ff718,2026-10-06T14:10:46.208Z,2026-10-06T14:10:47.285Z,2026-10-06T13:55:38.958Z,9,8,27028,2033,4.269257479888731
qc-prov-2026-10-05-general,qc-prov-2026-2026-589,src_3bbf709ff718_20261006150515586_f23cf0de219b,final,src_3bbf709ff718,2026-10-06T15:05:15.586Z,2026-10-06T15:05:15.672Z,2026-10-06T14:57:08.957Z,9,8,27028,2033,4.269257479888731
qc-prov-2026-10-05-general,qc-prov-2026-2026-591,src_3bbf709ff718_20261006060145196_626649ba1833,final,src_3bbf709ff718,2026-10-06T06:01:45.196Z,2026-10-06T06:01:45.273Z,2026-10-06T05:49:38.957Z,5,5,31218,5643,3.6909845551321894
qc-prov-2026-10-05-general,qc-prov-2026-2026-591,src_3bbf709ff718_20261006132431492_0b9bc8ab9d4a,final,src_3bbf709ff718,2026-10-06T13:24:31.492Z,2026-10-06T13:24:32.003Z,2026-10-06T13:10:08.959Z,5,5,31218,5643,3.6909845551321894
qc-prov-2026-10-05-general,qc-prov-2026-2026-591,src_3bbf709ff718_20261006141046208_ab667d6040b8,final,src_3bbf709ff718,2026-10-06T14:10:46.208Z,2026-10-06T14:10:47.285Z,2026-10-06T13:55:38.958Z,5,5,31218,5643,3.6909845551321894
qc-prov-2026-10-05-general,qc-prov-2026-2026-591,src_3bbf709ff718_20261006150515586_f23cf0de219b,final,src_3bbf709ff718,2026-10-06T15:05:15.586Z,2026-10-06T15:05:15.672Z,2026-10-06T14:57:08.957Z,5,5,31218,5643,3.6909845551321894
qc-prov-2026-10-05-general,qc-prov-2026-2026-597,src_3bbf709ff718_20261006060145196_626649ba1833,final,src_3bbf709ff718,2026-10-06T06:01:45.196Z,2026-10-06T06:01:45.273Z,2026-10-06T05:49:38.957Z,6,6,28419,6077,4.044226270226319
qc-prov-2026-10-05-general,qc-prov-2026-2026-597,src_3bbf709ff718_20261006132431492_0b9bc8ab9d4a,final,src_3bbf709ff718,2026-10-06T13:24:31.492Z,2026-10-06T13:24:32.003Z,2026-10-06T13:10:08.959Z,6,6,28419,6077,4.044226270226319
qc-prov-2026-10-05-general,qc-prov-2026-2026-597,src_3bbf709ff718_20261006141046208_ab667d6040b8,final,src_3bbf709ff718,2026-10-06T14:10:46.208Z,2026-10-06T14:10:47.285Z,2026-10-06T13:55:38.958Z,6,6,28419,6077,4.044226270226319
qc-prov-2026-10-05-general,qc-prov-2026-2026-597,src_3bbf709ff718_20261006150515586_f23cf0de219b,final,src_3bbf709ff718,2026-10-06T15:05:15.586Z,2026-10-06T15:05:15.672Z,2026-10-06T14:57:08.957Z,6,6,28419,6077,4.044226270226319
qc-prov-2026-10-05-general,qc-prov-2026-2026-601,src_3bbf709ff718_20261006060145196_626649ba1833,final,src_3bbf709ff718,2026-10-06T06:01:45.196Z,2026-10-06T06:01:45.273Z,2026-10-06T05:49:38.957Z,7,7,33306,5961,4.0478799817806115
qc-prov-2026-10-05-general,qc-prov-2026-2026-601,src_3bbf709ff718_20261006132431492_0b9bc8ab9d4a,final,src_3bbf709ff718,2026-10-06T13:24:31.492Z,2026-10-06T13:24:32.003Z,2026-10-06T13:10:08.959Z,7,7,33306,5961,4.0478799817806115
qc-prov-2026-10-05-general,qc-prov-2026-2026-601,src_3bbf709ff718_20261006141046208_ab667d6040b8,final,src_3bbf709ff718,2026-10-06T14:10:46.208Z,2026-10-06T14:10:47.285Z,2026-10-06T13:55:38.958Z,7,7,33306,5961,4.0478799817806115
qc-prov-2026-10-05-general,qc-prov-2026-2026-601,src_3bbf709ff718_20261006150515586_f23cf0de219b,final,src_3bbf709ff718,2026-10-06T15:05:15.586Z,2026-10-06T15:05:15.672Z,2026-10-06T14:57:08.957Z,7,7,33306,5961,4.0478799817806115
qc-prov-2026-10-05-general,qc-prov-2026-2026-607,src_3bbf709ff718_20261006060145196_626649ba1833,final,src_3bbf709ff718,2026-10-06T06:01:45.196Z,2026-10-06T06:01:45.273Z,2026-10-06T05:49:38.957Z,6,6,44520,3178,4.227196079351554
qc-prov-2026-10-05-general,qc-prov-2026-2026-607,src_3bbf709ff718_20261006132431492_0b9bc8ab9d4a,final,src_3bbf709ff718,2026-10-06T13:24:31.492Z,2026-10-06T13:24:32.003Z,2026-10-06T13:10:08.959Z,6,6,44520,3178,4.227196079351554
qc-prov-2026-10-05-general,qc-prov-2026-2026-607,src_3bbf709ff718_20261006141046208_ab667d6040b8,final,src_3bbf709ff718,2026-10-06T14:10:46.208Z,2026-10-06T14:10:47.285Z,2026-10-06T13:55:38.958Z,6,6,44520,3178,4.227196079351554
qc-prov-2026-10-05-general,qc-prov-2026-2026-607,src_3bbf709ff718_20261006150515586_f23cf0de219b,final,src_3bbf709ff718,2026-10-06T15:05:15.586Z,2026-10-06T15:05:15.672Z,2026-10-06T14:57:08.957Z,6,6,44520,3178,4.227196079351554
qc-prov-2026-10-05-general,qc-prov-2026-2026-609,src_3bbf709ff718_20261006060145196_626649ba1833,final,src_3bbf709ff718,2026-10-06T06:01:45.196Z,2026-10-06T06:01:45.273Z,2026-10-06T05:49:38.957Z,6,6,38921,7719,3.980067467319807
qc-prov-2026-10-05-general,qc-prov-2026-2026-609,src_3bbf709ff718_20261006132431492_0b9bc8ab9d4a,final,src_3bbf709ff718,2026-10-06T13:24:31.492Z,2026-10-06T13:24:32.003Z,2026-10-06T13:10:08.959Z,6,6,38921,7719,3.980067467319807
qc-prov-2026-10-05-general,qc-prov-2026-2026-609,src_3bbf709ff718_20261006141046208_ab667d6040b8,final,src_3bbf709ff718,2026-10-06T14:10:46.208Z,2026-10-06T14:10:47.285Z,2026-10-06T13:55:38.958Z,6,6,38921,7719,3.980067467319807
qc-prov-2026-10-05-general,qc-prov-2026-2026-609,src_3bbf709ff718_20261006150515586_f23cf0de219b,final,src_3bbf709ff718,2026-10-06T15:05:15.586Z,2026-10-06T15:05:15.672Z,2026-10-06T14:57:08.957Z,6,6,38921,7719,3.980067467319807
qc-prov-2026-10-05-general,qc-prov-2026-2026-611,src_3bbf709ff718_20261006060145196_626649ba1833,final,src_3bbf709ff718,2026-10-06T06:01:45.196Z,2026-10-06T06:01:45.273Z,2026-10-06T05:49:38.957Z,5,5,38425,8344,3.8918821966284347
qc-prov-2026-10-05-general,qc-prov-2026-2026-611,src_3bbf709ff718_20261006132431492_0b9bc8ab9d4a,final,src_3bbf709ff718,2026-10-06T13:24:31.492Z,2026-10-06T13:24:32.003Z,2026-10-06T13:10:08.959Z,5,5,38425,8344,3.8918821966284347
qc-prov-2026-10-05-general,qc-prov-2026-2026-611,src_3bbf709ff718_20261006141046208_ab667d6040b8,final,src_3bbf709ff718,2026-10-06T14:10:46.208Z,2026-10-06T14:10:47.285Z,2026-10-06T13:55:38.958Z,5,5,38425,8344,3.8918821966284347
qc-prov-2026-10-05-general,qc-prov-2026-2026-611,src_3bbf709ff718_20261006150515586_f23cf0de219b,final,src_3bbf709ff718,2026-10-06T15:05:15.586Z,2026-10-06T15:05:15.672Z,2026-10-06T14:57:08.957Z,5,5,38425,8344,3.8918821966284347
qc-prov-2026-10-05-general,qc-prov-2026-2026-617,src_3bbf709ff718_20261006060145196_626649ba1833,final,src_3bbf709ff718,2026-10-06T06:01:45.196Z,2026-10-06T06:01:45.273Z,2026-10-06T05:49:38.957Z,6,6,40333,5850,4.1803722708194035
qc-prov-2026-10-05-general,qc-prov-2026-2026-617,src_3bbf709ff718_20261006132431492_0b9bc8ab9d4a,final,src_3bbf709ff718,2026-10-06T13:24:31.492Z,2026-10-06T13:24:32.003Z,2026-10-06T13:10:08.959Z,6,6,40333,5850,4.1803722708194035
qc-prov-2026-10-05-general,qc-prov-2026-2026-617,src_3bbf709ff718_20261006141046208_ab667d6040b8,final,src_3bbf709ff718,2026-10-06T14:10:46.208Z,2026-10-06T14:10:47.285Z,2026-10-06T13:55:38.958Z,6,6,40333,5850,4.1803722708194035
qc-prov-2026-10-05-general,qc-prov-2026-2026-617,src_3bbf709ff718_20261006150515586_f23cf0de219b,final,src_3bbf709ff718,2026-10-06T15:05:15.586Z,2026-10-06T15:05:15.672Z,2026-10-06T14:57:08.957Z,6,6,40333,5850,4.1803722708194035
qc-prov-2026-10-05-general,qc-prov-2026-2026-621,src_3bbf709ff718_20261006060145196_626649ba1833,final,src_3bbf709ff718,2026-10-06T06:01:45.196Z,2026-10-06T06:01:45.273Z,2026-10-06T05:49:38.957Z,6,6,39724,9070,3.876242850396438
qc-prov-2026-10-05-general,qc-prov-2026-2026-621,src_3bbf709ff718_20261006132431492_0b9bc8ab9d4a,final,src_3bbf709ff718,2026-10-06T13:24:31.492Z,2026-10-06T13:24:32.003Z,2026-10-06T13:10:08.959Z,6,6,39724,9070,3.876242850396438
qc-prov-2026-10-05-general,qc-prov-2026-2026-621,src_3bbf709ff718_20261006141046208_ab667d6040b8,final,src_3bbf709ff718,2026-10-06T14:10:46.208Z,2026-10-06T14:10:47.285Z,2026-10-06T13:55:38.958Z,6,6,39724,9070,3.876242850396438
qc-prov-2026-10-05-general,qc-prov-2026-2026-621,src_3bbf709ff718_20261006150515586_f23cf0de219b,final,src_3bbf709ff718,2026-10-06T15:05:15.586Z,2026-10-06T15:05:15.672Z,2026-10-06T14:57:08.957Z,6,6,39724,9070,3.876242850396438
qc-prov-2026-10-05-general,qc-prov-2026-2026-627,src_3bbf709ff718_20261006060145196_626649ba1833,final,src_3bbf709ff718,2026-10-06T06:01:45.196Z,2026-10-06T06:01:45.273Z,2026-10-06T05:49:38.957Z,8,8,35993,7823,3.633456887230961
qc-prov-2026-10-05-general,qc-prov-2026-2026-627,src_3bbf709ff718_20261006132431492_0b9bc8ab9d4a,final,src_3bbf709ff718,2026-10-06T13:24:31.492Z,2026-10-06T13:24:32.003Z,2026-10-06T13:10:08.959Z,8,8,35993,7823,3.633456887230961
qc-prov-2026-10-05-general,qc-prov-2026-2026-627,src_3bbf709ff718_20261006141046208_ab667d6040b8,final,src_3bbf709ff718,2026-10-06T14:10:46.208Z,2026-10-06T14:10:47.285Z,2026-10-06T13:55:38.958Z,8,8,35993,7823,3.633456887230961
qc-prov-2026-10-05-general,qc-prov-2026-2026-627,src_3bbf709ff718_20261006150515586_f23cf0de219b,final,src_3bbf709ff718,2026-10-06T15:05:15.586Z,2026-10-06T15:05:15.672Z,2026-10-06T14:57:08.957Z,8,8,35993,7823,3.633456887230961
qc-prov-2026-10-05-general,qc-prov-2026-2026-629,src_3bbf709ff718_20261006060145196_626649ba1833,final,src_3bbf709ff718,2026-10-06T06:01:45.196Z,2026-10-06T06:01:45.273Z,2026-10-06T05:49:38.957Z,9,9,40777,11139,3.562429069494847
qc-prov-2026-10-05-general,qc-prov-2026-2026-629,src_3bbf709ff718_20261006132431492_0b9bc8ab9d4a,final,src_3bbf709ff718,2026-10-06T13:24:31.492Z,2026-10-06T13:24:32.003Z,2026-10-06T13:10:08.959Z,9,9,40777,11139,3.562429069494847
qc-prov-2026-10-05-general,qc-prov-2026-2026-629,src_3bbf709ff718_20261006141046208_ab667d6040b8,final,src_3bbf709ff718,2026-10-06T14:10:46.208Z,2026-10-06T14:10:47.285Z,2026-10-06T13:55:38.958Z,9,9,40777,11139,3.562429069494847
qc-prov-2026-10-05-general,qc-prov-2026-2026-629,src_3bbf709ff718_20261006150515586_f23cf0de219b,final,src_3bbf709ff718,2026-10-06T15:05:15.586Z,2026-10-06T15:05:15.672Z,2026-10-06T14:57:08.957Z,9,9,40777,11139,3.562429069494847
qc-prov-2026-10-05-general,qc-prov-2026-2026-631,src_3bbf709ff718_20261006060145196_626649ba1833,final,src_3bbf709ff718,2026-10-06T06:01:45.196Z,2026-10-06T06:01:45.273Z,2026-10-06T05:49:38.957Z,5,5,30935,4989,3.331082065714273
qc-prov-2026-10-05-general,qc-prov-2026-2026-631,src_3bbf709ff718_20261006132431492_0b9bc8ab9d4a,final,src_3bbf709ff718,2026-10-06T13:24:31.492Z,2026-10-06T13:24:32.003Z,2026-10-06T13:10:08.959Z,5,5,30935,4989,3.331082065714273
qc-prov-2026-10-05-general,qc-prov-2026-2026-631,src_3bbf709ff718_20261006141046208_ab667d6040b8,final,src_3bbf709ff718,2026-10-06T14:10:46.208Z,2026-10-06T14:10:47.285Z,2026-10-06T13:55:38.958Z,5,5,30935,4989,3.331082065714273
qc-prov-2026-10-05-general,qc-prov-2026-2026-631,src_3bbf709ff718_20261006150515586_f23cf0de219b,final,src_3bbf709ff718,2026-10-06T15:05:15.586Z,2026-10-06T15:05:15.672Z,2026-10-06T14:57:08.957Z,5,5,30935,4989,3.331082065714273
qc-prov-2026-10-05-general,qc-prov-2026-2026-637,src_3bbf709ff718_20261006060145196_626649ba1833,final,src_3bbf709ff718,2026-10-06T06:01:45.196Z,2026-10-06T06:01:45.273Z,2026-10-06T05:49:38.957Z,6,6,37695,7189,4.010884068851002
qc-prov-2026-10-05-general,qc-prov-2026-2026-637,src_3bbf709ff718_20261006132431492_0b9bc8ab9d4a,final,src_3bbf709ff718,2026-10-06T13:24:31.492Z,2026-10-06T13:24:32.003Z,2026-10-06T13:10:08.959Z,6,6,37695,7189,4.010884068851002
qc-prov-2026-10-05-general,qc-prov-2026-2026-637,src_3bbf709ff718_20261006141046208_ab667d6040b8,final,src_3bbf709ff718,2026-10-06T14:10:46.208Z,2026-10-06T14:10:47.285Z,2026-10-06T13:55:38.958Z,6,6,37695,7189,4.010884068851002
qc-prov-2026-10-05-general,qc-prov-2026-2026-637,src_3bbf709ff718_20261006150515586_f23cf0de219b,final,src_3bbf709ff718,2026-10-06T15:05:15.586Z,2026-10-06T15:05:15.672Z,2026-10-06T14:57:08.957Z,6,6,37695,7189,4.010884068851002
qc-prov-2026-10-05-general,qc-prov-2026-2026-641,src_3bbf709ff718_20261006060145196_626649ba1833,final,src_3bbf709ff718,2026-10-06T06:01:45.196Z,2026-10-06T06:01:45.273Z,2026-10-06T05:49:38.957Z,7,7,39531,8404,4.0276223429750635
qc-prov-2026-10-05-general,qc-prov-2026-2026-641,src_3bbf709ff718_20261006132431492_0b9bc8ab9d4a,final,src_3bbf709ff718,2026-10-06T13:24:31.492Z,2026-10-06T13:24:32.003Z,2026-10-06T13:10:08.959Z,7,7,39531,8404,4.0276223429750635
qc-prov-2026-10-05-general,qc-prov-2026-2026-641,src_3bbf709ff718_20261006141046208_ab667d6040b8,final,src_3bbf709ff718,2026-10-06T14:10:46.208Z,2026-10-06T14:10:47.285Z,2026-10-06T13:55:38.958Z,7,7,39531,8404,4.0276223429750635
qc-prov-2026-10-05-general,qc-prov-2026-2026-641,src_3bbf709ff718_20261006150515586_f23cf0de219b,final,src_3bbf709ff718,2026-10-06T15:05:15.586Z,2026-10-06T15:05:15.672Z,2026-10-06T14:57:08.957Z,7,7,39531,8404,4.0276223429750635
qc-prov-2026-10-05-general,qc-prov-2026-2026-649,src_3bbf709ff718_20261006060145196_626649ba1833,final,src_3bbf709ff718,2026-10-06T06:01:45.196Z,2026-10-06T06:01:45.273Z,2026-10-06T05:49:38.957Z,8,8,35015,7263,3.9572409198912024
qc-prov-2026-10-05-general,qc-prov-2026-2026-649,src_3bbf709ff718_20261006132431492_0b9bc8ab9d4a,final,src_3bbf709ff718,2026-10-06T13:24:31.492Z,2026-10-06T13:24:32.003Z,2026-10-06T13:10:08.959Z,8,8,35015,7263,3.9572409198912024
qc-prov-2026-10-05-general,qc-prov-2026-2026-649,src_3bbf709ff718_20261006141046208_ab667d6040b8,final,src_3bbf709ff718,2026-10-06T14:10:46.208Z,2026-10-06T14:10:47.285Z,2026-10-06T13:55:38.958Z,8,8,35015,7263,3.9572409198912024
qc-prov-2026-10-05-general,qc-prov-2026-2026-649,src_3bbf709ff718_20261006150515586_f23cf0de219b,final,src_3bbf709ff718,2026-10-06T15:05:15.586Z,2026-10-06T15:05:15.672Z,2026-10-06T14:57:08.957Z,8,8,35015,7263,3.9572409198912024
qc-prov-2026-10-05-general,qc-prov-2026-2026-651,src_3bbf709ff718_20261006060145196_626649ba1833,final,src_3bbf709ff718,2026-10-06T06:01:45.196Z,2026-10-06T06:01:45.273Z,2026-10-06T05:49:38.957Z,6,6,33832,8343,3.772053244717718
qc-prov-2026-10-05-general,qc-prov-2026-2026-651,src_3bbf709ff718_20261006132431492_0b9bc8ab9d4a,final,src_3bbf709ff718,2026-10-06T13:24:31.492Z,2026-10-06T13:24:32.003Z,2026-10-06T13:10:08.959Z,6,6,33832,8343,3.772053244717718
qc-prov-2026-10-05-general,qc-prov-2026-2026-651,src_3bbf709ff718_20261006141046208_ab667d6040b8,final,src_3bbf709ff718,2026-10-06T14:10:46.208Z,2026-10-06T14:10:47.285Z,2026-10-06T13:55:38.958Z,6,6,33832,8343,3.772053244717718
qc-prov-2026-10-05-general,qc-prov-2026-2026-651,src_3bbf709ff718_20261006150515586_f23cf0de219b,final,src_3bbf709ff718,2026-10-06T15:05:15.586Z,2026-10-06T15:05:15.672Z,2026-10-06T14:57:08.957Z,6,6,33832,8343,3.772053244717718
qc-prov-2026-10-05-general,qc-prov-2026-2026-657,src_3bbf709ff718_20261006060145196_626649ba1833,final,src_3bbf709ff718,2026-10-06T06:01:45.196Z,2026-10-06T06:01:45.273Z,2026-10-06T05:49:38.957Z,6,6,29901,14895,2.4353399184595816
qc-prov-2026-10-05-general,qc-prov-2026-2026-657,src_3bbf709ff718_20261006132431492_0b9bc8ab9d4a,final,src_3bbf709ff718,2026-10-06T13:24:31.492Z,2026-10-06T13:24:32.003Z,2026-10-06T13:10:08.959Z,6,6,29901,14895,2.4353399184595816
qc-prov-2026-10-05-general,qc-prov-2026-2026-657,src_3bbf709ff718_20261006141046208_ab667d6040b8,final,src_3bbf709ff718,2026-10-06T14:10:46.208Z,2026-10-06T14:10:47.285Z,2026-10-06T13:55:38.958Z,6,6,29901,14895,2.4353399184595816
qc-prov-2026-10-05-general,qc-prov-2026-2026-657,src_3bbf709ff718_20261006150515586_f23cf0de219b,final,src_3bbf709ff718,2026-10-06T15:05:15.586Z,2026-10-06T15:05:15.672Z,2026-10-06T14:57:08.957Z,6,6,29901,14895,2.4353399184595816
qc-prov-2026-10-05-general,qc-prov-2026-2026-661,src_3bbf709ff718_20261006060145196_626649ba1833,final,src_3bbf709ff718,2026-10-06T06:01:45.196Z,2026-10-06T06:01:45.273Z,2026-10-06T05:49:38.957Z,6,6,37676,7239,3.7398452185494717
qc-prov-2026-10-05-general,qc-prov-2026-2026-661,src_3bbf709ff718_20261006132431492_0b9bc8ab9d4a,final,src_3bbf709ff718,2026-10-06T13:24:31.492Z,2026-10-06T13:24:32.003Z,2026-10-06T13:10:08.959Z,6,6,37676,7239,3.7398452185494717
qc-prov-2026-10-05-general,qc-prov-2026-2026-661,src_3bbf709ff718_20261006141046208_ab667d6040b8,final,src_3bbf709ff718,2026-10-06T14:10:46.208Z,2026-10-06T14:10:47.285Z,2026-10-06T13:55:38.958Z,6,6,37676,7239,3.7398452185494717
qc-prov-2026-10-05-general,qc-prov-2026-2026-661,src_3bbf709ff718_20261006150515586_f23cf0de219b,final,src_3bbf709ff718,2026-10-06T15:05:15.586Z,2026-10-06T15:05:15.672Z,2026-10-06T14:57:08.957Z,6,6,37676,7239,3.7398452185494717
qc-prov-2026-10-05-general,qc-prov-2026-2026-667,src_3bbf709ff718_20261006060145196_626649ba1833,final,src_3bbf709ff718,2026-10-06T06:01:45.196Z,2026-10-06T06:01:45.273Z,2026-10-06T05:49:38.957Z,8,8,34216,6076,4.1782739001131075
qc-prov-2026-10-05-general,qc-prov-2026-2026-667,src_3bbf709ff718_20261006132431492_0b9bc8ab9d4a,final,src_3bbf709ff718,2026-10-06T13:24:31.492Z,2026-10-06T13:24:32.003Z,2026-10-06T13:10:08.959Z,8,8,34216,6076,4.1782739001131075
qc-prov-2026-10-05-general,qc-prov-2026-2026-667,src_3bbf709ff718_20261006141046208_ab667d6040b8,final,src_3bbf709ff718,2026-10-06T14:10:46.208Z,2026-10-06T14:10:47.285Z,2026-10-06T13:55:38.958Z,8,8,34216,6076,4.1782739001131075
qc-prov-2026-10-05-general,qc-prov-2026-2026-667,src_3bbf709ff718_20261006150515586_f23cf0de219b,final,src_3bbf709ff718,2026-10-06T15:05:15.586Z,2026-10-06T15:05:15.672Z,2026-10-06T14:57:08.957Z,8,8,34216,6076,4.1782739001131075
qc-prov-2026-10-05-general,qc-prov-2026-2026-669,src_3bbf709ff718_20261006060145196_626649ba1833,final,src_3bbf709ff718,2026-10-06T06:01:45.196Z,2026-10-06T06:01:45.273Z,2026-10-06T05:49:38.957Z,6,6,37053,554,4.179288590783934
qc-prov-2026-10-05-general,qc-prov-2026-2026-669,src_3bbf709ff718_20261006132431492_0b9bc8ab9d4a,final,src_3bbf709ff718,2026-10-06T13:24:31.492Z,2026-10-06T13:24:32.003Z,2026-10-06T13:10:08.959Z,6,6,37053,554,4.179288590783934
qc-prov-2026-10-05-general,qc-prov-2026-2026-669,src_3bbf709ff718_20261006141046208_ab667d6040b8,final,src_3bbf709ff718,2026-10-06T14:10:46.208Z,2026-10-06T14:10:47.285Z,2026-10-06T13:55:38.958Z,6,6,37053,554,4.179288590783934
qc-prov-2026-10-05-general,qc-prov-2026-2026-669,src_3bbf709ff718_20261006150515586_f23cf0de219b,final,src_3bbf709ff718,2026-10-06T15:05:15.586Z,2026-10-06T15:05:15.672Z,2026-10-06T14:57:08.957Z,6,6,37053,554,4.179288590783934
qc-prov-2026-10-05-general,qc-prov-2026-2026-671,src_3bbf709ff718_20261006060145196_626649ba1833,final,src_3bbf709ff718,2026-10-06T06:01:45.196Z,2026-10-06T06:01:45.273Z,2026-10-06T05:49:38.957Z,6,6,27994,5013,4.247153905050005
qc-prov-2026-10-05-general,qc-prov-2026-2026-671,src_3bbf709ff718_20261006132431492_0b9bc8ab9d4a,final,src_3bbf709ff718,2026-10-06T13:24:31.492Z,2026-10-06T13:24:32.003Z,2026-10-06T13:10:08.959Z,6,6,27994,5013,4.247153905050005
qc-prov-2026-10-05-general,qc-prov-2026-2026-671,src_3bbf709ff718_20261006141046208_ab667d6040b8,final,src_3bbf709ff718,2026-10-06T14:10:46.208Z,2026-10-06T14:10:47.285Z,2026-10-06T13:55:38.958Z,6,6,27994,5013,4.247153905050005
qc-prov-2026-10-05-general,qc-prov-2026-2026-671,src_3bbf709ff718_20261006150515586_f23cf0de219b,final,src_3bbf709ff718,2026-10-06T15:05:15.586Z,2026-10-06T15:05:15.672Z,2026-10-06T14:57:08.957Z,6,6,27994,5013,4.247153905050005
qc-prov-2026-10-05-general,qc-prov-2026-2026-681,src_3bbf709ff718_20261006060145196_626649ba1833,final,src_3bbf709ff718,2026-10-06T06:01:45.196Z,2026-10-06T06:01:45.273Z,2026-10-06T05:49:38.957Z,5,5,22344,7035,3.1580481955274906
qc-prov-2026-10-05-general,qc-prov-2026-2026-681,src_3bbf709ff718_20261006132431492_0b9bc8ab9d4a,final,src_3bbf709ff718,2026-10-06T13:24:31.492Z,2026-10-06T13:24:32.003Z,2026-10-06T13:10:08.959Z,5,5,22344,7035,3.1580481955274906
qc-prov-2026-10-05-general,qc-prov-2026-2026-681,src_3bbf709ff718_20261006141046208_ab667d6040b8,final,src_3bbf709ff718,2026-10-06T14:10:46.208Z,2026-10-06T14:10:47.285Z,2026-10-06T13:55:38.958Z,5,5,22344,7035,3.1580481955274906
qc-prov-2026-10-05-general,qc-prov-2026-2026-681,src_3bbf709ff718_20261006150515586_f23cf0de219b,final,src_3bbf709ff718,2026-10-06T15:05:15.586Z,2026-10-06T15:05:15.672Z,2026-10-06T14:57:08.957Z,5,5,22344,7035,3.1580481955274906
qc-prov-2026-10-05-general,qc-prov-2026-2026-689,src_3bbf709ff718_20261006060145196_626649ba1833,final,src_3bbf709ff718,2026-10-06T06:01:45.196Z,2026-10-06T06:01:45.273Z,2026-10-06T05:49:38.957Z,6,6,20759,2583,4.228070115881905
qc-prov-2026-10-05-general,qc-prov-2026-2026-689,src_3bbf709ff718_20261006132431492_0b9bc8ab9d4a,final,src_3bbf709ff718,2026-10-06T13:24:31.492Z,2026-10-06T13:24:32.003Z,2026-10-06T13:10:08.959Z,6,6,20759,2583,4.228070115881905
qc-prov-2026-10-05-general,qc-prov-2026-2026-689,src_3bbf709ff718_20261006141046208_ab667d6040b8,final,src_3bbf709ff718,2026-10-06T14:10:46.208Z,2026-10-06T14:10:47.285Z,2026-10-06T13:55:38.958Z,6,6,20759,2583,4.228070115881905
qc-prov-2026-10-05-general,qc-prov-2026-2026-689,src_3bbf709ff718_20261006150515586_f23cf0de219b,final,src_3bbf709ff718,2026-10-06T15:05:15.586Z,2026-10-06T15:05:15.672Z,2026-10-06T14:57:08.957Z,6,6,20759,2583,4.228070115881905
qc-prov-2026-10-05-general,qc-prov-2026-2026-691,src_3bbf709ff718_20261006060145196_626649ba1833,final,src_3bbf709ff718,2026-10-06T06:01:45.196Z,2026-10-06T06:01:45.273Z,2026-10-06T05:49:38.957Z,8,8,37299,499,4.6968711537555645
qc-prov-2026-10-05-general,qc-prov-2026-2026-691,src_3bbf709ff718_20261006132431492_0b9bc8ab9d4a,final,src_3bbf709ff718,2026-10-06T13:24:31.492Z,2026-10-06T13:24:32.003Z,2026-10-06T13:10:08.959Z,8,8,37299,499,4.6968711537555645
qc-prov-2026-10-05-general,qc-prov-2026-2026-691,src_3bbf709ff718_20261006141046208_ab667d6040b8,final,src_3bbf709ff718,2026-10-06T14:10:46.208Z,2026-10-06T14:10:47.285Z,2026-10-06T13:55:38.958Z,8,8,37299,499,4.6968711537555645
qc-prov-2026-10-05-general,qc-prov-2026-2026-691,src_3bbf709ff718_20261006150515586_f23cf0de219b,final,src_3bbf709ff718,2026-10-06T15:05:15.586Z,2026-10-06T15:05:15.672Z,2026-10-06T14:57:08.957Z,8,8,37299,499,4.6968711537555645
qc-prov-2026-10-05-general,qc-prov-2026-2026-693,src_3bbf709ff718_20261006060145196_626649ba1833,final,src_3bbf709ff718,2026-10-06T06:01:45.196Z,2026-10-06T06:01:45.273Z,2026-10-06T05:49:38.957Z,9,9,34782,1716,4.232705017981973
qc-prov-2026-10-05-general,qc-prov-2026-2026-693,src_3bbf709ff718_20261006132431492_0b9bc8ab9d4a,final,src_3bbf709ff718,2026-10-06T13:24:31.492Z,2026-10-06T13:24:32.003Z,2026-10-06T13:10:08.959Z,9,9,34782,1716,4.232705017981973
qc-prov-2026-10-05-general,qc-prov-2026-2026-693,src_3bbf709ff718_20261006141046208_ab667d6040b8,final,src_3bbf709ff718,2026-10-06T14:10:46.208Z,2026-10-06T14:10:47.285Z,2026-10-06T13:55:38.958Z,9,9,34782,1716,4.232705017981973
qc-prov-2026-10-05-general,qc-prov-2026-2026-693,src_3bbf709ff718_20261006150515586_f23cf0de219b,final,src_3bbf709ff718,2026-10-06T15:05:15.586Z,2026-10-06T15:05:15.672Z,2026-10-06T14:57:08.957Z,9,9,34730,1709,4.234136912316973
qc-prov-2026-10-05-general,qc-prov-2026-2026-697,src_3bbf709ff718_20261006060145196_626649ba1833,final,src_3bbf709ff718,2026-10-06T06:01:45.196Z,2026-10-06T06:01:45.273Z,2026-10-06T05:49:38.957Z,8,8,38733,1531,4.315105694391276
qc-prov-2026-10-05-general,qc-prov-2026-2026-697,src_3bbf709ff718_20261006132431492_0b9bc8ab9d4a,final,src_3bbf709ff718,2026-10-06T13:24:31.492Z,2026-10-06T13:24:32.003Z,2026-10-06T13:10:08.959Z,8,8,38733,1531,4.315105694391276
qc-prov-2026-10-05-general,qc-prov-2026-2026-697,src_3bbf709ff718_20261006141046208_ab667d6040b8,final,src_3bbf709ff718,2026-10-06T14:10:46.208Z,2026-10-06T14:10:47.285Z,2026-10-06T13:55:38.958Z,8,8,38733,1531,4.315105694391276
qc-prov-2026-10-05-general,qc-prov-2026-2026-697,src_3bbf709ff718_20261006150515586_f23cf0de219b,final,src_3bbf709ff718,2026-10-06T15:05:15.586Z,2026-10-06T15:05:15.672Z,2026-10-06T14:57:08.957Z,8,8,38733,1531,4.315105694391276
qc-prov-2026-10-05-general,qc-prov-2026-2026-701,src_3bbf709ff718_20261006060145196_626649ba1833,final,src_3bbf709ff718,2026-10-06T06:01:45.196Z,2026-10-06T06:01:45.273Z,2026-10-06T05:49:38.957Z,8,8,43330,191,4.432602616537707
qc-prov-2026-10-05-general,qc-prov-2026-2026-701,src_3bbf709ff718_20261006132431492_0b9bc8ab9d4a,final,src_3bbf709ff718,2026-10-06T13:24:31.492Z,2026-10-06T13:24:32.003Z,2026-10-06T13:10:08.959Z,8,8,43330,191,4.432602616537707
qc-prov-2026-10-05-general,qc-prov-2026-2026-701,src_3bbf709ff718_20261006141046208_ab667d6040b8,final,src_3bbf709ff718,2026-10-06T14:10:46.208Z,2026-10-06T14:10:47.285Z,2026-10-06T13:55:38.958Z,8,8,43330,191,4.432602616537707
qc-prov-2026-10-05-general,qc-prov-2026-2026-701,src_3bbf709ff718_20261006150515586_f23cf0de219b,final,src_3bbf709ff718,2026-10-06T15:05:15.586Z,2026-10-06T15:05:15.672Z,2026-10-06T14:57:08.957Z,8,8,43330,191,4.432602616537707
qc-prov-2026-10-05-general,qc-prov-2026-2026-707,src_3bbf709ff718_20261006060145196_626649ba1833,final,src_3bbf709ff718,2026-10-06T06:01:45.196Z,2026-10-06T06:01:45.273Z,2026-10-06T05:49:38.957Z,9,9,36282,907,4.208617299730899
qc-prov-2026-10-05-general,qc-prov-2026-2026-707,src_3bbf709ff718_20261006132431492_0b9bc8ab9d4a,final,src_3bbf709ff718,2026-10-06T13:24:31.492Z,2026-10-06T13:24:32.003Z,2026-10-06T13:10:08.959Z,9,9,36282,907,4.208617299730899
qc-prov-2026-10-05-general,qc-prov-2026-2026-707,src_3bbf709ff718_20261006141046208_ab667d6040b8,final,src_3bbf709ff718,2026-10-06T14:10:46.208Z,2026-10-06T14:10:47.285Z,2026-10-06T13:55:38.958Z,9,9,36282,907,4.208617299730899
qc-prov-2026-10-05-general,qc-prov-2026-2026-707,src_3bbf709ff718_20261006150515586_f23cf0de219b,final,src_3bbf709ff718,2026-10-06T15:05:15.586Z,2026-10-06T15:05:15.672Z,2026-10-06T14:57:08.957Z,9,9,36282,907,4.208617299730899
qc-prov-2026-10-05-general,qc-prov-2026-2026-709,src_3bbf709ff718_20261006060145196_626649ba1833,final,src_3bbf709ff718,2026-10-06T06:01:45.196Z,2026-10-06T06:01:45.273Z,2026-10-06T05:49:38.957Z,7,7,39587,932,4.33941911770877
qc-prov-2026-10-05-general,qc-prov-2026-2026-709,src_3bbf709ff718_20261006132431492_0b9bc8ab9d4a,final,src_3bbf709ff718,2026-10-06T13:24:31.492Z,2026-10-06T13:24:32.003Z,2026-10-06T13:10:08.959Z,7,7,39587,932,4.33941911770877
qc-prov-2026-10-05-general,qc-prov-2026-2026-709,src_3bbf709ff718_20261006141046208_ab667d6040b8,final,src_3bbf709ff718,2026-10-06T14:10:46.208Z,2026-10-06T14:10:47.285Z,2026-10-06T13:55:38.958Z,7,7,39587,932,4.33941911770877
qc-prov-2026-10-05-general,qc-prov-2026-2026-709,src_3bbf709ff718_20261006150515586_f23cf0de219b,final,src_3bbf709ff718,2026-10-06T15:05:15.586Z,2026-10-06T15:05:15.672Z,2026-10-06T14:57:08.957Z,7,7,39587,932,4.33941911770877
qc-prov-2026-10-05-general,qc-prov-2026-2026-727,src_3bbf709ff718_20261006060145196_626649ba1833,final,src_3bbf709ff718,2026-10-06T06:01:45.196Z,2026-10-06T06:01:45.273Z,2026-10-06T05:49:38.957Z,8,8,42294,14272,3.012203829239748
qc-prov-2026-10-05-general,qc-prov-2026-2026-727,src_3bbf709ff718_20261006132431492_0b9bc8ab9d4a,final,src_3bbf709ff718,2026-10-06T13:24:31.492Z,2026-10-06T13:24:32.003Z,2026-10-06T13:10:08.959Z,8,8,42294,14272,3.012203829239748
qc-prov-2026-10-05-general,qc-prov-2026-2026-727,src_3bbf709ff718_20261006141046208_ab667d6040b8,final,src_3bbf709ff718,2026-10-06T14:10:46.208Z,2026-10-06T14:10:47.285Z,2026-10-06T13:55:38.958Z,8,8,42294,14272,3.012203829239748
qc-prov-2026-10-05-general,qc-prov-2026-2026-727,src_3bbf709ff718_20261006150515586_f23cf0de219b,final,src_3bbf709ff718,2026-10-06T15:05:15.586Z,2026-10-06T15:05:15.672Z,2026-10-06T14:57:08.957Z,8,8,42294,14272,3.012203829239748
qc-prov-2026-10-05-general,qc-prov-2026-2026-729,src_3bbf709ff718_20261006060145196_626649ba1833,final,src_3bbf709ff718,2026-10-06T06:01:45.196Z,2026-10-06T06:01:45.273Z,2026-10-06T05:49:38.957Z,7,7,45317,13285,3.2718365483809477
qc-prov-2026-10-05-general,qc-prov-2026-2026-729,src_3bbf709ff718_20261006132431492_0b9bc8ab9d4a,final,src_3bbf709ff718,2026-10-06T13:24:31.492Z,2026-10-06T13:24:32.003Z,2026-10-06T13:10:08.959Z,7,7,45317,13285,3.2718365483809477
qc-prov-2026-10-05-general,qc-prov-2026-2026-729,src_3bbf709ff718_20261006141046208_ab667d6040b8,final,src_3bbf709ff718,2026-10-06T14:10:46.208Z,2026-10-06T14:10:47.285Z,2026-10-06T13:55:38.958Z,7,7,45317,13285,3.2718365483809477
qc-prov-2026-10-05-general,qc-prov-2026-2026-729,src_3bbf709ff718_20261006150515586_f23cf0de219b,final,src_3bbf709ff718,2026-10-06T15:05:15.586Z,2026-10-06T15:05:15.672Z,2026-10-06T14:57:08.957Z,7,7,45317,13285,3.2718365483809477
qc-prov-2026-10-05-general,qc-prov-2026-2026-749,src_3bbf709ff718_20261006060145196_626649ba1833,final,src_3bbf709ff718,2026-10-06T06:01:45.196Z,2026-10-06T06:01:45.273Z,2026-10-06T05:49:38.957Z,8,8,44633,5852,4.072923941903374
qc-prov-2026-10-05-general,qc-prov-2026-2026-749,src_3bbf709ff718_20261006132431492_0b9bc8ab9d4a,final,src_3bbf709ff718,2026-10-06T13:24:31.492Z,2026-10-06T13:24:32.003Z,2026-10-06T13:10:08.959Z,8,8,44633,5852,4.072923941903374
qc-prov-2026-10-05-general,qc-prov-2026-2026-749,src_3bbf709ff718_20261006141046208_ab667d6040b8,final,src_3bbf709ff718,2026-10-06T14:10:46.208Z,2026-10-06T14:10:47.285Z,2026-10-06T13:55:38.958Z,8,8,44633,5852,4.072923941903374
qc-prov-2026-10-05-general,qc-prov-2026-2026-749,src_3bbf709ff718_20261006150515586_f23cf0de219b,final,src_3bbf709ff718,2026-10-06T15:05:15.586Z,2026-10-06T15:05:15.672Z,2026-10-06T14:57:08.957Z,8,8,44633,5852,4.072923941903374
qc-prov-2026-10-05-general,qc-prov-2026-2026-751,src_3bbf709ff718_20261006060145196_626649ba1833,final,src_3bbf709ff718,2026-10-06T06:01:45.196Z,2026-10-06T06:01:45.273Z,2026-10-06T05:49:38.957Z,8,8,35962,5939,3.629427396715293
qc-prov-2026-10-05-general,qc-prov-2026-2026-751,src_3bbf709ff718_20261006132431492_0b9bc8ab9d4a,final,src_3bbf709ff718,2026-10-06T13:24:31.492Z,2026-10-06T13:24:32.003Z,2026-10-06T13:10:08.959Z,8,8,35962,5939,3.629427396715293
qc-prov-2026-10-05-general,qc-prov-2026-2026-751,src_3bbf709ff718_20261006141046208_ab667d6040b8,final,src_3bbf709ff718,2026-10-06T14:10:46.208Z,2026-10-06T14:10:47.285Z,2026-10-06T13:55:38.958Z,8,8,35962,5939,3.629427396715293
qc-prov-2026-10-05-general,qc-prov-2026-2026-751,src_3bbf709ff718_20261006150515586_f23cf0de219b,final,src_3bbf709ff718,2026-10-06T15:05:15.586Z,2026-10-06T15:05:15.672Z,2026-10-06T14:57:08.957Z,8,8,35962,5939,3.629427396715293
qc-prov-2026-10-05-general,qc-prov-2026-2026-757,src_3bbf709ff718_20261006060145196_626649ba1833,final,src_3bbf709ff718,2026-10-06T06:01:45.196Z,2026-10-06T06:01:45.273Z,2026-10-06T05:49:38.957Z,9,9,30407,3657,4.087682463685433
qc-prov-2026-10-05-general,qc-prov-2026-2026-757,src_3bbf709ff718_20261006132431492_0b9bc8ab9d4a,final,src_3bbf709ff718,2026-10-06T13:24:31.492Z,2026-10-06T13:24:32.003Z,2026-10-06T13:10:08.959Z,9,9,30407,3657,4.087682463685433
qc-prov-2026-10-05-general,qc-prov-2026-2026-757,src_3bbf709ff718_20261006141046208_ab667d6040b8,final,src_3bbf709ff718,2026-10-06T14:10:46.208Z,2026-10-06T14:10:47.285Z,2026-10-06T13:55:38.958Z,9,9,30407,3657,4.087682463685433
qc-prov-2026-10-05-general,qc-prov-2026-2026-757,src_3bbf709ff718_20261006150515586_f23cf0de219b,final,src_3bbf709ff718,2026-10-06T15:05:15.586Z,2026-10-06T15:05:15.672Z,2026-10-06T14:57:08.957Z,9,9,30407,3657,4.087682463685433
qc-prov-2026-10-05-general,qc-prov-2026-2026-761,src_3bbf709ff718_20261006060145196_626649ba1833,final,src_3bbf709ff718,2026-10-06T06:01:45.196Z,2026-10-06T06:01:45.273Z,2026-10-06T05:49:38.957Z,8,8,43903,9296,3.594073796428259
qc-prov-2026-10-05-general,qc-prov-2026-2026-761,src_3bbf709ff718_20261006132431492_0b9bc8ab9d4a,final,src_3bbf709ff718,2026-10-06T13:24:31.492Z,2026-10-06T13:24:32.003Z,2026-10-06T13:10:08.959Z,8,8,43903,9296,3.594073796428259
qc-prov-2026-10-05-general,qc-prov-2026-2026-761,src_3bbf709ff718_20261006141046208_ab667d6040b8,final,src_3bbf709ff718,2026-10-06T14:10:46.208Z,2026-10-06T14:10:47.285Z,2026-10-06T13:55:38.958Z,8,8,43903,9296,3.594073796428259
qc-prov-2026-10-05-general,qc-prov-2026-2026-761,src_3bbf709ff718_20261006150515586_f23cf0de219b,final,src_3bbf709ff718,2026-10-06T15:05:15.586Z,2026-10-06T15:05:15.672Z,2026-10-06T14:57:08.957Z,8,8,43903,9296,3.594073796428259
qc-prov-2026-10-05-general,qc-prov-2026-2026-767,src_3bbf709ff718_20261006060145196_626649ba1833,final,src_3bbf709ff718,2026-10-06T06:01:45.196Z,2026-10-06T06:01:45.273Z,2026-10-06T05:49:38.957Z,7,7,43865,5545,3.904681202121387
qc-prov-2026-10-05-general,qc-prov-2026-2026-767,src_3bbf709ff718_20261006132431492_0b9bc8ab9d4a,final,src_3bbf709ff718,2026-10-06T13:24:31.492Z,2026-10-06T13:24:32.003Z,2026-10-06T13:10:08.959Z,7,7,43865,5545,3.904681202121387
qc-prov-2026-10-05-general,qc-prov-2026-2026-767,src_3bbf709ff718_20261006141046208_ab667d6040b8,final,src_3bbf709ff718,2026-10-06T14:10:46.208Z,2026-10-06T14:10:47.285Z,2026-10-06T13:55:38.958Z,7,7,43865,5545,3.904681202121387
qc-prov-2026-10-05-general,qc-prov-2026-2026-767,src_3bbf709ff718_20261006150515586_f23cf0de219b,final,src_3bbf709ff718,2026-10-06T15:05:15.586Z,2026-10-06T15:05:15.672Z,2026-10-06T14:57:08.957Z,7,7,43865,5545,3.904681202121387
qc-prov-2026-10-05-general,qc-prov-2026-2026-769,src_3bbf709ff718_20261006060145196_626649ba1833,final,src_3bbf709ff718,2026-10-06T06:01:45.196Z,2026-10-06T06:01:45.273Z,2026-10-06T05:49:38.957Z,6,6,46181,12644,3.2778087453278424
qc-prov-2026-10-05-general,qc-prov-2026-2026-769,src_3bbf709ff718_20261006132431492_0b9bc8ab9d4a,final,src_3bbf709ff718,2026-10-06T13:24:31.492Z,2026-10-06T13:24:32.003Z,2026-10-06T13:10:08.959Z,6,6,46181,12644,3.2778087453278424
qc-prov-2026-10-05-general,qc-prov-2026-2026-769,src_3bbf709ff718_20261006141046208_ab667d6040b8,final,src_3bbf709ff718,2026-10-06T14:10:46.208Z,2026-10-06T14:10:47.285Z,2026-10-06T13:55:38.958Z,6,6,46181,12644,3.2778087453278424
qc-prov-2026-10-05-general,qc-prov-2026-2026-769,src_3bbf709ff718_20261006150515586_f23cf0de219b,final,src_3bbf709ff718,2026-10-06T15:05:15.586Z,2026-10-06T15:05:15.672Z,2026-10-06T14:57:08.957Z,6,6,46181,12644,3.2778087453278424
qc-prov-2026-10-05-general,qc-prov-2026-2026-771,src_3bbf709ff718_20261006060145196_626649ba1833,final,src_3bbf709ff718,2026-10-06T06:01:45.196Z,2026-10-06T06:01:45.273Z,2026-10-06T05:49:38.957Z,7,7,40763,5461,3.7899253195554263
qc-prov-2026-10-05-general,qc-prov-2026-2026-771,src_3bbf709ff718_20261006132431492_0b9bc8ab9d4a,final,src_3bbf709ff718,2026-10-06T13:24:31.492Z,2026-10-06T13:24:32.003Z,2026-10-06T13:10:08.959Z,7,7,40763,5461,3.7899253195554263
qc-prov-2026-10-05-general,qc-prov-2026-2026-771,src_3bbf709ff718_20261006141046208_ab667d6040b8,final,src_3bbf709ff718,2026-10-06T14:10:46.208Z,2026-10-06T14:10:47.285Z,2026-10-06T13:55:38.958Z,7,7,40763,5461,3.7899253195554263
qc-prov-2026-10-05-general,qc-prov-2026-2026-771,src_3bbf709ff718_20261006150515586_f23cf0de219b,final,src_3bbf709ff718,2026-10-06T15:05:15.586Z,2026-10-06T15:05:15.672Z,2026-10-06T14:57:08.957Z,7,7,40763,5461,3.7899253195554263
qc-prov-2026-10-05-general,qc-prov-2026-2026-777,src_3bbf709ff718_20261006060145196_626649ba1833,final,src_3bbf709ff718,2026-10-06T06:01:45.196Z,2026-10-06T06:01:45.273Z,2026-10-06T05:49:38.957Z,6,6,37748,13499,2.477268457650715
qc-prov-2026-10-05-general,qc-prov-2026-2026-777,src_3bbf709ff718_20261006132431492_0b9bc8ab9d4a,final,src_3bbf709ff718,2026-10-06T13:24:31.492Z,2026-10-06T13:24:32.003Z,2026-10-06T13:10:08.959Z,6,6,37748,13499,2.477268457650715
qc-prov-2026-10-05-general,qc-prov-2026-2026-777,src_3bbf709ff718_20261006141046208_ab667d6040b8,final,src_3bbf709ff718,2026-10-06T14:10:46.208Z,2026-10-06T14:10:47.285Z,2026-10-06T13:55:38.958Z,6,6,37748,13499,2.477268457650715
qc-prov-2026-10-05-general,qc-prov-2026-2026-777,src_3bbf709ff718_20261006150515586_f23cf0de219b,final,src_3bbf709ff718,2026-10-06T15:05:15.586Z,2026-10-06T15:05:15.672Z,2026-10-06T14:57:08.957Z,6,6,37748,13499,2.477268457650715
qc-prov-2026-10-05-general,qc-prov-2026-2026-781,src_3bbf709ff718_20261006060145196_626649ba1833,final,src_3bbf709ff718,2026-10-06T06:01:45.196Z,2026-10-06T06:01:45.273Z,2026-10-06T05:49:38.957Z,6,6,35830,16724,2.344805595725477
qc-prov-2026-10-05-general,qc-prov-2026-2026-781,src_3bbf709ff718_20261006132431492_0b9bc8ab9d4a,final,src_3bbf709ff718,2026-10-06T13:24:31.492Z,2026-10-06T13:24:32.003Z,2026-10-06T13:10:08.959Z,6,6,35830,16724,2.344805595725477
qc-prov-2026-10-05-general,qc-prov-2026-2026-781,src_3bbf709ff718_20261006141046208_ab667d6040b8,final,src_3bbf709ff718,2026-10-06T14:10:46.208Z,2026-10-06T14:10:47.285Z,2026-10-06T13:55:38.958Z,6,6,35830,16724,2.344805595725477
qc-prov-2026-10-05-general,qc-prov-2026-2026-781,src_3bbf709ff718_20261006150515586_f23cf0de219b,final,src_3bbf709ff718,2026-10-06T15:05:15.586Z,2026-10-06T15:05:15.672Z,2026-10-06T14:57:08.957Z,6,6,35830,16724,2.344805595725477
qc-prov-2026-10-05-general,qc-prov-2026-2026-787,src_3bbf709ff718_20261006060145196_626649ba1833,final,src_3bbf709ff718,2026-10-06T06:01:45.196Z,2026-10-06T06:01:45.273Z,2026-10-06T05:49:38.957Z,7,7,44079,15859,2.8025836432946156
qc-prov-2026-10-05-general,qc-prov-2026-2026-787,src_3bbf709ff718_20261006132431492_0b9bc8ab9d4a,final,src_3bbf709ff718,2026-10-06T13:24:31.492Z,2026-10-06T13:24:32.003Z,2026-10-06T13:10:08.959Z,7,7,44079,15859,2.8025836432946156
qc-prov-2026-10-05-general,qc-prov-2026-2026-787,src_3bbf709ff718_20261006141046208_ab667d6040b8,final,src_3bbf709ff718,2026-10-06T14:10:46.208Z,2026-10-06T14:10:47.285Z,2026-10-06T13:55:38.958Z,7,7,44079,15859,2.8025836432946156
qc-prov-2026-10-05-general,qc-prov-2026-2026-787,src_3bbf709ff718_20261006150515586_f23cf0de219b,final,src_3bbf709ff718,2026-10-06T15:05:15.586Z,2026-10-06T15:05:15.672Z,2026-10-06T14:57:08.957Z,7,7,44079,15859,2.8025836432946156
qc-prov-2026-10-05-general,qc-prov-2026-2026-789,src_3bbf709ff718_20261006060145196_626649ba1833,final,src_3bbf709ff718,2026-10-06T06:01:45.196Z,2026-10-06T06:01:45.273Z,2026-10-06T05:49:38.957Z,7,7,49644,11197,3.396559447881793
qc-prov-2026-10-05-general,qc-prov-2026-2026-789,src_3bbf709ff718_20261006132431492_0b9bc8ab9d4a,final,src_3bbf709ff718,2026-10-06T13:24:31.492Z,2026-10-06T13:24:32.003Z,2026-10-06T13:10:08.959Z,7,7,49644,11197,3.396559447881793
qc-prov-2026-10-05-general,qc-prov-2026-2026-789,src_3bbf709ff718_20261006141046208_ab667d6040b8,final,src_3bbf709ff718,2026-10-06T14:10:46.208Z,2026-10-06T14:10:47.285Z,2026-10-06T13:55:38.958Z,7,7,49644,11197,3.396559447881793
qc-prov-2026-10-05-general,qc-prov-2026-2026-789,src_3bbf709ff718_20261006150515586_f23cf0de219b,final,src_3bbf709ff718,2026-10-06T15:05:15.586Z,2026-10-06T15:05:15.672Z,2026-10-06T14:57:08.957Z,7,7,49644,11197,3.396559447881793
qc-prov-2026-10-05-general,qc-prov-2026-2026-791,src_3bbf709ff718_20261006060145196_626649ba1833,final,src_3bbf709ff718,2026-10-06T06:01:45.196Z,2026-10-06T06:01:45.273Z,2026-10-06T05:49:38.957Z,7,7,39905,6500,3.9733795583171503
qc-prov-2026-10-05-general,qc-prov-2026-2026-791,src_3bbf709ff718_20261006132431492_0b9bc8ab9d4a,final,src_3bbf709ff718,2026-10-06T13:24:31.492Z,2026-10-06T13:24:32.003Z,2026-10-06T13:10:08.959Z,7,7,39905,6500,3.9733795583171503
qc-prov-2026-10-05-general,qc-prov-2026-2026-791,src_3bbf709ff718_20261006141046208_ab667d6040b8,final,src_3bbf709ff718,2026-10-06T14:10:46.208Z,2026-10-06T14:10:47.285Z,2026-10-06T13:55:38.958Z,7,7,39905,6500,3.9733795583171503
qc-prov-2026-10-05-general,qc-prov-2026-2026-791,src_3bbf709ff718_20261006150515586_f23cf0de219b,final,src_3bbf709ff718,2026-10-06T15:05:15.586Z,2026-10-06T15:05:15.672Z,2026-10-06T14:57:08.957Z,7,7,39905,6500,3.9733795583171503
qc-prov-2026-10-05-general,qc-prov-2026-2026-797,src_3bbf709ff718_20261006060145196_626649ba1833,final,src_3bbf709ff718,2026-10-06T06:01:45.196Z,2026-10-06T06:01:45.273Z,2026-10-06T05:49:38.957Z,6,6,35281,17221,2.241302586766765
qc-prov-2026-10-05-general,qc-prov-2026-2026-797,src_3bbf709ff718_20261006132431492_0b9bc8ab9d4a,final,src_3bbf709ff718,2026-10-06T13:24:31.492Z,2026-10-06T13:24:32.003Z,2026-10-06T13:10:08.959Z,6,6,35281,17221,2.241302586766765
qc-prov-2026-10-05-general,qc-prov-2026-2026-797,src_3bbf709ff718_20261006141046208_ab667d6040b8,final,src_3bbf709ff718,2026-10-06T14:10:46.208Z,2026-10-06T14:10:47.285Z,2026-10-06T13:55:38.958Z,6,6,35281,17221,2.241302586766765
qc-prov-2026-10-05-general,qc-prov-2026-2026-797,src_3bbf709ff718_20261006150515586_f23cf0de219b,final,src_3bbf709ff718,2026-10-06T15:05:15.586Z,2026-10-06T15:05:15.672Z,2026-10-06T14:57:08.957Z,6,6,35281,17221,2.241302586766765
qc-prov-2026-10-05-general,qc-prov-2026-2026-799,src_3bbf709ff718_20261006060145196_626649ba1833,final,src_3bbf709ff718,2026-10-06T06:01:45.196Z,2026-10-06T06:01:45.273Z,2026-10-06T05:49:38.957Z,5,5,35804,6601,3.5614410657714632
qc-prov-2026-10-05-general,qc-prov-2026-2026-799,src_3bbf709ff718_20261006132431492_0b9bc8ab9d4a,final,src_3bbf709ff718,2026-10-06T13:24:31.492Z,2026-10-06T13:24:32.003Z,2026-10-06T13:10:08.959Z,5,5,35804,6601,3.5614410657714632
qc-prov-2026-10-05-general,qc-prov-2026-2026-799,src_3bbf709ff718_20261006141046208_ab667d6040b8,final,src_3bbf709ff718,2026-10-06T14:10:46.208Z,2026-10-06T14:10:47.285Z,2026-10-06T13:55:38.958Z,5,5,35804,6601,3.5614410657714632
qc-prov-2026-10-05-general,qc-prov-2026-2026-799,src_3bbf709ff718_20261006150515586_f23cf0de219b,final,src_3bbf709ff718,2026-10-06T15:05:15.586Z,2026-10-06T15:05:15.672Z,2026-10-06T14:57:08.957Z,5,5,35804,6601,3.5614410657714632
qc-prov-2026-10-05-general,qc-prov-2026-2026-801,src_3bbf709ff718_20261006060145196_626649ba1833,final,src_3bbf709ff718,2026-10-06T06:01:45.196Z,2026-10-06T06:01:45.273Z,2026-10-06T05:49:38.957Z,6,6,36113,4439,4.141063608210069
qc-prov-2026-10-05-general,qc-prov-2026-2026-801,src_3bbf709ff718_20261006132431492_0b9bc8ab9d4a,final,src_3bbf709ff718,2026-10-06T13:24:31.492Z,2026-10-06T13:24:32.003Z,2026-10-06T13:10:08.959Z,6,6,36113,4439,4.141063608210069
qc-prov-2026-10-05-general,qc-prov-2026-2026-801,src_3bbf709ff718_20261006141046208_ab667d6040b8,final,src_3bbf709ff718,2026-10-06T14:10:46.208Z,2026-10-06T14:10:47.285Z,2026-10-06T13:55:38.958Z,6,6,36113,4439,4.141063608210069
qc-prov-2026-10-05-general,qc-prov-2026-2026-801,src_3bbf709ff718_20261006150515586_f23cf0de219b,final,src_3bbf709ff718,2026-10-06T15:05:15.586Z,2026-10-06T15:05:15.672Z,2026-10-06T14:57:08.957Z,6,6,36113,4439,4.141063608210069
qc-prov-2026-10-05-general,qc-prov-2026-2026-803,src_3bbf709ff718_20261006060145196_626649ba1833,final,src_3bbf709ff718,2026-10-06T06:01:45.196Z,2026-10-06T06:01:45.273Z,2026-10-06T05:49:38.957Z,7,7,32730,8393,3.726120786967936
qc-prov-2026-10-05-general,qc-prov-2026-2026-803,src_3bbf709ff718_20261006132431492_0b9bc8ab9d4a,final,src_3bbf709ff718,2026-10-06T13:24:31.492Z,2026-10-06T13:24:32.003Z,2026-10-06T13:10:08.959Z,7,7,32730,8393,3.726120786967936
qc-prov-2026-10-05-general,qc-prov-2026-2026-803,src_3bbf709ff718_20261006141046208_ab667d6040b8,final,src_3bbf709ff718,2026-10-06T14:10:46.208Z,2026-10-06T14:10:47.285Z,2026-10-06T13:55:38.958Z,7,7,32730,8393,3.726120786967936
qc-prov-2026-10-05-general,qc-prov-2026-2026-803,src_3bbf709ff718_20261006150515586_f23cf0de219b,final,src_3bbf709ff718,2026-10-06T15:05:15.586Z,2026-10-06T15:05:15.672Z,2026-10-06T14:57:08.957Z,7,7,32730,8393,3.726120786967936
qc-prov-2026-10-05-general,qc-prov-2026-2026-807,src_3bbf709ff718_20261006060145196_626649ba1833,final,src_3bbf709ff718,2026-10-06T06:01:45.196Z,2026-10-06T06:01:45.273Z,2026-10-06T05:49:38.957Z,7,7,29193,15934,2.046180398944881
qc-prov-2026-10-05-general,qc-prov-2026-2026-807,src_3bbf709ff718_20261006132431492_0b9bc8ab9d4a,final,src_3bbf709ff718,2026-10-06T13:24:31.492Z,2026-10-06T13:24:32.003Z,2026-10-06T13:10:08.959Z,7,7,29193,15934,2.046180398944881
qc-prov-2026-10-05-general,qc-prov-2026-2026-807,src_3bbf709ff718_20261006141046208_ab667d6040b8,final,src_3bbf709ff718,2026-10-06T14:10:46.208Z,2026-10-06T14:10:47.285Z,2026-10-06T13:55:38.958Z,7,7,29193,15934,2.046180398944881
qc-prov-2026-10-05-general,qc-prov-2026-2026-807,src_3bbf709ff718_20261006150515586_f23cf0de219b,final,src_3bbf709ff718,2026-10-06T15:05:15.586Z,2026-10-06T15:05:15.672Z,2026-10-06T14:57:08.957Z,7,7,29193,15934,2.046180398944881
qc-prov-2026-10-05-general,qc-prov-2026-2026-809,src_3bbf709ff718_20261006060145196_626649ba1833,final,src_3bbf709ff718,2026-10-06T06:01:45.196Z,2026-10-06T06:01:45.273Z,2026-10-06T05:49:38.957Z,5,5,17887,8121,2.5526970537022122
qc-prov-2026-10-05-general,qc-prov-2026-2026-809,src_3bbf709ff718_20261006132431492_0b9bc8ab9d4a,final,src_3bbf709ff718,2026-10-06T13:24:31.492Z,2026-10-06T13:24:32.003Z,2026-10-06T13:10:08.959Z,5,5,17887,8121,2.5526970537022122
qc-prov-2026-10-05-general,qc-prov-2026-2026-809,src_3bbf709ff718_20261006141046208_ab667d6040b8,final,src_3bbf709ff718,2026-10-06T14:10:46.208Z,2026-10-06T14:10:47.285Z,2026-10-06T13:55:38.958Z,5,5,17887,8121,2.5526970537022122
qc-prov-2026-10-05-general,qc-prov-2026-2026-809,src_3bbf709ff718_20261006150515586_f23cf0de219b,final,src_3bbf709ff718,2026-10-06T15:05:15.586Z,2026-10-06T15:05:15.672Z,2026-10-06T14:57:08.957Z,5,5,17887,8121,2.5526970537022122
qc-prov-2026-10-05-general,qc-prov-2026-2026-811,src_3bbf709ff718_20261006060145196_626649ba1833,final,src_3bbf709ff718,2026-10-06T06:01:45.196Z,2026-10-06T06:01:45.273Z,2026-10-06T05:49:38.957Z,6,6,7606,3501,2.0424455243578223
qc-prov-2026-10-05-general,qc-prov-2026-2026-811,src_3bbf709ff718_20261006132431492_0b9bc8ab9d4a,final,src_3bbf709ff718,2026-10-06T13:24:31.492Z,2026-10-06T13:24:32.003Z,2026-10-06T13:10:08.959Z,6,6,7606,3501,2.0424455243578223
qc-prov-2026-10-05-general,qc-prov-2026-2026-811,src_3bbf709ff718_20261006141046208_ab667d6040b8,final,src_3bbf709ff718,2026-10-06T14:10:46.208Z,2026-10-06T14:10:47.285Z,2026-10-06T13:55:38.958Z,6,6,7606,3501,2.0424455243578223
qc-prov-2026-10-05-general,qc-prov-2026-2026-811,src_3bbf709ff718_20261006150515586_f23cf0de219b,final,src_3bbf709ff718,2026-10-06T15:05:15.586Z,2026-10-06T15:05:15.672Z,2026-10-06T14:57:08.957Z,6,6,7606,3501,2.0424455243578223
qc-prov-2026-10-05-general,qc-prov-2026-2026-813,src_3bbf709ff718_20261006060145196_626649ba1833,final,src_3bbf709ff718,2026-10-06T06:01:45.196Z,2026-10-06T06:01:45.273Z,2026-10-06T05:49:38.957Z,6,6,20013,4884,3.150702029561159
qc-prov-2026-10-05-general,qc-prov-2026-2026-813,src_3bbf709ff718_20261006132431492_0b9bc8ab9d4a,final,src_3bbf709ff718,2026-10-06T13:24:31.492Z,2026-10-06T13:24:32.003Z,2026-10-06T13:10:08.959Z,6,6,20013,4884,3.150702029561159
qc-prov-2026-10-05-general,qc-prov-2026-2026-813,src_3bbf709ff718_20261006141046208_ab667d6040b8,final,src_3bbf709ff718,2026-10-06T14:10:46.208Z,2026-10-06T14:10:47.285Z,2026-10-06T13:55:38.958Z,6,6,20013,4884,3.150702029561159
qc-prov-2026-10-05-general,qc-prov-2026-2026-813,src_3bbf709ff718_20261006150515586_f23cf0de219b,final,src_3bbf709ff718,2026-10-06T15:05:15.586Z,2026-10-06T15:05:15.672Z,2026-10-06T14:57:08.957Z,6,6,20013,4884,3.150702029561159
qc-prov-2026-10-05-general,qc-prov-2026-2026-817,src_3bbf709ff718_20261006060145196_626649ba1833,final,src_3bbf709ff718,2026-10-06T06:01:45.196Z,2026-10-06T06:01:45.273Z,2026-10-06T05:49:38.957Z,6,6,18562,6202,3.1503301800758465
qc-prov-2026-10-05-general,qc-prov-2026-2026-817,src_3bbf709ff718_20261006132431492_0b9bc8ab9d4a,final,src_3bbf709ff718,2026-10-06T13:24:31.492Z,2026-10-06T13:24:32.003Z,2026-10-06T13:10:08.959Z,6,6,18562,6202,3.1503301800758465
qc-prov-2026-10-05-general,qc-prov-2026-2026-817,src_3bbf709ff718_20261006141046208_ab667d6040b8,final,src_3bbf709ff718,2026-10-06T14:10:46.208Z,2026-10-06T14:10:47.285Z,2026-10-06T13:55:38.958Z,6,6,18562,6202,3.1503301800758465
qc-prov-2026-10-05-general,qc-prov-2026-2026-817,src_3bbf709ff718_20261006150515586_f23cf0de219b,final,src_3bbf709ff718,2026-10-06T15:05:15.586Z,2026-10-06T15:05:15.672Z,2026-10-06T14:57:08.957Z,6,6,18562,6202,3.1503301800758465
qc-prov-2026-10-05-general,qc-prov-2026-2026-819,src_3bbf709ff718_20261006060145196_626649ba1833,final,src_3bbf709ff718,2026-10-06T06:01:45.196Z,2026-10-06T06:01:45.273Z,2026-10-06T05:49:38.957Z,6,6,27763,2831,3.733315147175144
qc-prov-2026-10-05-general,qc-prov-2026-2026-819,src_3bbf709ff718_20261006132431492_0b9bc8ab9d4a,final,src_3bbf709ff718,2026-10-06T13:24:31.492Z,2026-10-06T13:24:32.003Z,2026-10-06T13:10:08.959Z,6,6,27763,2831,3.733315147175144
qc-prov-2026-10-05-general,qc-prov-2026-2026-819,src_3bbf709ff718_20261006141046208_ab667d6040b8,final,src_3bbf709ff718,2026-10-06T14:10:46.208Z,2026-10-06T14:10:47.285Z,2026-10-06T13:55:38.958Z,6,6,27763,2831,3.733315147175144
qc-prov-2026-10-05-general,qc-prov-2026-2026-819,src_3bbf709ff718_20261006150515586_f23cf0de219b,final,src_3bbf709ff718,2026-10-06T15:05:15.586Z,2026-10-06T15:05:15.672Z,2026-10-06T14:57:08.957Z,6,6,27763,2831,3.733315147175144
qc-prov-2026-10-05-general,qc-prov-2026-2026-821,src_3bbf709ff718_20261006060145196_626649ba1833,final,src_3bbf709ff718,2026-10-06T06:01:45.196Z,2026-10-06T06:01:45.273Z,2026-10-06T05:49:38.957Z,7,7,30106,6336,4.0468929221284595
qc-prov-2026-10-05-general,qc-prov-2026-2026-821,src_3bbf709ff718_20261006132431492_0b9bc8ab9d4a,final,src_3bbf709ff718,2026-10-06T13:24:31.492Z,2026-10-06T13:24:32.003Z,2026-10-06T13:10:08.959Z,7,7,30106,6336,4.0468929221284595
qc-prov-2026-10-05-general,qc-prov-2026-2026-821,src_3bbf709ff718_20261006141046208_ab667d6040b8,final,src_3bbf709ff718,2026-10-06T14:10:46.208Z,2026-10-06T14:10:47.285Z,2026-10-06T13:55:38.958Z,7,7,30106,6336,4.0468929221284595
qc-prov-2026-10-05-general,qc-prov-2026-2026-821,src_3bbf709ff718_20261006150515586_f23cf0de219b,final,src_3bbf709ff718,2026-10-06T15:05:15.586Z,2026-10-06T15:05:15.672Z,2026-10-06T14:57:08.957Z,7,7,30106,6336,4.0468929221284595
qc-prov-2026-10-05-general,qc-prov-2026-2026-823,src_3bbf709ff718_20261006060145196_626649ba1833,final,src_3bbf709ff718,2026-10-06T06:01:45.196Z,2026-10-06T06:01:45.273Z,2026-10-06T05:49:38.957Z,6,6,30551,916,3.560835184306712
qc-prov-2026-10-05-general,qc-prov-2026-2026-823,src_3bbf709ff718_20261006132431492_0b9bc8ab9d4a,final,src_3bbf709ff718,2026-10-06T13:24:31.492Z,2026-10-06T13:24:32.003Z,2026-10-06T13:10:08.959Z,6,6,30551,916,3.560835184306712
qc-prov-2026-10-05-general,qc-prov-2026-2026-823,src_3bbf709ff718_20261006141046208_ab667d6040b8,final,src_3bbf709ff718,2026-10-06T14:10:46.208Z,2026-10-06T14:10:47.285Z,2026-10-06T13:55:38.958Z,6,6,30551,916,3.560835184306712
qc-prov-2026-10-05-general,qc-prov-2026-2026-823,src_3bbf709ff718_20261006150515586_f23cf0de219b,final,src_3bbf709ff718,2026-10-06T15:05:15.586Z,2026-10-06T15:05:15.672Z,2026-10-06T14:57:08.957Z,6,6,30551,916,3.560835184306712
qc-prov-2026-10-05-general,qc-prov-2026-2026-827,src_3bbf709ff718_20261006060145196_626649ba1833,final,src_3bbf709ff718,2026-10-06T06:01:45.196Z,2026-10-06T06:01:45.273Z,2026-10-06T05:49:38.957Z,7,7,29987,6988,3.4053957755399624
qc-prov-2026-10-05-general,qc-prov-2026-2026-827,src_3bbf709ff718_20261006132431492_0b9bc8ab9d4a,final,src_3bbf709ff718,2026-10-06T13:24:31.492Z,2026-10-06T13:24:32.003Z,2026-10-06T13:10:08.959Z,7,7,29987,6988,3.4053957755399624
qc-prov-2026-10-05-general,qc-prov-2026-2026-827,src_3bbf709ff718_20261006141046208_ab667d6040b8,final,src_3bbf709ff718,2026-10-06T14:10:46.208Z,2026-10-06T14:10:47.285Z,2026-10-06T13:55:38.958Z,7,7,29987,6988,3.4053957755399624
qc-prov-2026-10-05-general,qc-prov-2026-2026-827,src_3bbf709ff718_20261006150515586_f23cf0de219b,final,src_3bbf709ff718,2026-10-06T15:05:15.586Z,2026-10-06T15:05:15.672Z,2026-10-06T14:57:08.957Z,7,7,29987,6988,3.4053957755399624
qc-prov-2026-10-05-general,qc-prov-2026-2026-829,src_3bbf709ff718_20261006060145196_626649ba1833,final,src_3bbf709ff718,2026-10-06T06:01:45.196Z,2026-10-06T06:01:45.273Z,2026-10-06T05:49:38.957Z,5,5,27835,2912,3.88898671749096
qc-prov-2026-10-05-general,qc-prov-2026-2026-829,src_3bbf709ff718_20261006132431492_0b9bc8ab9d4a,final,src_3bbf709ff718,2026-10-06T13:24:31.492Z,2026-10-06T13:24:32.003Z,2026-10-06T13:10:08.959Z,5,5,27835,2912,3.88898671749096
qc-prov-2026-10-05-general,qc-prov-2026-2026-829,src_3bbf709ff718_20261006141046208_ab667d6040b8,final,src_3bbf709ff718,2026-10-06T14:10:46.208Z,2026-10-06T14:10:47.285Z,2026-10-06T13:55:38.958Z,5,5,27835,2912,3.88898671749096
qc-prov-2026-10-05-general,qc-prov-2026-2026-829,src_3bbf709ff718_20261006150515586_f23cf0de219b,final,src_3bbf709ff718,2026-10-06T15:05:15.586Z,2026-10-06T15:05:15.672Z,2026-10-06T14:57:08.957Z,5,5,27835,2912,3.88898671749096
qc-prov-2026-10-05-general,qc-prov-2026-2026-831,src_3bbf709ff718_20261006060145196_626649ba1833,final,src_3bbf709ff718,2026-10-06T06:01:45.196Z,2026-10-06T06:01:45.273Z,2026-10-06T05:49:38.957Z,5,5,8382,1004,3.632948809897467
qc-prov-2026-10-05-general,qc-prov-2026-2026-831,src_3bbf709ff718_20261006132431492_0b9bc8ab9d4a,final,src_3bbf709ff718,2026-10-06T13:24:31.492Z,2026-10-06T13:24:32.003Z,2026-10-06T13:10:08.959Z,5,5,8382,1004,3.632948809897467
qc-prov-2026-10-05-general,qc-prov-2026-2026-831,src_3bbf709ff718_20261006141046208_ab667d6040b8,final,src_3bbf709ff718,2026-10-06T14:10:46.208Z,2026-10-06T14:10:47.285Z,2026-10-06T13:55:38.958Z,5,5,8382,1004,3.632948809897467
qc-prov-2026-10-05-general,qc-prov-2026-2026-831,src_3bbf709ff718_20261006150515586_f23cf0de219b,final,src_3bbf709ff718,2026-10-06T15:05:15.586Z,2026-10-06T15:05:15.672Z,2026-10-06T14:57:08.957Z,5,5,8382,1004,3.632948809897467
qc-prov-2026-10-05-general,qc-prov-2026-2026-833,src_3bbf709ff718_20261006060145196_626649ba1833,final,src_3bbf709ff718,2026-10-06T06:01:45.196Z,2026-10-06T06:01:45.273Z,2026-10-06T05:49:38.957Z,7,7,25574,4913,3.9442546583588722
qc-prov-2026-10-05-general,qc-prov-2026-2026-833,src_3bbf709ff718_20261006132431492_0b9bc8ab9d4a,final,src_3bbf709ff718,2026-10-06T13:24:31.492Z,2026-10-06T13:24:32.003Z,2026-10-06T13:10:08.959Z,7,7,25574,4913,3.9442546583588722
qc-prov-2026-10-05-general,qc-prov-2026-2026-833,src_3bbf709ff718_20261006141046208_ab667d6040b8,final,src_3bbf709ff718,2026-10-06T14:10:46.208Z,2026-10-06T14:10:47.285Z,2026-10-06T13:55:38.958Z,7,7,25574,4913,3.9442546583588722
qc-prov-2026-10-05-general,qc-prov-2026-2026-833,src_3bbf709ff718_20261006150515586_f23cf0de219b,final,src_3bbf709ff718,2026-10-06T15:05:15.586Z,2026-10-06T15:05:15.672Z,2026-10-06T14:57:08.957Z,7,7,25574,4913,3.9442546583588722
qc-prov-2026-10-05-general,qc-prov-2026-2026-837,src_3bbf709ff718_20261006060145196_626649ba1833,final,src_3bbf709ff718,2026-10-06T06:01:45.196Z,2026-10-06T06:01:45.273Z,2026-10-06T05:49:38.957Z,5,5,21254,5298,3.347488968939273
qc-prov-2026-10-05-general,qc-prov-2026-2026-837,src_3bbf709ff718_20261006132431492_0b9bc8ab9d4a,final,src_3bbf709ff718,2026-10-06T13:24:31.492Z,2026-10-06T13:24:32.003Z,2026-10-06T13:10:08.959Z,5,5,21254,5298,3.347488968939273
qc-prov-2026-10-05-general,qc-prov-2026-2026-837,src_3bbf709ff718_20261006141046208_ab667d6040b8,final,src_3bbf709ff718,2026-10-06T14:10:46.208Z,2026-10-06T14:10:47.285Z,2026-10-06T13:55:38.958Z,5,5,21254,5298,3.347488968939273
qc-prov-2026-10-05-general,qc-prov-2026-2026-837,src_3bbf709ff718_20261006150515586_f23cf0de219b,final,src_3bbf709ff718,2026-10-06T15:05:15.586Z,2026-10-06T15:05:15.672Z,2026-10-06T14:57:08.957Z,5,5,21254,5298,3.347488968939273
