election_id,district_id,registered_at_decree,registered_after_revision,registered_after_special_revision,source_id,snapshot_id,observed_at,retrieved_at,source_updated_at,data_status
qc-prov-2026-10-05-general,qc-prov-2026-2026-689,33421,33429,33435,src_fd3351236900,src_fd3351236900_20261009152106393_caf8e275157b,2026-10-09T15:21:06.393Z,2026-10-09T15:21:06.557Z,NA,electoral_roll_stage
qc-prov-2026-10-05-general,qc-prov-2026-2026-681,35359,35291,35297,src_fd3351236900,src_fd3351236900_20261009152106393_caf8e275157b,2026-10-09T15:21:06.393Z,2026-10-09T15:21:06.557Z,NA,electoral_roll_stage
qc-prov-2026-10-05-general,qc-prov-2026-2026-299,49937,50139,50260,src_fd3351236900,src_fd3351236900_20261009152106393_caf8e275157b,2026-10-09T15:21:06.393Z,2026-10-09T15:21:06.557Z,NA,electoral_roll_stage
qc-prov-2026-10-05-general,qc-prov-2026-2026-833,41335,41453,41513,src_fd3351236900,src_fd3351236900_20261009152106393_caf8e275157b,2026-10-09T15:21:06.393Z,2026-10-09T15:21:06.557Z,NA,electoral_roll_stage
qc-prov-2026-10-05-general,qc-prov-2026-2026-589,42989,43001,43031,src_fd3351236900,src_fd3351236900_20261009152106393_caf8e275157b,2026-10-09T15:21:06.393Z,2026-10-09T15:21:06.557Z,NA,electoral_roll_stage
qc-prov-2026-10-05-general,qc-prov-2026-2026-147,61868,61872,61899,src_fd3351236900,src_fd3351236900_20261009152106393_caf8e275157b,2026-10-09T15:21:06.393Z,2026-10-09T15:21:06.557Z,NA,electoral_roll_stage
qc-prov-2026-10-05-general,qc-prov-2026-2026-781,46549,46578,46638,src_fd3351236900,src_fd3351236900_20261009152106393_caf8e275157b,2026-10-09T15:21:06.393Z,2026-10-09T15:21:06.557Z,NA,electoral_roll_stage
qc-prov-2026-10-05-general,qc-prov-2026-2026-777,50761,50762,50806,src_fd3351236900,src_fd3351236900_20261009152106393_caf8e275157b,2026-10-09T15:21:06.393Z,2026-10-09T15:21:06.557Z,NA,electoral_roll_stage
qc-prov-2026-10-05-general,qc-prov-2026-2026-179,59767,59845,59914,src_fd3351236900,src_fd3351236900_20261009152106393_caf8e275157b,2026-10-09T15:21:06.393Z,2026-10-09T15:21:06.557Z,NA,electoral_roll_stage
qc-prov-2026-10-05-general,qc-prov-2026-2026-797,46149,46173,46176,src_fd3351236900,src_fd3351236900_20261009152106393_caf8e275157b,2026-10-09T15:21:06.393Z,2026-10-09T15:21:06.557Z,NA,electoral_roll_stage
qc-prov-2026-10-05-general,qc-prov-2026-2026-591,45279,45339,45350,src_fd3351236900,src_fd3351236900_20261009152106393_caf8e275157b,2026-10-09T15:21:06.393Z,2026-10-09T15:21:06.557Z,NA,electoral_roll_stage
qc-prov-2026-10-05-general,qc-prov-2026-2026-627,53939,53987,54013,src_fd3351236900,src_fd3351236900_20261009152106393_caf8e275157b,2026-10-09T15:21:06.393Z,2026-10-09T15:21:06.557Z,NA,electoral_roll_stage
qc-prov-2026-10-05-general,qc-prov-2026-2026-641,59914,59960,60020,src_fd3351236900,src_fd3351236900_20261009152106393_caf8e275157b,2026-10-09T15:21:06.393Z,2026-10-09T15:21:06.557Z,NA,electoral_roll_stage
qc-prov-2026-10-05-general,qc-prov-2026-2026-607,62280,62316,62415,src_fd3351236900,src_fd3351236900_20261009152106393_caf8e275157b,2026-10-09T15:21:06.393Z,2026-10-09T15:21:06.557Z,NA,electoral_roll_stage
qc-prov-2026-10-05-general,qc-prov-2026-2026-837,35864,35842,35863,src_fd3351236900,src_fd3351236900_20261009152106393_caf8e275157b,2026-10-09T15:21:06.393Z,2026-10-09T15:21:06.557Z,NA,electoral_roll_stage
qc-prov-2026-10-05-general,qc-prov-2026-2026-237,58595,58591,58681,src_fd3351236900,src_fd3351236900_20261009152106393_caf8e275157b,2026-10-09T15:21:06.393Z,2026-10-09T15:21:06.557Z,NA,electoral_roll_stage
qc-prov-2026-10-05-general,qc-prov-2026-2026-327,44066,44161,44262,src_fd3351236900,src_fd3351236900_20261009152106393_caf8e275157b,2026-10-09T15:21:06.393Z,2026-10-09T15:21:06.557Z,NA,electoral_roll_stage
qc-prov-2026-10-05-general,qc-prov-2026-2026-157,57369,57397,57463,src_fd3351236900,src_fd3351236900_20261009152106393_caf8e275157b,2026-10-09T15:21:06.393Z,2026-10-09T15:21:06.557Z,NA,electoral_roll_stage
qc-prov-2026-10-05-general,qc-prov-2026-2026-337,49084,49193,49366,src_fd3351236900,src_fd3351236900_20261009152106393_caf8e275157b,2026-10-09T15:21:06.393Z,2026-10-09T15:21:06.557Z,NA,electoral_roll_stage
qc-prov-2026-10-05-general,qc-prov-2026-2026-207,54342,54414,54491,src_fd3351236900,src_fd3351236900_20261009152106393_caf8e275157b,2026-10-09T15:21:06.393Z,2026-10-09T15:21:06.557Z,NA,electoral_roll_stage
qc-prov-2026-10-05-general,qc-prov-2026-2026-701,60661,60692,60778,src_fd3351236900,src_fd3351236900_20261009152106393_caf8e275157b,2026-10-09T15:21:06.393Z,2026-10-09T15:21:06.557Z,NA,electoral_roll_stage
qc-prov-2026-10-05-general,qc-prov-2026-2026-667,58916,59068,59175,src_fd3351236900,src_fd3351236900_20261009152106393_caf8e275157b,2026-10-09T15:21:06.393Z,2026-10-09T15:21:06.557Z,NA,electoral_roll_stage
qc-prov-2026-10-05-general,qc-prov-2026-2026-767,57485,57553,57677,src_fd3351236900,src_fd3351236900_20261009152106393_caf8e275157b,2026-10-09T15:21:06.393Z,2026-10-09T15:21:06.557Z,NA,electoral_roll_stage
qc-prov-2026-10-05-general,qc-prov-2026-2026-771,55904,55920,55981,src_fd3351236900,src_fd3351236900_20261009152106393_caf8e275157b,2026-10-09T15:21:06.393Z,2026-10-09T15:21:06.557Z,NA,electoral_roll_stage
qc-prov-2026-10-05-general,qc-prov-2026-2026-191,56790,56908,57052,src_fd3351236900,src_fd3351236900_20261009152106393_caf8e275157b,2026-10-09T15:21:06.393Z,2026-10-09T15:21:06.557Z,NA,electoral_roll_stage
qc-prov-2026-10-05-general,qc-prov-2026-2026-769,59824,59887,59959,src_fd3351236900,src_fd3351236900_20261009152106393_caf8e275157b,2026-10-09T15:21:06.393Z,2026-10-09T15:21:06.557Z,NA,electoral_roll_stage
qc-prov-2026-10-05-general,qc-prov-2026-2026-821,45772,45787,45816,src_fd3351236900,src_fd3351236900_20261009152106393_caf8e275157b,2026-10-09T15:21:06.393Z,2026-10-09T15:21:06.557Z,NA,electoral_roll_stage
qc-prov-2026-10-05-general,qc-prov-2026-2026-351,56887,57023,57168,src_fd3351236900,src_fd3351236900_20261009152106393_caf8e275157b,2026-10-09T15:21:06.393Z,2026-10-09T15:21:06.557Z,NA,electoral_roll_stage
qc-prov-2026-10-05-general,qc-prov-2026-2026-789,61947,62021,62094,src_fd3351236900,src_fd3351236900_20261009152106393_caf8e275157b,2026-10-09T15:21:06.393Z,2026-10-09T15:21:06.557Z,NA,electoral_roll_stage
qc-prov-2026-10-05-general,qc-prov-2026-2026-799,50522,50539,50570,src_fd3351236900,src_fd3351236900_20261009152106393_caf8e275157b,2026-10-09T15:21:06.393Z,2026-10-09T15:21:06.557Z,NA,electoral_roll_stage
qc-prov-2026-10-05-general,qc-prov-2026-2026-131,49410,49446,49444,src_fd3351236900,src_fd3351236900_20261009152106393_caf8e275157b,2026-10-09T15:21:06.393Z,2026-10-09T15:21:06.557Z,NA,electoral_roll_stage
qc-prov-2026-10-05-general,qc-prov-2026-2026-277,56631,56790,56873,src_fd3351236900,src_fd3351236900_20261009152106393_caf8e275157b,2026-10-09T15:21:06.393Z,2026-10-09T15:21:06.557Z,NA,electoral_roll_stage
qc-prov-2026-10-05-general,qc-prov-2026-2026-581,50335,50427,50543,src_fd3351236900,src_fd3351236900_20261009152106393_caf8e275157b,2026-10-09T15:21:06.393Z,2026-10-09T15:21:06.557Z,NA,electoral_roll_stage
qc-prov-2026-10-05-general,qc-prov-2026-2026-141,53549,53578,53590,src_fd3351236900,src_fd3351236900_20261009152106393_caf8e275157b,2026-10-09T15:21:06.393Z,2026-10-09T15:21:06.557Z,NA,electoral_roll_stage
qc-prov-2026-10-05-general,qc-prov-2026-2026-819,43080,43118,43146,src_fd3351236900,src_fd3351236900_20261009152106393_caf8e275157b,2026-10-09T15:21:06.393Z,2026-10-09T15:21:06.557Z,NA,electoral_roll_stage
qc-prov-2026-10-05-general,qc-prov-2026-2026-813,37076,37073,37086,src_fd3351236900,src_fd3351236900_20261009152106393_caf8e275157b,2026-10-09T15:21:06.393Z,2026-10-09T15:21:06.557Z,NA,electoral_roll_stage
qc-prov-2026-10-05-general,qc-prov-2026-2026-357,58413,58513,58638,src_fd3351236900,src_fd3351236900_20261009152106393_caf8e275157b,2026-10-09T15:21:06.393Z,2026-10-09T15:21:06.557Z,NA,electoral_roll_stage
qc-prov-2026-10-05-general,qc-prov-2026-2026-809,30082,30067,30078,src_fd3351236900,src_fd3351236900_20261009152106393_caf8e275157b,2026-10-09T15:21:06.393Z,2026-10-09T15:21:06.557Z,NA,electoral_roll_stage
qc-prov-2026-10-05-general,qc-prov-2026-2026-661,61707,61818,61868,src_fd3351236900,src_fd3351236900_20261009152106393_caf8e275157b,2026-10-09T15:21:06.393Z,2026-10-09T15:21:06.557Z,NA,electoral_roll_stage
qc-prov-2026-10-05-general,qc-prov-2026-2026-311,42595,42923,43048,src_fd3351236900,src_fd3351236900_20261009152106393_caf8e275157b,2026-10-09T15:21:06.393Z,2026-10-09T15:21:06.557Z,NA,electoral_roll_stage
qc-prov-2026-10-05-general,qc-prov-2026-2026-159,58940,59023,59098,src_fd3351236900,src_fd3351236900_20261009152106393_caf8e275157b,2026-10-09T15:21:06.393Z,2026-10-09T15:21:06.557Z,NA,electoral_roll_stage
qc-prov-2026-10-05-general,qc-prov-2026-2026-577,54140,54163,54232,src_fd3351236900,src_fd3351236900_20261009152106393_caf8e275157b,2026-10-09T15:21:06.393Z,2026-10-09T15:21:06.557Z,NA,electoral_roll_stage
qc-prov-2026-10-05-general,qc-prov-2026-2026-317,40308,40601,40887,src_fd3351236900,src_fd3351236900_20261009152106393_caf8e275157b,2026-10-09T15:21:06.393Z,2026-10-09T15:21:06.557Z,NA,electoral_roll_stage
qc-prov-2026-10-05-general,qc-prov-2026-2026-651,60622,60768,60930,src_fd3351236900,src_fd3351236900_20261009152106393_caf8e275157b,2026-10-09T15:21:06.393Z,2026-10-09T15:21:06.557Z,NA,electoral_roll_stage
qc-prov-2026-10-05-general,qc-prov-2026-2026-171,50279,50293,50345,src_fd3351236900,src_fd3351236900_20261009152106393_caf8e275157b,2026-10-09T15:21:06.393Z,2026-10-09T15:21:06.557Z,NA,electoral_roll_stage
qc-prov-2026-10-05-general,qc-prov-2026-2026-161,51324,51350,51380,src_fd3351236900,src_fd3351236900_20261009152106393_caf8e275157b,2026-10-09T15:21:06.393Z,2026-10-09T15:21:06.557Z,NA,electoral_roll_stage
qc-prov-2026-10-05-general,qc-prov-2026-2026-811,11151,11138,11146,src_fd3351236900,src_fd3351236900_20261009152106393_caf8e275157b,2026-10-09T15:21:06.393Z,2026-10-09T15:21:06.557Z,NA,electoral_roll_stage
qc-prov-2026-10-05-general,qc-prov-2026-2026-259,48241,48313,48453,src_fd3351236900,src_fd3351236900_20261009152106393_caf8e275157b,2026-10-09T15:21:06.393Z,2026-10-09T15:21:06.557Z,NA,electoral_roll_stage
qc-prov-2026-10-05-general,qc-prov-2026-2026-757,44159,44373,44566,src_fd3351236900,src_fd3351236900_20261009152106393_caf8e275157b,2026-10-09T15:21:06.393Z,2026-10-09T15:21:06.557Z,NA,electoral_roll_stage
qc-prov-2026-10-05-general,qc-prov-2026-2026-331,49776,49923,50058,src_fd3351236900,src_fd3351236900_20261009152106393_caf8e275157b,2026-10-09T15:21:06.393Z,2026-10-09T15:21:06.557Z,NA,electoral_roll_stage
qc-prov-2026-10-05-general,qc-prov-2026-2026-707,47187,47454,47679,src_fd3351236900,src_fd3351236900_20261009152106393_caf8e275157b,2026-10-09T15:21:06.393Z,2026-10-09T15:21:06.557Z,NA,electoral_roll_stage
qc-prov-2026-10-05-general,qc-prov-2026-2026-629,59280,59329,59374,src_fd3351236900,src_fd3351236900_20261009152106393_caf8e275157b,2026-10-09T15:21:06.393Z,2026-10-09T15:21:06.557Z,NA,electoral_roll_stage
qc-prov-2026-10-05-general,qc-prov-2026-2026-823,45307,45351,45386,src_fd3351236900,src_fd3351236900_20261009152106393_caf8e275157b,2026-10-09T15:21:06.393Z,2026-10-09T15:21:06.557Z,NA,electoral_roll_stage
qc-prov-2026-10-05-general,qc-prov-2026-2026-649,54333,54338,54377,src_fd3351236900,src_fd3351236900_20261009152106393_caf8e275157b,2026-10-09T15:21:06.393Z,2026-10-09T15:21:06.557Z,NA,electoral_roll_stage
qc-prov-2026-10-05-general,qc-prov-2026-2026-827,44702,44702,44713,src_fd3351236900,src_fd3351236900_20261009152106393_caf8e275157b,2026-10-09T15:21:06.393Z,2026-10-09T15:21:06.557Z,NA,electoral_roll_stage
qc-prov-2026-10-05-general,qc-prov-2026-2026-339,42386,42472,42578,src_fd3351236900,src_fd3351236900_20261009152106393_caf8e275157b,2026-10-09T15:21:06.393Z,2026-10-09T15:21:06.557Z,NA,electoral_roll_stage
qc-prov-2026-10-05-general,qc-prov-2026-2026-729,59417,59581,59716,src_fd3351236900,src_fd3351236900_20261009152106393_caf8e275157b,2026-10-09T15:21:06.393Z,2026-10-09T15:21:06.557Z,NA,electoral_roll_stage
qc-prov-2026-10-05-general,qc-prov-2026-2026-201,58488,58651,58855,src_fd3351236900,src_fd3351236900_20261009152106393_caf8e275157b,2026-10-09T15:21:06.393Z,2026-10-09T15:21:06.557Z,NA,electoral_roll_stage
qc-prov-2026-10-05-general,qc-prov-2026-2026-199,50658,50763,50821,src_fd3351236900,src_fd3351236900_20261009152106393_caf8e275157b,2026-10-09T15:21:06.393Z,2026-10-09T15:21:06.557Z,NA,electoral_roll_stage
qc-prov-2026-10-05-general,qc-prov-2026-2026-621,57087,57133,57180,src_fd3351236900,src_fd3351236900_20261009152106393_caf8e275157b,2026-10-09T15:21:06.393Z,2026-10-09T15:21:06.557Z,NA,electoral_roll_stage
qc-prov-2026-10-05-general,qc-prov-2026-2026-307,43970,44227,44350,src_fd3351236900,src_fd3351236900_20261009152106393_caf8e275157b,2026-10-09T15:21:06.393Z,2026-10-09T15:21:06.557Z,NA,electoral_roll_stage
qc-prov-2026-10-05-general,qc-prov-2026-2026-347,56436,56583,56709,src_fd3351236900,src_fd3351236900_20261009152106393_caf8e275157b,2026-10-09T15:21:06.393Z,2026-10-09T15:21:06.557Z,NA,electoral_roll_stage
qc-prov-2026-10-05-general,qc-prov-2026-2026-697,60780,60799,60858,src_fd3351236900,src_fd3351236900_20261009152106393_caf8e275157b,2026-10-09T15:21:06.393Z,2026-10-09T15:21:06.557Z,NA,electoral_roll_stage
qc-prov-2026-10-05-general,qc-prov-2026-2026-601,49764,49831,49881,src_fd3351236900,src_fd3351236900_20261009152106393_caf8e275157b,2026-10-09T15:21:06.393Z,2026-10-09T15:21:06.557Z,NA,electoral_roll_stage
qc-prov-2026-10-05-general,qc-prov-2026-2026-791,53708,53844,53974,src_fd3351236900,src_fd3351236900_20261009152106393_caf8e275157b,2026-10-09T15:21:06.393Z,2026-10-09T15:21:06.557Z,NA,electoral_roll_stage
qc-prov-2026-10-05-general,qc-prov-2026-2026-787,59506,59511,59573,src_fd3351236900,src_fd3351236900_20261009152106393_caf8e275157b,2026-10-09T15:21:06.393Z,2026-10-09T15:21:06.557Z,NA,electoral_roll_stage
qc-prov-2026-10-05-general,qc-prov-2026-2026-709,48098,48095,48123,src_fd3351236900,src_fd3351236900_20261009152106393_caf8e275157b,2026-10-09T15:21:06.393Z,2026-10-09T15:21:06.557Z,NA,electoral_roll_stage
qc-prov-2026-10-05-general,qc-prov-2026-2026-251,53038,53184,53329,src_fd3351236900,src_fd3351236900_20261009152106393_caf8e275157b,2026-10-09T15:21:06.393Z,2026-10-09T15:21:06.557Z,NA,electoral_roll_stage
qc-prov-2026-10-05-general,qc-prov-2026-2026-139,46305,46339,46348,src_fd3351236900,src_fd3351236900_20261009152106393_caf8e275157b,2026-10-09T15:21:06.393Z,2026-10-09T15:21:06.557Z,NA,electoral_roll_stage
qc-prov-2026-10-05-general,qc-prov-2026-2026-219,44352,44506,44615,src_fd3351236900,src_fd3351236900_20261009152106393_caf8e275157b,2026-10-09T15:21:06.393Z,2026-10-09T15:21:06.557Z,NA,electoral_roll_stage
qc-prov-2026-10-05-general,qc-prov-2026-2026-257,45400,45446,45536,src_fd3351236900,src_fd3351236900_20261009152106393_caf8e275157b,2026-10-09T15:21:06.393Z,2026-10-09T15:21:06.557Z,NA,electoral_roll_stage
qc-prov-2026-10-05-general,qc-prov-2026-2026-693,48211,48231,48299,src_fd3351236900,src_fd3351236900_20261009152106393_caf8e275157b,2026-10-09T15:21:06.393Z,2026-10-09T15:21:06.557Z,NA,electoral_roll_stage
qc-prov-2026-10-05-general,qc-prov-2026-2026-611,55226,55296,55391,src_fd3351236900,src_fd3351236900_20261009152106393_caf8e275157b,2026-10-09T15:21:06.393Z,2026-10-09T15:21:06.557Z,NA,electoral_roll_stage
qc-prov-2026-10-05-general,qc-prov-2026-2026-807,46483,46468,46509,src_fd3351236900,src_fd3351236900_20261009152106393_caf8e275157b,2026-10-09T15:21:06.393Z,2026-10-09T15:21:06.557Z,NA,electoral_roll_stage
qc-prov-2026-10-05-general,qc-prov-2026-2026-301,45737,45922,46030,src_fd3351236900,src_fd3351236900_20261009152106393_caf8e275157b,2026-10-09T15:21:06.393Z,2026-10-09T15:21:06.557Z,NA,electoral_roll_stage
qc-prov-2026-10-05-general,qc-prov-2026-2026-117,51853,51870,51892,src_fd3351236900,src_fd3351236900_20261009152106393_caf8e275157b,2026-10-09T15:21:06.393Z,2026-10-09T15:21:06.557Z,NA,electoral_roll_stage
qc-prov-2026-10-05-general,qc-prov-2026-2026-313,44882,45268,45466,src_fd3351236900,src_fd3351236900_20261009152106393_caf8e275157b,2026-10-09T15:21:06.393Z,2026-10-09T15:21:06.557Z,NA,electoral_roll_stage
qc-prov-2026-10-05-general,qc-prov-2026-2026-571,49876,49971,50067,src_fd3351236900,src_fd3351236900_20261009152106393_caf8e275157b,2026-10-09T15:21:06.393Z,2026-10-09T15:21:06.557Z,NA,electoral_roll_stage
qc-prov-2026-10-05-general,qc-prov-2026-2026-587,55216,55302,55314,src_fd3351236900,src_fd3351236900_20261009152106393_caf8e275157b,2026-10-09T15:21:06.393Z,2026-10-09T15:21:06.557Z,NA,electoral_roll_stage
qc-prov-2026-10-05-general,qc-prov-2026-2026-227,53782,53785,53844,src_fd3351236900,src_fd3351236900_20261009152106393_caf8e275157b,2026-10-09T15:21:06.393Z,2026-10-09T15:21:06.557Z,NA,electoral_roll_stage
qc-prov-2026-10-05-general,qc-prov-2026-2026-761,58039,58127,58169,src_fd3351236900,src_fd3351236900_20261009152106393_caf8e275157b,2026-10-09T15:21:06.393Z,2026-10-09T15:21:06.557Z,NA,electoral_roll_stage
qc-prov-2026-10-05-general,qc-prov-2026-2026-297,58525,58739,58920,src_fd3351236900,src_fd3351236900_20261009152106393_caf8e275157b,2026-10-09T15:21:06.393Z,2026-10-09T15:21:06.557Z,NA,electoral_roll_stage
qc-prov-2026-10-05-general,qc-prov-2026-2026-261,58035,58134,58260,src_fd3351236900,src_fd3351236900_20261009152106393_caf8e275157b,2026-10-09T15:21:06.393Z,2026-10-09T15:21:06.557Z,NA,electoral_roll_stage
qc-prov-2026-10-05-general,qc-prov-2026-2026-151,41189,41190,41190,src_fd3351236900,src_fd3351236900_20261009152106393_caf8e275157b,2026-10-09T15:21:06.393Z,2026-10-09T15:21:06.557Z,NA,electoral_roll_stage
qc-prov-2026-10-05-general,qc-prov-2026-2026-279,47042,47126,47267,src_fd3351236900,src_fd3351236900_20261009152106393_caf8e275157b,2026-10-09T15:21:06.393Z,2026-10-09T15:21:06.557Z,NA,electoral_roll_stage
qc-prov-2026-10-05-general,qc-prov-2026-2026-127,47770,47756,47872,src_fd3351236900,src_fd3351236900_20261009152106393_caf8e275157b,2026-10-09T15:21:06.393Z,2026-10-09T15:21:06.557Z,NA,electoral_roll_stage
qc-prov-2026-10-05-general,qc-prov-2026-2026-669,60742,60829,60914,src_fd3351236900,src_fd3351236900_20261009152106393_caf8e275157b,2026-10-09T15:21:06.393Z,2026-10-09T15:21:06.557Z,NA,electoral_roll_stage
qc-prov-2026-10-05-general,qc-prov-2026-2026-217,52893,53008,53125,src_fd3351236900,src_fd3351236900_20261009152106393_caf8e275157b,2026-10-09T15:21:06.393Z,2026-10-09T15:21:06.557Z,NA,electoral_roll_stage
qc-prov-2026-10-05-general,qc-prov-2026-2026-341,40142,40231,40320,src_fd3351236900,src_fd3351236900_20261009152106393_caf8e275157b,2026-10-09T15:21:06.393Z,2026-10-09T15:21:06.557Z,NA,electoral_roll_stage
qc-prov-2026-10-05-general,qc-prov-2026-2026-657,56214,56316,56396,src_fd3351236900,src_fd3351236900_20261009152106393_caf8e275157b,2026-10-09T15:21:06.393Z,2026-10-09T15:21:06.557Z,NA,electoral_roll_stage
qc-prov-2026-10-05-general,qc-prov-2026-2026-727,56043,56081,56143,src_fd3351236900,src_fd3351236900_20261009152106393_caf8e275157b,2026-10-09T15:21:06.393Z,2026-10-09T15:21:06.557Z,NA,electoral_roll_stage
qc-prov-2026-10-05-general,qc-prov-2026-2026-637,53233,53247,53338,src_fd3351236900,src_fd3351236900_20261009152106393_caf8e275157b,2026-10-09T15:21:06.393Z,2026-10-09T15:21:06.557Z,NA,electoral_roll_stage
qc-prov-2026-10-05-general,qc-prov-2026-2026-817,32005,31991,31994,src_fd3351236900,src_fd3351236900_20261009152106393_caf8e275157b,2026-10-09T15:21:06.393Z,2026-10-09T15:21:06.557Z,NA,electoral_roll_stage
qc-prov-2026-10-05-general,qc-prov-2026-2026-617,56605,56684,56810,src_fd3351236900,src_fd3351236900_20261009152106393_caf8e275157b,2026-10-09T15:21:06.393Z,2026-10-09T15:21:06.557Z,NA,electoral_roll_stage
qc-prov-2026-10-05-general,qc-prov-2026-2026-241,54120,54137,54197,src_fd3351236900,src_fd3351236900_20261009152106393_caf8e275157b,2026-10-09T15:21:06.393Z,2026-10-09T15:21:06.557Z,NA,electoral_roll_stage
qc-prov-2026-10-05-general,qc-prov-2026-2026-137,59208,59254,59317,src_fd3351236900,src_fd3351236900_20261009152106393_caf8e275157b,2026-10-09T15:21:06.393Z,2026-10-09T15:21:06.557Z,NA,electoral_roll_stage
qc-prov-2026-10-05-general,qc-prov-2026-2026-803,46434,46476,46512,src_fd3351236900,src_fd3351236900_20261009152106393_caf8e275157b,2026-10-09T15:21:06.393Z,2026-10-09T15:21:06.557Z,NA,electoral_roll_stage
qc-prov-2026-10-05-general,qc-prov-2026-2026-801,52065,52075,52112,src_fd3351236900,src_fd3351236900_20261009152106393_caf8e275157b,2026-10-09T15:21:06.393Z,2026-10-09T15:21:06.557Z,NA,electoral_roll_stage
qc-prov-2026-10-05-general,qc-prov-2026-2026-267,55009,55076,55165,src_fd3351236900,src_fd3351236900_20261009152106393_caf8e275157b,2026-10-09T15:21:06.393Z,2026-10-09T15:21:06.557Z,NA,electoral_roll_stage
qc-prov-2026-10-05-general,qc-prov-2026-2026-829,44555,44548,44568,src_fd3351236900,src_fd3351236900_20261009152106393_caf8e275157b,2026-10-09T15:21:06.393Z,2026-10-09T15:21:06.557Z,NA,electoral_roll_stage
qc-prov-2026-10-05-general,qc-prov-2026-2026-319,51843,52074,52227,src_fd3351236900,src_fd3351236900_20261009152106393_caf8e275157b,2026-10-09T15:21:06.393Z,2026-10-09T15:21:06.557Z,NA,electoral_roll_stage
qc-prov-2026-10-05-general,qc-prov-2026-2026-631,49416,49458,49470,src_fd3351236900,src_fd3351236900_20261009152106393_caf8e275157b,2026-10-09T15:21:06.393Z,2026-10-09T15:21:06.557Z,NA,electoral_roll_stage
qc-prov-2026-10-05-general,qc-prov-2026-2026-671,44460,44444,44483,src_fd3351236900,src_fd3351236900_20261009152106393_caf8e275157b,2026-10-09T15:21:06.393Z,2026-10-09T15:21:06.557Z,NA,electoral_roll_stage
qc-prov-2026-10-05-general,qc-prov-2026-2026-119,54903,55004,55128,src_fd3351236900,src_fd3351236900_20261009152106393_caf8e275157b,2026-10-09T15:21:06.393Z,2026-10-09T15:21:06.557Z,NA,electoral_roll_stage
qc-prov-2026-10-05-general,qc-prov-2026-2026-281,59640,60058,60303,src_fd3351236900,src_fd3351236900_20261009152106393_caf8e275157b,2026-10-09T15:21:06.393Z,2026-10-09T15:21:06.557Z,NA,electoral_roll_stage
qc-prov-2026-10-05-general,qc-prov-2026-2026-239,55577,55605,55678,src_fd3351236900,src_fd3351236900_20261009152106393_caf8e275157b,2026-10-09T15:21:06.393Z,2026-10-09T15:21:06.557Z,NA,electoral_roll_stage
qc-prov-2026-10-05-general,qc-prov-2026-2026-167,61489,61510,61630,src_fd3351236900,src_fd3351236900_20261009152106393_caf8e275157b,2026-10-09T15:21:06.393Z,2026-10-09T15:21:06.557Z,NA,electoral_roll_stage
qc-prov-2026-10-05-general,qc-prov-2026-2026-597,45919,45965,46073,src_fd3351236900,src_fd3351236900_20261009152106393_caf8e275157b,2026-10-09T15:21:06.393Z,2026-10-09T15:21:06.557Z,NA,electoral_roll_stage
qc-prov-2026-10-05-general,qc-prov-2026-2026-271,59278,59519,59634,src_fd3351236900,src_fd3351236900_20261009152106393_caf8e275157b,2026-10-09T15:21:06.393Z,2026-10-09T15:21:06.557Z,NA,electoral_roll_stage
qc-prov-2026-10-05-general,qc-prov-2026-2026-287,42356,42588,42801,src_fd3351236900,src_fd3351236900_20261009152106393_caf8e275157b,2026-10-09T15:21:06.393Z,2026-10-09T15:21:06.557Z,NA,electoral_roll_stage
qc-prov-2026-10-05-general,qc-prov-2026-2026-359,58051,58199,58354,src_fd3351236900,src_fd3351236900_20261009152106393_caf8e275157b,2026-10-09T15:21:06.393Z,2026-10-09T15:21:06.557Z,NA,electoral_roll_stage
qc-prov-2026-10-05-general,qc-prov-2026-2026-197,45332,45422,45500,src_fd3351236900,src_fd3351236900_20261009152106393_caf8e275157b,2026-10-09T15:21:06.393Z,2026-10-09T15:21:06.557Z,NA,electoral_roll_stage
qc-prov-2026-10-05-general,qc-prov-2026-2026-121,53321,53497,53611,src_fd3351236900,src_fd3351236900_20261009152106393_caf8e275157b,2026-10-09T15:21:06.393Z,2026-10-09T15:21:06.557Z,NA,electoral_roll_stage
qc-prov-2026-10-05-general,qc-prov-2026-2026-181,58935,58980,58988,src_fd3351236900,src_fd3351236900_20261009152106393_caf8e275157b,2026-10-09T15:21:06.393Z,2026-10-09T15:21:06.557Z,NA,electoral_roll_stage
qc-prov-2026-10-05-general,qc-prov-2026-2026-221,52058,52144,52308,src_fd3351236900,src_fd3351236900_20261009152106393_caf8e275157b,2026-10-09T15:21:06.393Z,2026-10-09T15:21:06.557Z,NA,electoral_roll_stage
qc-prov-2026-10-05-general,qc-prov-2026-2026-751,47998,48372,48533,src_fd3351236900,src_fd3351236900_20261009152106393_caf8e275157b,2026-10-09T15:21:06.393Z,2026-10-09T15:21:06.557Z,NA,electoral_roll_stage
qc-prov-2026-10-05-general,qc-prov-2026-2026-609,55183,55232,55348,src_fd3351236900,src_fd3351236900_20261009152106393_caf8e275157b,2026-10-09T15:21:06.393Z,2026-10-09T15:21:06.557Z,NA,electoral_roll_stage
qc-prov-2026-10-05-general,qc-prov-2026-2026-691,53912,54027,54099,src_fd3351236900,src_fd3351236900_20261009152106393_caf8e275157b,2026-10-09T15:21:06.393Z,2026-10-09T15:21:06.557Z,NA,electoral_roll_stage
qc-prov-2026-10-05-general,qc-prov-2026-2026-831,30745,30732,30773,src_fd3351236900,src_fd3351236900_20261009152106393_caf8e275157b,2026-10-09T15:21:06.393Z,2026-10-09T15:21:06.557Z,NA,electoral_roll_stage
qc-prov-2026-10-05-general,qc-prov-2026-2026-211,54006,54166,54272,src_fd3351236900,src_fd3351236900_20261009152106393_caf8e275157b,2026-10-09T15:21:06.393Z,2026-10-09T15:21:06.557Z,NA,electoral_roll_stage
qc-prov-2026-10-05-general,qc-prov-2026-2026-749,59393,59526,59670,src_fd3351236900,src_fd3351236900_20261009152106393_caf8e275157b,2026-10-09T15:21:06.393Z,2026-10-09T15:21:06.557Z,NA,electoral_roll_stage
qc-prov-2026-10-05-general,qc-prov-2026-2026-187,62243,62366,62499,src_fd3351236900,src_fd3351236900_20261009152106393_caf8e275157b,2026-10-09T15:21:06.393Z,2026-10-09T15:21:06.557Z,NA,electoral_roll_stage
qc-prov-2026-10-05-general,qc-prov-2026-2026-231,56374,56391,56400,src_fd3351236900,src_fd3351236900_20261009152106393_caf8e275157b,2026-10-09T15:21:06.393Z,2026-10-09T15:21:06.557Z,NA,electoral_roll_stage
qc-prov-2026-10-05-general,qc-prov-2026-2026-247,49455,49740,49960,src_fd3351236900,src_fd3351236900_20261009152106393_caf8e275157b,2026-10-09T15:21:06.393Z,2026-10-09T15:21:06.557Z,NA,electoral_roll_stage
qc-prov-2026-10-05-general,qc-prov-2026-2026-321,39166,39324,39447,src_fd3351236900,src_fd3351236900_20261009152106393_caf8e275157b,2026-10-09T15:21:06.393Z,2026-10-09T15:21:06.557Z,NA,electoral_roll_stage
qc-prov-2026-10-05-general,qc-prov-2026-2026-569,46892,46963,47039,src_fd3351236900,src_fd3351236900_20261009152106393_caf8e275157b,2026-10-09T15:21:06.393Z,2026-10-09T15:21:06.557Z,NA,electoral_roll_stage
qc-prov-2026-10-05-general,qc-prov-2026-2026-291,52574,52830,53027,src_fd3351236900,src_fd3351236900_20261009152106393_caf8e275157b,2026-10-09T15:21:06.393Z,2026-10-09T15:21:06.557Z,NA,electoral_roll_stage
qc-prov-2026-10-05-general,qc-prov-2026-2026-689,33421,33429,33435,src_fd3351236900,src_fd3351236900_20261003140108601_caf8e275157b,2026-10-03T14:01:08.601Z,2026-10-03T14:01:13.581Z,NA,electoral_roll_stage
qc-prov-2026-10-05-general,qc-prov-2026-2026-681,35359,35291,35297,src_fd3351236900,src_fd3351236900_20261003140108601_caf8e275157b,2026-10-03T14:01:08.601Z,2026-10-03T14:01:13.581Z,NA,electoral_roll_stage
qc-prov-2026-10-05-general,qc-prov-2026-2026-299,49937,50139,50260,src_fd3351236900,src_fd3351236900_20261003140108601_caf8e275157b,2026-10-03T14:01:08.601Z,2026-10-03T14:01:13.581Z,NA,electoral_roll_stage
qc-prov-2026-10-05-general,qc-prov-2026-2026-833,41335,41453,41513,src_fd3351236900,src_fd3351236900_20261003140108601_caf8e275157b,2026-10-03T14:01:08.601Z,2026-10-03T14:01:13.581Z,NA,electoral_roll_stage
qc-prov-2026-10-05-general,qc-prov-2026-2026-589,42989,43001,43031,src_fd3351236900,src_fd3351236900_20261003140108601_caf8e275157b,2026-10-03T14:01:08.601Z,2026-10-03T14:01:13.581Z,NA,electoral_roll_stage
qc-prov-2026-10-05-general,qc-prov-2026-2026-147,61868,61872,61899,src_fd3351236900,src_fd3351236900_20261003140108601_caf8e275157b,2026-10-03T14:01:08.601Z,2026-10-03T14:01:13.581Z,NA,electoral_roll_stage
qc-prov-2026-10-05-general,qc-prov-2026-2026-781,46549,46578,46638,src_fd3351236900,src_fd3351236900_20261003140108601_caf8e275157b,2026-10-03T14:01:08.601Z,2026-10-03T14:01:13.581Z,NA,electoral_roll_stage
qc-prov-2026-10-05-general,qc-prov-2026-2026-777,50761,50762,50806,src_fd3351236900,src_fd3351236900_20261003140108601_caf8e275157b,2026-10-03T14:01:08.601Z,2026-10-03T14:01:13.581Z,NA,electoral_roll_stage
qc-prov-2026-10-05-general,qc-prov-2026-2026-179,59767,59845,59914,src_fd3351236900,src_fd3351236900_20261003140108601_caf8e275157b,2026-10-03T14:01:08.601Z,2026-10-03T14:01:13.581Z,NA,electoral_roll_stage
qc-prov-2026-10-05-general,qc-prov-2026-2026-797,46149,46173,46176,src_fd3351236900,src_fd3351236900_20261003140108601_caf8e275157b,2026-10-03T14:01:08.601Z,2026-10-03T14:01:13.581Z,NA,electoral_roll_stage
qc-prov-2026-10-05-general,qc-prov-2026-2026-591,45279,45339,45350,src_fd3351236900,src_fd3351236900_20261003140108601_caf8e275157b,2026-10-03T14:01:08.601Z,2026-10-03T14:01:13.581Z,NA,electoral_roll_stage
qc-prov-2026-10-05-general,qc-prov-2026-2026-627,53939,53987,54013,src_fd3351236900,src_fd3351236900_20261003140108601_caf8e275157b,2026-10-03T14:01:08.601Z,2026-10-03T14:01:13.581Z,NA,electoral_roll_stage
qc-prov-2026-10-05-general,qc-prov-2026-2026-641,59914,59960,60020,src_fd3351236900,src_fd3351236900_20261003140108601_caf8e275157b,2026-10-03T14:01:08.601Z,2026-10-03T14:01:13.581Z,NA,electoral_roll_stage
qc-prov-2026-10-05-general,qc-prov-2026-2026-607,62280,62316,62415,src_fd3351236900,src_fd3351236900_20261003140108601_caf8e275157b,2026-10-03T14:01:08.601Z,2026-10-03T14:01:13.581Z,NA,electoral_roll_stage
qc-prov-2026-10-05-general,qc-prov-2026-2026-837,35864,35842,35863,src_fd3351236900,src_fd3351236900_20261003140108601_caf8e275157b,2026-10-03T14:01:08.601Z,2026-10-03T14:01:13.581Z,NA,electoral_roll_stage
qc-prov-2026-10-05-general,qc-prov-2026-2026-237,58595,58591,58681,src_fd3351236900,src_fd3351236900_20261003140108601_caf8e275157b,2026-10-03T14:01:08.601Z,2026-10-03T14:01:13.581Z,NA,electoral_roll_stage
qc-prov-2026-10-05-general,qc-prov-2026-2026-327,44066,44161,44262,src_fd3351236900,src_fd3351236900_20261003140108601_caf8e275157b,2026-10-03T14:01:08.601Z,2026-10-03T14:01:13.581Z,NA,electoral_roll_stage
qc-prov-2026-10-05-general,qc-prov-2026-2026-157,57369,57397,57463,src_fd3351236900,src_fd3351236900_20261003140108601_caf8e275157b,2026-10-03T14:01:08.601Z,2026-10-03T14:01:13.581Z,NA,electoral_roll_stage
qc-prov-2026-10-05-general,qc-prov-2026-2026-337,49084,49193,49366,src_fd3351236900,src_fd3351236900_20261003140108601_caf8e275157b,2026-10-03T14:01:08.601Z,2026-10-03T14:01:13.581Z,NA,electoral_roll_stage
qc-prov-2026-10-05-general,qc-prov-2026-2026-207,54342,54414,54491,src_fd3351236900,src_fd3351236900_20261003140108601_caf8e275157b,2026-10-03T14:01:08.601Z,2026-10-03T14:01:13.581Z,NA,electoral_roll_stage
qc-prov-2026-10-05-general,qc-prov-2026-2026-701,60661,60692,60778,src_fd3351236900,src_fd3351236900_20261003140108601_caf8e275157b,2026-10-03T14:01:08.601Z,2026-10-03T14:01:13.581Z,NA,electoral_roll_stage
qc-prov-2026-10-05-general,qc-prov-2026-2026-667,58916,59068,59175,src_fd3351236900,src_fd3351236900_20261003140108601_caf8e275157b,2026-10-03T14:01:08.601Z,2026-10-03T14:01:13.581Z,NA,electoral_roll_stage
qc-prov-2026-10-05-general,qc-prov-2026-2026-767,57485,57553,57677,src_fd3351236900,src_fd3351236900_20261003140108601_caf8e275157b,2026-10-03T14:01:08.601Z,2026-10-03T14:01:13.581Z,NA,electoral_roll_stage
qc-prov-2026-10-05-general,qc-prov-2026-2026-771,55904,55920,55981,src_fd3351236900,src_fd3351236900_20261003140108601_caf8e275157b,2026-10-03T14:01:08.601Z,2026-10-03T14:01:13.581Z,NA,electoral_roll_stage
qc-prov-2026-10-05-general,qc-prov-2026-2026-191,56790,56908,57052,src_fd3351236900,src_fd3351236900_20261003140108601_caf8e275157b,2026-10-03T14:01:08.601Z,2026-10-03T14:01:13.581Z,NA,electoral_roll_stage
qc-prov-2026-10-05-general,qc-prov-2026-2026-769,59824,59887,59959,src_fd3351236900,src_fd3351236900_20261003140108601_caf8e275157b,2026-10-03T14:01:08.601Z,2026-10-03T14:01:13.581Z,NA,electoral_roll_stage
qc-prov-2026-10-05-general,qc-prov-2026-2026-821,45772,45787,45816,src_fd3351236900,src_fd3351236900_20261003140108601_caf8e275157b,2026-10-03T14:01:08.601Z,2026-10-03T14:01:13.581Z,NA,electoral_roll_stage
qc-prov-2026-10-05-general,qc-prov-2026-2026-351,56887,57023,57168,src_fd3351236900,src_fd3351236900_20261003140108601_caf8e275157b,2026-10-03T14:01:08.601Z,2026-10-03T14:01:13.581Z,NA,electoral_roll_stage
qc-prov-2026-10-05-general,qc-prov-2026-2026-789,61947,62021,62094,src_fd3351236900,src_fd3351236900_20261003140108601_caf8e275157b,2026-10-03T14:01:08.601Z,2026-10-03T14:01:13.581Z,NA,electoral_roll_stage
qc-prov-2026-10-05-general,qc-prov-2026-2026-799,50522,50539,50570,src_fd3351236900,src_fd3351236900_20261003140108601_caf8e275157b,2026-10-03T14:01:08.601Z,2026-10-03T14:01:13.581Z,NA,electoral_roll_stage
qc-prov-2026-10-05-general,qc-prov-2026-2026-131,49410,49446,49444,src_fd3351236900,src_fd3351236900_20261003140108601_caf8e275157b,2026-10-03T14:01:08.601Z,2026-10-03T14:01:13.581Z,NA,electoral_roll_stage
qc-prov-2026-10-05-general,qc-prov-2026-2026-277,56631,56790,56873,src_fd3351236900,src_fd3351236900_20261003140108601_caf8e275157b,2026-10-03T14:01:08.601Z,2026-10-03T14:01:13.581Z,NA,electoral_roll_stage
qc-prov-2026-10-05-general,qc-prov-2026-2026-581,50335,50427,50543,src_fd3351236900,src_fd3351236900_20261003140108601_caf8e275157b,2026-10-03T14:01:08.601Z,2026-10-03T14:01:13.581Z,NA,electoral_roll_stage
qc-prov-2026-10-05-general,qc-prov-2026-2026-141,53549,53578,53590,src_fd3351236900,src_fd3351236900_20261003140108601_caf8e275157b,2026-10-03T14:01:08.601Z,2026-10-03T14:01:13.581Z,NA,electoral_roll_stage
qc-prov-2026-10-05-general,qc-prov-2026-2026-819,43080,43118,43146,src_fd3351236900,src_fd3351236900_20261003140108601_caf8e275157b,2026-10-03T14:01:08.601Z,2026-10-03T14:01:13.581Z,NA,electoral_roll_stage
qc-prov-2026-10-05-general,qc-prov-2026-2026-813,37076,37073,37086,src_fd3351236900,src_fd3351236900_20261003140108601_caf8e275157b,2026-10-03T14:01:08.601Z,2026-10-03T14:01:13.581Z,NA,electoral_roll_stage
qc-prov-2026-10-05-general,qc-prov-2026-2026-357,58413,58513,58638,src_fd3351236900,src_fd3351236900_20261003140108601_caf8e275157b,2026-10-03T14:01:08.601Z,2026-10-03T14:01:13.581Z,NA,electoral_roll_stage
qc-prov-2026-10-05-general,qc-prov-2026-2026-809,30082,30067,30078,src_fd3351236900,src_fd3351236900_20261003140108601_caf8e275157b,2026-10-03T14:01:08.601Z,2026-10-03T14:01:13.581Z,NA,electoral_roll_stage
qc-prov-2026-10-05-general,qc-prov-2026-2026-661,61707,61818,61868,src_fd3351236900,src_fd3351236900_20261003140108601_caf8e275157b,2026-10-03T14:01:08.601Z,2026-10-03T14:01:13.581Z,NA,electoral_roll_stage
qc-prov-2026-10-05-general,qc-prov-2026-2026-311,42595,42923,43048,src_fd3351236900,src_fd3351236900_20261003140108601_caf8e275157b,2026-10-03T14:01:08.601Z,2026-10-03T14:01:13.581Z,NA,electoral_roll_stage
qc-prov-2026-10-05-general,qc-prov-2026-2026-159,58940,59023,59098,src_fd3351236900,src_fd3351236900_20261003140108601_caf8e275157b,2026-10-03T14:01:08.601Z,2026-10-03T14:01:13.581Z,NA,electoral_roll_stage
qc-prov-2026-10-05-general,qc-prov-2026-2026-577,54140,54163,54232,src_fd3351236900,src_fd3351236900_20261003140108601_caf8e275157b,2026-10-03T14:01:08.601Z,2026-10-03T14:01:13.581Z,NA,electoral_roll_stage
qc-prov-2026-10-05-general,qc-prov-2026-2026-317,40308,40601,40887,src_fd3351236900,src_fd3351236900_20261003140108601_caf8e275157b,2026-10-03T14:01:08.601Z,2026-10-03T14:01:13.581Z,NA,electoral_roll_stage
qc-prov-2026-10-05-general,qc-prov-2026-2026-651,60622,60768,60930,src_fd3351236900,src_fd3351236900_20261003140108601_caf8e275157b,2026-10-03T14:01:08.601Z,2026-10-03T14:01:13.581Z,NA,electoral_roll_stage
qc-prov-2026-10-05-general,qc-prov-2026-2026-171,50279,50293,50345,src_fd3351236900,src_fd3351236900_20261003140108601_caf8e275157b,2026-10-03T14:01:08.601Z,2026-10-03T14:01:13.581Z,NA,electoral_roll_stage
qc-prov-2026-10-05-general,qc-prov-2026-2026-161,51324,51350,51380,src_fd3351236900,src_fd3351236900_20261003140108601_caf8e275157b,2026-10-03T14:01:08.601Z,2026-10-03T14:01:13.581Z,NA,electoral_roll_stage
qc-prov-2026-10-05-general,qc-prov-2026-2026-811,11151,11138,11146,src_fd3351236900,src_fd3351236900_20261003140108601_caf8e275157b,2026-10-03T14:01:08.601Z,2026-10-03T14:01:13.581Z,NA,electoral_roll_stage
qc-prov-2026-10-05-general,qc-prov-2026-2026-259,48241,48313,48453,src_fd3351236900,src_fd3351236900_20261003140108601_caf8e275157b,2026-10-03T14:01:08.601Z,2026-10-03T14:01:13.581Z,NA,electoral_roll_stage
qc-prov-2026-10-05-general,qc-prov-2026-2026-757,44159,44373,44566,src_fd3351236900,src_fd3351236900_20261003140108601_caf8e275157b,2026-10-03T14:01:08.601Z,2026-10-03T14:01:13.581Z,NA,electoral_roll_stage
qc-prov-2026-10-05-general,qc-prov-2026-2026-331,49776,49923,50058,src_fd3351236900,src_fd3351236900_20261003140108601_caf8e275157b,2026-10-03T14:01:08.601Z,2026-10-03T14:01:13.581Z,NA,electoral_roll_stage
qc-prov-2026-10-05-general,qc-prov-2026-2026-707,47187,47454,47679,src_fd3351236900,src_fd3351236900_20261003140108601_caf8e275157b,2026-10-03T14:01:08.601Z,2026-10-03T14:01:13.581Z,NA,electoral_roll_stage
qc-prov-2026-10-05-general,qc-prov-2026-2026-629,59280,59329,59374,src_fd3351236900,src_fd3351236900_20261003140108601_caf8e275157b,2026-10-03T14:01:08.601Z,2026-10-03T14:01:13.581Z,NA,electoral_roll_stage
qc-prov-2026-10-05-general,qc-prov-2026-2026-823,45307,45351,45386,src_fd3351236900,src_fd3351236900_20261003140108601_caf8e275157b,2026-10-03T14:01:08.601Z,2026-10-03T14:01:13.581Z,NA,electoral_roll_stage
qc-prov-2026-10-05-general,qc-prov-2026-2026-649,54333,54338,54377,src_fd3351236900,src_fd3351236900_20261003140108601_caf8e275157b,2026-10-03T14:01:08.601Z,2026-10-03T14:01:13.581Z,NA,electoral_roll_stage
qc-prov-2026-10-05-general,qc-prov-2026-2026-827,44702,44702,44713,src_fd3351236900,src_fd3351236900_20261003140108601_caf8e275157b,2026-10-03T14:01:08.601Z,2026-10-03T14:01:13.581Z,NA,electoral_roll_stage
qc-prov-2026-10-05-general,qc-prov-2026-2026-339,42386,42472,42578,src_fd3351236900,src_fd3351236900_20261003140108601_caf8e275157b,2026-10-03T14:01:08.601Z,2026-10-03T14:01:13.581Z,NA,electoral_roll_stage
qc-prov-2026-10-05-general,qc-prov-2026-2026-729,59417,59581,59716,src_fd3351236900,src_fd3351236900_20261003140108601_caf8e275157b,2026-10-03T14:01:08.601Z,2026-10-03T14:01:13.581Z,NA,electoral_roll_stage
qc-prov-2026-10-05-general,qc-prov-2026-2026-201,58488,58651,58855,src_fd3351236900,src_fd3351236900_20261003140108601_caf8e275157b,2026-10-03T14:01:08.601Z,2026-10-03T14:01:13.581Z,NA,electoral_roll_stage
qc-prov-2026-10-05-general,qc-prov-2026-2026-199,50658,50763,50821,src_fd3351236900,src_fd3351236900_20261003140108601_caf8e275157b,2026-10-03T14:01:08.601Z,2026-10-03T14:01:13.581Z,NA,electoral_roll_stage
qc-prov-2026-10-05-general,qc-prov-2026-2026-621,57087,57133,57180,src_fd3351236900,src_fd3351236900_20261003140108601_caf8e275157b,2026-10-03T14:01:08.601Z,2026-10-03T14:01:13.581Z,NA,electoral_roll_stage
qc-prov-2026-10-05-general,qc-prov-2026-2026-307,43970,44227,44350,src_fd3351236900,src_fd3351236900_20261003140108601_caf8e275157b,2026-10-03T14:01:08.601Z,2026-10-03T14:01:13.581Z,NA,electoral_roll_stage
qc-prov-2026-10-05-general,qc-prov-2026-2026-347,56436,56583,56709,src_fd3351236900,src_fd3351236900_20261003140108601_caf8e275157b,2026-10-03T14:01:08.601Z,2026-10-03T14:01:13.581Z,NA,electoral_roll_stage
qc-prov-2026-10-05-general,qc-prov-2026-2026-697,60780,60799,60858,src_fd3351236900,src_fd3351236900_20261003140108601_caf8e275157b,2026-10-03T14:01:08.601Z,2026-10-03T14:01:13.581Z,NA,electoral_roll_stage
qc-prov-2026-10-05-general,qc-prov-2026-2026-601,49764,49831,49881,src_fd3351236900,src_fd3351236900_20261003140108601_caf8e275157b,2026-10-03T14:01:08.601Z,2026-10-03T14:01:13.581Z,NA,electoral_roll_stage
qc-prov-2026-10-05-general,qc-prov-2026-2026-791,53708,53844,53974,src_fd3351236900,src_fd3351236900_20261003140108601_caf8e275157b,2026-10-03T14:01:08.601Z,2026-10-03T14:01:13.581Z,NA,electoral_roll_stage
qc-prov-2026-10-05-general,qc-prov-2026-2026-787,59506,59511,59573,src_fd3351236900,src_fd3351236900_20261003140108601_caf8e275157b,2026-10-03T14:01:08.601Z,2026-10-03T14:01:13.581Z,NA,electoral_roll_stage
qc-prov-2026-10-05-general,qc-prov-2026-2026-709,48098,48095,48123,src_fd3351236900,src_fd3351236900_20261003140108601_caf8e275157b,2026-10-03T14:01:08.601Z,2026-10-03T14:01:13.581Z,NA,electoral_roll_stage
qc-prov-2026-10-05-general,qc-prov-2026-2026-251,53038,53184,53329,src_fd3351236900,src_fd3351236900_20261003140108601_caf8e275157b,2026-10-03T14:01:08.601Z,2026-10-03T14:01:13.581Z,NA,electoral_roll_stage
qc-prov-2026-10-05-general,qc-prov-2026-2026-139,46305,46339,46348,src_fd3351236900,src_fd3351236900_20261003140108601_caf8e275157b,2026-10-03T14:01:08.601Z,2026-10-03T14:01:13.581Z,NA,electoral_roll_stage
qc-prov-2026-10-05-general,qc-prov-2026-2026-219,44352,44506,44615,src_fd3351236900,src_fd3351236900_20261003140108601_caf8e275157b,2026-10-03T14:01:08.601Z,2026-10-03T14:01:13.581Z,NA,electoral_roll_stage
qc-prov-2026-10-05-general,qc-prov-2026-2026-257,45400,45446,45536,src_fd3351236900,src_fd3351236900_20261003140108601_caf8e275157b,2026-10-03T14:01:08.601Z,2026-10-03T14:01:13.581Z,NA,electoral_roll_stage
qc-prov-2026-10-05-general,qc-prov-2026-2026-693,48211,48231,48299,src_fd3351236900,src_fd3351236900_20261003140108601_caf8e275157b,2026-10-03T14:01:08.601Z,2026-10-03T14:01:13.581Z,NA,electoral_roll_stage
qc-prov-2026-10-05-general,qc-prov-2026-2026-611,55226,55296,55391,src_fd3351236900,src_fd3351236900_20261003140108601_caf8e275157b,2026-10-03T14:01:08.601Z,2026-10-03T14:01:13.581Z,NA,electoral_roll_stage
qc-prov-2026-10-05-general,qc-prov-2026-2026-807,46483,46468,46509,src_fd3351236900,src_fd3351236900_20261003140108601_caf8e275157b,2026-10-03T14:01:08.601Z,2026-10-03T14:01:13.581Z,NA,electoral_roll_stage
qc-prov-2026-10-05-general,qc-prov-2026-2026-301,45737,45922,46030,src_fd3351236900,src_fd3351236900_20261003140108601_caf8e275157b,2026-10-03T14:01:08.601Z,2026-10-03T14:01:13.581Z,NA,electoral_roll_stage
qc-prov-2026-10-05-general,qc-prov-2026-2026-117,51853,51870,51892,src_fd3351236900,src_fd3351236900_20261003140108601_caf8e275157b,2026-10-03T14:01:08.601Z,2026-10-03T14:01:13.581Z,NA,electoral_roll_stage
qc-prov-2026-10-05-general,qc-prov-2026-2026-313,44882,45268,45466,src_fd3351236900,src_fd3351236900_20261003140108601_caf8e275157b,2026-10-03T14:01:08.601Z,2026-10-03T14:01:13.581Z,NA,electoral_roll_stage
qc-prov-2026-10-05-general,qc-prov-2026-2026-571,49876,49971,50067,src_fd3351236900,src_fd3351236900_20261003140108601_caf8e275157b,2026-10-03T14:01:08.601Z,2026-10-03T14:01:13.581Z,NA,electoral_roll_stage
qc-prov-2026-10-05-general,qc-prov-2026-2026-587,55216,55302,55314,src_fd3351236900,src_fd3351236900_20261003140108601_caf8e275157b,2026-10-03T14:01:08.601Z,2026-10-03T14:01:13.581Z,NA,electoral_roll_stage
qc-prov-2026-10-05-general,qc-prov-2026-2026-227,53782,53785,53844,src_fd3351236900,src_fd3351236900_20261003140108601_caf8e275157b,2026-10-03T14:01:08.601Z,2026-10-03T14:01:13.581Z,NA,electoral_roll_stage
qc-prov-2026-10-05-general,qc-prov-2026-2026-761,58039,58127,58169,src_fd3351236900,src_fd3351236900_20261003140108601_caf8e275157b,2026-10-03T14:01:08.601Z,2026-10-03T14:01:13.581Z,NA,electoral_roll_stage
qc-prov-2026-10-05-general,qc-prov-2026-2026-297,58525,58739,58920,src_fd3351236900,src_fd3351236900_20261003140108601_caf8e275157b,2026-10-03T14:01:08.601Z,2026-10-03T14:01:13.581Z,NA,electoral_roll_stage
qc-prov-2026-10-05-general,qc-prov-2026-2026-261,58035,58134,58260,src_fd3351236900,src_fd3351236900_20261003140108601_caf8e275157b,2026-10-03T14:01:08.601Z,2026-10-03T14:01:13.581Z,NA,electoral_roll_stage
qc-prov-2026-10-05-general,qc-prov-2026-2026-151,41189,41190,41190,src_fd3351236900,src_fd3351236900_20261003140108601_caf8e275157b,2026-10-03T14:01:08.601Z,2026-10-03T14:01:13.581Z,NA,electoral_roll_stage
qc-prov-2026-10-05-general,qc-prov-2026-2026-279,47042,47126,47267,src_fd3351236900,src_fd3351236900_20261003140108601_caf8e275157b,2026-10-03T14:01:08.601Z,2026-10-03T14:01:13.581Z,NA,electoral_roll_stage
qc-prov-2026-10-05-general,qc-prov-2026-2026-127,47770,47756,47872,src_fd3351236900,src_fd3351236900_20261003140108601_caf8e275157b,2026-10-03T14:01:08.601Z,2026-10-03T14:01:13.581Z,NA,electoral_roll_stage
qc-prov-2026-10-05-general,qc-prov-2026-2026-669,60742,60829,60914,src_fd3351236900,src_fd3351236900_20261003140108601_caf8e275157b,2026-10-03T14:01:08.601Z,2026-10-03T14:01:13.581Z,NA,electoral_roll_stage
qc-prov-2026-10-05-general,qc-prov-2026-2026-217,52893,53008,53125,src_fd3351236900,src_fd3351236900_20261003140108601_caf8e275157b,2026-10-03T14:01:08.601Z,2026-10-03T14:01:13.581Z,NA,electoral_roll_stage
qc-prov-2026-10-05-general,qc-prov-2026-2026-341,40142,40231,40320,src_fd3351236900,src_fd3351236900_20261003140108601_caf8e275157b,2026-10-03T14:01:08.601Z,2026-10-03T14:01:13.581Z,NA,electoral_roll_stage
qc-prov-2026-10-05-general,qc-prov-2026-2026-657,56214,56316,56396,src_fd3351236900,src_fd3351236900_20261003140108601_caf8e275157b,2026-10-03T14:01:08.601Z,2026-10-03T14:01:13.581Z,NA,electoral_roll_stage
qc-prov-2026-10-05-general,qc-prov-2026-2026-727,56043,56081,56143,src_fd3351236900,src_fd3351236900_20261003140108601_caf8e275157b,2026-10-03T14:01:08.601Z,2026-10-03T14:01:13.581Z,NA,electoral_roll_stage
qc-prov-2026-10-05-general,qc-prov-2026-2026-637,53233,53247,53338,src_fd3351236900,src_fd3351236900_20261003140108601_caf8e275157b,2026-10-03T14:01:08.601Z,2026-10-03T14:01:13.581Z,NA,electoral_roll_stage
qc-prov-2026-10-05-general,qc-prov-2026-2026-817,32005,31991,31994,src_fd3351236900,src_fd3351236900_20261003140108601_caf8e275157b,2026-10-03T14:01:08.601Z,2026-10-03T14:01:13.581Z,NA,electoral_roll_stage
qc-prov-2026-10-05-general,qc-prov-2026-2026-617,56605,56684,56810,src_fd3351236900,src_fd3351236900_20261003140108601_caf8e275157b,2026-10-03T14:01:08.601Z,2026-10-03T14:01:13.581Z,NA,electoral_roll_stage
qc-prov-2026-10-05-general,qc-prov-2026-2026-241,54120,54137,54197,src_fd3351236900,src_fd3351236900_20261003140108601_caf8e275157b,2026-10-03T14:01:08.601Z,2026-10-03T14:01:13.581Z,NA,electoral_roll_stage
qc-prov-2026-10-05-general,qc-prov-2026-2026-137,59208,59254,59317,src_fd3351236900,src_fd3351236900_20261003140108601_caf8e275157b,2026-10-03T14:01:08.601Z,2026-10-03T14:01:13.581Z,NA,electoral_roll_stage
qc-prov-2026-10-05-general,qc-prov-2026-2026-803,46434,46476,46512,src_fd3351236900,src_fd3351236900_20261003140108601_caf8e275157b,2026-10-03T14:01:08.601Z,2026-10-03T14:01:13.581Z,NA,electoral_roll_stage
qc-prov-2026-10-05-general,qc-prov-2026-2026-801,52065,52075,52112,src_fd3351236900,src_fd3351236900_20261003140108601_caf8e275157b,2026-10-03T14:01:08.601Z,2026-10-03T14:01:13.581Z,NA,electoral_roll_stage
qc-prov-2026-10-05-general,qc-prov-2026-2026-267,55009,55076,55165,src_fd3351236900,src_fd3351236900_20261003140108601_caf8e275157b,2026-10-03T14:01:08.601Z,2026-10-03T14:01:13.581Z,NA,electoral_roll_stage
qc-prov-2026-10-05-general,qc-prov-2026-2026-829,44555,44548,44568,src_fd3351236900,src_fd3351236900_20261003140108601_caf8e275157b,2026-10-03T14:01:08.601Z,2026-10-03T14:01:13.581Z,NA,electoral_roll_stage
qc-prov-2026-10-05-general,qc-prov-2026-2026-319,51843,52074,52227,src_fd3351236900,src_fd3351236900_20261003140108601_caf8e275157b,2026-10-03T14:01:08.601Z,2026-10-03T14:01:13.581Z,NA,electoral_roll_stage
qc-prov-2026-10-05-general,qc-prov-2026-2026-631,49416,49458,49470,src_fd3351236900,src_fd3351236900_20261003140108601_caf8e275157b,2026-10-03T14:01:08.601Z,2026-10-03T14:01:13.581Z,NA,electoral_roll_stage
qc-prov-2026-10-05-general,qc-prov-2026-2026-671,44460,44444,44483,src_fd3351236900,src_fd3351236900_20261003140108601_caf8e275157b,2026-10-03T14:01:08.601Z,2026-10-03T14:01:13.581Z,NA,electoral_roll_stage
qc-prov-2026-10-05-general,qc-prov-2026-2026-119,54903,55004,55128,src_fd3351236900,src_fd3351236900_20261003140108601_caf8e275157b,2026-10-03T14:01:08.601Z,2026-10-03T14:01:13.581Z,NA,electoral_roll_stage
qc-prov-2026-10-05-general,qc-prov-2026-2026-281,59640,60058,60303,src_fd3351236900,src_fd3351236900_20261003140108601_caf8e275157b,2026-10-03T14:01:08.601Z,2026-10-03T14:01:13.581Z,NA,electoral_roll_stage
qc-prov-2026-10-05-general,qc-prov-2026-2026-239,55577,55605,55678,src_fd3351236900,src_fd3351236900_20261003140108601_caf8e275157b,2026-10-03T14:01:08.601Z,2026-10-03T14:01:13.581Z,NA,electoral_roll_stage
qc-prov-2026-10-05-general,qc-prov-2026-2026-167,61489,61510,61630,src_fd3351236900,src_fd3351236900_20261003140108601_caf8e275157b,2026-10-03T14:01:08.601Z,2026-10-03T14:01:13.581Z,NA,electoral_roll_stage
qc-prov-2026-10-05-general,qc-prov-2026-2026-597,45919,45965,46073,src_fd3351236900,src_fd3351236900_20261003140108601_caf8e275157b,2026-10-03T14:01:08.601Z,2026-10-03T14:01:13.581Z,NA,electoral_roll_stage
qc-prov-2026-10-05-general,qc-prov-2026-2026-271,59278,59519,59634,src_fd3351236900,src_fd3351236900_20261003140108601_caf8e275157b,2026-10-03T14:01:08.601Z,2026-10-03T14:01:13.581Z,NA,electoral_roll_stage
qc-prov-2026-10-05-general,qc-prov-2026-2026-287,42356,42588,42801,src_fd3351236900,src_fd3351236900_20261003140108601_caf8e275157b,2026-10-03T14:01:08.601Z,2026-10-03T14:01:13.581Z,NA,electoral_roll_stage
qc-prov-2026-10-05-general,qc-prov-2026-2026-359,58051,58199,58354,src_fd3351236900,src_fd3351236900_20261003140108601_caf8e275157b,2026-10-03T14:01:08.601Z,2026-10-03T14:01:13.581Z,NA,electoral_roll_stage
qc-prov-2026-10-05-general,qc-prov-2026-2026-197,45332,45422,45500,src_fd3351236900,src_fd3351236900_20261003140108601_caf8e275157b,2026-10-03T14:01:08.601Z,2026-10-03T14:01:13.581Z,NA,electoral_roll_stage
qc-prov-2026-10-05-general,qc-prov-2026-2026-121,53321,53497,53611,src_fd3351236900,src_fd3351236900_20261003140108601_caf8e275157b,2026-10-03T14:01:08.601Z,2026-10-03T14:01:13.581Z,NA,electoral_roll_stage
qc-prov-2026-10-05-general,qc-prov-2026-2026-181,58935,58980,58988,src_fd3351236900,src_fd3351236900_20261003140108601_caf8e275157b,2026-10-03T14:01:08.601Z,2026-10-03T14:01:13.581Z,NA,electoral_roll_stage
qc-prov-2026-10-05-general,qc-prov-2026-2026-221,52058,52144,52308,src_fd3351236900,src_fd3351236900_20261003140108601_caf8e275157b,2026-10-03T14:01:08.601Z,2026-10-03T14:01:13.581Z,NA,electoral_roll_stage
qc-prov-2026-10-05-general,qc-prov-2026-2026-751,47998,48372,48533,src_fd3351236900,src_fd3351236900_20261003140108601_caf8e275157b,2026-10-03T14:01:08.601Z,2026-10-03T14:01:13.581Z,NA,electoral_roll_stage
qc-prov-2026-10-05-general,qc-prov-2026-2026-609,55183,55232,55348,src_fd3351236900,src_fd3351236900_20261003140108601_caf8e275157b,2026-10-03T14:01:08.601Z,2026-10-03T14:01:13.581Z,NA,electoral_roll_stage
qc-prov-2026-10-05-general,qc-prov-2026-2026-691,53912,54027,54099,src_fd3351236900,src_fd3351236900_20261003140108601_caf8e275157b,2026-10-03T14:01:08.601Z,2026-10-03T14:01:13.581Z,NA,electoral_roll_stage
qc-prov-2026-10-05-general,qc-prov-2026-2026-831,30745,30732,30773,src_fd3351236900,src_fd3351236900_20261003140108601_caf8e275157b,2026-10-03T14:01:08.601Z,2026-10-03T14:01:13.581Z,NA,electoral_roll_stage
qc-prov-2026-10-05-general,qc-prov-2026-2026-211,54006,54166,54272,src_fd3351236900,src_fd3351236900_20261003140108601_caf8e275157b,2026-10-03T14:01:08.601Z,2026-10-03T14:01:13.581Z,NA,electoral_roll_stage
qc-prov-2026-10-05-general,qc-prov-2026-2026-749,59393,59526,59670,src_fd3351236900,src_fd3351236900_20261003140108601_caf8e275157b,2026-10-03T14:01:08.601Z,2026-10-03T14:01:13.581Z,NA,electoral_roll_stage
qc-prov-2026-10-05-general,qc-prov-2026-2026-187,62243,62366,62499,src_fd3351236900,src_fd3351236900_20261003140108601_caf8e275157b,2026-10-03T14:01:08.601Z,2026-10-03T14:01:13.581Z,NA,electoral_roll_stage
qc-prov-2026-10-05-general,qc-prov-2026-2026-231,56374,56391,56400,src_fd3351236900,src_fd3351236900_20261003140108601_caf8e275157b,2026-10-03T14:01:08.601Z,2026-10-03T14:01:13.581Z,NA,electoral_roll_stage
qc-prov-2026-10-05-general,qc-prov-2026-2026-247,49455,49740,49960,src_fd3351236900,src_fd3351236900_20261003140108601_caf8e275157b,2026-10-03T14:01:08.601Z,2026-10-03T14:01:13.581Z,NA,electoral_roll_stage
qc-prov-2026-10-05-general,qc-prov-2026-2026-321,39166,39324,39447,src_fd3351236900,src_fd3351236900_20261003140108601_caf8e275157b,2026-10-03T14:01:08.601Z,2026-10-03T14:01:13.581Z,NA,electoral_roll_stage
qc-prov-2026-10-05-general,qc-prov-2026-2026-569,46892,46963,47039,src_fd3351236900,src_fd3351236900_20261003140108601_caf8e275157b,2026-10-03T14:01:08.601Z,2026-10-03T14:01:13.581Z,NA,electoral_roll_stage
qc-prov-2026-10-05-general,qc-prov-2026-2026-291,52574,52830,53027,src_fd3351236900,src_fd3351236900_20261003140108601_caf8e275157b,2026-10-03T14:01:08.601Z,2026-10-03T14:01:13.581Z,NA,electoral_roll_stage
qc-prov-2026-10-05-general,qc-prov-2026-2026-689,33421,33429,33435,src_fd3351236900,src_fd3351236900_20261003165259855_caf8e275157b,2026-10-03T16:52:59.855Z,2026-10-03T16:52:59.936Z,NA,electoral_roll_stage
qc-prov-2026-10-05-general,qc-prov-2026-2026-681,35359,35291,35297,src_fd3351236900,src_fd3351236900_20261003165259855_caf8e275157b,2026-10-03T16:52:59.855Z,2026-10-03T16:52:59.936Z,NA,electoral_roll_stage
qc-prov-2026-10-05-general,qc-prov-2026-2026-299,49937,50139,50260,src_fd3351236900,src_fd3351236900_20261003165259855_caf8e275157b,2026-10-03T16:52:59.855Z,2026-10-03T16:52:59.936Z,NA,electoral_roll_stage
qc-prov-2026-10-05-general,qc-prov-2026-2026-833,41335,41453,41513,src_fd3351236900,src_fd3351236900_20261003165259855_caf8e275157b,2026-10-03T16:52:59.855Z,2026-10-03T16:52:59.936Z,NA,electoral_roll_stage
qc-prov-2026-10-05-general,qc-prov-2026-2026-589,42989,43001,43031,src_fd3351236900,src_fd3351236900_20261003165259855_caf8e275157b,2026-10-03T16:52:59.855Z,2026-10-03T16:52:59.936Z,NA,electoral_roll_stage
qc-prov-2026-10-05-general,qc-prov-2026-2026-147,61868,61872,61899,src_fd3351236900,src_fd3351236900_20261003165259855_caf8e275157b,2026-10-03T16:52:59.855Z,2026-10-03T16:52:59.936Z,NA,electoral_roll_stage
qc-prov-2026-10-05-general,qc-prov-2026-2026-781,46549,46578,46638,src_fd3351236900,src_fd3351236900_20261003165259855_caf8e275157b,2026-10-03T16:52:59.855Z,2026-10-03T16:52:59.936Z,NA,electoral_roll_stage
qc-prov-2026-10-05-general,qc-prov-2026-2026-777,50761,50762,50806,src_fd3351236900,src_fd3351236900_20261003165259855_caf8e275157b,2026-10-03T16:52:59.855Z,2026-10-03T16:52:59.936Z,NA,electoral_roll_stage
qc-prov-2026-10-05-general,qc-prov-2026-2026-179,59767,59845,59914,src_fd3351236900,src_fd3351236900_20261003165259855_caf8e275157b,2026-10-03T16:52:59.855Z,2026-10-03T16:52:59.936Z,NA,electoral_roll_stage
qc-prov-2026-10-05-general,qc-prov-2026-2026-797,46149,46173,46176,src_fd3351236900,src_fd3351236900_20261003165259855_caf8e275157b,2026-10-03T16:52:59.855Z,2026-10-03T16:52:59.936Z,NA,electoral_roll_stage
qc-prov-2026-10-05-general,qc-prov-2026-2026-591,45279,45339,45350,src_fd3351236900,src_fd3351236900_20261003165259855_caf8e275157b,2026-10-03T16:52:59.855Z,2026-10-03T16:52:59.936Z,NA,electoral_roll_stage
qc-prov-2026-10-05-general,qc-prov-2026-2026-627,53939,53987,54013,src_fd3351236900,src_fd3351236900_20261003165259855_caf8e275157b,2026-10-03T16:52:59.855Z,2026-10-03T16:52:59.936Z,NA,electoral_roll_stage
qc-prov-2026-10-05-general,qc-prov-2026-2026-641,59914,59960,60020,src_fd3351236900,src_fd3351236900_20261003165259855_caf8e275157b,2026-10-03T16:52:59.855Z,2026-10-03T16:52:59.936Z,NA,electoral_roll_stage
qc-prov-2026-10-05-general,qc-prov-2026-2026-607,62280,62316,62415,src_fd3351236900,src_fd3351236900_20261003165259855_caf8e275157b,2026-10-03T16:52:59.855Z,2026-10-03T16:52:59.936Z,NA,electoral_roll_stage
qc-prov-2026-10-05-general,qc-prov-2026-2026-837,35864,35842,35863,src_fd3351236900,src_fd3351236900_20261003165259855_caf8e275157b,2026-10-03T16:52:59.855Z,2026-10-03T16:52:59.936Z,NA,electoral_roll_stage
qc-prov-2026-10-05-general,qc-prov-2026-2026-237,58595,58591,58681,src_fd3351236900,src_fd3351236900_20261003165259855_caf8e275157b,2026-10-03T16:52:59.855Z,2026-10-03T16:52:59.936Z,NA,electoral_roll_stage
qc-prov-2026-10-05-general,qc-prov-2026-2026-327,44066,44161,44262,src_fd3351236900,src_fd3351236900_20261003165259855_caf8e275157b,2026-10-03T16:52:59.855Z,2026-10-03T16:52:59.936Z,NA,electoral_roll_stage
qc-prov-2026-10-05-general,qc-prov-2026-2026-157,57369,57397,57463,src_fd3351236900,src_fd3351236900_20261003165259855_caf8e275157b,2026-10-03T16:52:59.855Z,2026-10-03T16:52:59.936Z,NA,electoral_roll_stage
qc-prov-2026-10-05-general,qc-prov-2026-2026-337,49084,49193,49366,src_fd3351236900,src_fd3351236900_20261003165259855_caf8e275157b,2026-10-03T16:52:59.855Z,2026-10-03T16:52:59.936Z,NA,electoral_roll_stage
qc-prov-2026-10-05-general,qc-prov-2026-2026-207,54342,54414,54491,src_fd3351236900,src_fd3351236900_20261003165259855_caf8e275157b,2026-10-03T16:52:59.855Z,2026-10-03T16:52:59.936Z,NA,electoral_roll_stage
qc-prov-2026-10-05-general,qc-prov-2026-2026-701,60661,60692,60778,src_fd3351236900,src_fd3351236900_20261003165259855_caf8e275157b,2026-10-03T16:52:59.855Z,2026-10-03T16:52:59.936Z,NA,electoral_roll_stage
qc-prov-2026-10-05-general,qc-prov-2026-2026-667,58916,59068,59175,src_fd3351236900,src_fd3351236900_20261003165259855_caf8e275157b,2026-10-03T16:52:59.855Z,2026-10-03T16:52:59.936Z,NA,electoral_roll_stage
qc-prov-2026-10-05-general,qc-prov-2026-2026-767,57485,57553,57677,src_fd3351236900,src_fd3351236900_20261003165259855_caf8e275157b,2026-10-03T16:52:59.855Z,2026-10-03T16:52:59.936Z,NA,electoral_roll_stage
qc-prov-2026-10-05-general,qc-prov-2026-2026-771,55904,55920,55981,src_fd3351236900,src_fd3351236900_20261003165259855_caf8e275157b,2026-10-03T16:52:59.855Z,2026-10-03T16:52:59.936Z,NA,electoral_roll_stage
qc-prov-2026-10-05-general,qc-prov-2026-2026-191,56790,56908,57052,src_fd3351236900,src_fd3351236900_20261003165259855_caf8e275157b,2026-10-03T16:52:59.855Z,2026-10-03T16:52:59.936Z,NA,electoral_roll_stage
qc-prov-2026-10-05-general,qc-prov-2026-2026-769,59824,59887,59959,src_fd3351236900,src_fd3351236900_20261003165259855_caf8e275157b,2026-10-03T16:52:59.855Z,2026-10-03T16:52:59.936Z,NA,electoral_roll_stage
qc-prov-2026-10-05-general,qc-prov-2026-2026-821,45772,45787,45816,src_fd3351236900,src_fd3351236900_20261003165259855_caf8e275157b,2026-10-03T16:52:59.855Z,2026-10-03T16:52:59.936Z,NA,electoral_roll_stage
qc-prov-2026-10-05-general,qc-prov-2026-2026-351,56887,57023,57168,src_fd3351236900,src_fd3351236900_20261003165259855_caf8e275157b,2026-10-03T16:52:59.855Z,2026-10-03T16:52:59.936Z,NA,electoral_roll_stage
qc-prov-2026-10-05-general,qc-prov-2026-2026-789,61947,62021,62094,src_fd3351236900,src_fd3351236900_20261003165259855_caf8e275157b,2026-10-03T16:52:59.855Z,2026-10-03T16:52:59.936Z,NA,electoral_roll_stage
qc-prov-2026-10-05-general,qc-prov-2026-2026-799,50522,50539,50570,src_fd3351236900,src_fd3351236900_20261003165259855_caf8e275157b,2026-10-03T16:52:59.855Z,2026-10-03T16:52:59.936Z,NA,electoral_roll_stage
qc-prov-2026-10-05-general,qc-prov-2026-2026-131,49410,49446,49444,src_fd3351236900,src_fd3351236900_20261003165259855_caf8e275157b,2026-10-03T16:52:59.855Z,2026-10-03T16:52:59.936Z,NA,electoral_roll_stage
qc-prov-2026-10-05-general,qc-prov-2026-2026-277,56631,56790,56873,src_fd3351236900,src_fd3351236900_20261003165259855_caf8e275157b,2026-10-03T16:52:59.855Z,2026-10-03T16:52:59.936Z,NA,electoral_roll_stage
qc-prov-2026-10-05-general,qc-prov-2026-2026-581,50335,50427,50543,src_fd3351236900,src_fd3351236900_20261003165259855_caf8e275157b,2026-10-03T16:52:59.855Z,2026-10-03T16:52:59.936Z,NA,electoral_roll_stage
qc-prov-2026-10-05-general,qc-prov-2026-2026-141,53549,53578,53590,src_fd3351236900,src_fd3351236900_20261003165259855_caf8e275157b,2026-10-03T16:52:59.855Z,2026-10-03T16:52:59.936Z,NA,electoral_roll_stage
qc-prov-2026-10-05-general,qc-prov-2026-2026-819,43080,43118,43146,src_fd3351236900,src_fd3351236900_20261003165259855_caf8e275157b,2026-10-03T16:52:59.855Z,2026-10-03T16:52:59.936Z,NA,electoral_roll_stage
qc-prov-2026-10-05-general,qc-prov-2026-2026-813,37076,37073,37086,src_fd3351236900,src_fd3351236900_20261003165259855_caf8e275157b,2026-10-03T16:52:59.855Z,2026-10-03T16:52:59.936Z,NA,electoral_roll_stage
qc-prov-2026-10-05-general,qc-prov-2026-2026-357,58413,58513,58638,src_fd3351236900,src_fd3351236900_20261003165259855_caf8e275157b,2026-10-03T16:52:59.855Z,2026-10-03T16:52:59.936Z,NA,electoral_roll_stage
qc-prov-2026-10-05-general,qc-prov-2026-2026-809,30082,30067,30078,src_fd3351236900,src_fd3351236900_20261003165259855_caf8e275157b,2026-10-03T16:52:59.855Z,2026-10-03T16:52:59.936Z,NA,electoral_roll_stage
qc-prov-2026-10-05-general,qc-prov-2026-2026-661,61707,61818,61868,src_fd3351236900,src_fd3351236900_20261003165259855_caf8e275157b,2026-10-03T16:52:59.855Z,2026-10-03T16:52:59.936Z,NA,electoral_roll_stage
qc-prov-2026-10-05-general,qc-prov-2026-2026-311,42595,42923,43048,src_fd3351236900,src_fd3351236900_20261003165259855_caf8e275157b,2026-10-03T16:52:59.855Z,2026-10-03T16:52:59.936Z,NA,electoral_roll_stage
qc-prov-2026-10-05-general,qc-prov-2026-2026-159,58940,59023,59098,src_fd3351236900,src_fd3351236900_20261003165259855_caf8e275157b,2026-10-03T16:52:59.855Z,2026-10-03T16:52:59.936Z,NA,electoral_roll_stage
qc-prov-2026-10-05-general,qc-prov-2026-2026-577,54140,54163,54232,src_fd3351236900,src_fd3351236900_20261003165259855_caf8e275157b,2026-10-03T16:52:59.855Z,2026-10-03T16:52:59.936Z,NA,electoral_roll_stage
qc-prov-2026-10-05-general,qc-prov-2026-2026-317,40308,40601,40887,src_fd3351236900,src_fd3351236900_20261003165259855_caf8e275157b,2026-10-03T16:52:59.855Z,2026-10-03T16:52:59.936Z,NA,electoral_roll_stage
qc-prov-2026-10-05-general,qc-prov-2026-2026-651,60622,60768,60930,src_fd3351236900,src_fd3351236900_20261003165259855_caf8e275157b,2026-10-03T16:52:59.855Z,2026-10-03T16:52:59.936Z,NA,electoral_roll_stage
qc-prov-2026-10-05-general,qc-prov-2026-2026-171,50279,50293,50345,src_fd3351236900,src_fd3351236900_20261003165259855_caf8e275157b,2026-10-03T16:52:59.855Z,2026-10-03T16:52:59.936Z,NA,electoral_roll_stage
qc-prov-2026-10-05-general,qc-prov-2026-2026-161,51324,51350,51380,src_fd3351236900,src_fd3351236900_20261003165259855_caf8e275157b,2026-10-03T16:52:59.855Z,2026-10-03T16:52:59.936Z,NA,electoral_roll_stage
qc-prov-2026-10-05-general,qc-prov-2026-2026-811,11151,11138,11146,src_fd3351236900,src_fd3351236900_20261003165259855_caf8e275157b,2026-10-03T16:52:59.855Z,2026-10-03T16:52:59.936Z,NA,electoral_roll_stage
qc-prov-2026-10-05-general,qc-prov-2026-2026-259,48241,48313,48453,src_fd3351236900,src_fd3351236900_20261003165259855_caf8e275157b,2026-10-03T16:52:59.855Z,2026-10-03T16:52:59.936Z,NA,electoral_roll_stage
qc-prov-2026-10-05-general,qc-prov-2026-2026-757,44159,44373,44566,src_fd3351236900,src_fd3351236900_20261003165259855_caf8e275157b,2026-10-03T16:52:59.855Z,2026-10-03T16:52:59.936Z,NA,electoral_roll_stage
qc-prov-2026-10-05-general,qc-prov-2026-2026-331,49776,49923,50058,src_fd3351236900,src_fd3351236900_20261003165259855_caf8e275157b,2026-10-03T16:52:59.855Z,2026-10-03T16:52:59.936Z,NA,electoral_roll_stage
qc-prov-2026-10-05-general,qc-prov-2026-2026-707,47187,47454,47679,src_fd3351236900,src_fd3351236900_20261003165259855_caf8e275157b,2026-10-03T16:52:59.855Z,2026-10-03T16:52:59.936Z,NA,electoral_roll_stage
qc-prov-2026-10-05-general,qc-prov-2026-2026-629,59280,59329,59374,src_fd3351236900,src_fd3351236900_20261003165259855_caf8e275157b,2026-10-03T16:52:59.855Z,2026-10-03T16:52:59.936Z,NA,electoral_roll_stage
qc-prov-2026-10-05-general,qc-prov-2026-2026-823,45307,45351,45386,src_fd3351236900,src_fd3351236900_20261003165259855_caf8e275157b,2026-10-03T16:52:59.855Z,2026-10-03T16:52:59.936Z,NA,electoral_roll_stage
qc-prov-2026-10-05-general,qc-prov-2026-2026-649,54333,54338,54377,src_fd3351236900,src_fd3351236900_20261003165259855_caf8e275157b,2026-10-03T16:52:59.855Z,2026-10-03T16:52:59.936Z,NA,electoral_roll_stage
qc-prov-2026-10-05-general,qc-prov-2026-2026-827,44702,44702,44713,src_fd3351236900,src_fd3351236900_20261003165259855_caf8e275157b,2026-10-03T16:52:59.855Z,2026-10-03T16:52:59.936Z,NA,electoral_roll_stage
qc-prov-2026-10-05-general,qc-prov-2026-2026-339,42386,42472,42578,src_fd3351236900,src_fd3351236900_20261003165259855_caf8e275157b,2026-10-03T16:52:59.855Z,2026-10-03T16:52:59.936Z,NA,electoral_roll_stage
qc-prov-2026-10-05-general,qc-prov-2026-2026-729,59417,59581,59716,src_fd3351236900,src_fd3351236900_20261003165259855_caf8e275157b,2026-10-03T16:52:59.855Z,2026-10-03T16:52:59.936Z,NA,electoral_roll_stage
qc-prov-2026-10-05-general,qc-prov-2026-2026-201,58488,58651,58855,src_fd3351236900,src_fd3351236900_20261003165259855_caf8e275157b,2026-10-03T16:52:59.855Z,2026-10-03T16:52:59.936Z,NA,electoral_roll_stage
qc-prov-2026-10-05-general,qc-prov-2026-2026-199,50658,50763,50821,src_fd3351236900,src_fd3351236900_20261003165259855_caf8e275157b,2026-10-03T16:52:59.855Z,2026-10-03T16:52:59.936Z,NA,electoral_roll_stage
qc-prov-2026-10-05-general,qc-prov-2026-2026-621,57087,57133,57180,src_fd3351236900,src_fd3351236900_20261003165259855_caf8e275157b,2026-10-03T16:52:59.855Z,2026-10-03T16:52:59.936Z,NA,electoral_roll_stage
qc-prov-2026-10-05-general,qc-prov-2026-2026-307,43970,44227,44350,src_fd3351236900,src_fd3351236900_20261003165259855_caf8e275157b,2026-10-03T16:52:59.855Z,2026-10-03T16:52:59.936Z,NA,electoral_roll_stage
qc-prov-2026-10-05-general,qc-prov-2026-2026-347,56436,56583,56709,src_fd3351236900,src_fd3351236900_20261003165259855_caf8e275157b,2026-10-03T16:52:59.855Z,2026-10-03T16:52:59.936Z,NA,electoral_roll_stage
qc-prov-2026-10-05-general,qc-prov-2026-2026-697,60780,60799,60858,src_fd3351236900,src_fd3351236900_20261003165259855_caf8e275157b,2026-10-03T16:52:59.855Z,2026-10-03T16:52:59.936Z,NA,electoral_roll_stage
qc-prov-2026-10-05-general,qc-prov-2026-2026-601,49764,49831,49881,src_fd3351236900,src_fd3351236900_20261003165259855_caf8e275157b,2026-10-03T16:52:59.855Z,2026-10-03T16:52:59.936Z,NA,electoral_roll_stage
qc-prov-2026-10-05-general,qc-prov-2026-2026-791,53708,53844,53974,src_fd3351236900,src_fd3351236900_20261003165259855_caf8e275157b,2026-10-03T16:52:59.855Z,2026-10-03T16:52:59.936Z,NA,electoral_roll_stage
qc-prov-2026-10-05-general,qc-prov-2026-2026-787,59506,59511,59573,src_fd3351236900,src_fd3351236900_20261003165259855_caf8e275157b,2026-10-03T16:52:59.855Z,2026-10-03T16:52:59.936Z,NA,electoral_roll_stage
qc-prov-2026-10-05-general,qc-prov-2026-2026-709,48098,48095,48123,src_fd3351236900,src_fd3351236900_20261003165259855_caf8e275157b,2026-10-03T16:52:59.855Z,2026-10-03T16:52:59.936Z,NA,electoral_roll_stage
qc-prov-2026-10-05-general,qc-prov-2026-2026-251,53038,53184,53329,src_fd3351236900,src_fd3351236900_20261003165259855_caf8e275157b,2026-10-03T16:52:59.855Z,2026-10-03T16:52:59.936Z,NA,electoral_roll_stage
qc-prov-2026-10-05-general,qc-prov-2026-2026-139,46305,46339,46348,src_fd3351236900,src_fd3351236900_20261003165259855_caf8e275157b,2026-10-03T16:52:59.855Z,2026-10-03T16:52:59.936Z,NA,electoral_roll_stage
qc-prov-2026-10-05-general,qc-prov-2026-2026-219,44352,44506,44615,src_fd3351236900,src_fd3351236900_20261003165259855_caf8e275157b,2026-10-03T16:52:59.855Z,2026-10-03T16:52:59.936Z,NA,electoral_roll_stage
qc-prov-2026-10-05-general,qc-prov-2026-2026-257,45400,45446,45536,src_fd3351236900,src_fd3351236900_20261003165259855_caf8e275157b,2026-10-03T16:52:59.855Z,2026-10-03T16:52:59.936Z,NA,electoral_roll_stage
qc-prov-2026-10-05-general,qc-prov-2026-2026-693,48211,48231,48299,src_fd3351236900,src_fd3351236900_20261003165259855_caf8e275157b,2026-10-03T16:52:59.855Z,2026-10-03T16:52:59.936Z,NA,electoral_roll_stage
qc-prov-2026-10-05-general,qc-prov-2026-2026-611,55226,55296,55391,src_fd3351236900,src_fd3351236900_20261003165259855_caf8e275157b,2026-10-03T16:52:59.855Z,2026-10-03T16:52:59.936Z,NA,electoral_roll_stage
qc-prov-2026-10-05-general,qc-prov-2026-2026-807,46483,46468,46509,src_fd3351236900,src_fd3351236900_20261003165259855_caf8e275157b,2026-10-03T16:52:59.855Z,2026-10-03T16:52:59.936Z,NA,electoral_roll_stage
qc-prov-2026-10-05-general,qc-prov-2026-2026-301,45737,45922,46030,src_fd3351236900,src_fd3351236900_20261003165259855_caf8e275157b,2026-10-03T16:52:59.855Z,2026-10-03T16:52:59.936Z,NA,electoral_roll_stage
qc-prov-2026-10-05-general,qc-prov-2026-2026-117,51853,51870,51892,src_fd3351236900,src_fd3351236900_20261003165259855_caf8e275157b,2026-10-03T16:52:59.855Z,2026-10-03T16:52:59.936Z,NA,electoral_roll_stage
qc-prov-2026-10-05-general,qc-prov-2026-2026-313,44882,45268,45466,src_fd3351236900,src_fd3351236900_20261003165259855_caf8e275157b,2026-10-03T16:52:59.855Z,2026-10-03T16:52:59.936Z,NA,electoral_roll_stage
qc-prov-2026-10-05-general,qc-prov-2026-2026-571,49876,49971,50067,src_fd3351236900,src_fd3351236900_20261003165259855_caf8e275157b,2026-10-03T16:52:59.855Z,2026-10-03T16:52:59.936Z,NA,electoral_roll_stage
qc-prov-2026-10-05-general,qc-prov-2026-2026-587,55216,55302,55314,src_fd3351236900,src_fd3351236900_20261003165259855_caf8e275157b,2026-10-03T16:52:59.855Z,2026-10-03T16:52:59.936Z,NA,electoral_roll_stage
qc-prov-2026-10-05-general,qc-prov-2026-2026-227,53782,53785,53844,src_fd3351236900,src_fd3351236900_20261003165259855_caf8e275157b,2026-10-03T16:52:59.855Z,2026-10-03T16:52:59.936Z,NA,electoral_roll_stage
qc-prov-2026-10-05-general,qc-prov-2026-2026-761,58039,58127,58169,src_fd3351236900,src_fd3351236900_20261003165259855_caf8e275157b,2026-10-03T16:52:59.855Z,2026-10-03T16:52:59.936Z,NA,electoral_roll_stage
qc-prov-2026-10-05-general,qc-prov-2026-2026-297,58525,58739,58920,src_fd3351236900,src_fd3351236900_20261003165259855_caf8e275157b,2026-10-03T16:52:59.855Z,2026-10-03T16:52:59.936Z,NA,electoral_roll_stage
qc-prov-2026-10-05-general,qc-prov-2026-2026-261,58035,58134,58260,src_fd3351236900,src_fd3351236900_20261003165259855_caf8e275157b,2026-10-03T16:52:59.855Z,2026-10-03T16:52:59.936Z,NA,electoral_roll_stage
qc-prov-2026-10-05-general,qc-prov-2026-2026-151,41189,41190,41190,src_fd3351236900,src_fd3351236900_20261003165259855_caf8e275157b,2026-10-03T16:52:59.855Z,2026-10-03T16:52:59.936Z,NA,electoral_roll_stage
qc-prov-2026-10-05-general,qc-prov-2026-2026-279,47042,47126,47267,src_fd3351236900,src_fd3351236900_20261003165259855_caf8e275157b,2026-10-03T16:52:59.855Z,2026-10-03T16:52:59.936Z,NA,electoral_roll_stage
qc-prov-2026-10-05-general,qc-prov-2026-2026-127,47770,47756,47872,src_fd3351236900,src_fd3351236900_20261003165259855_caf8e275157b,2026-10-03T16:52:59.855Z,2026-10-03T16:52:59.936Z,NA,electoral_roll_stage
qc-prov-2026-10-05-general,qc-prov-2026-2026-669,60742,60829,60914,src_fd3351236900,src_fd3351236900_20261003165259855_caf8e275157b,2026-10-03T16:52:59.855Z,2026-10-03T16:52:59.936Z,NA,electoral_roll_stage
qc-prov-2026-10-05-general,qc-prov-2026-2026-217,52893,53008,53125,src_fd3351236900,src_fd3351236900_20261003165259855_caf8e275157b,2026-10-03T16:52:59.855Z,2026-10-03T16:52:59.936Z,NA,electoral_roll_stage
qc-prov-2026-10-05-general,qc-prov-2026-2026-341,40142,40231,40320,src_fd3351236900,src_fd3351236900_20261003165259855_caf8e275157b,2026-10-03T16:52:59.855Z,2026-10-03T16:52:59.936Z,NA,electoral_roll_stage
qc-prov-2026-10-05-general,qc-prov-2026-2026-657,56214,56316,56396,src_fd3351236900,src_fd3351236900_20261003165259855_caf8e275157b,2026-10-03T16:52:59.855Z,2026-10-03T16:52:59.936Z,NA,electoral_roll_stage
qc-prov-2026-10-05-general,qc-prov-2026-2026-727,56043,56081,56143,src_fd3351236900,src_fd3351236900_20261003165259855_caf8e275157b,2026-10-03T16:52:59.855Z,2026-10-03T16:52:59.936Z,NA,electoral_roll_stage
qc-prov-2026-10-05-general,qc-prov-2026-2026-637,53233,53247,53338,src_fd3351236900,src_fd3351236900_20261003165259855_caf8e275157b,2026-10-03T16:52:59.855Z,2026-10-03T16:52:59.936Z,NA,electoral_roll_stage
qc-prov-2026-10-05-general,qc-prov-2026-2026-817,32005,31991,31994,src_fd3351236900,src_fd3351236900_20261003165259855_caf8e275157b,2026-10-03T16:52:59.855Z,2026-10-03T16:52:59.936Z,NA,electoral_roll_stage
qc-prov-2026-10-05-general,qc-prov-2026-2026-617,56605,56684,56810,src_fd3351236900,src_fd3351236900_20261003165259855_caf8e275157b,2026-10-03T16:52:59.855Z,2026-10-03T16:52:59.936Z,NA,electoral_roll_stage
qc-prov-2026-10-05-general,qc-prov-2026-2026-241,54120,54137,54197,src_fd3351236900,src_fd3351236900_20261003165259855_caf8e275157b,2026-10-03T16:52:59.855Z,2026-10-03T16:52:59.936Z,NA,electoral_roll_stage
qc-prov-2026-10-05-general,qc-prov-2026-2026-137,59208,59254,59317,src_fd3351236900,src_fd3351236900_20261003165259855_caf8e275157b,2026-10-03T16:52:59.855Z,2026-10-03T16:52:59.936Z,NA,electoral_roll_stage
qc-prov-2026-10-05-general,qc-prov-2026-2026-803,46434,46476,46512,src_fd3351236900,src_fd3351236900_20261003165259855_caf8e275157b,2026-10-03T16:52:59.855Z,2026-10-03T16:52:59.936Z,NA,electoral_roll_stage
qc-prov-2026-10-05-general,qc-prov-2026-2026-801,52065,52075,52112,src_fd3351236900,src_fd3351236900_20261003165259855_caf8e275157b,2026-10-03T16:52:59.855Z,2026-10-03T16:52:59.936Z,NA,electoral_roll_stage
qc-prov-2026-10-05-general,qc-prov-2026-2026-267,55009,55076,55165,src_fd3351236900,src_fd3351236900_20261003165259855_caf8e275157b,2026-10-03T16:52:59.855Z,2026-10-03T16:52:59.936Z,NA,electoral_roll_stage
qc-prov-2026-10-05-general,qc-prov-2026-2026-829,44555,44548,44568,src_fd3351236900,src_fd3351236900_20261003165259855_caf8e275157b,2026-10-03T16:52:59.855Z,2026-10-03T16:52:59.936Z,NA,electoral_roll_stage
qc-prov-2026-10-05-general,qc-prov-2026-2026-319,51843,52074,52227,src_fd3351236900,src_fd3351236900_20261003165259855_caf8e275157b,2026-10-03T16:52:59.855Z,2026-10-03T16:52:59.936Z,NA,electoral_roll_stage
qc-prov-2026-10-05-general,qc-prov-2026-2026-631,49416,49458,49470,src_fd3351236900,src_fd3351236900_20261003165259855_caf8e275157b,2026-10-03T16:52:59.855Z,2026-10-03T16:52:59.936Z,NA,electoral_roll_stage
qc-prov-2026-10-05-general,qc-prov-2026-2026-671,44460,44444,44483,src_fd3351236900,src_fd3351236900_20261003165259855_caf8e275157b,2026-10-03T16:52:59.855Z,2026-10-03T16:52:59.936Z,NA,electoral_roll_stage
qc-prov-2026-10-05-general,qc-prov-2026-2026-119,54903,55004,55128,src_fd3351236900,src_fd3351236900_20261003165259855_caf8e275157b,2026-10-03T16:52:59.855Z,2026-10-03T16:52:59.936Z,NA,electoral_roll_stage
qc-prov-2026-10-05-general,qc-prov-2026-2026-281,59640,60058,60303,src_fd3351236900,src_fd3351236900_20261003165259855_caf8e275157b,2026-10-03T16:52:59.855Z,2026-10-03T16:52:59.936Z,NA,electoral_roll_stage
qc-prov-2026-10-05-general,qc-prov-2026-2026-239,55577,55605,55678,src_fd3351236900,src_fd3351236900_20261003165259855_caf8e275157b,2026-10-03T16:52:59.855Z,2026-10-03T16:52:59.936Z,NA,electoral_roll_stage
qc-prov-2026-10-05-general,qc-prov-2026-2026-167,61489,61510,61630,src_fd3351236900,src_fd3351236900_20261003165259855_caf8e275157b,2026-10-03T16:52:59.855Z,2026-10-03T16:52:59.936Z,NA,electoral_roll_stage
qc-prov-2026-10-05-general,qc-prov-2026-2026-597,45919,45965,46073,src_fd3351236900,src_fd3351236900_20261003165259855_caf8e275157b,2026-10-03T16:52:59.855Z,2026-10-03T16:52:59.936Z,NA,electoral_roll_stage
qc-prov-2026-10-05-general,qc-prov-2026-2026-271,59278,59519,59634,src_fd3351236900,src_fd3351236900_20261003165259855_caf8e275157b,2026-10-03T16:52:59.855Z,2026-10-03T16:52:59.936Z,NA,electoral_roll_stage
qc-prov-2026-10-05-general,qc-prov-2026-2026-287,42356,42588,42801,src_fd3351236900,src_fd3351236900_20261003165259855_caf8e275157b,2026-10-03T16:52:59.855Z,2026-10-03T16:52:59.936Z,NA,electoral_roll_stage
qc-prov-2026-10-05-general,qc-prov-2026-2026-359,58051,58199,58354,src_fd3351236900,src_fd3351236900_20261003165259855_caf8e275157b,2026-10-03T16:52:59.855Z,2026-10-03T16:52:59.936Z,NA,electoral_roll_stage
qc-prov-2026-10-05-general,qc-prov-2026-2026-197,45332,45422,45500,src_fd3351236900,src_fd3351236900_20261003165259855_caf8e275157b,2026-10-03T16:52:59.855Z,2026-10-03T16:52:59.936Z,NA,electoral_roll_stage
qc-prov-2026-10-05-general,qc-prov-2026-2026-121,53321,53497,53611,src_fd3351236900,src_fd3351236900_20261003165259855_caf8e275157b,2026-10-03T16:52:59.855Z,2026-10-03T16:52:59.936Z,NA,electoral_roll_stage
qc-prov-2026-10-05-general,qc-prov-2026-2026-181,58935,58980,58988,src_fd3351236900,src_fd3351236900_20261003165259855_caf8e275157b,2026-10-03T16:52:59.855Z,2026-10-03T16:52:59.936Z,NA,electoral_roll_stage
qc-prov-2026-10-05-general,qc-prov-2026-2026-221,52058,52144,52308,src_fd3351236900,src_fd3351236900_20261003165259855_caf8e275157b,2026-10-03T16:52:59.855Z,2026-10-03T16:52:59.936Z,NA,electoral_roll_stage
qc-prov-2026-10-05-general,qc-prov-2026-2026-751,47998,48372,48533,src_fd3351236900,src_fd3351236900_20261003165259855_caf8e275157b,2026-10-03T16:52:59.855Z,2026-10-03T16:52:59.936Z,NA,electoral_roll_stage
qc-prov-2026-10-05-general,qc-prov-2026-2026-609,55183,55232,55348,src_fd3351236900,src_fd3351236900_20261003165259855_caf8e275157b,2026-10-03T16:52:59.855Z,2026-10-03T16:52:59.936Z,NA,electoral_roll_stage
qc-prov-2026-10-05-general,qc-prov-2026-2026-691,53912,54027,54099,src_fd3351236900,src_fd3351236900_20261003165259855_caf8e275157b,2026-10-03T16:52:59.855Z,2026-10-03T16:52:59.936Z,NA,electoral_roll_stage
qc-prov-2026-10-05-general,qc-prov-2026-2026-831,30745,30732,30773,src_fd3351236900,src_fd3351236900_20261003165259855_caf8e275157b,2026-10-03T16:52:59.855Z,2026-10-03T16:52:59.936Z,NA,electoral_roll_stage
qc-prov-2026-10-05-general,qc-prov-2026-2026-211,54006,54166,54272,src_fd3351236900,src_fd3351236900_20261003165259855_caf8e275157b,2026-10-03T16:52:59.855Z,2026-10-03T16:52:59.936Z,NA,electoral_roll_stage
qc-prov-2026-10-05-general,qc-prov-2026-2026-749,59393,59526,59670,src_fd3351236900,src_fd3351236900_20261003165259855_caf8e275157b,2026-10-03T16:52:59.855Z,2026-10-03T16:52:59.936Z,NA,electoral_roll_stage
qc-prov-2026-10-05-general,qc-prov-2026-2026-187,62243,62366,62499,src_fd3351236900,src_fd3351236900_20261003165259855_caf8e275157b,2026-10-03T16:52:59.855Z,2026-10-03T16:52:59.936Z,NA,electoral_roll_stage
qc-prov-2026-10-05-general,qc-prov-2026-2026-231,56374,56391,56400,src_fd3351236900,src_fd3351236900_20261003165259855_caf8e275157b,2026-10-03T16:52:59.855Z,2026-10-03T16:52:59.936Z,NA,electoral_roll_stage
qc-prov-2026-10-05-general,qc-prov-2026-2026-247,49455,49740,49960,src_fd3351236900,src_fd3351236900_20261003165259855_caf8e275157b,2026-10-03T16:52:59.855Z,2026-10-03T16:52:59.936Z,NA,electoral_roll_stage
qc-prov-2026-10-05-general,qc-prov-2026-2026-321,39166,39324,39447,src_fd3351236900,src_fd3351236900_20261003165259855_caf8e275157b,2026-10-03T16:52:59.855Z,2026-10-03T16:52:59.936Z,NA,electoral_roll_stage
qc-prov-2026-10-05-general,qc-prov-2026-2026-569,46892,46963,47039,src_fd3351236900,src_fd3351236900_20261003165259855_caf8e275157b,2026-10-03T16:52:59.855Z,2026-10-03T16:52:59.936Z,NA,electoral_roll_stage
qc-prov-2026-10-05-general,qc-prov-2026-2026-291,52574,52830,53027,src_fd3351236900,src_fd3351236900_20261003165259855_caf8e275157b,2026-10-03T16:52:59.855Z,2026-10-03T16:52:59.936Z,NA,electoral_roll_stage
qc-prov-2026-10-05-general,qc-prov-2026-2026-689,33421,33429,33435,src_fd3351236900,src_fd3351236900_20261004140735326_caf8e275157b,2026-10-04T14:07:35.326Z,2026-10-04T14:07:35.516Z,NA,electoral_roll_stage
qc-prov-2026-10-05-general,qc-prov-2026-2026-681,35359,35291,35297,src_fd3351236900,src_fd3351236900_20261004140735326_caf8e275157b,2026-10-04T14:07:35.326Z,2026-10-04T14:07:35.516Z,NA,electoral_roll_stage
qc-prov-2026-10-05-general,qc-prov-2026-2026-299,49937,50139,50260,src_fd3351236900,src_fd3351236900_20261004140735326_caf8e275157b,2026-10-04T14:07:35.326Z,2026-10-04T14:07:35.516Z,NA,electoral_roll_stage
qc-prov-2026-10-05-general,qc-prov-2026-2026-833,41335,41453,41513,src_fd3351236900,src_fd3351236900_20261004140735326_caf8e275157b,2026-10-04T14:07:35.326Z,2026-10-04T14:07:35.516Z,NA,electoral_roll_stage
qc-prov-2026-10-05-general,qc-prov-2026-2026-589,42989,43001,43031,src_fd3351236900,src_fd3351236900_20261004140735326_caf8e275157b,2026-10-04T14:07:35.326Z,2026-10-04T14:07:35.516Z,NA,electoral_roll_stage
qc-prov-2026-10-05-general,qc-prov-2026-2026-147,61868,61872,61899,src_fd3351236900,src_fd3351236900_20261004140735326_caf8e275157b,2026-10-04T14:07:35.326Z,2026-10-04T14:07:35.516Z,NA,electoral_roll_stage
qc-prov-2026-10-05-general,qc-prov-2026-2026-781,46549,46578,46638,src_fd3351236900,src_fd3351236900_20261004140735326_caf8e275157b,2026-10-04T14:07:35.326Z,2026-10-04T14:07:35.516Z,NA,electoral_roll_stage
qc-prov-2026-10-05-general,qc-prov-2026-2026-777,50761,50762,50806,src_fd3351236900,src_fd3351236900_20261004140735326_caf8e275157b,2026-10-04T14:07:35.326Z,2026-10-04T14:07:35.516Z,NA,electoral_roll_stage
qc-prov-2026-10-05-general,qc-prov-2026-2026-179,59767,59845,59914,src_fd3351236900,src_fd3351236900_20261004140735326_caf8e275157b,2026-10-04T14:07:35.326Z,2026-10-04T14:07:35.516Z,NA,electoral_roll_stage
qc-prov-2026-10-05-general,qc-prov-2026-2026-797,46149,46173,46176,src_fd3351236900,src_fd3351236900_20261004140735326_caf8e275157b,2026-10-04T14:07:35.326Z,2026-10-04T14:07:35.516Z,NA,electoral_roll_stage
qc-prov-2026-10-05-general,qc-prov-2026-2026-591,45279,45339,45350,src_fd3351236900,src_fd3351236900_20261004140735326_caf8e275157b,2026-10-04T14:07:35.326Z,2026-10-04T14:07:35.516Z,NA,electoral_roll_stage
qc-prov-2026-10-05-general,qc-prov-2026-2026-627,53939,53987,54013,src_fd3351236900,src_fd3351236900_20261004140735326_caf8e275157b,2026-10-04T14:07:35.326Z,2026-10-04T14:07:35.516Z,NA,electoral_roll_stage
qc-prov-2026-10-05-general,qc-prov-2026-2026-641,59914,59960,60020,src_fd3351236900,src_fd3351236900_20261004140735326_caf8e275157b,2026-10-04T14:07:35.326Z,2026-10-04T14:07:35.516Z,NA,electoral_roll_stage
qc-prov-2026-10-05-general,qc-prov-2026-2026-607,62280,62316,62415,src_fd3351236900,src_fd3351236900_20261004140735326_caf8e275157b,2026-10-04T14:07:35.326Z,2026-10-04T14:07:35.516Z,NA,electoral_roll_stage
qc-prov-2026-10-05-general,qc-prov-2026-2026-837,35864,35842,35863,src_fd3351236900,src_fd3351236900_20261004140735326_caf8e275157b,2026-10-04T14:07:35.326Z,2026-10-04T14:07:35.516Z,NA,electoral_roll_stage
qc-prov-2026-10-05-general,qc-prov-2026-2026-237,58595,58591,58681,src_fd3351236900,src_fd3351236900_20261004140735326_caf8e275157b,2026-10-04T14:07:35.326Z,2026-10-04T14:07:35.516Z,NA,electoral_roll_stage
qc-prov-2026-10-05-general,qc-prov-2026-2026-327,44066,44161,44262,src_fd3351236900,src_fd3351236900_20261004140735326_caf8e275157b,2026-10-04T14:07:35.326Z,2026-10-04T14:07:35.516Z,NA,electoral_roll_stage
qc-prov-2026-10-05-general,qc-prov-2026-2026-157,57369,57397,57463,src_fd3351236900,src_fd3351236900_20261004140735326_caf8e275157b,2026-10-04T14:07:35.326Z,2026-10-04T14:07:35.516Z,NA,electoral_roll_stage
qc-prov-2026-10-05-general,qc-prov-2026-2026-337,49084,49193,49366,src_fd3351236900,src_fd3351236900_20261004140735326_caf8e275157b,2026-10-04T14:07:35.326Z,2026-10-04T14:07:35.516Z,NA,electoral_roll_stage
qc-prov-2026-10-05-general,qc-prov-2026-2026-207,54342,54414,54491,src_fd3351236900,src_fd3351236900_20261004140735326_caf8e275157b,2026-10-04T14:07:35.326Z,2026-10-04T14:07:35.516Z,NA,electoral_roll_stage
qc-prov-2026-10-05-general,qc-prov-2026-2026-701,60661,60692,60778,src_fd3351236900,src_fd3351236900_20261004140735326_caf8e275157b,2026-10-04T14:07:35.326Z,2026-10-04T14:07:35.516Z,NA,electoral_roll_stage
qc-prov-2026-10-05-general,qc-prov-2026-2026-667,58916,59068,59175,src_fd3351236900,src_fd3351236900_20261004140735326_caf8e275157b,2026-10-04T14:07:35.326Z,2026-10-04T14:07:35.516Z,NA,electoral_roll_stage
qc-prov-2026-10-05-general,qc-prov-2026-2026-767,57485,57553,57677,src_fd3351236900,src_fd3351236900_20261004140735326_caf8e275157b,2026-10-04T14:07:35.326Z,2026-10-04T14:07:35.516Z,NA,electoral_roll_stage
qc-prov-2026-10-05-general,qc-prov-2026-2026-771,55904,55920,55981,src_fd3351236900,src_fd3351236900_20261004140735326_caf8e275157b,2026-10-04T14:07:35.326Z,2026-10-04T14:07:35.516Z,NA,electoral_roll_stage
qc-prov-2026-10-05-general,qc-prov-2026-2026-191,56790,56908,57052,src_fd3351236900,src_fd3351236900_20261004140735326_caf8e275157b,2026-10-04T14:07:35.326Z,2026-10-04T14:07:35.516Z,NA,electoral_roll_stage
qc-prov-2026-10-05-general,qc-prov-2026-2026-769,59824,59887,59959,src_fd3351236900,src_fd3351236900_20261004140735326_caf8e275157b,2026-10-04T14:07:35.326Z,2026-10-04T14:07:35.516Z,NA,electoral_roll_stage
qc-prov-2026-10-05-general,qc-prov-2026-2026-821,45772,45787,45816,src_fd3351236900,src_fd3351236900_20261004140735326_caf8e275157b,2026-10-04T14:07:35.326Z,2026-10-04T14:07:35.516Z,NA,electoral_roll_stage
qc-prov-2026-10-05-general,qc-prov-2026-2026-351,56887,57023,57168,src_fd3351236900,src_fd3351236900_20261004140735326_caf8e275157b,2026-10-04T14:07:35.326Z,2026-10-04T14:07:35.516Z,NA,electoral_roll_stage
qc-prov-2026-10-05-general,qc-prov-2026-2026-789,61947,62021,62094,src_fd3351236900,src_fd3351236900_20261004140735326_caf8e275157b,2026-10-04T14:07:35.326Z,2026-10-04T14:07:35.516Z,NA,electoral_roll_stage
qc-prov-2026-10-05-general,qc-prov-2026-2026-799,50522,50539,50570,src_fd3351236900,src_fd3351236900_20261004140735326_caf8e275157b,2026-10-04T14:07:35.326Z,2026-10-04T14:07:35.516Z,NA,electoral_roll_stage
qc-prov-2026-10-05-general,qc-prov-2026-2026-131,49410,49446,49444,src_fd3351236900,src_fd3351236900_20261004140735326_caf8e275157b,2026-10-04T14:07:35.326Z,2026-10-04T14:07:35.516Z,NA,electoral_roll_stage
qc-prov-2026-10-05-general,qc-prov-2026-2026-277,56631,56790,56873,src_fd3351236900,src_fd3351236900_20261004140735326_caf8e275157b,2026-10-04T14:07:35.326Z,2026-10-04T14:07:35.516Z,NA,electoral_roll_stage
qc-prov-2026-10-05-general,qc-prov-2026-2026-581,50335,50427,50543,src_fd3351236900,src_fd3351236900_20261004140735326_caf8e275157b,2026-10-04T14:07:35.326Z,2026-10-04T14:07:35.516Z,NA,electoral_roll_stage
qc-prov-2026-10-05-general,qc-prov-2026-2026-141,53549,53578,53590,src_fd3351236900,src_fd3351236900_20261004140735326_caf8e275157b,2026-10-04T14:07:35.326Z,2026-10-04T14:07:35.516Z,NA,electoral_roll_stage
qc-prov-2026-10-05-general,qc-prov-2026-2026-819,43080,43118,43146,src_fd3351236900,src_fd3351236900_20261004140735326_caf8e275157b,2026-10-04T14:07:35.326Z,2026-10-04T14:07:35.516Z,NA,electoral_roll_stage
qc-prov-2026-10-05-general,qc-prov-2026-2026-813,37076,37073,37086,src_fd3351236900,src_fd3351236900_20261004140735326_caf8e275157b,2026-10-04T14:07:35.326Z,2026-10-04T14:07:35.516Z,NA,electoral_roll_stage
qc-prov-2026-10-05-general,qc-prov-2026-2026-357,58413,58513,58638,src_fd3351236900,src_fd3351236900_20261004140735326_caf8e275157b,2026-10-04T14:07:35.326Z,2026-10-04T14:07:35.516Z,NA,electoral_roll_stage
qc-prov-2026-10-05-general,qc-prov-2026-2026-809,30082,30067,30078,src_fd3351236900,src_fd3351236900_20261004140735326_caf8e275157b,2026-10-04T14:07:35.326Z,2026-10-04T14:07:35.516Z,NA,electoral_roll_stage
qc-prov-2026-10-05-general,qc-prov-2026-2026-661,61707,61818,61868,src_fd3351236900,src_fd3351236900_20261004140735326_caf8e275157b,2026-10-04T14:07:35.326Z,2026-10-04T14:07:35.516Z,NA,electoral_roll_stage
qc-prov-2026-10-05-general,qc-prov-2026-2026-311,42595,42923,43048,src_fd3351236900,src_fd3351236900_20261004140735326_caf8e275157b,2026-10-04T14:07:35.326Z,2026-10-04T14:07:35.516Z,NA,electoral_roll_stage
qc-prov-2026-10-05-general,qc-prov-2026-2026-159,58940,59023,59098,src_fd3351236900,src_fd3351236900_20261004140735326_caf8e275157b,2026-10-04T14:07:35.326Z,2026-10-04T14:07:35.516Z,NA,electoral_roll_stage
qc-prov-2026-10-05-general,qc-prov-2026-2026-577,54140,54163,54232,src_fd3351236900,src_fd3351236900_20261004140735326_caf8e275157b,2026-10-04T14:07:35.326Z,2026-10-04T14:07:35.516Z,NA,electoral_roll_stage
qc-prov-2026-10-05-general,qc-prov-2026-2026-317,40308,40601,40887,src_fd3351236900,src_fd3351236900_20261004140735326_caf8e275157b,2026-10-04T14:07:35.326Z,2026-10-04T14:07:35.516Z,NA,electoral_roll_stage
qc-prov-2026-10-05-general,qc-prov-2026-2026-651,60622,60768,60930,src_fd3351236900,src_fd3351236900_20261004140735326_caf8e275157b,2026-10-04T14:07:35.326Z,2026-10-04T14:07:35.516Z,NA,electoral_roll_stage
qc-prov-2026-10-05-general,qc-prov-2026-2026-171,50279,50293,50345,src_fd3351236900,src_fd3351236900_20261004140735326_caf8e275157b,2026-10-04T14:07:35.326Z,2026-10-04T14:07:35.516Z,NA,electoral_roll_stage
qc-prov-2026-10-05-general,qc-prov-2026-2026-161,51324,51350,51380,src_fd3351236900,src_fd3351236900_20261004140735326_caf8e275157b,2026-10-04T14:07:35.326Z,2026-10-04T14:07:35.516Z,NA,electoral_roll_stage
qc-prov-2026-10-05-general,qc-prov-2026-2026-811,11151,11138,11146,src_fd3351236900,src_fd3351236900_20261004140735326_caf8e275157b,2026-10-04T14:07:35.326Z,2026-10-04T14:07:35.516Z,NA,electoral_roll_stage
qc-prov-2026-10-05-general,qc-prov-2026-2026-259,48241,48313,48453,src_fd3351236900,src_fd3351236900_20261004140735326_caf8e275157b,2026-10-04T14:07:35.326Z,2026-10-04T14:07:35.516Z,NA,electoral_roll_stage
qc-prov-2026-10-05-general,qc-prov-2026-2026-757,44159,44373,44566,src_fd3351236900,src_fd3351236900_20261004140735326_caf8e275157b,2026-10-04T14:07:35.326Z,2026-10-04T14:07:35.516Z,NA,electoral_roll_stage
qc-prov-2026-10-05-general,qc-prov-2026-2026-331,49776,49923,50058,src_fd3351236900,src_fd3351236900_20261004140735326_caf8e275157b,2026-10-04T14:07:35.326Z,2026-10-04T14:07:35.516Z,NA,electoral_roll_stage
qc-prov-2026-10-05-general,qc-prov-2026-2026-707,47187,47454,47679,src_fd3351236900,src_fd3351236900_20261004140735326_caf8e275157b,2026-10-04T14:07:35.326Z,2026-10-04T14:07:35.516Z,NA,electoral_roll_stage
qc-prov-2026-10-05-general,qc-prov-2026-2026-629,59280,59329,59374,src_fd3351236900,src_fd3351236900_20261004140735326_caf8e275157b,2026-10-04T14:07:35.326Z,2026-10-04T14:07:35.516Z,NA,electoral_roll_stage
qc-prov-2026-10-05-general,qc-prov-2026-2026-823,45307,45351,45386,src_fd3351236900,src_fd3351236900_20261004140735326_caf8e275157b,2026-10-04T14:07:35.326Z,2026-10-04T14:07:35.516Z,NA,electoral_roll_stage
qc-prov-2026-10-05-general,qc-prov-2026-2026-649,54333,54338,54377,src_fd3351236900,src_fd3351236900_20261004140735326_caf8e275157b,2026-10-04T14:07:35.326Z,2026-10-04T14:07:35.516Z,NA,electoral_roll_stage
qc-prov-2026-10-05-general,qc-prov-2026-2026-827,44702,44702,44713,src_fd3351236900,src_fd3351236900_20261004140735326_caf8e275157b,2026-10-04T14:07:35.326Z,2026-10-04T14:07:35.516Z,NA,electoral_roll_stage
qc-prov-2026-10-05-general,qc-prov-2026-2026-339,42386,42472,42578,src_fd3351236900,src_fd3351236900_20261004140735326_caf8e275157b,2026-10-04T14:07:35.326Z,2026-10-04T14:07:35.516Z,NA,electoral_roll_stage
qc-prov-2026-10-05-general,qc-prov-2026-2026-729,59417,59581,59716,src_fd3351236900,src_fd3351236900_20261004140735326_caf8e275157b,2026-10-04T14:07:35.326Z,2026-10-04T14:07:35.516Z,NA,electoral_roll_stage
qc-prov-2026-10-05-general,qc-prov-2026-2026-201,58488,58651,58855,src_fd3351236900,src_fd3351236900_20261004140735326_caf8e275157b,2026-10-04T14:07:35.326Z,2026-10-04T14:07:35.516Z,NA,electoral_roll_stage
qc-prov-2026-10-05-general,qc-prov-2026-2026-199,50658,50763,50821,src_fd3351236900,src_fd3351236900_20261004140735326_caf8e275157b,2026-10-04T14:07:35.326Z,2026-10-04T14:07:35.516Z,NA,electoral_roll_stage
qc-prov-2026-10-05-general,qc-prov-2026-2026-621,57087,57133,57180,src_fd3351236900,src_fd3351236900_20261004140735326_caf8e275157b,2026-10-04T14:07:35.326Z,2026-10-04T14:07:35.516Z,NA,electoral_roll_stage
qc-prov-2026-10-05-general,qc-prov-2026-2026-307,43970,44227,44350,src_fd3351236900,src_fd3351236900_20261004140735326_caf8e275157b,2026-10-04T14:07:35.326Z,2026-10-04T14:07:35.516Z,NA,electoral_roll_stage
qc-prov-2026-10-05-general,qc-prov-2026-2026-347,56436,56583,56709,src_fd3351236900,src_fd3351236900_20261004140735326_caf8e275157b,2026-10-04T14:07:35.326Z,2026-10-04T14:07:35.516Z,NA,electoral_roll_stage
qc-prov-2026-10-05-general,qc-prov-2026-2026-697,60780,60799,60858,src_fd3351236900,src_fd3351236900_20261004140735326_caf8e275157b,2026-10-04T14:07:35.326Z,2026-10-04T14:07:35.516Z,NA,electoral_roll_stage
qc-prov-2026-10-05-general,qc-prov-2026-2026-601,49764,49831,49881,src_fd3351236900,src_fd3351236900_20261004140735326_caf8e275157b,2026-10-04T14:07:35.326Z,2026-10-04T14:07:35.516Z,NA,electoral_roll_stage
qc-prov-2026-10-05-general,qc-prov-2026-2026-791,53708,53844,53974,src_fd3351236900,src_fd3351236900_20261004140735326_caf8e275157b,2026-10-04T14:07:35.326Z,2026-10-04T14:07:35.516Z,NA,electoral_roll_stage
qc-prov-2026-10-05-general,qc-prov-2026-2026-787,59506,59511,59573,src_fd3351236900,src_fd3351236900_20261004140735326_caf8e275157b,2026-10-04T14:07:35.326Z,2026-10-04T14:07:35.516Z,NA,electoral_roll_stage
qc-prov-2026-10-05-general,qc-prov-2026-2026-709,48098,48095,48123,src_fd3351236900,src_fd3351236900_20261004140735326_caf8e275157b,2026-10-04T14:07:35.326Z,2026-10-04T14:07:35.516Z,NA,electoral_roll_stage
qc-prov-2026-10-05-general,qc-prov-2026-2026-251,53038,53184,53329,src_fd3351236900,src_fd3351236900_20261004140735326_caf8e275157b,2026-10-04T14:07:35.326Z,2026-10-04T14:07:35.516Z,NA,electoral_roll_stage
qc-prov-2026-10-05-general,qc-prov-2026-2026-139,46305,46339,46348,src_fd3351236900,src_fd3351236900_20261004140735326_caf8e275157b,2026-10-04T14:07:35.326Z,2026-10-04T14:07:35.516Z,NA,electoral_roll_stage
qc-prov-2026-10-05-general,qc-prov-2026-2026-219,44352,44506,44615,src_fd3351236900,src_fd3351236900_20261004140735326_caf8e275157b,2026-10-04T14:07:35.326Z,2026-10-04T14:07:35.516Z,NA,electoral_roll_stage
qc-prov-2026-10-05-general,qc-prov-2026-2026-257,45400,45446,45536,src_fd3351236900,src_fd3351236900_20261004140735326_caf8e275157b,2026-10-04T14:07:35.326Z,2026-10-04T14:07:35.516Z,NA,electoral_roll_stage
qc-prov-2026-10-05-general,qc-prov-2026-2026-693,48211,48231,48299,src_fd3351236900,src_fd3351236900_20261004140735326_caf8e275157b,2026-10-04T14:07:35.326Z,2026-10-04T14:07:35.516Z,NA,electoral_roll_stage
qc-prov-2026-10-05-general,qc-prov-2026-2026-611,55226,55296,55391,src_fd3351236900,src_fd3351236900_20261004140735326_caf8e275157b,2026-10-04T14:07:35.326Z,2026-10-04T14:07:35.516Z,NA,electoral_roll_stage
qc-prov-2026-10-05-general,qc-prov-2026-2026-807,46483,46468,46509,src_fd3351236900,src_fd3351236900_20261004140735326_caf8e275157b,2026-10-04T14:07:35.326Z,2026-10-04T14:07:35.516Z,NA,electoral_roll_stage
qc-prov-2026-10-05-general,qc-prov-2026-2026-301,45737,45922,46030,src_fd3351236900,src_fd3351236900_20261004140735326_caf8e275157b,2026-10-04T14:07:35.326Z,2026-10-04T14:07:35.516Z,NA,electoral_roll_stage
qc-prov-2026-10-05-general,qc-prov-2026-2026-117,51853,51870,51892,src_fd3351236900,src_fd3351236900_20261004140735326_caf8e275157b,2026-10-04T14:07:35.326Z,2026-10-04T14:07:35.516Z,NA,electoral_roll_stage
qc-prov-2026-10-05-general,qc-prov-2026-2026-313,44882,45268,45466,src_fd3351236900,src_fd3351236900_20261004140735326_caf8e275157b,2026-10-04T14:07:35.326Z,2026-10-04T14:07:35.516Z,NA,electoral_roll_stage
qc-prov-2026-10-05-general,qc-prov-2026-2026-571,49876,49971,50067,src_fd3351236900,src_fd3351236900_20261004140735326_caf8e275157b,2026-10-04T14:07:35.326Z,2026-10-04T14:07:35.516Z,NA,electoral_roll_stage
qc-prov-2026-10-05-general,qc-prov-2026-2026-587,55216,55302,55314,src_fd3351236900,src_fd3351236900_20261004140735326_caf8e275157b,2026-10-04T14:07:35.326Z,2026-10-04T14:07:35.516Z,NA,electoral_roll_stage
qc-prov-2026-10-05-general,qc-prov-2026-2026-227,53782,53785,53844,src_fd3351236900,src_fd3351236900_20261004140735326_caf8e275157b,2026-10-04T14:07:35.326Z,2026-10-04T14:07:35.516Z,NA,electoral_roll_stage
qc-prov-2026-10-05-general,qc-prov-2026-2026-761,58039,58127,58169,src_fd3351236900,src_fd3351236900_20261004140735326_caf8e275157b,2026-10-04T14:07:35.326Z,2026-10-04T14:07:35.516Z,NA,electoral_roll_stage
qc-prov-2026-10-05-general,qc-prov-2026-2026-297,58525,58739,58920,src_fd3351236900,src_fd3351236900_20261004140735326_caf8e275157b,2026-10-04T14:07:35.326Z,2026-10-04T14:07:35.516Z,NA,electoral_roll_stage
qc-prov-2026-10-05-general,qc-prov-2026-2026-261,58035,58134,58260,src_fd3351236900,src_fd3351236900_20261004140735326_caf8e275157b,2026-10-04T14:07:35.326Z,2026-10-04T14:07:35.516Z,NA,electoral_roll_stage
qc-prov-2026-10-05-general,qc-prov-2026-2026-151,41189,41190,41190,src_fd3351236900,src_fd3351236900_20261004140735326_caf8e275157b,2026-10-04T14:07:35.326Z,2026-10-04T14:07:35.516Z,NA,electoral_roll_stage
qc-prov-2026-10-05-general,qc-prov-2026-2026-279,47042,47126,47267,src_fd3351236900,src_fd3351236900_20261004140735326_caf8e275157b,2026-10-04T14:07:35.326Z,2026-10-04T14:07:35.516Z,NA,electoral_roll_stage
qc-prov-2026-10-05-general,qc-prov-2026-2026-127,47770,47756,47872,src_fd3351236900,src_fd3351236900_20261004140735326_caf8e275157b,2026-10-04T14:07:35.326Z,2026-10-04T14:07:35.516Z,NA,electoral_roll_stage
qc-prov-2026-10-05-general,qc-prov-2026-2026-669,60742,60829,60914,src_fd3351236900,src_fd3351236900_20261004140735326_caf8e275157b,2026-10-04T14:07:35.326Z,2026-10-04T14:07:35.516Z,NA,electoral_roll_stage
qc-prov-2026-10-05-general,qc-prov-2026-2026-217,52893,53008,53125,src_fd3351236900,src_fd3351236900_20261004140735326_caf8e275157b,2026-10-04T14:07:35.326Z,2026-10-04T14:07:35.516Z,NA,electoral_roll_stage
qc-prov-2026-10-05-general,qc-prov-2026-2026-341,40142,40231,40320,src_fd3351236900,src_fd3351236900_20261004140735326_caf8e275157b,2026-10-04T14:07:35.326Z,2026-10-04T14:07:35.516Z,NA,electoral_roll_stage
qc-prov-2026-10-05-general,qc-prov-2026-2026-657,56214,56316,56396,src_fd3351236900,src_fd3351236900_20261004140735326_caf8e275157b,2026-10-04T14:07:35.326Z,2026-10-04T14:07:35.516Z,NA,electoral_roll_stage
qc-prov-2026-10-05-general,qc-prov-2026-2026-727,56043,56081,56143,src_fd3351236900,src_fd3351236900_20261004140735326_caf8e275157b,2026-10-04T14:07:35.326Z,2026-10-04T14:07:35.516Z,NA,electoral_roll_stage
qc-prov-2026-10-05-general,qc-prov-2026-2026-637,53233,53247,53338,src_fd3351236900,src_fd3351236900_20261004140735326_caf8e275157b,2026-10-04T14:07:35.326Z,2026-10-04T14:07:35.516Z,NA,electoral_roll_stage
qc-prov-2026-10-05-general,qc-prov-2026-2026-817,32005,31991,31994,src_fd3351236900,src_fd3351236900_20261004140735326_caf8e275157b,2026-10-04T14:07:35.326Z,2026-10-04T14:07:35.516Z,NA,electoral_roll_stage
qc-prov-2026-10-05-general,qc-prov-2026-2026-617,56605,56684,56810,src_fd3351236900,src_fd3351236900_20261004140735326_caf8e275157b,2026-10-04T14:07:35.326Z,2026-10-04T14:07:35.516Z,NA,electoral_roll_stage
qc-prov-2026-10-05-general,qc-prov-2026-2026-241,54120,54137,54197,src_fd3351236900,src_fd3351236900_20261004140735326_caf8e275157b,2026-10-04T14:07:35.326Z,2026-10-04T14:07:35.516Z,NA,electoral_roll_stage
qc-prov-2026-10-05-general,qc-prov-2026-2026-137,59208,59254,59317,src_fd3351236900,src_fd3351236900_20261004140735326_caf8e275157b,2026-10-04T14:07:35.326Z,2026-10-04T14:07:35.516Z,NA,electoral_roll_stage
qc-prov-2026-10-05-general,qc-prov-2026-2026-803,46434,46476,46512,src_fd3351236900,src_fd3351236900_20261004140735326_caf8e275157b,2026-10-04T14:07:35.326Z,2026-10-04T14:07:35.516Z,NA,electoral_roll_stage
qc-prov-2026-10-05-general,qc-prov-2026-2026-801,52065,52075,52112,src_fd3351236900,src_fd3351236900_20261004140735326_caf8e275157b,2026-10-04T14:07:35.326Z,2026-10-04T14:07:35.516Z,NA,electoral_roll_stage
qc-prov-2026-10-05-general,qc-prov-2026-2026-267,55009,55076,55165,src_fd3351236900,src_fd3351236900_20261004140735326_caf8e275157b,2026-10-04T14:07:35.326Z,2026-10-04T14:07:35.516Z,NA,electoral_roll_stage
qc-prov-2026-10-05-general,qc-prov-2026-2026-829,44555,44548,44568,src_fd3351236900,src_fd3351236900_20261004140735326_caf8e275157b,2026-10-04T14:07:35.326Z,2026-10-04T14:07:35.516Z,NA,electoral_roll_stage
qc-prov-2026-10-05-general,qc-prov-2026-2026-319,51843,52074,52227,src_fd3351236900,src_fd3351236900_20261004140735326_caf8e275157b,2026-10-04T14:07:35.326Z,2026-10-04T14:07:35.516Z,NA,electoral_roll_stage
qc-prov-2026-10-05-general,qc-prov-2026-2026-631,49416,49458,49470,src_fd3351236900,src_fd3351236900_20261004140735326_caf8e275157b,2026-10-04T14:07:35.326Z,2026-10-04T14:07:35.516Z,NA,electoral_roll_stage
qc-prov-2026-10-05-general,qc-prov-2026-2026-671,44460,44444,44483,src_fd3351236900,src_fd3351236900_20261004140735326_caf8e275157b,2026-10-04T14:07:35.326Z,2026-10-04T14:07:35.516Z,NA,electoral_roll_stage
qc-prov-2026-10-05-general,qc-prov-2026-2026-119,54903,55004,55128,src_fd3351236900,src_fd3351236900_20261004140735326_caf8e275157b,2026-10-04T14:07:35.326Z,2026-10-04T14:07:35.516Z,NA,electoral_roll_stage
qc-prov-2026-10-05-general,qc-prov-2026-2026-281,59640,60058,60303,src_fd3351236900,src_fd3351236900_20261004140735326_caf8e275157b,2026-10-04T14:07:35.326Z,2026-10-04T14:07:35.516Z,NA,electoral_roll_stage
qc-prov-2026-10-05-general,qc-prov-2026-2026-239,55577,55605,55678,src_fd3351236900,src_fd3351236900_20261004140735326_caf8e275157b,2026-10-04T14:07:35.326Z,2026-10-04T14:07:35.516Z,NA,electoral_roll_stage
qc-prov-2026-10-05-general,qc-prov-2026-2026-167,61489,61510,61630,src_fd3351236900,src_fd3351236900_20261004140735326_caf8e275157b,2026-10-04T14:07:35.326Z,2026-10-04T14:07:35.516Z,NA,electoral_roll_stage
qc-prov-2026-10-05-general,qc-prov-2026-2026-597,45919,45965,46073,src_fd3351236900,src_fd3351236900_20261004140735326_caf8e275157b,2026-10-04T14:07:35.326Z,2026-10-04T14:07:35.516Z,NA,electoral_roll_stage
qc-prov-2026-10-05-general,qc-prov-2026-2026-271,59278,59519,59634,src_fd3351236900,src_fd3351236900_20261004140735326_caf8e275157b,2026-10-04T14:07:35.326Z,2026-10-04T14:07:35.516Z,NA,electoral_roll_stage
qc-prov-2026-10-05-general,qc-prov-2026-2026-287,42356,42588,42801,src_fd3351236900,src_fd3351236900_20261004140735326_caf8e275157b,2026-10-04T14:07:35.326Z,2026-10-04T14:07:35.516Z,NA,electoral_roll_stage
qc-prov-2026-10-05-general,qc-prov-2026-2026-359,58051,58199,58354,src_fd3351236900,src_fd3351236900_20261004140735326_caf8e275157b,2026-10-04T14:07:35.326Z,2026-10-04T14:07:35.516Z,NA,electoral_roll_stage
qc-prov-2026-10-05-general,qc-prov-2026-2026-197,45332,45422,45500,src_fd3351236900,src_fd3351236900_20261004140735326_caf8e275157b,2026-10-04T14:07:35.326Z,2026-10-04T14:07:35.516Z,NA,electoral_roll_stage
qc-prov-2026-10-05-general,qc-prov-2026-2026-121,53321,53497,53611,src_fd3351236900,src_fd3351236900_20261004140735326_caf8e275157b,2026-10-04T14:07:35.326Z,2026-10-04T14:07:35.516Z,NA,electoral_roll_stage
qc-prov-2026-10-05-general,qc-prov-2026-2026-181,58935,58980,58988,src_fd3351236900,src_fd3351236900_20261004140735326_caf8e275157b,2026-10-04T14:07:35.326Z,2026-10-04T14:07:35.516Z,NA,electoral_roll_stage
qc-prov-2026-10-05-general,qc-prov-2026-2026-221,52058,52144,52308,src_fd3351236900,src_fd3351236900_20261004140735326_caf8e275157b,2026-10-04T14:07:35.326Z,2026-10-04T14:07:35.516Z,NA,electoral_roll_stage
qc-prov-2026-10-05-general,qc-prov-2026-2026-751,47998,48372,48533,src_fd3351236900,src_fd3351236900_20261004140735326_caf8e275157b,2026-10-04T14:07:35.326Z,2026-10-04T14:07:35.516Z,NA,electoral_roll_stage
qc-prov-2026-10-05-general,qc-prov-2026-2026-609,55183,55232,55348,src_fd3351236900,src_fd3351236900_20261004140735326_caf8e275157b,2026-10-04T14:07:35.326Z,2026-10-04T14:07:35.516Z,NA,electoral_roll_stage
qc-prov-2026-10-05-general,qc-prov-2026-2026-691,53912,54027,54099,src_fd3351236900,src_fd3351236900_20261004140735326_caf8e275157b,2026-10-04T14:07:35.326Z,2026-10-04T14:07:35.516Z,NA,electoral_roll_stage
qc-prov-2026-10-05-general,qc-prov-2026-2026-831,30745,30732,30773,src_fd3351236900,src_fd3351236900_20261004140735326_caf8e275157b,2026-10-04T14:07:35.326Z,2026-10-04T14:07:35.516Z,NA,electoral_roll_stage
qc-prov-2026-10-05-general,qc-prov-2026-2026-211,54006,54166,54272,src_fd3351236900,src_fd3351236900_20261004140735326_caf8e275157b,2026-10-04T14:07:35.326Z,2026-10-04T14:07:35.516Z,NA,electoral_roll_stage
qc-prov-2026-10-05-general,qc-prov-2026-2026-749,59393,59526,59670,src_fd3351236900,src_fd3351236900_20261004140735326_caf8e275157b,2026-10-04T14:07:35.326Z,2026-10-04T14:07:35.516Z,NA,electoral_roll_stage
qc-prov-2026-10-05-general,qc-prov-2026-2026-187,62243,62366,62499,src_fd3351236900,src_fd3351236900_20261004140735326_caf8e275157b,2026-10-04T14:07:35.326Z,2026-10-04T14:07:35.516Z,NA,electoral_roll_stage
qc-prov-2026-10-05-general,qc-prov-2026-2026-231,56374,56391,56400,src_fd3351236900,src_fd3351236900_20261004140735326_caf8e275157b,2026-10-04T14:07:35.326Z,2026-10-04T14:07:35.516Z,NA,electoral_roll_stage
qc-prov-2026-10-05-general,qc-prov-2026-2026-247,49455,49740,49960,src_fd3351236900,src_fd3351236900_20261004140735326_caf8e275157b,2026-10-04T14:07:35.326Z,2026-10-04T14:07:35.516Z,NA,electoral_roll_stage
qc-prov-2026-10-05-general,qc-prov-2026-2026-321,39166,39324,39447,src_fd3351236900,src_fd3351236900_20261004140735326_caf8e275157b,2026-10-04T14:07:35.326Z,2026-10-04T14:07:35.516Z,NA,electoral_roll_stage
qc-prov-2026-10-05-general,qc-prov-2026-2026-569,46892,46963,47039,src_fd3351236900,src_fd3351236900_20261004140735326_caf8e275157b,2026-10-04T14:07:35.326Z,2026-10-04T14:07:35.516Z,NA,electoral_roll_stage
qc-prov-2026-10-05-general,qc-prov-2026-2026-291,52574,52830,53027,src_fd3351236900,src_fd3351236900_20261004140735326_caf8e275157b,2026-10-04T14:07:35.326Z,2026-10-04T14:07:35.516Z,NA,electoral_roll_stage
qc-prov-2026-10-05-general,qc-prov-2026-2026-689,33421,33429,33435,src_fd3351236900,src_fd3351236900_20261005171151957_caf8e275157b,2026-10-05T17:11:51.957Z,2026-10-05T17:11:52.073Z,NA,electoral_roll_stage
qc-prov-2026-10-05-general,qc-prov-2026-2026-681,35359,35291,35297,src_fd3351236900,src_fd3351236900_20261005171151957_caf8e275157b,2026-10-05T17:11:51.957Z,2026-10-05T17:11:52.073Z,NA,electoral_roll_stage
qc-prov-2026-10-05-general,qc-prov-2026-2026-299,49937,50139,50260,src_fd3351236900,src_fd3351236900_20261005171151957_caf8e275157b,2026-10-05T17:11:51.957Z,2026-10-05T17:11:52.073Z,NA,electoral_roll_stage
qc-prov-2026-10-05-general,qc-prov-2026-2026-833,41335,41453,41513,src_fd3351236900,src_fd3351236900_20261005171151957_caf8e275157b,2026-10-05T17:11:51.957Z,2026-10-05T17:11:52.073Z,NA,electoral_roll_stage
qc-prov-2026-10-05-general,qc-prov-2026-2026-589,42989,43001,43031,src_fd3351236900,src_fd3351236900_20261005171151957_caf8e275157b,2026-10-05T17:11:51.957Z,2026-10-05T17:11:52.073Z,NA,electoral_roll_stage
qc-prov-2026-10-05-general,qc-prov-2026-2026-147,61868,61872,61899,src_fd3351236900,src_fd3351236900_20261005171151957_caf8e275157b,2026-10-05T17:11:51.957Z,2026-10-05T17:11:52.073Z,NA,electoral_roll_stage
qc-prov-2026-10-05-general,qc-prov-2026-2026-781,46549,46578,46638,src_fd3351236900,src_fd3351236900_20261005171151957_caf8e275157b,2026-10-05T17:11:51.957Z,2026-10-05T17:11:52.073Z,NA,electoral_roll_stage
qc-prov-2026-10-05-general,qc-prov-2026-2026-777,50761,50762,50806,src_fd3351236900,src_fd3351236900_20261005171151957_caf8e275157b,2026-10-05T17:11:51.957Z,2026-10-05T17:11:52.073Z,NA,electoral_roll_stage
qc-prov-2026-10-05-general,qc-prov-2026-2026-179,59767,59845,59914,src_fd3351236900,src_fd3351236900_20261005171151957_caf8e275157b,2026-10-05T17:11:51.957Z,2026-10-05T17:11:52.073Z,NA,electoral_roll_stage
qc-prov-2026-10-05-general,qc-prov-2026-2026-797,46149,46173,46176,src_fd3351236900,src_fd3351236900_20261005171151957_caf8e275157b,2026-10-05T17:11:51.957Z,2026-10-05T17:11:52.073Z,NA,electoral_roll_stage
qc-prov-2026-10-05-general,qc-prov-2026-2026-591,45279,45339,45350,src_fd3351236900,src_fd3351236900_20261005171151957_caf8e275157b,2026-10-05T17:11:51.957Z,2026-10-05T17:11:52.073Z,NA,electoral_roll_stage
qc-prov-2026-10-05-general,qc-prov-2026-2026-627,53939,53987,54013,src_fd3351236900,src_fd3351236900_20261005171151957_caf8e275157b,2026-10-05T17:11:51.957Z,2026-10-05T17:11:52.073Z,NA,electoral_roll_stage
qc-prov-2026-10-05-general,qc-prov-2026-2026-641,59914,59960,60020,src_fd3351236900,src_fd3351236900_20261005171151957_caf8e275157b,2026-10-05T17:11:51.957Z,2026-10-05T17:11:52.073Z,NA,electoral_roll_stage
qc-prov-2026-10-05-general,qc-prov-2026-2026-607,62280,62316,62415,src_fd3351236900,src_fd3351236900_20261005171151957_caf8e275157b,2026-10-05T17:11:51.957Z,2026-10-05T17:11:52.073Z,NA,electoral_roll_stage
qc-prov-2026-10-05-general,qc-prov-2026-2026-837,35864,35842,35863,src_fd3351236900,src_fd3351236900_20261005171151957_caf8e275157b,2026-10-05T17:11:51.957Z,2026-10-05T17:11:52.073Z,NA,electoral_roll_stage
qc-prov-2026-10-05-general,qc-prov-2026-2026-237,58595,58591,58681,src_fd3351236900,src_fd3351236900_20261005171151957_caf8e275157b,2026-10-05T17:11:51.957Z,2026-10-05T17:11:52.073Z,NA,electoral_roll_stage
qc-prov-2026-10-05-general,qc-prov-2026-2026-327,44066,44161,44262,src_fd3351236900,src_fd3351236900_20261005171151957_caf8e275157b,2026-10-05T17:11:51.957Z,2026-10-05T17:11:52.073Z,NA,electoral_roll_stage
qc-prov-2026-10-05-general,qc-prov-2026-2026-157,57369,57397,57463,src_fd3351236900,src_fd3351236900_20261005171151957_caf8e275157b,2026-10-05T17:11:51.957Z,2026-10-05T17:11:52.073Z,NA,electoral_roll_stage
qc-prov-2026-10-05-general,qc-prov-2026-2026-337,49084,49193,49366,src_fd3351236900,src_fd3351236900_20261005171151957_caf8e275157b,2026-10-05T17:11:51.957Z,2026-10-05T17:11:52.073Z,NA,electoral_roll_stage
qc-prov-2026-10-05-general,qc-prov-2026-2026-207,54342,54414,54491,src_fd3351236900,src_fd3351236900_20261005171151957_caf8e275157b,2026-10-05T17:11:51.957Z,2026-10-05T17:11:52.073Z,NA,electoral_roll_stage
qc-prov-2026-10-05-general,qc-prov-2026-2026-701,60661,60692,60778,src_fd3351236900,src_fd3351236900_20261005171151957_caf8e275157b,2026-10-05T17:11:51.957Z,2026-10-05T17:11:52.073Z,NA,electoral_roll_stage
qc-prov-2026-10-05-general,qc-prov-2026-2026-667,58916,59068,59175,src_fd3351236900,src_fd3351236900_20261005171151957_caf8e275157b,2026-10-05T17:11:51.957Z,2026-10-05T17:11:52.073Z,NA,electoral_roll_stage
qc-prov-2026-10-05-general,qc-prov-2026-2026-767,57485,57553,57677,src_fd3351236900,src_fd3351236900_20261005171151957_caf8e275157b,2026-10-05T17:11:51.957Z,2026-10-05T17:11:52.073Z,NA,electoral_roll_stage
qc-prov-2026-10-05-general,qc-prov-2026-2026-771,55904,55920,55981,src_fd3351236900,src_fd3351236900_20261005171151957_caf8e275157b,2026-10-05T17:11:51.957Z,2026-10-05T17:11:52.073Z,NA,electoral_roll_stage
qc-prov-2026-10-05-general,qc-prov-2026-2026-191,56790,56908,57052,src_fd3351236900,src_fd3351236900_20261005171151957_caf8e275157b,2026-10-05T17:11:51.957Z,2026-10-05T17:11:52.073Z,NA,electoral_roll_stage
qc-prov-2026-10-05-general,qc-prov-2026-2026-769,59824,59887,59959,src_fd3351236900,src_fd3351236900_20261005171151957_caf8e275157b,2026-10-05T17:11:51.957Z,2026-10-05T17:11:52.073Z,NA,electoral_roll_stage
qc-prov-2026-10-05-general,qc-prov-2026-2026-821,45772,45787,45816,src_fd3351236900,src_fd3351236900_20261005171151957_caf8e275157b,2026-10-05T17:11:51.957Z,2026-10-05T17:11:52.073Z,NA,electoral_roll_stage
qc-prov-2026-10-05-general,qc-prov-2026-2026-351,56887,57023,57168,src_fd3351236900,src_fd3351236900_20261005171151957_caf8e275157b,2026-10-05T17:11:51.957Z,2026-10-05T17:11:52.073Z,NA,electoral_roll_stage
qc-prov-2026-10-05-general,qc-prov-2026-2026-789,61947,62021,62094,src_fd3351236900,src_fd3351236900_20261005171151957_caf8e275157b,2026-10-05T17:11:51.957Z,2026-10-05T17:11:52.073Z,NA,electoral_roll_stage
qc-prov-2026-10-05-general,qc-prov-2026-2026-799,50522,50539,50570,src_fd3351236900,src_fd3351236900_20261005171151957_caf8e275157b,2026-10-05T17:11:51.957Z,2026-10-05T17:11:52.073Z,NA,electoral_roll_stage
qc-prov-2026-10-05-general,qc-prov-2026-2026-131,49410,49446,49444,src_fd3351236900,src_fd3351236900_20261005171151957_caf8e275157b,2026-10-05T17:11:51.957Z,2026-10-05T17:11:52.073Z,NA,electoral_roll_stage
qc-prov-2026-10-05-general,qc-prov-2026-2026-277,56631,56790,56873,src_fd3351236900,src_fd3351236900_20261005171151957_caf8e275157b,2026-10-05T17:11:51.957Z,2026-10-05T17:11:52.073Z,NA,electoral_roll_stage
qc-prov-2026-10-05-general,qc-prov-2026-2026-581,50335,50427,50543,src_fd3351236900,src_fd3351236900_20261005171151957_caf8e275157b,2026-10-05T17:11:51.957Z,2026-10-05T17:11:52.073Z,NA,electoral_roll_stage
qc-prov-2026-10-05-general,qc-prov-2026-2026-141,53549,53578,53590,src_fd3351236900,src_fd3351236900_20261005171151957_caf8e275157b,2026-10-05T17:11:51.957Z,2026-10-05T17:11:52.073Z,NA,electoral_roll_stage
qc-prov-2026-10-05-general,qc-prov-2026-2026-819,43080,43118,43146,src_fd3351236900,src_fd3351236900_20261005171151957_caf8e275157b,2026-10-05T17:11:51.957Z,2026-10-05T17:11:52.073Z,NA,electoral_roll_stage
qc-prov-2026-10-05-general,qc-prov-2026-2026-813,37076,37073,37086,src_fd3351236900,src_fd3351236900_20261005171151957_caf8e275157b,2026-10-05T17:11:51.957Z,2026-10-05T17:11:52.073Z,NA,electoral_roll_stage
qc-prov-2026-10-05-general,qc-prov-2026-2026-357,58413,58513,58638,src_fd3351236900,src_fd3351236900_20261005171151957_caf8e275157b,2026-10-05T17:11:51.957Z,2026-10-05T17:11:52.073Z,NA,electoral_roll_stage
qc-prov-2026-10-05-general,qc-prov-2026-2026-809,30082,30067,30078,src_fd3351236900,src_fd3351236900_20261005171151957_caf8e275157b,2026-10-05T17:11:51.957Z,2026-10-05T17:11:52.073Z,NA,electoral_roll_stage
qc-prov-2026-10-05-general,qc-prov-2026-2026-661,61707,61818,61868,src_fd3351236900,src_fd3351236900_20261005171151957_caf8e275157b,2026-10-05T17:11:51.957Z,2026-10-05T17:11:52.073Z,NA,electoral_roll_stage
qc-prov-2026-10-05-general,qc-prov-2026-2026-311,42595,42923,43048,src_fd3351236900,src_fd3351236900_20261005171151957_caf8e275157b,2026-10-05T17:11:51.957Z,2026-10-05T17:11:52.073Z,NA,electoral_roll_stage
qc-prov-2026-10-05-general,qc-prov-2026-2026-159,58940,59023,59098,src_fd3351236900,src_fd3351236900_20261005171151957_caf8e275157b,2026-10-05T17:11:51.957Z,2026-10-05T17:11:52.073Z,NA,electoral_roll_stage
qc-prov-2026-10-05-general,qc-prov-2026-2026-577,54140,54163,54232,src_fd3351236900,src_fd3351236900_20261005171151957_caf8e275157b,2026-10-05T17:11:51.957Z,2026-10-05T17:11:52.073Z,NA,electoral_roll_stage
qc-prov-2026-10-05-general,qc-prov-2026-2026-317,40308,40601,40887,src_fd3351236900,src_fd3351236900_20261005171151957_caf8e275157b,2026-10-05T17:11:51.957Z,2026-10-05T17:11:52.073Z,NA,electoral_roll_stage
qc-prov-2026-10-05-general,qc-prov-2026-2026-651,60622,60768,60930,src_fd3351236900,src_fd3351236900_20261005171151957_caf8e275157b,2026-10-05T17:11:51.957Z,2026-10-05T17:11:52.073Z,NA,electoral_roll_stage
qc-prov-2026-10-05-general,qc-prov-2026-2026-171,50279,50293,50345,src_fd3351236900,src_fd3351236900_20261005171151957_caf8e275157b,2026-10-05T17:11:51.957Z,2026-10-05T17:11:52.073Z,NA,electoral_roll_stage
qc-prov-2026-10-05-general,qc-prov-2026-2026-161,51324,51350,51380,src_fd3351236900,src_fd3351236900_20261005171151957_caf8e275157b,2026-10-05T17:11:51.957Z,2026-10-05T17:11:52.073Z,NA,electoral_roll_stage
qc-prov-2026-10-05-general,qc-prov-2026-2026-811,11151,11138,11146,src_fd3351236900,src_fd3351236900_20261005171151957_caf8e275157b,2026-10-05T17:11:51.957Z,2026-10-05T17:11:52.073Z,NA,electoral_roll_stage
qc-prov-2026-10-05-general,qc-prov-2026-2026-259,48241,48313,48453,src_fd3351236900,src_fd3351236900_20261005171151957_caf8e275157b,2026-10-05T17:11:51.957Z,2026-10-05T17:11:52.073Z,NA,electoral_roll_stage
qc-prov-2026-10-05-general,qc-prov-2026-2026-757,44159,44373,44566,src_fd3351236900,src_fd3351236900_20261005171151957_caf8e275157b,2026-10-05T17:11:51.957Z,2026-10-05T17:11:52.073Z,NA,electoral_roll_stage
qc-prov-2026-10-05-general,qc-prov-2026-2026-331,49776,49923,50058,src_fd3351236900,src_fd3351236900_20261005171151957_caf8e275157b,2026-10-05T17:11:51.957Z,2026-10-05T17:11:52.073Z,NA,electoral_roll_stage
qc-prov-2026-10-05-general,qc-prov-2026-2026-707,47187,47454,47679,src_fd3351236900,src_fd3351236900_20261005171151957_caf8e275157b,2026-10-05T17:11:51.957Z,2026-10-05T17:11:52.073Z,NA,electoral_roll_stage
qc-prov-2026-10-05-general,qc-prov-2026-2026-629,59280,59329,59374,src_fd3351236900,src_fd3351236900_20261005171151957_caf8e275157b,2026-10-05T17:11:51.957Z,2026-10-05T17:11:52.073Z,NA,electoral_roll_stage
qc-prov-2026-10-05-general,qc-prov-2026-2026-823,45307,45351,45386,src_fd3351236900,src_fd3351236900_20261005171151957_caf8e275157b,2026-10-05T17:11:51.957Z,2026-10-05T17:11:52.073Z,NA,electoral_roll_stage
qc-prov-2026-10-05-general,qc-prov-2026-2026-649,54333,54338,54377,src_fd3351236900,src_fd3351236900_20261005171151957_caf8e275157b,2026-10-05T17:11:51.957Z,2026-10-05T17:11:52.073Z,NA,electoral_roll_stage
qc-prov-2026-10-05-general,qc-prov-2026-2026-827,44702,44702,44713,src_fd3351236900,src_fd3351236900_20261005171151957_caf8e275157b,2026-10-05T17:11:51.957Z,2026-10-05T17:11:52.073Z,NA,electoral_roll_stage
qc-prov-2026-10-05-general,qc-prov-2026-2026-339,42386,42472,42578,src_fd3351236900,src_fd3351236900_20261005171151957_caf8e275157b,2026-10-05T17:11:51.957Z,2026-10-05T17:11:52.073Z,NA,electoral_roll_stage
qc-prov-2026-10-05-general,qc-prov-2026-2026-729,59417,59581,59716,src_fd3351236900,src_fd3351236900_20261005171151957_caf8e275157b,2026-10-05T17:11:51.957Z,2026-10-05T17:11:52.073Z,NA,electoral_roll_stage
qc-prov-2026-10-05-general,qc-prov-2026-2026-201,58488,58651,58855,src_fd3351236900,src_fd3351236900_20261005171151957_caf8e275157b,2026-10-05T17:11:51.957Z,2026-10-05T17:11:52.073Z,NA,electoral_roll_stage
qc-prov-2026-10-05-general,qc-prov-2026-2026-199,50658,50763,50821,src_fd3351236900,src_fd3351236900_20261005171151957_caf8e275157b,2026-10-05T17:11:51.957Z,2026-10-05T17:11:52.073Z,NA,electoral_roll_stage
qc-prov-2026-10-05-general,qc-prov-2026-2026-621,57087,57133,57180,src_fd3351236900,src_fd3351236900_20261005171151957_caf8e275157b,2026-10-05T17:11:51.957Z,2026-10-05T17:11:52.073Z,NA,electoral_roll_stage
qc-prov-2026-10-05-general,qc-prov-2026-2026-307,43970,44227,44350,src_fd3351236900,src_fd3351236900_20261005171151957_caf8e275157b,2026-10-05T17:11:51.957Z,2026-10-05T17:11:52.073Z,NA,electoral_roll_stage
qc-prov-2026-10-05-general,qc-prov-2026-2026-347,56436,56583,56709,src_fd3351236900,src_fd3351236900_20261005171151957_caf8e275157b,2026-10-05T17:11:51.957Z,2026-10-05T17:11:52.073Z,NA,electoral_roll_stage
qc-prov-2026-10-05-general,qc-prov-2026-2026-697,60780,60799,60858,src_fd3351236900,src_fd3351236900_20261005171151957_caf8e275157b,2026-10-05T17:11:51.957Z,2026-10-05T17:11:52.073Z,NA,electoral_roll_stage
qc-prov-2026-10-05-general,qc-prov-2026-2026-601,49764,49831,49881,src_fd3351236900,src_fd3351236900_20261005171151957_caf8e275157b,2026-10-05T17:11:51.957Z,2026-10-05T17:11:52.073Z,NA,electoral_roll_stage
qc-prov-2026-10-05-general,qc-prov-2026-2026-791,53708,53844,53974,src_fd3351236900,src_fd3351236900_20261005171151957_caf8e275157b,2026-10-05T17:11:51.957Z,2026-10-05T17:11:52.073Z,NA,electoral_roll_stage
qc-prov-2026-10-05-general,qc-prov-2026-2026-787,59506,59511,59573,src_fd3351236900,src_fd3351236900_20261005171151957_caf8e275157b,2026-10-05T17:11:51.957Z,2026-10-05T17:11:52.073Z,NA,electoral_roll_stage
qc-prov-2026-10-05-general,qc-prov-2026-2026-709,48098,48095,48123,src_fd3351236900,src_fd3351236900_20261005171151957_caf8e275157b,2026-10-05T17:11:51.957Z,2026-10-05T17:11:52.073Z,NA,electoral_roll_stage
qc-prov-2026-10-05-general,qc-prov-2026-2026-251,53038,53184,53329,src_fd3351236900,src_fd3351236900_20261005171151957_caf8e275157b,2026-10-05T17:11:51.957Z,2026-10-05T17:11:52.073Z,NA,electoral_roll_stage
qc-prov-2026-10-05-general,qc-prov-2026-2026-139,46305,46339,46348,src_fd3351236900,src_fd3351236900_20261005171151957_caf8e275157b,2026-10-05T17:11:51.957Z,2026-10-05T17:11:52.073Z,NA,electoral_roll_stage
qc-prov-2026-10-05-general,qc-prov-2026-2026-219,44352,44506,44615,src_fd3351236900,src_fd3351236900_20261005171151957_caf8e275157b,2026-10-05T17:11:51.957Z,2026-10-05T17:11:52.073Z,NA,electoral_roll_stage
qc-prov-2026-10-05-general,qc-prov-2026-2026-257,45400,45446,45536,src_fd3351236900,src_fd3351236900_20261005171151957_caf8e275157b,2026-10-05T17:11:51.957Z,2026-10-05T17:11:52.073Z,NA,electoral_roll_stage
qc-prov-2026-10-05-general,qc-prov-2026-2026-693,48211,48231,48299,src_fd3351236900,src_fd3351236900_20261005171151957_caf8e275157b,2026-10-05T17:11:51.957Z,2026-10-05T17:11:52.073Z,NA,electoral_roll_stage
qc-prov-2026-10-05-general,qc-prov-2026-2026-611,55226,55296,55391,src_fd3351236900,src_fd3351236900_20261005171151957_caf8e275157b,2026-10-05T17:11:51.957Z,2026-10-05T17:11:52.073Z,NA,electoral_roll_stage
qc-prov-2026-10-05-general,qc-prov-2026-2026-807,46483,46468,46509,src_fd3351236900,src_fd3351236900_20261005171151957_caf8e275157b,2026-10-05T17:11:51.957Z,2026-10-05T17:11:52.073Z,NA,electoral_roll_stage
qc-prov-2026-10-05-general,qc-prov-2026-2026-301,45737,45922,46030,src_fd3351236900,src_fd3351236900_20261005171151957_caf8e275157b,2026-10-05T17:11:51.957Z,2026-10-05T17:11:52.073Z,NA,electoral_roll_stage
qc-prov-2026-10-05-general,qc-prov-2026-2026-117,51853,51870,51892,src_fd3351236900,src_fd3351236900_20261005171151957_caf8e275157b,2026-10-05T17:11:51.957Z,2026-10-05T17:11:52.073Z,NA,electoral_roll_stage
qc-prov-2026-10-05-general,qc-prov-2026-2026-313,44882,45268,45466,src_fd3351236900,src_fd3351236900_20261005171151957_caf8e275157b,2026-10-05T17:11:51.957Z,2026-10-05T17:11:52.073Z,NA,electoral_roll_stage
qc-prov-2026-10-05-general,qc-prov-2026-2026-571,49876,49971,50067,src_fd3351236900,src_fd3351236900_20261005171151957_caf8e275157b,2026-10-05T17:11:51.957Z,2026-10-05T17:11:52.073Z,NA,electoral_roll_stage
qc-prov-2026-10-05-general,qc-prov-2026-2026-587,55216,55302,55314,src_fd3351236900,src_fd3351236900_20261005171151957_caf8e275157b,2026-10-05T17:11:51.957Z,2026-10-05T17:11:52.073Z,NA,electoral_roll_stage
qc-prov-2026-10-05-general,qc-prov-2026-2026-227,53782,53785,53844,src_fd3351236900,src_fd3351236900_20261005171151957_caf8e275157b,2026-10-05T17:11:51.957Z,2026-10-05T17:11:52.073Z,NA,electoral_roll_stage
qc-prov-2026-10-05-general,qc-prov-2026-2026-761,58039,58127,58169,src_fd3351236900,src_fd3351236900_20261005171151957_caf8e275157b,2026-10-05T17:11:51.957Z,2026-10-05T17:11:52.073Z,NA,electoral_roll_stage
qc-prov-2026-10-05-general,qc-prov-2026-2026-297,58525,58739,58920,src_fd3351236900,src_fd3351236900_20261005171151957_caf8e275157b,2026-10-05T17:11:51.957Z,2026-10-05T17:11:52.073Z,NA,electoral_roll_stage
qc-prov-2026-10-05-general,qc-prov-2026-2026-261,58035,58134,58260,src_fd3351236900,src_fd3351236900_20261005171151957_caf8e275157b,2026-10-05T17:11:51.957Z,2026-10-05T17:11:52.073Z,NA,electoral_roll_stage
qc-prov-2026-10-05-general,qc-prov-2026-2026-151,41189,41190,41190,src_fd3351236900,src_fd3351236900_20261005171151957_caf8e275157b,2026-10-05T17:11:51.957Z,2026-10-05T17:11:52.073Z,NA,electoral_roll_stage
qc-prov-2026-10-05-general,qc-prov-2026-2026-279,47042,47126,47267,src_fd3351236900,src_fd3351236900_20261005171151957_caf8e275157b,2026-10-05T17:11:51.957Z,2026-10-05T17:11:52.073Z,NA,electoral_roll_stage
qc-prov-2026-10-05-general,qc-prov-2026-2026-127,47770,47756,47872,src_fd3351236900,src_fd3351236900_20261005171151957_caf8e275157b,2026-10-05T17:11:51.957Z,2026-10-05T17:11:52.073Z,NA,electoral_roll_stage
qc-prov-2026-10-05-general,qc-prov-2026-2026-669,60742,60829,60914,src_fd3351236900,src_fd3351236900_20261005171151957_caf8e275157b,2026-10-05T17:11:51.957Z,2026-10-05T17:11:52.073Z,NA,electoral_roll_stage
qc-prov-2026-10-05-general,qc-prov-2026-2026-217,52893,53008,53125,src_fd3351236900,src_fd3351236900_20261005171151957_caf8e275157b,2026-10-05T17:11:51.957Z,2026-10-05T17:11:52.073Z,NA,electoral_roll_stage
qc-prov-2026-10-05-general,qc-prov-2026-2026-341,40142,40231,40320,src_fd3351236900,src_fd3351236900_20261005171151957_caf8e275157b,2026-10-05T17:11:51.957Z,2026-10-05T17:11:52.073Z,NA,electoral_roll_stage
qc-prov-2026-10-05-general,qc-prov-2026-2026-657,56214,56316,56396,src_fd3351236900,src_fd3351236900_20261005171151957_caf8e275157b,2026-10-05T17:11:51.957Z,2026-10-05T17:11:52.073Z,NA,electoral_roll_stage
qc-prov-2026-10-05-general,qc-prov-2026-2026-727,56043,56081,56143,src_fd3351236900,src_fd3351236900_20261005171151957_caf8e275157b,2026-10-05T17:11:51.957Z,2026-10-05T17:11:52.073Z,NA,electoral_roll_stage
qc-prov-2026-10-05-general,qc-prov-2026-2026-637,53233,53247,53338,src_fd3351236900,src_fd3351236900_20261005171151957_caf8e275157b,2026-10-05T17:11:51.957Z,2026-10-05T17:11:52.073Z,NA,electoral_roll_stage
qc-prov-2026-10-05-general,qc-prov-2026-2026-817,32005,31991,31994,src_fd3351236900,src_fd3351236900_20261005171151957_caf8e275157b,2026-10-05T17:11:51.957Z,2026-10-05T17:11:52.073Z,NA,electoral_roll_stage
qc-prov-2026-10-05-general,qc-prov-2026-2026-617,56605,56684,56810,src_fd3351236900,src_fd3351236900_20261005171151957_caf8e275157b,2026-10-05T17:11:51.957Z,2026-10-05T17:11:52.073Z,NA,electoral_roll_stage
qc-prov-2026-10-05-general,qc-prov-2026-2026-241,54120,54137,54197,src_fd3351236900,src_fd3351236900_20261005171151957_caf8e275157b,2026-10-05T17:11:51.957Z,2026-10-05T17:11:52.073Z,NA,electoral_roll_stage
qc-prov-2026-10-05-general,qc-prov-2026-2026-137,59208,59254,59317,src_fd3351236900,src_fd3351236900_20261005171151957_caf8e275157b,2026-10-05T17:11:51.957Z,2026-10-05T17:11:52.073Z,NA,electoral_roll_stage
qc-prov-2026-10-05-general,qc-prov-2026-2026-803,46434,46476,46512,src_fd3351236900,src_fd3351236900_20261005171151957_caf8e275157b,2026-10-05T17:11:51.957Z,2026-10-05T17:11:52.073Z,NA,electoral_roll_stage
qc-prov-2026-10-05-general,qc-prov-2026-2026-801,52065,52075,52112,src_fd3351236900,src_fd3351236900_20261005171151957_caf8e275157b,2026-10-05T17:11:51.957Z,2026-10-05T17:11:52.073Z,NA,electoral_roll_stage
qc-prov-2026-10-05-general,qc-prov-2026-2026-267,55009,55076,55165,src_fd3351236900,src_fd3351236900_20261005171151957_caf8e275157b,2026-10-05T17:11:51.957Z,2026-10-05T17:11:52.073Z,NA,electoral_roll_stage
qc-prov-2026-10-05-general,qc-prov-2026-2026-829,44555,44548,44568,src_fd3351236900,src_fd3351236900_20261005171151957_caf8e275157b,2026-10-05T17:11:51.957Z,2026-10-05T17:11:52.073Z,NA,electoral_roll_stage
qc-prov-2026-10-05-general,qc-prov-2026-2026-319,51843,52074,52227,src_fd3351236900,src_fd3351236900_20261005171151957_caf8e275157b,2026-10-05T17:11:51.957Z,2026-10-05T17:11:52.073Z,NA,electoral_roll_stage
qc-prov-2026-10-05-general,qc-prov-2026-2026-631,49416,49458,49470,src_fd3351236900,src_fd3351236900_20261005171151957_caf8e275157b,2026-10-05T17:11:51.957Z,2026-10-05T17:11:52.073Z,NA,electoral_roll_stage
qc-prov-2026-10-05-general,qc-prov-2026-2026-671,44460,44444,44483,src_fd3351236900,src_fd3351236900_20261005171151957_caf8e275157b,2026-10-05T17:11:51.957Z,2026-10-05T17:11:52.073Z,NA,electoral_roll_stage
qc-prov-2026-10-05-general,qc-prov-2026-2026-119,54903,55004,55128,src_fd3351236900,src_fd3351236900_20261005171151957_caf8e275157b,2026-10-05T17:11:51.957Z,2026-10-05T17:11:52.073Z,NA,electoral_roll_stage
qc-prov-2026-10-05-general,qc-prov-2026-2026-281,59640,60058,60303,src_fd3351236900,src_fd3351236900_20261005171151957_caf8e275157b,2026-10-05T17:11:51.957Z,2026-10-05T17:11:52.073Z,NA,electoral_roll_stage
qc-prov-2026-10-05-general,qc-prov-2026-2026-239,55577,55605,55678,src_fd3351236900,src_fd3351236900_20261005171151957_caf8e275157b,2026-10-05T17:11:51.957Z,2026-10-05T17:11:52.073Z,NA,electoral_roll_stage
qc-prov-2026-10-05-general,qc-prov-2026-2026-167,61489,61510,61630,src_fd3351236900,src_fd3351236900_20261005171151957_caf8e275157b,2026-10-05T17:11:51.957Z,2026-10-05T17:11:52.073Z,NA,electoral_roll_stage
qc-prov-2026-10-05-general,qc-prov-2026-2026-597,45919,45965,46073,src_fd3351236900,src_fd3351236900_20261005171151957_caf8e275157b,2026-10-05T17:11:51.957Z,2026-10-05T17:11:52.073Z,NA,electoral_roll_stage
qc-prov-2026-10-05-general,qc-prov-2026-2026-271,59278,59519,59634,src_fd3351236900,src_fd3351236900_20261005171151957_caf8e275157b,2026-10-05T17:11:51.957Z,2026-10-05T17:11:52.073Z,NA,electoral_roll_stage
qc-prov-2026-10-05-general,qc-prov-2026-2026-287,42356,42588,42801,src_fd3351236900,src_fd3351236900_20261005171151957_caf8e275157b,2026-10-05T17:11:51.957Z,2026-10-05T17:11:52.073Z,NA,electoral_roll_stage
qc-prov-2026-10-05-general,qc-prov-2026-2026-359,58051,58199,58354,src_fd3351236900,src_fd3351236900_20261005171151957_caf8e275157b,2026-10-05T17:11:51.957Z,2026-10-05T17:11:52.073Z,NA,electoral_roll_stage
qc-prov-2026-10-05-general,qc-prov-2026-2026-197,45332,45422,45500,src_fd3351236900,src_fd3351236900_20261005171151957_caf8e275157b,2026-10-05T17:11:51.957Z,2026-10-05T17:11:52.073Z,NA,electoral_roll_stage
qc-prov-2026-10-05-general,qc-prov-2026-2026-121,53321,53497,53611,src_fd3351236900,src_fd3351236900_20261005171151957_caf8e275157b,2026-10-05T17:11:51.957Z,2026-10-05T17:11:52.073Z,NA,electoral_roll_stage
qc-prov-2026-10-05-general,qc-prov-2026-2026-181,58935,58980,58988,src_fd3351236900,src_fd3351236900_20261005171151957_caf8e275157b,2026-10-05T17:11:51.957Z,2026-10-05T17:11:52.073Z,NA,electoral_roll_stage
qc-prov-2026-10-05-general,qc-prov-2026-2026-221,52058,52144,52308,src_fd3351236900,src_fd3351236900_20261005171151957_caf8e275157b,2026-10-05T17:11:51.957Z,2026-10-05T17:11:52.073Z,NA,electoral_roll_stage
qc-prov-2026-10-05-general,qc-prov-2026-2026-751,47998,48372,48533,src_fd3351236900,src_fd3351236900_20261005171151957_caf8e275157b,2026-10-05T17:11:51.957Z,2026-10-05T17:11:52.073Z,NA,electoral_roll_stage
qc-prov-2026-10-05-general,qc-prov-2026-2026-609,55183,55232,55348,src_fd3351236900,src_fd3351236900_20261005171151957_caf8e275157b,2026-10-05T17:11:51.957Z,2026-10-05T17:11:52.073Z,NA,electoral_roll_stage
qc-prov-2026-10-05-general,qc-prov-2026-2026-691,53912,54027,54099,src_fd3351236900,src_fd3351236900_20261005171151957_caf8e275157b,2026-10-05T17:11:51.957Z,2026-10-05T17:11:52.073Z,NA,electoral_roll_stage
qc-prov-2026-10-05-general,qc-prov-2026-2026-831,30745,30732,30773,src_fd3351236900,src_fd3351236900_20261005171151957_caf8e275157b,2026-10-05T17:11:51.957Z,2026-10-05T17:11:52.073Z,NA,electoral_roll_stage
qc-prov-2026-10-05-general,qc-prov-2026-2026-211,54006,54166,54272,src_fd3351236900,src_fd3351236900_20261005171151957_caf8e275157b,2026-10-05T17:11:51.957Z,2026-10-05T17:11:52.073Z,NA,electoral_roll_stage
qc-prov-2026-10-05-general,qc-prov-2026-2026-749,59393,59526,59670,src_fd3351236900,src_fd3351236900_20261005171151957_caf8e275157b,2026-10-05T17:11:51.957Z,2026-10-05T17:11:52.073Z,NA,electoral_roll_stage
qc-prov-2026-10-05-general,qc-prov-2026-2026-187,62243,62366,62499,src_fd3351236900,src_fd3351236900_20261005171151957_caf8e275157b,2026-10-05T17:11:51.957Z,2026-10-05T17:11:52.073Z,NA,electoral_roll_stage
qc-prov-2026-10-05-general,qc-prov-2026-2026-231,56374,56391,56400,src_fd3351236900,src_fd3351236900_20261005171151957_caf8e275157b,2026-10-05T17:11:51.957Z,2026-10-05T17:11:52.073Z,NA,electoral_roll_stage
qc-prov-2026-10-05-general,qc-prov-2026-2026-247,49455,49740,49960,src_fd3351236900,src_fd3351236900_20261005171151957_caf8e275157b,2026-10-05T17:11:51.957Z,2026-10-05T17:11:52.073Z,NA,electoral_roll_stage
qc-prov-2026-10-05-general,qc-prov-2026-2026-321,39166,39324,39447,src_fd3351236900,src_fd3351236900_20261005171151957_caf8e275157b,2026-10-05T17:11:51.957Z,2026-10-05T17:11:52.073Z,NA,electoral_roll_stage
qc-prov-2026-10-05-general,qc-prov-2026-2026-569,46892,46963,47039,src_fd3351236900,src_fd3351236900_20261005171151957_caf8e275157b,2026-10-05T17:11:51.957Z,2026-10-05T17:11:52.073Z,NA,electoral_roll_stage
qc-prov-2026-10-05-general,qc-prov-2026-2026-291,52574,52830,53027,src_fd3351236900,src_fd3351236900_20261005171151957_caf8e275157b,2026-10-05T17:11:51.957Z,2026-10-05T17:11:52.073Z,NA,electoral_roll_stage
qc-prov-2026-10-05-general,qc-prov-2026-2026-689,33421,33429,33435,src_fd3351236900,src_fd3351236900_20261006151621974_caf8e275157b,2026-10-06T15:16:21.974Z,2026-10-06T15:16:22.123Z,NA,electoral_roll_stage
qc-prov-2026-10-05-general,qc-prov-2026-2026-681,35359,35291,35297,src_fd3351236900,src_fd3351236900_20261006151621974_caf8e275157b,2026-10-06T15:16:21.974Z,2026-10-06T15:16:22.123Z,NA,electoral_roll_stage
qc-prov-2026-10-05-general,qc-prov-2026-2026-299,49937,50139,50260,src_fd3351236900,src_fd3351236900_20261006151621974_caf8e275157b,2026-10-06T15:16:21.974Z,2026-10-06T15:16:22.123Z,NA,electoral_roll_stage
qc-prov-2026-10-05-general,qc-prov-2026-2026-833,41335,41453,41513,src_fd3351236900,src_fd3351236900_20261006151621974_caf8e275157b,2026-10-06T15:16:21.974Z,2026-10-06T15:16:22.123Z,NA,electoral_roll_stage
qc-prov-2026-10-05-general,qc-prov-2026-2026-589,42989,43001,43031,src_fd3351236900,src_fd3351236900_20261006151621974_caf8e275157b,2026-10-06T15:16:21.974Z,2026-10-06T15:16:22.123Z,NA,electoral_roll_stage
qc-prov-2026-10-05-general,qc-prov-2026-2026-147,61868,61872,61899,src_fd3351236900,src_fd3351236900_20261006151621974_caf8e275157b,2026-10-06T15:16:21.974Z,2026-10-06T15:16:22.123Z,NA,electoral_roll_stage
qc-prov-2026-10-05-general,qc-prov-2026-2026-781,46549,46578,46638,src_fd3351236900,src_fd3351236900_20261006151621974_caf8e275157b,2026-10-06T15:16:21.974Z,2026-10-06T15:16:22.123Z,NA,electoral_roll_stage
qc-prov-2026-10-05-general,qc-prov-2026-2026-777,50761,50762,50806,src_fd3351236900,src_fd3351236900_20261006151621974_caf8e275157b,2026-10-06T15:16:21.974Z,2026-10-06T15:16:22.123Z,NA,electoral_roll_stage
qc-prov-2026-10-05-general,qc-prov-2026-2026-179,59767,59845,59914,src_fd3351236900,src_fd3351236900_20261006151621974_caf8e275157b,2026-10-06T15:16:21.974Z,2026-10-06T15:16:22.123Z,NA,electoral_roll_stage
qc-prov-2026-10-05-general,qc-prov-2026-2026-797,46149,46173,46176,src_fd3351236900,src_fd3351236900_20261006151621974_caf8e275157b,2026-10-06T15:16:21.974Z,2026-10-06T15:16:22.123Z,NA,electoral_roll_stage
qc-prov-2026-10-05-general,qc-prov-2026-2026-591,45279,45339,45350,src_fd3351236900,src_fd3351236900_20261006151621974_caf8e275157b,2026-10-06T15:16:21.974Z,2026-10-06T15:16:22.123Z,NA,electoral_roll_stage
qc-prov-2026-10-05-general,qc-prov-2026-2026-627,53939,53987,54013,src_fd3351236900,src_fd3351236900_20261006151621974_caf8e275157b,2026-10-06T15:16:21.974Z,2026-10-06T15:16:22.123Z,NA,electoral_roll_stage
qc-prov-2026-10-05-general,qc-prov-2026-2026-641,59914,59960,60020,src_fd3351236900,src_fd3351236900_20261006151621974_caf8e275157b,2026-10-06T15:16:21.974Z,2026-10-06T15:16:22.123Z,NA,electoral_roll_stage
qc-prov-2026-10-05-general,qc-prov-2026-2026-607,62280,62316,62415,src_fd3351236900,src_fd3351236900_20261006151621974_caf8e275157b,2026-10-06T15:16:21.974Z,2026-10-06T15:16:22.123Z,NA,electoral_roll_stage
qc-prov-2026-10-05-general,qc-prov-2026-2026-837,35864,35842,35863,src_fd3351236900,src_fd3351236900_20261006151621974_caf8e275157b,2026-10-06T15:16:21.974Z,2026-10-06T15:16:22.123Z,NA,electoral_roll_stage
qc-prov-2026-10-05-general,qc-prov-2026-2026-237,58595,58591,58681,src_fd3351236900,src_fd3351236900_20261006151621974_caf8e275157b,2026-10-06T15:16:21.974Z,2026-10-06T15:16:22.123Z,NA,electoral_roll_stage
qc-prov-2026-10-05-general,qc-prov-2026-2026-327,44066,44161,44262,src_fd3351236900,src_fd3351236900_20261006151621974_caf8e275157b,2026-10-06T15:16:21.974Z,2026-10-06T15:16:22.123Z,NA,electoral_roll_stage
qc-prov-2026-10-05-general,qc-prov-2026-2026-157,57369,57397,57463,src_fd3351236900,src_fd3351236900_20261006151621974_caf8e275157b,2026-10-06T15:16:21.974Z,2026-10-06T15:16:22.123Z,NA,electoral_roll_stage
qc-prov-2026-10-05-general,qc-prov-2026-2026-337,49084,49193,49366,src_fd3351236900,src_fd3351236900_20261006151621974_caf8e275157b,2026-10-06T15:16:21.974Z,2026-10-06T15:16:22.123Z,NA,electoral_roll_stage
qc-prov-2026-10-05-general,qc-prov-2026-2026-207,54342,54414,54491,src_fd3351236900,src_fd3351236900_20261006151621974_caf8e275157b,2026-10-06T15:16:21.974Z,2026-10-06T15:16:22.123Z,NA,electoral_roll_stage
qc-prov-2026-10-05-general,qc-prov-2026-2026-701,60661,60692,60778,src_fd3351236900,src_fd3351236900_20261006151621974_caf8e275157b,2026-10-06T15:16:21.974Z,2026-10-06T15:16:22.123Z,NA,electoral_roll_stage
qc-prov-2026-10-05-general,qc-prov-2026-2026-667,58916,59068,59175,src_fd3351236900,src_fd3351236900_20261006151621974_caf8e275157b,2026-10-06T15:16:21.974Z,2026-10-06T15:16:22.123Z,NA,electoral_roll_stage
qc-prov-2026-10-05-general,qc-prov-2026-2026-767,57485,57553,57677,src_fd3351236900,src_fd3351236900_20261006151621974_caf8e275157b,2026-10-06T15:16:21.974Z,2026-10-06T15:16:22.123Z,NA,electoral_roll_stage
qc-prov-2026-10-05-general,qc-prov-2026-2026-771,55904,55920,55981,src_fd3351236900,src_fd3351236900_20261006151621974_caf8e275157b,2026-10-06T15:16:21.974Z,2026-10-06T15:16:22.123Z,NA,electoral_roll_stage
qc-prov-2026-10-05-general,qc-prov-2026-2026-191,56790,56908,57052,src_fd3351236900,src_fd3351236900_20261006151621974_caf8e275157b,2026-10-06T15:16:21.974Z,2026-10-06T15:16:22.123Z,NA,electoral_roll_stage
qc-prov-2026-10-05-general,qc-prov-2026-2026-769,59824,59887,59959,src_fd3351236900,src_fd3351236900_20261006151621974_caf8e275157b,2026-10-06T15:16:21.974Z,2026-10-06T15:16:22.123Z,NA,electoral_roll_stage
qc-prov-2026-10-05-general,qc-prov-2026-2026-821,45772,45787,45816,src_fd3351236900,src_fd3351236900_20261006151621974_caf8e275157b,2026-10-06T15:16:21.974Z,2026-10-06T15:16:22.123Z,NA,electoral_roll_stage
qc-prov-2026-10-05-general,qc-prov-2026-2026-351,56887,57023,57168,src_fd3351236900,src_fd3351236900_20261006151621974_caf8e275157b,2026-10-06T15:16:21.974Z,2026-10-06T15:16:22.123Z,NA,electoral_roll_stage
qc-prov-2026-10-05-general,qc-prov-2026-2026-789,61947,62021,62094,src_fd3351236900,src_fd3351236900_20261006151621974_caf8e275157b,2026-10-06T15:16:21.974Z,2026-10-06T15:16:22.123Z,NA,electoral_roll_stage
qc-prov-2026-10-05-general,qc-prov-2026-2026-799,50522,50539,50570,src_fd3351236900,src_fd3351236900_20261006151621974_caf8e275157b,2026-10-06T15:16:21.974Z,2026-10-06T15:16:22.123Z,NA,electoral_roll_stage
qc-prov-2026-10-05-general,qc-prov-2026-2026-131,49410,49446,49444,src_fd3351236900,src_fd3351236900_20261006151621974_caf8e275157b,2026-10-06T15:16:21.974Z,2026-10-06T15:16:22.123Z,NA,electoral_roll_stage
qc-prov-2026-10-05-general,qc-prov-2026-2026-277,56631,56790,56873,src_fd3351236900,src_fd3351236900_20261006151621974_caf8e275157b,2026-10-06T15:16:21.974Z,2026-10-06T15:16:22.123Z,NA,electoral_roll_stage
qc-prov-2026-10-05-general,qc-prov-2026-2026-581,50335,50427,50543,src_fd3351236900,src_fd3351236900_20261006151621974_caf8e275157b,2026-10-06T15:16:21.974Z,2026-10-06T15:16:22.123Z,NA,electoral_roll_stage
qc-prov-2026-10-05-general,qc-prov-2026-2026-141,53549,53578,53590,src_fd3351236900,src_fd3351236900_20261006151621974_caf8e275157b,2026-10-06T15:16:21.974Z,2026-10-06T15:16:22.123Z,NA,electoral_roll_stage
qc-prov-2026-10-05-general,qc-prov-2026-2026-819,43080,43118,43146,src_fd3351236900,src_fd3351236900_20261006151621974_caf8e275157b,2026-10-06T15:16:21.974Z,2026-10-06T15:16:22.123Z,NA,electoral_roll_stage
qc-prov-2026-10-05-general,qc-prov-2026-2026-813,37076,37073,37086,src_fd3351236900,src_fd3351236900_20261006151621974_caf8e275157b,2026-10-06T15:16:21.974Z,2026-10-06T15:16:22.123Z,NA,electoral_roll_stage
qc-prov-2026-10-05-general,qc-prov-2026-2026-357,58413,58513,58638,src_fd3351236900,src_fd3351236900_20261006151621974_caf8e275157b,2026-10-06T15:16:21.974Z,2026-10-06T15:16:22.123Z,NA,electoral_roll_stage
qc-prov-2026-10-05-general,qc-prov-2026-2026-809,30082,30067,30078,src_fd3351236900,src_fd3351236900_20261006151621974_caf8e275157b,2026-10-06T15:16:21.974Z,2026-10-06T15:16:22.123Z,NA,electoral_roll_stage
qc-prov-2026-10-05-general,qc-prov-2026-2026-661,61707,61818,61868,src_fd3351236900,src_fd3351236900_20261006151621974_caf8e275157b,2026-10-06T15:16:21.974Z,2026-10-06T15:16:22.123Z,NA,electoral_roll_stage
qc-prov-2026-10-05-general,qc-prov-2026-2026-311,42595,42923,43048,src_fd3351236900,src_fd3351236900_20261006151621974_caf8e275157b,2026-10-06T15:16:21.974Z,2026-10-06T15:16:22.123Z,NA,electoral_roll_stage
qc-prov-2026-10-05-general,qc-prov-2026-2026-159,58940,59023,59098,src_fd3351236900,src_fd3351236900_20261006151621974_caf8e275157b,2026-10-06T15:16:21.974Z,2026-10-06T15:16:22.123Z,NA,electoral_roll_stage
qc-prov-2026-10-05-general,qc-prov-2026-2026-577,54140,54163,54232,src_fd3351236900,src_fd3351236900_20261006151621974_caf8e275157b,2026-10-06T15:16:21.974Z,2026-10-06T15:16:22.123Z,NA,electoral_roll_stage
qc-prov-2026-10-05-general,qc-prov-2026-2026-317,40308,40601,40887,src_fd3351236900,src_fd3351236900_20261006151621974_caf8e275157b,2026-10-06T15:16:21.974Z,2026-10-06T15:16:22.123Z,NA,electoral_roll_stage
qc-prov-2026-10-05-general,qc-prov-2026-2026-651,60622,60768,60930,src_fd3351236900,src_fd3351236900_20261006151621974_caf8e275157b,2026-10-06T15:16:21.974Z,2026-10-06T15:16:22.123Z,NA,electoral_roll_stage
qc-prov-2026-10-05-general,qc-prov-2026-2026-171,50279,50293,50345,src_fd3351236900,src_fd3351236900_20261006151621974_caf8e275157b,2026-10-06T15:16:21.974Z,2026-10-06T15:16:22.123Z,NA,electoral_roll_stage
qc-prov-2026-10-05-general,qc-prov-2026-2026-161,51324,51350,51380,src_fd3351236900,src_fd3351236900_20261006151621974_caf8e275157b,2026-10-06T15:16:21.974Z,2026-10-06T15:16:22.123Z,NA,electoral_roll_stage
qc-prov-2026-10-05-general,qc-prov-2026-2026-811,11151,11138,11146,src_fd3351236900,src_fd3351236900_20261006151621974_caf8e275157b,2026-10-06T15:16:21.974Z,2026-10-06T15:16:22.123Z,NA,electoral_roll_stage
qc-prov-2026-10-05-general,qc-prov-2026-2026-259,48241,48313,48453,src_fd3351236900,src_fd3351236900_20261006151621974_caf8e275157b,2026-10-06T15:16:21.974Z,2026-10-06T15:16:22.123Z,NA,electoral_roll_stage
qc-prov-2026-10-05-general,qc-prov-2026-2026-757,44159,44373,44566,src_fd3351236900,src_fd3351236900_20261006151621974_caf8e275157b,2026-10-06T15:16:21.974Z,2026-10-06T15:16:22.123Z,NA,electoral_roll_stage
qc-prov-2026-10-05-general,qc-prov-2026-2026-331,49776,49923,50058,src_fd3351236900,src_fd3351236900_20261006151621974_caf8e275157b,2026-10-06T15:16:21.974Z,2026-10-06T15:16:22.123Z,NA,electoral_roll_stage
qc-prov-2026-10-05-general,qc-prov-2026-2026-707,47187,47454,47679,src_fd3351236900,src_fd3351236900_20261006151621974_caf8e275157b,2026-10-06T15:16:21.974Z,2026-10-06T15:16:22.123Z,NA,electoral_roll_stage
qc-prov-2026-10-05-general,qc-prov-2026-2026-629,59280,59329,59374,src_fd3351236900,src_fd3351236900_20261006151621974_caf8e275157b,2026-10-06T15:16:21.974Z,2026-10-06T15:16:22.123Z,NA,electoral_roll_stage
qc-prov-2026-10-05-general,qc-prov-2026-2026-823,45307,45351,45386,src_fd3351236900,src_fd3351236900_20261006151621974_caf8e275157b,2026-10-06T15:16:21.974Z,2026-10-06T15:16:22.123Z,NA,electoral_roll_stage
qc-prov-2026-10-05-general,qc-prov-2026-2026-649,54333,54338,54377,src_fd3351236900,src_fd3351236900_20261006151621974_caf8e275157b,2026-10-06T15:16:21.974Z,2026-10-06T15:16:22.123Z,NA,electoral_roll_stage
qc-prov-2026-10-05-general,qc-prov-2026-2026-827,44702,44702,44713,src_fd3351236900,src_fd3351236900_20261006151621974_caf8e275157b,2026-10-06T15:16:21.974Z,2026-10-06T15:16:22.123Z,NA,electoral_roll_stage
qc-prov-2026-10-05-general,qc-prov-2026-2026-339,42386,42472,42578,src_fd3351236900,src_fd3351236900_20261006151621974_caf8e275157b,2026-10-06T15:16:21.974Z,2026-10-06T15:16:22.123Z,NA,electoral_roll_stage
qc-prov-2026-10-05-general,qc-prov-2026-2026-729,59417,59581,59716,src_fd3351236900,src_fd3351236900_20261006151621974_caf8e275157b,2026-10-06T15:16:21.974Z,2026-10-06T15:16:22.123Z,NA,electoral_roll_stage
qc-prov-2026-10-05-general,qc-prov-2026-2026-201,58488,58651,58855,src_fd3351236900,src_fd3351236900_20261006151621974_caf8e275157b,2026-10-06T15:16:21.974Z,2026-10-06T15:16:22.123Z,NA,electoral_roll_stage
qc-prov-2026-10-05-general,qc-prov-2026-2026-199,50658,50763,50821,src_fd3351236900,src_fd3351236900_20261006151621974_caf8e275157b,2026-10-06T15:16:21.974Z,2026-10-06T15:16:22.123Z,NA,electoral_roll_stage
qc-prov-2026-10-05-general,qc-prov-2026-2026-621,57087,57133,57180,src_fd3351236900,src_fd3351236900_20261006151621974_caf8e275157b,2026-10-06T15:16:21.974Z,2026-10-06T15:16:22.123Z,NA,electoral_roll_stage
qc-prov-2026-10-05-general,qc-prov-2026-2026-307,43970,44227,44350,src_fd3351236900,src_fd3351236900_20261006151621974_caf8e275157b,2026-10-06T15:16:21.974Z,2026-10-06T15:16:22.123Z,NA,electoral_roll_stage
qc-prov-2026-10-05-general,qc-prov-2026-2026-347,56436,56583,56709,src_fd3351236900,src_fd3351236900_20261006151621974_caf8e275157b,2026-10-06T15:16:21.974Z,2026-10-06T15:16:22.123Z,NA,electoral_roll_stage
qc-prov-2026-10-05-general,qc-prov-2026-2026-697,60780,60799,60858,src_fd3351236900,src_fd3351236900_20261006151621974_caf8e275157b,2026-10-06T15:16:21.974Z,2026-10-06T15:16:22.123Z,NA,electoral_roll_stage
qc-prov-2026-10-05-general,qc-prov-2026-2026-601,49764,49831,49881,src_fd3351236900,src_fd3351236900_20261006151621974_caf8e275157b,2026-10-06T15:16:21.974Z,2026-10-06T15:16:22.123Z,NA,electoral_roll_stage
qc-prov-2026-10-05-general,qc-prov-2026-2026-791,53708,53844,53974,src_fd3351236900,src_fd3351236900_20261006151621974_caf8e275157b,2026-10-06T15:16:21.974Z,2026-10-06T15:16:22.123Z,NA,electoral_roll_stage
qc-prov-2026-10-05-general,qc-prov-2026-2026-787,59506,59511,59573,src_fd3351236900,src_fd3351236900_20261006151621974_caf8e275157b,2026-10-06T15:16:21.974Z,2026-10-06T15:16:22.123Z,NA,electoral_roll_stage
qc-prov-2026-10-05-general,qc-prov-2026-2026-709,48098,48095,48123,src_fd3351236900,src_fd3351236900_20261006151621974_caf8e275157b,2026-10-06T15:16:21.974Z,2026-10-06T15:16:22.123Z,NA,electoral_roll_stage
qc-prov-2026-10-05-general,qc-prov-2026-2026-251,53038,53184,53329,src_fd3351236900,src_fd3351236900_20261006151621974_caf8e275157b,2026-10-06T15:16:21.974Z,2026-10-06T15:16:22.123Z,NA,electoral_roll_stage
qc-prov-2026-10-05-general,qc-prov-2026-2026-139,46305,46339,46348,src_fd3351236900,src_fd3351236900_20261006151621974_caf8e275157b,2026-10-06T15:16:21.974Z,2026-10-06T15:16:22.123Z,NA,electoral_roll_stage
qc-prov-2026-10-05-general,qc-prov-2026-2026-219,44352,44506,44615,src_fd3351236900,src_fd3351236900_20261006151621974_caf8e275157b,2026-10-06T15:16:21.974Z,2026-10-06T15:16:22.123Z,NA,electoral_roll_stage
qc-prov-2026-10-05-general,qc-prov-2026-2026-257,45400,45446,45536,src_fd3351236900,src_fd3351236900_20261006151621974_caf8e275157b,2026-10-06T15:16:21.974Z,2026-10-06T15:16:22.123Z,NA,electoral_roll_stage
qc-prov-2026-10-05-general,qc-prov-2026-2026-693,48211,48231,48299,src_fd3351236900,src_fd3351236900_20261006151621974_caf8e275157b,2026-10-06T15:16:21.974Z,2026-10-06T15:16:22.123Z,NA,electoral_roll_stage
qc-prov-2026-10-05-general,qc-prov-2026-2026-611,55226,55296,55391,src_fd3351236900,src_fd3351236900_20261006151621974_caf8e275157b,2026-10-06T15:16:21.974Z,2026-10-06T15:16:22.123Z,NA,electoral_roll_stage
qc-prov-2026-10-05-general,qc-prov-2026-2026-807,46483,46468,46509,src_fd3351236900,src_fd3351236900_20261006151621974_caf8e275157b,2026-10-06T15:16:21.974Z,2026-10-06T15:16:22.123Z,NA,electoral_roll_stage
qc-prov-2026-10-05-general,qc-prov-2026-2026-301,45737,45922,46030,src_fd3351236900,src_fd3351236900_20261006151621974_caf8e275157b,2026-10-06T15:16:21.974Z,2026-10-06T15:16:22.123Z,NA,electoral_roll_stage
qc-prov-2026-10-05-general,qc-prov-2026-2026-117,51853,51870,51892,src_fd3351236900,src_fd3351236900_20261006151621974_caf8e275157b,2026-10-06T15:16:21.974Z,2026-10-06T15:16:22.123Z,NA,electoral_roll_stage
qc-prov-2026-10-05-general,qc-prov-2026-2026-313,44882,45268,45466,src_fd3351236900,src_fd3351236900_20261006151621974_caf8e275157b,2026-10-06T15:16:21.974Z,2026-10-06T15:16:22.123Z,NA,electoral_roll_stage
qc-prov-2026-10-05-general,qc-prov-2026-2026-571,49876,49971,50067,src_fd3351236900,src_fd3351236900_20261006151621974_caf8e275157b,2026-10-06T15:16:21.974Z,2026-10-06T15:16:22.123Z,NA,electoral_roll_stage
qc-prov-2026-10-05-general,qc-prov-2026-2026-587,55216,55302,55314,src_fd3351236900,src_fd3351236900_20261006151621974_caf8e275157b,2026-10-06T15:16:21.974Z,2026-10-06T15:16:22.123Z,NA,electoral_roll_stage
qc-prov-2026-10-05-general,qc-prov-2026-2026-227,53782,53785,53844,src_fd3351236900,src_fd3351236900_20261006151621974_caf8e275157b,2026-10-06T15:16:21.974Z,2026-10-06T15:16:22.123Z,NA,electoral_roll_stage
qc-prov-2026-10-05-general,qc-prov-2026-2026-761,58039,58127,58169,src_fd3351236900,src_fd3351236900_20261006151621974_caf8e275157b,2026-10-06T15:16:21.974Z,2026-10-06T15:16:22.123Z,NA,electoral_roll_stage
qc-prov-2026-10-05-general,qc-prov-2026-2026-297,58525,58739,58920,src_fd3351236900,src_fd3351236900_20261006151621974_caf8e275157b,2026-10-06T15:16:21.974Z,2026-10-06T15:16:22.123Z,NA,electoral_roll_stage
qc-prov-2026-10-05-general,qc-prov-2026-2026-261,58035,58134,58260,src_fd3351236900,src_fd3351236900_20261006151621974_caf8e275157b,2026-10-06T15:16:21.974Z,2026-10-06T15:16:22.123Z,NA,electoral_roll_stage
qc-prov-2026-10-05-general,qc-prov-2026-2026-151,41189,41190,41190,src_fd3351236900,src_fd3351236900_20261006151621974_caf8e275157b,2026-10-06T15:16:21.974Z,2026-10-06T15:16:22.123Z,NA,electoral_roll_stage
qc-prov-2026-10-05-general,qc-prov-2026-2026-279,47042,47126,47267,src_fd3351236900,src_fd3351236900_20261006151621974_caf8e275157b,2026-10-06T15:16:21.974Z,2026-10-06T15:16:22.123Z,NA,electoral_roll_stage
qc-prov-2026-10-05-general,qc-prov-2026-2026-127,47770,47756,47872,src_fd3351236900,src_fd3351236900_20261006151621974_caf8e275157b,2026-10-06T15:16:21.974Z,2026-10-06T15:16:22.123Z,NA,electoral_roll_stage
qc-prov-2026-10-05-general,qc-prov-2026-2026-669,60742,60829,60914,src_fd3351236900,src_fd3351236900_20261006151621974_caf8e275157b,2026-10-06T15:16:21.974Z,2026-10-06T15:16:22.123Z,NA,electoral_roll_stage
qc-prov-2026-10-05-general,qc-prov-2026-2026-217,52893,53008,53125,src_fd3351236900,src_fd3351236900_20261006151621974_caf8e275157b,2026-10-06T15:16:21.974Z,2026-10-06T15:16:22.123Z,NA,electoral_roll_stage
qc-prov-2026-10-05-general,qc-prov-2026-2026-341,40142,40231,40320,src_fd3351236900,src_fd3351236900_20261006151621974_caf8e275157b,2026-10-06T15:16:21.974Z,2026-10-06T15:16:22.123Z,NA,electoral_roll_stage
qc-prov-2026-10-05-general,qc-prov-2026-2026-657,56214,56316,56396,src_fd3351236900,src_fd3351236900_20261006151621974_caf8e275157b,2026-10-06T15:16:21.974Z,2026-10-06T15:16:22.123Z,NA,electoral_roll_stage
qc-prov-2026-10-05-general,qc-prov-2026-2026-727,56043,56081,56143,src_fd3351236900,src_fd3351236900_20261006151621974_caf8e275157b,2026-10-06T15:16:21.974Z,2026-10-06T15:16:22.123Z,NA,electoral_roll_stage
qc-prov-2026-10-05-general,qc-prov-2026-2026-637,53233,53247,53338,src_fd3351236900,src_fd3351236900_20261006151621974_caf8e275157b,2026-10-06T15:16:21.974Z,2026-10-06T15:16:22.123Z,NA,electoral_roll_stage
qc-prov-2026-10-05-general,qc-prov-2026-2026-817,32005,31991,31994,src_fd3351236900,src_fd3351236900_20261006151621974_caf8e275157b,2026-10-06T15:16:21.974Z,2026-10-06T15:16:22.123Z,NA,electoral_roll_stage
qc-prov-2026-10-05-general,qc-prov-2026-2026-617,56605,56684,56810,src_fd3351236900,src_fd3351236900_20261006151621974_caf8e275157b,2026-10-06T15:16:21.974Z,2026-10-06T15:16:22.123Z,NA,electoral_roll_stage
qc-prov-2026-10-05-general,qc-prov-2026-2026-241,54120,54137,54197,src_fd3351236900,src_fd3351236900_20261006151621974_caf8e275157b,2026-10-06T15:16:21.974Z,2026-10-06T15:16:22.123Z,NA,electoral_roll_stage
qc-prov-2026-10-05-general,qc-prov-2026-2026-137,59208,59254,59317,src_fd3351236900,src_fd3351236900_20261006151621974_caf8e275157b,2026-10-06T15:16:21.974Z,2026-10-06T15:16:22.123Z,NA,electoral_roll_stage
qc-prov-2026-10-05-general,qc-prov-2026-2026-803,46434,46476,46512,src_fd3351236900,src_fd3351236900_20261006151621974_caf8e275157b,2026-10-06T15:16:21.974Z,2026-10-06T15:16:22.123Z,NA,electoral_roll_stage
qc-prov-2026-10-05-general,qc-prov-2026-2026-801,52065,52075,52112,src_fd3351236900,src_fd3351236900_20261006151621974_caf8e275157b,2026-10-06T15:16:21.974Z,2026-10-06T15:16:22.123Z,NA,electoral_roll_stage
qc-prov-2026-10-05-general,qc-prov-2026-2026-267,55009,55076,55165,src_fd3351236900,src_fd3351236900_20261006151621974_caf8e275157b,2026-10-06T15:16:21.974Z,2026-10-06T15:16:22.123Z,NA,electoral_roll_stage
qc-prov-2026-10-05-general,qc-prov-2026-2026-829,44555,44548,44568,src_fd3351236900,src_fd3351236900_20261006151621974_caf8e275157b,2026-10-06T15:16:21.974Z,2026-10-06T15:16:22.123Z,NA,electoral_roll_stage
qc-prov-2026-10-05-general,qc-prov-2026-2026-319,51843,52074,52227,src_fd3351236900,src_fd3351236900_20261006151621974_caf8e275157b,2026-10-06T15:16:21.974Z,2026-10-06T15:16:22.123Z,NA,electoral_roll_stage
qc-prov-2026-10-05-general,qc-prov-2026-2026-631,49416,49458,49470,src_fd3351236900,src_fd3351236900_20261006151621974_caf8e275157b,2026-10-06T15:16:21.974Z,2026-10-06T15:16:22.123Z,NA,electoral_roll_stage
qc-prov-2026-10-05-general,qc-prov-2026-2026-671,44460,44444,44483,src_fd3351236900,src_fd3351236900_20261006151621974_caf8e275157b,2026-10-06T15:16:21.974Z,2026-10-06T15:16:22.123Z,NA,electoral_roll_stage
qc-prov-2026-10-05-general,qc-prov-2026-2026-119,54903,55004,55128,src_fd3351236900,src_fd3351236900_20261006151621974_caf8e275157b,2026-10-06T15:16:21.974Z,2026-10-06T15:16:22.123Z,NA,electoral_roll_stage
qc-prov-2026-10-05-general,qc-prov-2026-2026-281,59640,60058,60303,src_fd3351236900,src_fd3351236900_20261006151621974_caf8e275157b,2026-10-06T15:16:21.974Z,2026-10-06T15:16:22.123Z,NA,electoral_roll_stage
qc-prov-2026-10-05-general,qc-prov-2026-2026-239,55577,55605,55678,src_fd3351236900,src_fd3351236900_20261006151621974_caf8e275157b,2026-10-06T15:16:21.974Z,2026-10-06T15:16:22.123Z,NA,electoral_roll_stage
qc-prov-2026-10-05-general,qc-prov-2026-2026-167,61489,61510,61630,src_fd3351236900,src_fd3351236900_20261006151621974_caf8e275157b,2026-10-06T15:16:21.974Z,2026-10-06T15:16:22.123Z,NA,electoral_roll_stage
qc-prov-2026-10-05-general,qc-prov-2026-2026-597,45919,45965,46073,src_fd3351236900,src_fd3351236900_20261006151621974_caf8e275157b,2026-10-06T15:16:21.974Z,2026-10-06T15:16:22.123Z,NA,electoral_roll_stage
qc-prov-2026-10-05-general,qc-prov-2026-2026-271,59278,59519,59634,src_fd3351236900,src_fd3351236900_20261006151621974_caf8e275157b,2026-10-06T15:16:21.974Z,2026-10-06T15:16:22.123Z,NA,electoral_roll_stage
qc-prov-2026-10-05-general,qc-prov-2026-2026-287,42356,42588,42801,src_fd3351236900,src_fd3351236900_20261006151621974_caf8e275157b,2026-10-06T15:16:21.974Z,2026-10-06T15:16:22.123Z,NA,electoral_roll_stage
qc-prov-2026-10-05-general,qc-prov-2026-2026-359,58051,58199,58354,src_fd3351236900,src_fd3351236900_20261006151621974_caf8e275157b,2026-10-06T15:16:21.974Z,2026-10-06T15:16:22.123Z,NA,electoral_roll_stage
qc-prov-2026-10-05-general,qc-prov-2026-2026-197,45332,45422,45500,src_fd3351236900,src_fd3351236900_20261006151621974_caf8e275157b,2026-10-06T15:16:21.974Z,2026-10-06T15:16:22.123Z,NA,electoral_roll_stage
qc-prov-2026-10-05-general,qc-prov-2026-2026-121,53321,53497,53611,src_fd3351236900,src_fd3351236900_20261006151621974_caf8e275157b,2026-10-06T15:16:21.974Z,2026-10-06T15:16:22.123Z,NA,electoral_roll_stage
qc-prov-2026-10-05-general,qc-prov-2026-2026-181,58935,58980,58988,src_fd3351236900,src_fd3351236900_20261006151621974_caf8e275157b,2026-10-06T15:16:21.974Z,2026-10-06T15:16:22.123Z,NA,electoral_roll_stage
qc-prov-2026-10-05-general,qc-prov-2026-2026-221,52058,52144,52308,src_fd3351236900,src_fd3351236900_20261006151621974_caf8e275157b,2026-10-06T15:16:21.974Z,2026-10-06T15:16:22.123Z,NA,electoral_roll_stage
qc-prov-2026-10-05-general,qc-prov-2026-2026-751,47998,48372,48533,src_fd3351236900,src_fd3351236900_20261006151621974_caf8e275157b,2026-10-06T15:16:21.974Z,2026-10-06T15:16:22.123Z,NA,electoral_roll_stage
qc-prov-2026-10-05-general,qc-prov-2026-2026-609,55183,55232,55348,src_fd3351236900,src_fd3351236900_20261006151621974_caf8e275157b,2026-10-06T15:16:21.974Z,2026-10-06T15:16:22.123Z,NA,electoral_roll_stage
qc-prov-2026-10-05-general,qc-prov-2026-2026-691,53912,54027,54099,src_fd3351236900,src_fd3351236900_20261006151621974_caf8e275157b,2026-10-06T15:16:21.974Z,2026-10-06T15:16:22.123Z,NA,electoral_roll_stage
qc-prov-2026-10-05-general,qc-prov-2026-2026-831,30745,30732,30773,src_fd3351236900,src_fd3351236900_20261006151621974_caf8e275157b,2026-10-06T15:16:21.974Z,2026-10-06T15:16:22.123Z,NA,electoral_roll_stage
qc-prov-2026-10-05-general,qc-prov-2026-2026-211,54006,54166,54272,src_fd3351236900,src_fd3351236900_20261006151621974_caf8e275157b,2026-10-06T15:16:21.974Z,2026-10-06T15:16:22.123Z,NA,electoral_roll_stage
qc-prov-2026-10-05-general,qc-prov-2026-2026-749,59393,59526,59670,src_fd3351236900,src_fd3351236900_20261006151621974_caf8e275157b,2026-10-06T15:16:21.974Z,2026-10-06T15:16:22.123Z,NA,electoral_roll_stage
qc-prov-2026-10-05-general,qc-prov-2026-2026-187,62243,62366,62499,src_fd3351236900,src_fd3351236900_20261006151621974_caf8e275157b,2026-10-06T15:16:21.974Z,2026-10-06T15:16:22.123Z,NA,electoral_roll_stage
qc-prov-2026-10-05-general,qc-prov-2026-2026-231,56374,56391,56400,src_fd3351236900,src_fd3351236900_20261006151621974_caf8e275157b,2026-10-06T15:16:21.974Z,2026-10-06T15:16:22.123Z,NA,electoral_roll_stage
qc-prov-2026-10-05-general,qc-prov-2026-2026-247,49455,49740,49960,src_fd3351236900,src_fd3351236900_20261006151621974_caf8e275157b,2026-10-06T15:16:21.974Z,2026-10-06T15:16:22.123Z,NA,electoral_roll_stage
qc-prov-2026-10-05-general,qc-prov-2026-2026-321,39166,39324,39447,src_fd3351236900,src_fd3351236900_20261006151621974_caf8e275157b,2026-10-06T15:16:21.974Z,2026-10-06T15:16:22.123Z,NA,electoral_roll_stage
qc-prov-2026-10-05-general,qc-prov-2026-2026-569,46892,46963,47039,src_fd3351236900,src_fd3351236900_20261006151621974_caf8e275157b,2026-10-06T15:16:21.974Z,2026-10-06T15:16:22.123Z,NA,electoral_roll_stage
qc-prov-2026-10-05-general,qc-prov-2026-2026-291,52574,52830,53027,src_fd3351236900,src_fd3351236900_20261006151621974_caf8e275157b,2026-10-06T15:16:21.974Z,2026-10-06T15:16:22.123Z,NA,electoral_roll_stage
qc-prov-2026-10-05-general,qc-prov-2026-2026-689,33421,33429,33435,src_fd3351236900,src_fd3351236900_20261007153612779_caf8e275157b,2026-10-07T15:36:12.779Z,2026-10-07T15:36:12.890Z,NA,electoral_roll_stage
qc-prov-2026-10-05-general,qc-prov-2026-2026-681,35359,35291,35297,src_fd3351236900,src_fd3351236900_20261007153612779_caf8e275157b,2026-10-07T15:36:12.779Z,2026-10-07T15:36:12.890Z,NA,electoral_roll_stage
qc-prov-2026-10-05-general,qc-prov-2026-2026-299,49937,50139,50260,src_fd3351236900,src_fd3351236900_20261007153612779_caf8e275157b,2026-10-07T15:36:12.779Z,2026-10-07T15:36:12.890Z,NA,electoral_roll_stage
qc-prov-2026-10-05-general,qc-prov-2026-2026-833,41335,41453,41513,src_fd3351236900,src_fd3351236900_20261007153612779_caf8e275157b,2026-10-07T15:36:12.779Z,2026-10-07T15:36:12.890Z,NA,electoral_roll_stage
qc-prov-2026-10-05-general,qc-prov-2026-2026-589,42989,43001,43031,src_fd3351236900,src_fd3351236900_20261007153612779_caf8e275157b,2026-10-07T15:36:12.779Z,2026-10-07T15:36:12.890Z,NA,electoral_roll_stage
qc-prov-2026-10-05-general,qc-prov-2026-2026-147,61868,61872,61899,src_fd3351236900,src_fd3351236900_20261007153612779_caf8e275157b,2026-10-07T15:36:12.779Z,2026-10-07T15:36:12.890Z,NA,electoral_roll_stage
qc-prov-2026-10-05-general,qc-prov-2026-2026-781,46549,46578,46638,src_fd3351236900,src_fd3351236900_20261007153612779_caf8e275157b,2026-10-07T15:36:12.779Z,2026-10-07T15:36:12.890Z,NA,electoral_roll_stage
qc-prov-2026-10-05-general,qc-prov-2026-2026-777,50761,50762,50806,src_fd3351236900,src_fd3351236900_20261007153612779_caf8e275157b,2026-10-07T15:36:12.779Z,2026-10-07T15:36:12.890Z,NA,electoral_roll_stage
qc-prov-2026-10-05-general,qc-prov-2026-2026-179,59767,59845,59914,src_fd3351236900,src_fd3351236900_20261007153612779_caf8e275157b,2026-10-07T15:36:12.779Z,2026-10-07T15:36:12.890Z,NA,electoral_roll_stage
qc-prov-2026-10-05-general,qc-prov-2026-2026-797,46149,46173,46176,src_fd3351236900,src_fd3351236900_20261007153612779_caf8e275157b,2026-10-07T15:36:12.779Z,2026-10-07T15:36:12.890Z,NA,electoral_roll_stage
qc-prov-2026-10-05-general,qc-prov-2026-2026-591,45279,45339,45350,src_fd3351236900,src_fd3351236900_20261007153612779_caf8e275157b,2026-10-07T15:36:12.779Z,2026-10-07T15:36:12.890Z,NA,electoral_roll_stage
qc-prov-2026-10-05-general,qc-prov-2026-2026-627,53939,53987,54013,src_fd3351236900,src_fd3351236900_20261007153612779_caf8e275157b,2026-10-07T15:36:12.779Z,2026-10-07T15:36:12.890Z,NA,electoral_roll_stage
qc-prov-2026-10-05-general,qc-prov-2026-2026-641,59914,59960,60020,src_fd3351236900,src_fd3351236900_20261007153612779_caf8e275157b,2026-10-07T15:36:12.779Z,2026-10-07T15:36:12.890Z,NA,electoral_roll_stage
qc-prov-2026-10-05-general,qc-prov-2026-2026-607,62280,62316,62415,src_fd3351236900,src_fd3351236900_20261007153612779_caf8e275157b,2026-10-07T15:36:12.779Z,2026-10-07T15:36:12.890Z,NA,electoral_roll_stage
qc-prov-2026-10-05-general,qc-prov-2026-2026-837,35864,35842,35863,src_fd3351236900,src_fd3351236900_20261007153612779_caf8e275157b,2026-10-07T15:36:12.779Z,2026-10-07T15:36:12.890Z,NA,electoral_roll_stage
qc-prov-2026-10-05-general,qc-prov-2026-2026-237,58595,58591,58681,src_fd3351236900,src_fd3351236900_20261007153612779_caf8e275157b,2026-10-07T15:36:12.779Z,2026-10-07T15:36:12.890Z,NA,electoral_roll_stage
qc-prov-2026-10-05-general,qc-prov-2026-2026-327,44066,44161,44262,src_fd3351236900,src_fd3351236900_20261007153612779_caf8e275157b,2026-10-07T15:36:12.779Z,2026-10-07T15:36:12.890Z,NA,electoral_roll_stage
qc-prov-2026-10-05-general,qc-prov-2026-2026-157,57369,57397,57463,src_fd3351236900,src_fd3351236900_20261007153612779_caf8e275157b,2026-10-07T15:36:12.779Z,2026-10-07T15:36:12.890Z,NA,electoral_roll_stage
qc-prov-2026-10-05-general,qc-prov-2026-2026-337,49084,49193,49366,src_fd3351236900,src_fd3351236900_20261007153612779_caf8e275157b,2026-10-07T15:36:12.779Z,2026-10-07T15:36:12.890Z,NA,electoral_roll_stage
qc-prov-2026-10-05-general,qc-prov-2026-2026-207,54342,54414,54491,src_fd3351236900,src_fd3351236900_20261007153612779_caf8e275157b,2026-10-07T15:36:12.779Z,2026-10-07T15:36:12.890Z,NA,electoral_roll_stage
qc-prov-2026-10-05-general,qc-prov-2026-2026-701,60661,60692,60778,src_fd3351236900,src_fd3351236900_20261007153612779_caf8e275157b,2026-10-07T15:36:12.779Z,2026-10-07T15:36:12.890Z,NA,electoral_roll_stage
qc-prov-2026-10-05-general,qc-prov-2026-2026-667,58916,59068,59175,src_fd3351236900,src_fd3351236900_20261007153612779_caf8e275157b,2026-10-07T15:36:12.779Z,2026-10-07T15:36:12.890Z,NA,electoral_roll_stage
qc-prov-2026-10-05-general,qc-prov-2026-2026-767,57485,57553,57677,src_fd3351236900,src_fd3351236900_20261007153612779_caf8e275157b,2026-10-07T15:36:12.779Z,2026-10-07T15:36:12.890Z,NA,electoral_roll_stage
qc-prov-2026-10-05-general,qc-prov-2026-2026-771,55904,55920,55981,src_fd3351236900,src_fd3351236900_20261007153612779_caf8e275157b,2026-10-07T15:36:12.779Z,2026-10-07T15:36:12.890Z,NA,electoral_roll_stage
qc-prov-2026-10-05-general,qc-prov-2026-2026-191,56790,56908,57052,src_fd3351236900,src_fd3351236900_20261007153612779_caf8e275157b,2026-10-07T15:36:12.779Z,2026-10-07T15:36:12.890Z,NA,electoral_roll_stage
qc-prov-2026-10-05-general,qc-prov-2026-2026-769,59824,59887,59959,src_fd3351236900,src_fd3351236900_20261007153612779_caf8e275157b,2026-10-07T15:36:12.779Z,2026-10-07T15:36:12.890Z,NA,electoral_roll_stage
qc-prov-2026-10-05-general,qc-prov-2026-2026-821,45772,45787,45816,src_fd3351236900,src_fd3351236900_20261007153612779_caf8e275157b,2026-10-07T15:36:12.779Z,2026-10-07T15:36:12.890Z,NA,electoral_roll_stage
qc-prov-2026-10-05-general,qc-prov-2026-2026-351,56887,57023,57168,src_fd3351236900,src_fd3351236900_20261007153612779_caf8e275157b,2026-10-07T15:36:12.779Z,2026-10-07T15:36:12.890Z,NA,electoral_roll_stage
qc-prov-2026-10-05-general,qc-prov-2026-2026-789,61947,62021,62094,src_fd3351236900,src_fd3351236900_20261007153612779_caf8e275157b,2026-10-07T15:36:12.779Z,2026-10-07T15:36:12.890Z,NA,electoral_roll_stage
qc-prov-2026-10-05-general,qc-prov-2026-2026-799,50522,50539,50570,src_fd3351236900,src_fd3351236900_20261007153612779_caf8e275157b,2026-10-07T15:36:12.779Z,2026-10-07T15:36:12.890Z,NA,electoral_roll_stage
qc-prov-2026-10-05-general,qc-prov-2026-2026-131,49410,49446,49444,src_fd3351236900,src_fd3351236900_20261007153612779_caf8e275157b,2026-10-07T15:36:12.779Z,2026-10-07T15:36:12.890Z,NA,electoral_roll_stage
qc-prov-2026-10-05-general,qc-prov-2026-2026-277,56631,56790,56873,src_fd3351236900,src_fd3351236900_20261007153612779_caf8e275157b,2026-10-07T15:36:12.779Z,2026-10-07T15:36:12.890Z,NA,electoral_roll_stage
qc-prov-2026-10-05-general,qc-prov-2026-2026-581,50335,50427,50543,src_fd3351236900,src_fd3351236900_20261007153612779_caf8e275157b,2026-10-07T15:36:12.779Z,2026-10-07T15:36:12.890Z,NA,electoral_roll_stage
qc-prov-2026-10-05-general,qc-prov-2026-2026-141,53549,53578,53590,src_fd3351236900,src_fd3351236900_20261007153612779_caf8e275157b,2026-10-07T15:36:12.779Z,2026-10-07T15:36:12.890Z,NA,electoral_roll_stage
qc-prov-2026-10-05-general,qc-prov-2026-2026-819,43080,43118,43146,src_fd3351236900,src_fd3351236900_20261007153612779_caf8e275157b,2026-10-07T15:36:12.779Z,2026-10-07T15:36:12.890Z,NA,electoral_roll_stage
qc-prov-2026-10-05-general,qc-prov-2026-2026-813,37076,37073,37086,src_fd3351236900,src_fd3351236900_20261007153612779_caf8e275157b,2026-10-07T15:36:12.779Z,2026-10-07T15:36:12.890Z,NA,electoral_roll_stage
qc-prov-2026-10-05-general,qc-prov-2026-2026-357,58413,58513,58638,src_fd3351236900,src_fd3351236900_20261007153612779_caf8e275157b,2026-10-07T15:36:12.779Z,2026-10-07T15:36:12.890Z,NA,electoral_roll_stage
qc-prov-2026-10-05-general,qc-prov-2026-2026-809,30082,30067,30078,src_fd3351236900,src_fd3351236900_20261007153612779_caf8e275157b,2026-10-07T15:36:12.779Z,2026-10-07T15:36:12.890Z,NA,electoral_roll_stage
qc-prov-2026-10-05-general,qc-prov-2026-2026-661,61707,61818,61868,src_fd3351236900,src_fd3351236900_20261007153612779_caf8e275157b,2026-10-07T15:36:12.779Z,2026-10-07T15:36:12.890Z,NA,electoral_roll_stage
qc-prov-2026-10-05-general,qc-prov-2026-2026-311,42595,42923,43048,src_fd3351236900,src_fd3351236900_20261007153612779_caf8e275157b,2026-10-07T15:36:12.779Z,2026-10-07T15:36:12.890Z,NA,electoral_roll_stage
qc-prov-2026-10-05-general,qc-prov-2026-2026-159,58940,59023,59098,src_fd3351236900,src_fd3351236900_20261007153612779_caf8e275157b,2026-10-07T15:36:12.779Z,2026-10-07T15:36:12.890Z,NA,electoral_roll_stage
qc-prov-2026-10-05-general,qc-prov-2026-2026-577,54140,54163,54232,src_fd3351236900,src_fd3351236900_20261007153612779_caf8e275157b,2026-10-07T15:36:12.779Z,2026-10-07T15:36:12.890Z,NA,electoral_roll_stage
qc-prov-2026-10-05-general,qc-prov-2026-2026-317,40308,40601,40887,src_fd3351236900,src_fd3351236900_20261007153612779_caf8e275157b,2026-10-07T15:36:12.779Z,2026-10-07T15:36:12.890Z,NA,electoral_roll_stage
qc-prov-2026-10-05-general,qc-prov-2026-2026-651,60622,60768,60930,src_fd3351236900,src_fd3351236900_20261007153612779_caf8e275157b,2026-10-07T15:36:12.779Z,2026-10-07T15:36:12.890Z,NA,electoral_roll_stage
qc-prov-2026-10-05-general,qc-prov-2026-2026-171,50279,50293,50345,src_fd3351236900,src_fd3351236900_20261007153612779_caf8e275157b,2026-10-07T15:36:12.779Z,2026-10-07T15:36:12.890Z,NA,electoral_roll_stage
qc-prov-2026-10-05-general,qc-prov-2026-2026-161,51324,51350,51380,src_fd3351236900,src_fd3351236900_20261007153612779_caf8e275157b,2026-10-07T15:36:12.779Z,2026-10-07T15:36:12.890Z,NA,electoral_roll_stage
qc-prov-2026-10-05-general,qc-prov-2026-2026-811,11151,11138,11146,src_fd3351236900,src_fd3351236900_20261007153612779_caf8e275157b,2026-10-07T15:36:12.779Z,2026-10-07T15:36:12.890Z,NA,electoral_roll_stage
qc-prov-2026-10-05-general,qc-prov-2026-2026-259,48241,48313,48453,src_fd3351236900,src_fd3351236900_20261007153612779_caf8e275157b,2026-10-07T15:36:12.779Z,2026-10-07T15:36:12.890Z,NA,electoral_roll_stage
qc-prov-2026-10-05-general,qc-prov-2026-2026-757,44159,44373,44566,src_fd3351236900,src_fd3351236900_20261007153612779_caf8e275157b,2026-10-07T15:36:12.779Z,2026-10-07T15:36:12.890Z,NA,electoral_roll_stage
qc-prov-2026-10-05-general,qc-prov-2026-2026-331,49776,49923,50058,src_fd3351236900,src_fd3351236900_20261007153612779_caf8e275157b,2026-10-07T15:36:12.779Z,2026-10-07T15:36:12.890Z,NA,electoral_roll_stage
qc-prov-2026-10-05-general,qc-prov-2026-2026-707,47187,47454,47679,src_fd3351236900,src_fd3351236900_20261007153612779_caf8e275157b,2026-10-07T15:36:12.779Z,2026-10-07T15:36:12.890Z,NA,electoral_roll_stage
qc-prov-2026-10-05-general,qc-prov-2026-2026-629,59280,59329,59374,src_fd3351236900,src_fd3351236900_20261007153612779_caf8e275157b,2026-10-07T15:36:12.779Z,2026-10-07T15:36:12.890Z,NA,electoral_roll_stage
qc-prov-2026-10-05-general,qc-prov-2026-2026-823,45307,45351,45386,src_fd3351236900,src_fd3351236900_20261007153612779_caf8e275157b,2026-10-07T15:36:12.779Z,2026-10-07T15:36:12.890Z,NA,electoral_roll_stage
qc-prov-2026-10-05-general,qc-prov-2026-2026-649,54333,54338,54377,src_fd3351236900,src_fd3351236900_20261007153612779_caf8e275157b,2026-10-07T15:36:12.779Z,2026-10-07T15:36:12.890Z,NA,electoral_roll_stage
qc-prov-2026-10-05-general,qc-prov-2026-2026-827,44702,44702,44713,src_fd3351236900,src_fd3351236900_20261007153612779_caf8e275157b,2026-10-07T15:36:12.779Z,2026-10-07T15:36:12.890Z,NA,electoral_roll_stage
qc-prov-2026-10-05-general,qc-prov-2026-2026-339,42386,42472,42578,src_fd3351236900,src_fd3351236900_20261007153612779_caf8e275157b,2026-10-07T15:36:12.779Z,2026-10-07T15:36:12.890Z,NA,electoral_roll_stage
qc-prov-2026-10-05-general,qc-prov-2026-2026-729,59417,59581,59716,src_fd3351236900,src_fd3351236900_20261007153612779_caf8e275157b,2026-10-07T15:36:12.779Z,2026-10-07T15:36:12.890Z,NA,electoral_roll_stage
qc-prov-2026-10-05-general,qc-prov-2026-2026-201,58488,58651,58855,src_fd3351236900,src_fd3351236900_20261007153612779_caf8e275157b,2026-10-07T15:36:12.779Z,2026-10-07T15:36:12.890Z,NA,electoral_roll_stage
qc-prov-2026-10-05-general,qc-prov-2026-2026-199,50658,50763,50821,src_fd3351236900,src_fd3351236900_20261007153612779_caf8e275157b,2026-10-07T15:36:12.779Z,2026-10-07T15:36:12.890Z,NA,electoral_roll_stage
qc-prov-2026-10-05-general,qc-prov-2026-2026-621,57087,57133,57180,src_fd3351236900,src_fd3351236900_20261007153612779_caf8e275157b,2026-10-07T15:36:12.779Z,2026-10-07T15:36:12.890Z,NA,electoral_roll_stage
qc-prov-2026-10-05-general,qc-prov-2026-2026-307,43970,44227,44350,src_fd3351236900,src_fd3351236900_20261007153612779_caf8e275157b,2026-10-07T15:36:12.779Z,2026-10-07T15:36:12.890Z,NA,electoral_roll_stage
qc-prov-2026-10-05-general,qc-prov-2026-2026-347,56436,56583,56709,src_fd3351236900,src_fd3351236900_20261007153612779_caf8e275157b,2026-10-07T15:36:12.779Z,2026-10-07T15:36:12.890Z,NA,electoral_roll_stage
qc-prov-2026-10-05-general,qc-prov-2026-2026-697,60780,60799,60858,src_fd3351236900,src_fd3351236900_20261007153612779_caf8e275157b,2026-10-07T15:36:12.779Z,2026-10-07T15:36:12.890Z,NA,electoral_roll_stage
qc-prov-2026-10-05-general,qc-prov-2026-2026-601,49764,49831,49881,src_fd3351236900,src_fd3351236900_20261007153612779_caf8e275157b,2026-10-07T15:36:12.779Z,2026-10-07T15:36:12.890Z,NA,electoral_roll_stage
qc-prov-2026-10-05-general,qc-prov-2026-2026-791,53708,53844,53974,src_fd3351236900,src_fd3351236900_20261007153612779_caf8e275157b,2026-10-07T15:36:12.779Z,2026-10-07T15:36:12.890Z,NA,electoral_roll_stage
qc-prov-2026-10-05-general,qc-prov-2026-2026-787,59506,59511,59573,src_fd3351236900,src_fd3351236900_20261007153612779_caf8e275157b,2026-10-07T15:36:12.779Z,2026-10-07T15:36:12.890Z,NA,electoral_roll_stage
qc-prov-2026-10-05-general,qc-prov-2026-2026-709,48098,48095,48123,src_fd3351236900,src_fd3351236900_20261007153612779_caf8e275157b,2026-10-07T15:36:12.779Z,2026-10-07T15:36:12.890Z,NA,electoral_roll_stage
qc-prov-2026-10-05-general,qc-prov-2026-2026-251,53038,53184,53329,src_fd3351236900,src_fd3351236900_20261007153612779_caf8e275157b,2026-10-07T15:36:12.779Z,2026-10-07T15:36:12.890Z,NA,electoral_roll_stage
qc-prov-2026-10-05-general,qc-prov-2026-2026-139,46305,46339,46348,src_fd3351236900,src_fd3351236900_20261007153612779_caf8e275157b,2026-10-07T15:36:12.779Z,2026-10-07T15:36:12.890Z,NA,electoral_roll_stage
qc-prov-2026-10-05-general,qc-prov-2026-2026-219,44352,44506,44615,src_fd3351236900,src_fd3351236900_20261007153612779_caf8e275157b,2026-10-07T15:36:12.779Z,2026-10-07T15:36:12.890Z,NA,electoral_roll_stage
qc-prov-2026-10-05-general,qc-prov-2026-2026-257,45400,45446,45536,src_fd3351236900,src_fd3351236900_20261007153612779_caf8e275157b,2026-10-07T15:36:12.779Z,2026-10-07T15:36:12.890Z,NA,electoral_roll_stage
qc-prov-2026-10-05-general,qc-prov-2026-2026-693,48211,48231,48299,src_fd3351236900,src_fd3351236900_20261007153612779_caf8e275157b,2026-10-07T15:36:12.779Z,2026-10-07T15:36:12.890Z,NA,electoral_roll_stage
qc-prov-2026-10-05-general,qc-prov-2026-2026-611,55226,55296,55391,src_fd3351236900,src_fd3351236900_20261007153612779_caf8e275157b,2026-10-07T15:36:12.779Z,2026-10-07T15:36:12.890Z,NA,electoral_roll_stage
qc-prov-2026-10-05-general,qc-prov-2026-2026-807,46483,46468,46509,src_fd3351236900,src_fd3351236900_20261007153612779_caf8e275157b,2026-10-07T15:36:12.779Z,2026-10-07T15:36:12.890Z,NA,electoral_roll_stage
qc-prov-2026-10-05-general,qc-prov-2026-2026-301,45737,45922,46030,src_fd3351236900,src_fd3351236900_20261007153612779_caf8e275157b,2026-10-07T15:36:12.779Z,2026-10-07T15:36:12.890Z,NA,electoral_roll_stage
qc-prov-2026-10-05-general,qc-prov-2026-2026-117,51853,51870,51892,src_fd3351236900,src_fd3351236900_20261007153612779_caf8e275157b,2026-10-07T15:36:12.779Z,2026-10-07T15:36:12.890Z,NA,electoral_roll_stage
qc-prov-2026-10-05-general,qc-prov-2026-2026-313,44882,45268,45466,src_fd3351236900,src_fd3351236900_20261007153612779_caf8e275157b,2026-10-07T15:36:12.779Z,2026-10-07T15:36:12.890Z,NA,electoral_roll_stage
qc-prov-2026-10-05-general,qc-prov-2026-2026-571,49876,49971,50067,src_fd3351236900,src_fd3351236900_20261007153612779_caf8e275157b,2026-10-07T15:36:12.779Z,2026-10-07T15:36:12.890Z,NA,electoral_roll_stage
qc-prov-2026-10-05-general,qc-prov-2026-2026-587,55216,55302,55314,src_fd3351236900,src_fd3351236900_20261007153612779_caf8e275157b,2026-10-07T15:36:12.779Z,2026-10-07T15:36:12.890Z,NA,electoral_roll_stage
qc-prov-2026-10-05-general,qc-prov-2026-2026-227,53782,53785,53844,src_fd3351236900,src_fd3351236900_20261007153612779_caf8e275157b,2026-10-07T15:36:12.779Z,2026-10-07T15:36:12.890Z,NA,electoral_roll_stage
qc-prov-2026-10-05-general,qc-prov-2026-2026-761,58039,58127,58169,src_fd3351236900,src_fd3351236900_20261007153612779_caf8e275157b,2026-10-07T15:36:12.779Z,2026-10-07T15:36:12.890Z,NA,electoral_roll_stage
qc-prov-2026-10-05-general,qc-prov-2026-2026-297,58525,58739,58920,src_fd3351236900,src_fd3351236900_20261007153612779_caf8e275157b,2026-10-07T15:36:12.779Z,2026-10-07T15:36:12.890Z,NA,electoral_roll_stage
qc-prov-2026-10-05-general,qc-prov-2026-2026-261,58035,58134,58260,src_fd3351236900,src_fd3351236900_20261007153612779_caf8e275157b,2026-10-07T15:36:12.779Z,2026-10-07T15:36:12.890Z,NA,electoral_roll_stage
qc-prov-2026-10-05-general,qc-prov-2026-2026-151,41189,41190,41190,src_fd3351236900,src_fd3351236900_20261007153612779_caf8e275157b,2026-10-07T15:36:12.779Z,2026-10-07T15:36:12.890Z,NA,electoral_roll_stage
qc-prov-2026-10-05-general,qc-prov-2026-2026-279,47042,47126,47267,src_fd3351236900,src_fd3351236900_20261007153612779_caf8e275157b,2026-10-07T15:36:12.779Z,2026-10-07T15:36:12.890Z,NA,electoral_roll_stage
qc-prov-2026-10-05-general,qc-prov-2026-2026-127,47770,47756,47872,src_fd3351236900,src_fd3351236900_20261007153612779_caf8e275157b,2026-10-07T15:36:12.779Z,2026-10-07T15:36:12.890Z,NA,electoral_roll_stage
qc-prov-2026-10-05-general,qc-prov-2026-2026-669,60742,60829,60914,src_fd3351236900,src_fd3351236900_20261007153612779_caf8e275157b,2026-10-07T15:36:12.779Z,2026-10-07T15:36:12.890Z,NA,electoral_roll_stage
qc-prov-2026-10-05-general,qc-prov-2026-2026-217,52893,53008,53125,src_fd3351236900,src_fd3351236900_20261007153612779_caf8e275157b,2026-10-07T15:36:12.779Z,2026-10-07T15:36:12.890Z,NA,electoral_roll_stage
qc-prov-2026-10-05-general,qc-prov-2026-2026-341,40142,40231,40320,src_fd3351236900,src_fd3351236900_20261007153612779_caf8e275157b,2026-10-07T15:36:12.779Z,2026-10-07T15:36:12.890Z,NA,electoral_roll_stage
qc-prov-2026-10-05-general,qc-prov-2026-2026-657,56214,56316,56396,src_fd3351236900,src_fd3351236900_20261007153612779_caf8e275157b,2026-10-07T15:36:12.779Z,2026-10-07T15:36:12.890Z,NA,electoral_roll_stage
qc-prov-2026-10-05-general,qc-prov-2026-2026-727,56043,56081,56143,src_fd3351236900,src_fd3351236900_20261007153612779_caf8e275157b,2026-10-07T15:36:12.779Z,2026-10-07T15:36:12.890Z,NA,electoral_roll_stage
qc-prov-2026-10-05-general,qc-prov-2026-2026-637,53233,53247,53338,src_fd3351236900,src_fd3351236900_20261007153612779_caf8e275157b,2026-10-07T15:36:12.779Z,2026-10-07T15:36:12.890Z,NA,electoral_roll_stage
qc-prov-2026-10-05-general,qc-prov-2026-2026-817,32005,31991,31994,src_fd3351236900,src_fd3351236900_20261007153612779_caf8e275157b,2026-10-07T15:36:12.779Z,2026-10-07T15:36:12.890Z,NA,electoral_roll_stage
qc-prov-2026-10-05-general,qc-prov-2026-2026-617,56605,56684,56810,src_fd3351236900,src_fd3351236900_20261007153612779_caf8e275157b,2026-10-07T15:36:12.779Z,2026-10-07T15:36:12.890Z,NA,electoral_roll_stage
qc-prov-2026-10-05-general,qc-prov-2026-2026-241,54120,54137,54197,src_fd3351236900,src_fd3351236900_20261007153612779_caf8e275157b,2026-10-07T15:36:12.779Z,2026-10-07T15:36:12.890Z,NA,electoral_roll_stage
qc-prov-2026-10-05-general,qc-prov-2026-2026-137,59208,59254,59317,src_fd3351236900,src_fd3351236900_20261007153612779_caf8e275157b,2026-10-07T15:36:12.779Z,2026-10-07T15:36:12.890Z,NA,electoral_roll_stage
qc-prov-2026-10-05-general,qc-prov-2026-2026-803,46434,46476,46512,src_fd3351236900,src_fd3351236900_20261007153612779_caf8e275157b,2026-10-07T15:36:12.779Z,2026-10-07T15:36:12.890Z,NA,electoral_roll_stage
qc-prov-2026-10-05-general,qc-prov-2026-2026-801,52065,52075,52112,src_fd3351236900,src_fd3351236900_20261007153612779_caf8e275157b,2026-10-07T15:36:12.779Z,2026-10-07T15:36:12.890Z,NA,electoral_roll_stage
qc-prov-2026-10-05-general,qc-prov-2026-2026-267,55009,55076,55165,src_fd3351236900,src_fd3351236900_20261007153612779_caf8e275157b,2026-10-07T15:36:12.779Z,2026-10-07T15:36:12.890Z,NA,electoral_roll_stage
qc-prov-2026-10-05-general,qc-prov-2026-2026-829,44555,44548,44568,src_fd3351236900,src_fd3351236900_20261007153612779_caf8e275157b,2026-10-07T15:36:12.779Z,2026-10-07T15:36:12.890Z,NA,electoral_roll_stage
qc-prov-2026-10-05-general,qc-prov-2026-2026-319,51843,52074,52227,src_fd3351236900,src_fd3351236900_20261007153612779_caf8e275157b,2026-10-07T15:36:12.779Z,2026-10-07T15:36:12.890Z,NA,electoral_roll_stage
qc-prov-2026-10-05-general,qc-prov-2026-2026-631,49416,49458,49470,src_fd3351236900,src_fd3351236900_20261007153612779_caf8e275157b,2026-10-07T15:36:12.779Z,2026-10-07T15:36:12.890Z,NA,electoral_roll_stage
qc-prov-2026-10-05-general,qc-prov-2026-2026-671,44460,44444,44483,src_fd3351236900,src_fd3351236900_20261007153612779_caf8e275157b,2026-10-07T15:36:12.779Z,2026-10-07T15:36:12.890Z,NA,electoral_roll_stage
qc-prov-2026-10-05-general,qc-prov-2026-2026-119,54903,55004,55128,src_fd3351236900,src_fd3351236900_20261007153612779_caf8e275157b,2026-10-07T15:36:12.779Z,2026-10-07T15:36:12.890Z,NA,electoral_roll_stage
qc-prov-2026-10-05-general,qc-prov-2026-2026-281,59640,60058,60303,src_fd3351236900,src_fd3351236900_20261007153612779_caf8e275157b,2026-10-07T15:36:12.779Z,2026-10-07T15:36:12.890Z,NA,electoral_roll_stage
qc-prov-2026-10-05-general,qc-prov-2026-2026-239,55577,55605,55678,src_fd3351236900,src_fd3351236900_20261007153612779_caf8e275157b,2026-10-07T15:36:12.779Z,2026-10-07T15:36:12.890Z,NA,electoral_roll_stage
qc-prov-2026-10-05-general,qc-prov-2026-2026-167,61489,61510,61630,src_fd3351236900,src_fd3351236900_20261007153612779_caf8e275157b,2026-10-07T15:36:12.779Z,2026-10-07T15:36:12.890Z,NA,electoral_roll_stage
qc-prov-2026-10-05-general,qc-prov-2026-2026-597,45919,45965,46073,src_fd3351236900,src_fd3351236900_20261007153612779_caf8e275157b,2026-10-07T15:36:12.779Z,2026-10-07T15:36:12.890Z,NA,electoral_roll_stage
qc-prov-2026-10-05-general,qc-prov-2026-2026-271,59278,59519,59634,src_fd3351236900,src_fd3351236900_20261007153612779_caf8e275157b,2026-10-07T15:36:12.779Z,2026-10-07T15:36:12.890Z,NA,electoral_roll_stage
qc-prov-2026-10-05-general,qc-prov-2026-2026-287,42356,42588,42801,src_fd3351236900,src_fd3351236900_20261007153612779_caf8e275157b,2026-10-07T15:36:12.779Z,2026-10-07T15:36:12.890Z,NA,electoral_roll_stage
qc-prov-2026-10-05-general,qc-prov-2026-2026-359,58051,58199,58354,src_fd3351236900,src_fd3351236900_20261007153612779_caf8e275157b,2026-10-07T15:36:12.779Z,2026-10-07T15:36:12.890Z,NA,electoral_roll_stage
qc-prov-2026-10-05-general,qc-prov-2026-2026-197,45332,45422,45500,src_fd3351236900,src_fd3351236900_20261007153612779_caf8e275157b,2026-10-07T15:36:12.779Z,2026-10-07T15:36:12.890Z,NA,electoral_roll_stage
qc-prov-2026-10-05-general,qc-prov-2026-2026-121,53321,53497,53611,src_fd3351236900,src_fd3351236900_20261007153612779_caf8e275157b,2026-10-07T15:36:12.779Z,2026-10-07T15:36:12.890Z,NA,electoral_roll_stage
qc-prov-2026-10-05-general,qc-prov-2026-2026-181,58935,58980,58988,src_fd3351236900,src_fd3351236900_20261007153612779_caf8e275157b,2026-10-07T15:36:12.779Z,2026-10-07T15:36:12.890Z,NA,electoral_roll_stage
qc-prov-2026-10-05-general,qc-prov-2026-2026-221,52058,52144,52308,src_fd3351236900,src_fd3351236900_20261007153612779_caf8e275157b,2026-10-07T15:36:12.779Z,2026-10-07T15:36:12.890Z,NA,electoral_roll_stage
qc-prov-2026-10-05-general,qc-prov-2026-2026-751,47998,48372,48533,src_fd3351236900,src_fd3351236900_20261007153612779_caf8e275157b,2026-10-07T15:36:12.779Z,2026-10-07T15:36:12.890Z,NA,electoral_roll_stage
qc-prov-2026-10-05-general,qc-prov-2026-2026-609,55183,55232,55348,src_fd3351236900,src_fd3351236900_20261007153612779_caf8e275157b,2026-10-07T15:36:12.779Z,2026-10-07T15:36:12.890Z,NA,electoral_roll_stage
qc-prov-2026-10-05-general,qc-prov-2026-2026-691,53912,54027,54099,src_fd3351236900,src_fd3351236900_20261007153612779_caf8e275157b,2026-10-07T15:36:12.779Z,2026-10-07T15:36:12.890Z,NA,electoral_roll_stage
qc-prov-2026-10-05-general,qc-prov-2026-2026-831,30745,30732,30773,src_fd3351236900,src_fd3351236900_20261007153612779_caf8e275157b,2026-10-07T15:36:12.779Z,2026-10-07T15:36:12.890Z,NA,electoral_roll_stage
qc-prov-2026-10-05-general,qc-prov-2026-2026-211,54006,54166,54272,src_fd3351236900,src_fd3351236900_20261007153612779_caf8e275157b,2026-10-07T15:36:12.779Z,2026-10-07T15:36:12.890Z,NA,electoral_roll_stage
qc-prov-2026-10-05-general,qc-prov-2026-2026-749,59393,59526,59670,src_fd3351236900,src_fd3351236900_20261007153612779_caf8e275157b,2026-10-07T15:36:12.779Z,2026-10-07T15:36:12.890Z,NA,electoral_roll_stage
qc-prov-2026-10-05-general,qc-prov-2026-2026-187,62243,62366,62499,src_fd3351236900,src_fd3351236900_20261007153612779_caf8e275157b,2026-10-07T15:36:12.779Z,2026-10-07T15:36:12.890Z,NA,electoral_roll_stage
qc-prov-2026-10-05-general,qc-prov-2026-2026-231,56374,56391,56400,src_fd3351236900,src_fd3351236900_20261007153612779_caf8e275157b,2026-10-07T15:36:12.779Z,2026-10-07T15:36:12.890Z,NA,electoral_roll_stage
qc-prov-2026-10-05-general,qc-prov-2026-2026-247,49455,49740,49960,src_fd3351236900,src_fd3351236900_20261007153612779_caf8e275157b,2026-10-07T15:36:12.779Z,2026-10-07T15:36:12.890Z,NA,electoral_roll_stage
qc-prov-2026-10-05-general,qc-prov-2026-2026-321,39166,39324,39447,src_fd3351236900,src_fd3351236900_20261007153612779_caf8e275157b,2026-10-07T15:36:12.779Z,2026-10-07T15:36:12.890Z,NA,electoral_roll_stage
qc-prov-2026-10-05-general,qc-prov-2026-2026-569,46892,46963,47039,src_fd3351236900,src_fd3351236900_20261007153612779_caf8e275157b,2026-10-07T15:36:12.779Z,2026-10-07T15:36:12.890Z,NA,electoral_roll_stage
qc-prov-2026-10-05-general,qc-prov-2026-2026-291,52574,52830,53027,src_fd3351236900,src_fd3351236900_20261007153612779_caf8e275157b,2026-10-07T15:36:12.779Z,2026-10-07T15:36:12.890Z,NA,electoral_roll_stage
qc-prov-2026-10-05-general,qc-prov-2026-2026-689,33421,33429,33435,src_fd3351236900,src_fd3351236900_20261008154040504_caf8e275157b,2026-10-08T15:40:40.504Z,2026-10-08T15:40:40.610Z,NA,electoral_roll_stage
qc-prov-2026-10-05-general,qc-prov-2026-2026-681,35359,35291,35297,src_fd3351236900,src_fd3351236900_20261008154040504_caf8e275157b,2026-10-08T15:40:40.504Z,2026-10-08T15:40:40.610Z,NA,electoral_roll_stage
qc-prov-2026-10-05-general,qc-prov-2026-2026-299,49937,50139,50260,src_fd3351236900,src_fd3351236900_20261008154040504_caf8e275157b,2026-10-08T15:40:40.504Z,2026-10-08T15:40:40.610Z,NA,electoral_roll_stage
qc-prov-2026-10-05-general,qc-prov-2026-2026-833,41335,41453,41513,src_fd3351236900,src_fd3351236900_20261008154040504_caf8e275157b,2026-10-08T15:40:40.504Z,2026-10-08T15:40:40.610Z,NA,electoral_roll_stage
qc-prov-2026-10-05-general,qc-prov-2026-2026-589,42989,43001,43031,src_fd3351236900,src_fd3351236900_20261008154040504_caf8e275157b,2026-10-08T15:40:40.504Z,2026-10-08T15:40:40.610Z,NA,electoral_roll_stage
qc-prov-2026-10-05-general,qc-prov-2026-2026-147,61868,61872,61899,src_fd3351236900,src_fd3351236900_20261008154040504_caf8e275157b,2026-10-08T15:40:40.504Z,2026-10-08T15:40:40.610Z,NA,electoral_roll_stage
qc-prov-2026-10-05-general,qc-prov-2026-2026-781,46549,46578,46638,src_fd3351236900,src_fd3351236900_20261008154040504_caf8e275157b,2026-10-08T15:40:40.504Z,2026-10-08T15:40:40.610Z,NA,electoral_roll_stage
qc-prov-2026-10-05-general,qc-prov-2026-2026-777,50761,50762,50806,src_fd3351236900,src_fd3351236900_20261008154040504_caf8e275157b,2026-10-08T15:40:40.504Z,2026-10-08T15:40:40.610Z,NA,electoral_roll_stage
qc-prov-2026-10-05-general,qc-prov-2026-2026-179,59767,59845,59914,src_fd3351236900,src_fd3351236900_20261008154040504_caf8e275157b,2026-10-08T15:40:40.504Z,2026-10-08T15:40:40.610Z,NA,electoral_roll_stage
qc-prov-2026-10-05-general,qc-prov-2026-2026-797,46149,46173,46176,src_fd3351236900,src_fd3351236900_20261008154040504_caf8e275157b,2026-10-08T15:40:40.504Z,2026-10-08T15:40:40.610Z,NA,electoral_roll_stage
qc-prov-2026-10-05-general,qc-prov-2026-2026-591,45279,45339,45350,src_fd3351236900,src_fd3351236900_20261008154040504_caf8e275157b,2026-10-08T15:40:40.504Z,2026-10-08T15:40:40.610Z,NA,electoral_roll_stage
qc-prov-2026-10-05-general,qc-prov-2026-2026-627,53939,53987,54013,src_fd3351236900,src_fd3351236900_20261008154040504_caf8e275157b,2026-10-08T15:40:40.504Z,2026-10-08T15:40:40.610Z,NA,electoral_roll_stage
qc-prov-2026-10-05-general,qc-prov-2026-2026-641,59914,59960,60020,src_fd3351236900,src_fd3351236900_20261008154040504_caf8e275157b,2026-10-08T15:40:40.504Z,2026-10-08T15:40:40.610Z,NA,electoral_roll_stage
qc-prov-2026-10-05-general,qc-prov-2026-2026-607,62280,62316,62415,src_fd3351236900,src_fd3351236900_20261008154040504_caf8e275157b,2026-10-08T15:40:40.504Z,2026-10-08T15:40:40.610Z,NA,electoral_roll_stage
qc-prov-2026-10-05-general,qc-prov-2026-2026-837,35864,35842,35863,src_fd3351236900,src_fd3351236900_20261008154040504_caf8e275157b,2026-10-08T15:40:40.504Z,2026-10-08T15:40:40.610Z,NA,electoral_roll_stage
qc-prov-2026-10-05-general,qc-prov-2026-2026-237,58595,58591,58681,src_fd3351236900,src_fd3351236900_20261008154040504_caf8e275157b,2026-10-08T15:40:40.504Z,2026-10-08T15:40:40.610Z,NA,electoral_roll_stage
qc-prov-2026-10-05-general,qc-prov-2026-2026-327,44066,44161,44262,src_fd3351236900,src_fd3351236900_20261008154040504_caf8e275157b,2026-10-08T15:40:40.504Z,2026-10-08T15:40:40.610Z,NA,electoral_roll_stage
qc-prov-2026-10-05-general,qc-prov-2026-2026-157,57369,57397,57463,src_fd3351236900,src_fd3351236900_20261008154040504_caf8e275157b,2026-10-08T15:40:40.504Z,2026-10-08T15:40:40.610Z,NA,electoral_roll_stage
qc-prov-2026-10-05-general,qc-prov-2026-2026-337,49084,49193,49366,src_fd3351236900,src_fd3351236900_20261008154040504_caf8e275157b,2026-10-08T15:40:40.504Z,2026-10-08T15:40:40.610Z,NA,electoral_roll_stage
qc-prov-2026-10-05-general,qc-prov-2026-2026-207,54342,54414,54491,src_fd3351236900,src_fd3351236900_20261008154040504_caf8e275157b,2026-10-08T15:40:40.504Z,2026-10-08T15:40:40.610Z,NA,electoral_roll_stage
qc-prov-2026-10-05-general,qc-prov-2026-2026-701,60661,60692,60778,src_fd3351236900,src_fd3351236900_20261008154040504_caf8e275157b,2026-10-08T15:40:40.504Z,2026-10-08T15:40:40.610Z,NA,electoral_roll_stage
qc-prov-2026-10-05-general,qc-prov-2026-2026-667,58916,59068,59175,src_fd3351236900,src_fd3351236900_20261008154040504_caf8e275157b,2026-10-08T15:40:40.504Z,2026-10-08T15:40:40.610Z,NA,electoral_roll_stage
qc-prov-2026-10-05-general,qc-prov-2026-2026-767,57485,57553,57677,src_fd3351236900,src_fd3351236900_20261008154040504_caf8e275157b,2026-10-08T15:40:40.504Z,2026-10-08T15:40:40.610Z,NA,electoral_roll_stage
qc-prov-2026-10-05-general,qc-prov-2026-2026-771,55904,55920,55981,src_fd3351236900,src_fd3351236900_20261008154040504_caf8e275157b,2026-10-08T15:40:40.504Z,2026-10-08T15:40:40.610Z,NA,electoral_roll_stage
qc-prov-2026-10-05-general,qc-prov-2026-2026-191,56790,56908,57052,src_fd3351236900,src_fd3351236900_20261008154040504_caf8e275157b,2026-10-08T15:40:40.504Z,2026-10-08T15:40:40.610Z,NA,electoral_roll_stage
qc-prov-2026-10-05-general,qc-prov-2026-2026-769,59824,59887,59959,src_fd3351236900,src_fd3351236900_20261008154040504_caf8e275157b,2026-10-08T15:40:40.504Z,2026-10-08T15:40:40.610Z,NA,electoral_roll_stage
qc-prov-2026-10-05-general,qc-prov-2026-2026-821,45772,45787,45816,src_fd3351236900,src_fd3351236900_20261008154040504_caf8e275157b,2026-10-08T15:40:40.504Z,2026-10-08T15:40:40.610Z,NA,electoral_roll_stage
qc-prov-2026-10-05-general,qc-prov-2026-2026-351,56887,57023,57168,src_fd3351236900,src_fd3351236900_20261008154040504_caf8e275157b,2026-10-08T15:40:40.504Z,2026-10-08T15:40:40.610Z,NA,electoral_roll_stage
qc-prov-2026-10-05-general,qc-prov-2026-2026-789,61947,62021,62094,src_fd3351236900,src_fd3351236900_20261008154040504_caf8e275157b,2026-10-08T15:40:40.504Z,2026-10-08T15:40:40.610Z,NA,electoral_roll_stage
qc-prov-2026-10-05-general,qc-prov-2026-2026-799,50522,50539,50570,src_fd3351236900,src_fd3351236900_20261008154040504_caf8e275157b,2026-10-08T15:40:40.504Z,2026-10-08T15:40:40.610Z,NA,electoral_roll_stage
qc-prov-2026-10-05-general,qc-prov-2026-2026-131,49410,49446,49444,src_fd3351236900,src_fd3351236900_20261008154040504_caf8e275157b,2026-10-08T15:40:40.504Z,2026-10-08T15:40:40.610Z,NA,electoral_roll_stage
qc-prov-2026-10-05-general,qc-prov-2026-2026-277,56631,56790,56873,src_fd3351236900,src_fd3351236900_20261008154040504_caf8e275157b,2026-10-08T15:40:40.504Z,2026-10-08T15:40:40.610Z,NA,electoral_roll_stage
qc-prov-2026-10-05-general,qc-prov-2026-2026-581,50335,50427,50543,src_fd3351236900,src_fd3351236900_20261008154040504_caf8e275157b,2026-10-08T15:40:40.504Z,2026-10-08T15:40:40.610Z,NA,electoral_roll_stage
qc-prov-2026-10-05-general,qc-prov-2026-2026-141,53549,53578,53590,src_fd3351236900,src_fd3351236900_20261008154040504_caf8e275157b,2026-10-08T15:40:40.504Z,2026-10-08T15:40:40.610Z,NA,electoral_roll_stage
qc-prov-2026-10-05-general,qc-prov-2026-2026-819,43080,43118,43146,src_fd3351236900,src_fd3351236900_20261008154040504_caf8e275157b,2026-10-08T15:40:40.504Z,2026-10-08T15:40:40.610Z,NA,electoral_roll_stage
qc-prov-2026-10-05-general,qc-prov-2026-2026-813,37076,37073,37086,src_fd3351236900,src_fd3351236900_20261008154040504_caf8e275157b,2026-10-08T15:40:40.504Z,2026-10-08T15:40:40.610Z,NA,electoral_roll_stage
qc-prov-2026-10-05-general,qc-prov-2026-2026-357,58413,58513,58638,src_fd3351236900,src_fd3351236900_20261008154040504_caf8e275157b,2026-10-08T15:40:40.504Z,2026-10-08T15:40:40.610Z,NA,electoral_roll_stage
qc-prov-2026-10-05-general,qc-prov-2026-2026-809,30082,30067,30078,src_fd3351236900,src_fd3351236900_20261008154040504_caf8e275157b,2026-10-08T15:40:40.504Z,2026-10-08T15:40:40.610Z,NA,electoral_roll_stage
qc-prov-2026-10-05-general,qc-prov-2026-2026-661,61707,61818,61868,src_fd3351236900,src_fd3351236900_20261008154040504_caf8e275157b,2026-10-08T15:40:40.504Z,2026-10-08T15:40:40.610Z,NA,electoral_roll_stage
qc-prov-2026-10-05-general,qc-prov-2026-2026-311,42595,42923,43048,src_fd3351236900,src_fd3351236900_20261008154040504_caf8e275157b,2026-10-08T15:40:40.504Z,2026-10-08T15:40:40.610Z,NA,electoral_roll_stage
qc-prov-2026-10-05-general,qc-prov-2026-2026-159,58940,59023,59098,src_fd3351236900,src_fd3351236900_20261008154040504_caf8e275157b,2026-10-08T15:40:40.504Z,2026-10-08T15:40:40.610Z,NA,electoral_roll_stage
qc-prov-2026-10-05-general,qc-prov-2026-2026-577,54140,54163,54232,src_fd3351236900,src_fd3351236900_20261008154040504_caf8e275157b,2026-10-08T15:40:40.504Z,2026-10-08T15:40:40.610Z,NA,electoral_roll_stage
qc-prov-2026-10-05-general,qc-prov-2026-2026-317,40308,40601,40887,src_fd3351236900,src_fd3351236900_20261008154040504_caf8e275157b,2026-10-08T15:40:40.504Z,2026-10-08T15:40:40.610Z,NA,electoral_roll_stage
qc-prov-2026-10-05-general,qc-prov-2026-2026-651,60622,60768,60930,src_fd3351236900,src_fd3351236900_20261008154040504_caf8e275157b,2026-10-08T15:40:40.504Z,2026-10-08T15:40:40.610Z,NA,electoral_roll_stage
qc-prov-2026-10-05-general,qc-prov-2026-2026-171,50279,50293,50345,src_fd3351236900,src_fd3351236900_20261008154040504_caf8e275157b,2026-10-08T15:40:40.504Z,2026-10-08T15:40:40.610Z,NA,electoral_roll_stage
qc-prov-2026-10-05-general,qc-prov-2026-2026-161,51324,51350,51380,src_fd3351236900,src_fd3351236900_20261008154040504_caf8e275157b,2026-10-08T15:40:40.504Z,2026-10-08T15:40:40.610Z,NA,electoral_roll_stage
qc-prov-2026-10-05-general,qc-prov-2026-2026-811,11151,11138,11146,src_fd3351236900,src_fd3351236900_20261008154040504_caf8e275157b,2026-10-08T15:40:40.504Z,2026-10-08T15:40:40.610Z,NA,electoral_roll_stage
qc-prov-2026-10-05-general,qc-prov-2026-2026-259,48241,48313,48453,src_fd3351236900,src_fd3351236900_20261008154040504_caf8e275157b,2026-10-08T15:40:40.504Z,2026-10-08T15:40:40.610Z,NA,electoral_roll_stage
qc-prov-2026-10-05-general,qc-prov-2026-2026-757,44159,44373,44566,src_fd3351236900,src_fd3351236900_20261008154040504_caf8e275157b,2026-10-08T15:40:40.504Z,2026-10-08T15:40:40.610Z,NA,electoral_roll_stage
qc-prov-2026-10-05-general,qc-prov-2026-2026-331,49776,49923,50058,src_fd3351236900,src_fd3351236900_20261008154040504_caf8e275157b,2026-10-08T15:40:40.504Z,2026-10-08T15:40:40.610Z,NA,electoral_roll_stage
qc-prov-2026-10-05-general,qc-prov-2026-2026-707,47187,47454,47679,src_fd3351236900,src_fd3351236900_20261008154040504_caf8e275157b,2026-10-08T15:40:40.504Z,2026-10-08T15:40:40.610Z,NA,electoral_roll_stage
qc-prov-2026-10-05-general,qc-prov-2026-2026-629,59280,59329,59374,src_fd3351236900,src_fd3351236900_20261008154040504_caf8e275157b,2026-10-08T15:40:40.504Z,2026-10-08T15:40:40.610Z,NA,electoral_roll_stage
qc-prov-2026-10-05-general,qc-prov-2026-2026-823,45307,45351,45386,src_fd3351236900,src_fd3351236900_20261008154040504_caf8e275157b,2026-10-08T15:40:40.504Z,2026-10-08T15:40:40.610Z,NA,electoral_roll_stage
qc-prov-2026-10-05-general,qc-prov-2026-2026-649,54333,54338,54377,src_fd3351236900,src_fd3351236900_20261008154040504_caf8e275157b,2026-10-08T15:40:40.504Z,2026-10-08T15:40:40.610Z,NA,electoral_roll_stage
qc-prov-2026-10-05-general,qc-prov-2026-2026-827,44702,44702,44713,src_fd3351236900,src_fd3351236900_20261008154040504_caf8e275157b,2026-10-08T15:40:40.504Z,2026-10-08T15:40:40.610Z,NA,electoral_roll_stage
qc-prov-2026-10-05-general,qc-prov-2026-2026-339,42386,42472,42578,src_fd3351236900,src_fd3351236900_20261008154040504_caf8e275157b,2026-10-08T15:40:40.504Z,2026-10-08T15:40:40.610Z,NA,electoral_roll_stage
qc-prov-2026-10-05-general,qc-prov-2026-2026-729,59417,59581,59716,src_fd3351236900,src_fd3351236900_20261008154040504_caf8e275157b,2026-10-08T15:40:40.504Z,2026-10-08T15:40:40.610Z,NA,electoral_roll_stage
qc-prov-2026-10-05-general,qc-prov-2026-2026-201,58488,58651,58855,src_fd3351236900,src_fd3351236900_20261008154040504_caf8e275157b,2026-10-08T15:40:40.504Z,2026-10-08T15:40:40.610Z,NA,electoral_roll_stage
qc-prov-2026-10-05-general,qc-prov-2026-2026-199,50658,50763,50821,src_fd3351236900,src_fd3351236900_20261008154040504_caf8e275157b,2026-10-08T15:40:40.504Z,2026-10-08T15:40:40.610Z,NA,electoral_roll_stage
qc-prov-2026-10-05-general,qc-prov-2026-2026-621,57087,57133,57180,src_fd3351236900,src_fd3351236900_20261008154040504_caf8e275157b,2026-10-08T15:40:40.504Z,2026-10-08T15:40:40.610Z,NA,electoral_roll_stage
qc-prov-2026-10-05-general,qc-prov-2026-2026-307,43970,44227,44350,src_fd3351236900,src_fd3351236900_20261008154040504_caf8e275157b,2026-10-08T15:40:40.504Z,2026-10-08T15:40:40.610Z,NA,electoral_roll_stage
qc-prov-2026-10-05-general,qc-prov-2026-2026-347,56436,56583,56709,src_fd3351236900,src_fd3351236900_20261008154040504_caf8e275157b,2026-10-08T15:40:40.504Z,2026-10-08T15:40:40.610Z,NA,electoral_roll_stage
qc-prov-2026-10-05-general,qc-prov-2026-2026-697,60780,60799,60858,src_fd3351236900,src_fd3351236900_20261008154040504_caf8e275157b,2026-10-08T15:40:40.504Z,2026-10-08T15:40:40.610Z,NA,electoral_roll_stage
qc-prov-2026-10-05-general,qc-prov-2026-2026-601,49764,49831,49881,src_fd3351236900,src_fd3351236900_20261008154040504_caf8e275157b,2026-10-08T15:40:40.504Z,2026-10-08T15:40:40.610Z,NA,electoral_roll_stage
qc-prov-2026-10-05-general,qc-prov-2026-2026-791,53708,53844,53974,src_fd3351236900,src_fd3351236900_20261008154040504_caf8e275157b,2026-10-08T15:40:40.504Z,2026-10-08T15:40:40.610Z,NA,electoral_roll_stage
qc-prov-2026-10-05-general,qc-prov-2026-2026-787,59506,59511,59573,src_fd3351236900,src_fd3351236900_20261008154040504_caf8e275157b,2026-10-08T15:40:40.504Z,2026-10-08T15:40:40.610Z,NA,electoral_roll_stage
qc-prov-2026-10-05-general,qc-prov-2026-2026-709,48098,48095,48123,src_fd3351236900,src_fd3351236900_20261008154040504_caf8e275157b,2026-10-08T15:40:40.504Z,2026-10-08T15:40:40.610Z,NA,electoral_roll_stage
qc-prov-2026-10-05-general,qc-prov-2026-2026-251,53038,53184,53329,src_fd3351236900,src_fd3351236900_20261008154040504_caf8e275157b,2026-10-08T15:40:40.504Z,2026-10-08T15:40:40.610Z,NA,electoral_roll_stage
qc-prov-2026-10-05-general,qc-prov-2026-2026-139,46305,46339,46348,src_fd3351236900,src_fd3351236900_20261008154040504_caf8e275157b,2026-10-08T15:40:40.504Z,2026-10-08T15:40:40.610Z,NA,electoral_roll_stage
qc-prov-2026-10-05-general,qc-prov-2026-2026-219,44352,44506,44615,src_fd3351236900,src_fd3351236900_20261008154040504_caf8e275157b,2026-10-08T15:40:40.504Z,2026-10-08T15:40:40.610Z,NA,electoral_roll_stage
qc-prov-2026-10-05-general,qc-prov-2026-2026-257,45400,45446,45536,src_fd3351236900,src_fd3351236900_20261008154040504_caf8e275157b,2026-10-08T15:40:40.504Z,2026-10-08T15:40:40.610Z,NA,electoral_roll_stage
qc-prov-2026-10-05-general,qc-prov-2026-2026-693,48211,48231,48299,src_fd3351236900,src_fd3351236900_20261008154040504_caf8e275157b,2026-10-08T15:40:40.504Z,2026-10-08T15:40:40.610Z,NA,electoral_roll_stage
qc-prov-2026-10-05-general,qc-prov-2026-2026-611,55226,55296,55391,src_fd3351236900,src_fd3351236900_20261008154040504_caf8e275157b,2026-10-08T15:40:40.504Z,2026-10-08T15:40:40.610Z,NA,electoral_roll_stage
qc-prov-2026-10-05-general,qc-prov-2026-2026-807,46483,46468,46509,src_fd3351236900,src_fd3351236900_20261008154040504_caf8e275157b,2026-10-08T15:40:40.504Z,2026-10-08T15:40:40.610Z,NA,electoral_roll_stage
qc-prov-2026-10-05-general,qc-prov-2026-2026-301,45737,45922,46030,src_fd3351236900,src_fd3351236900_20261008154040504_caf8e275157b,2026-10-08T15:40:40.504Z,2026-10-08T15:40:40.610Z,NA,electoral_roll_stage
qc-prov-2026-10-05-general,qc-prov-2026-2026-117,51853,51870,51892,src_fd3351236900,src_fd3351236900_20261008154040504_caf8e275157b,2026-10-08T15:40:40.504Z,2026-10-08T15:40:40.610Z,NA,electoral_roll_stage
qc-prov-2026-10-05-general,qc-prov-2026-2026-313,44882,45268,45466,src_fd3351236900,src_fd3351236900_20261008154040504_caf8e275157b,2026-10-08T15:40:40.504Z,2026-10-08T15:40:40.610Z,NA,electoral_roll_stage
qc-prov-2026-10-05-general,qc-prov-2026-2026-571,49876,49971,50067,src_fd3351236900,src_fd3351236900_20261008154040504_caf8e275157b,2026-10-08T15:40:40.504Z,2026-10-08T15:40:40.610Z,NA,electoral_roll_stage
qc-prov-2026-10-05-general,qc-prov-2026-2026-587,55216,55302,55314,src_fd3351236900,src_fd3351236900_20261008154040504_caf8e275157b,2026-10-08T15:40:40.504Z,2026-10-08T15:40:40.610Z,NA,electoral_roll_stage
qc-prov-2026-10-05-general,qc-prov-2026-2026-227,53782,53785,53844,src_fd3351236900,src_fd3351236900_20261008154040504_caf8e275157b,2026-10-08T15:40:40.504Z,2026-10-08T15:40:40.610Z,NA,electoral_roll_stage
qc-prov-2026-10-05-general,qc-prov-2026-2026-761,58039,58127,58169,src_fd3351236900,src_fd3351236900_20261008154040504_caf8e275157b,2026-10-08T15:40:40.504Z,2026-10-08T15:40:40.610Z,NA,electoral_roll_stage
qc-prov-2026-10-05-general,qc-prov-2026-2026-297,58525,58739,58920,src_fd3351236900,src_fd3351236900_20261008154040504_caf8e275157b,2026-10-08T15:40:40.504Z,2026-10-08T15:40:40.610Z,NA,electoral_roll_stage
qc-prov-2026-10-05-general,qc-prov-2026-2026-261,58035,58134,58260,src_fd3351236900,src_fd3351236900_20261008154040504_caf8e275157b,2026-10-08T15:40:40.504Z,2026-10-08T15:40:40.610Z,NA,electoral_roll_stage
qc-prov-2026-10-05-general,qc-prov-2026-2026-151,41189,41190,41190,src_fd3351236900,src_fd3351236900_20261008154040504_caf8e275157b,2026-10-08T15:40:40.504Z,2026-10-08T15:40:40.610Z,NA,electoral_roll_stage
qc-prov-2026-10-05-general,qc-prov-2026-2026-279,47042,47126,47267,src_fd3351236900,src_fd3351236900_20261008154040504_caf8e275157b,2026-10-08T15:40:40.504Z,2026-10-08T15:40:40.610Z,NA,electoral_roll_stage
qc-prov-2026-10-05-general,qc-prov-2026-2026-127,47770,47756,47872,src_fd3351236900,src_fd3351236900_20261008154040504_caf8e275157b,2026-10-08T15:40:40.504Z,2026-10-08T15:40:40.610Z,NA,electoral_roll_stage
qc-prov-2026-10-05-general,qc-prov-2026-2026-669,60742,60829,60914,src_fd3351236900,src_fd3351236900_20261008154040504_caf8e275157b,2026-10-08T15:40:40.504Z,2026-10-08T15:40:40.610Z,NA,electoral_roll_stage
qc-prov-2026-10-05-general,qc-prov-2026-2026-217,52893,53008,53125,src_fd3351236900,src_fd3351236900_20261008154040504_caf8e275157b,2026-10-08T15:40:40.504Z,2026-10-08T15:40:40.610Z,NA,electoral_roll_stage
qc-prov-2026-10-05-general,qc-prov-2026-2026-341,40142,40231,40320,src_fd3351236900,src_fd3351236900_20261008154040504_caf8e275157b,2026-10-08T15:40:40.504Z,2026-10-08T15:40:40.610Z,NA,electoral_roll_stage
qc-prov-2026-10-05-general,qc-prov-2026-2026-657,56214,56316,56396,src_fd3351236900,src_fd3351236900_20261008154040504_caf8e275157b,2026-10-08T15:40:40.504Z,2026-10-08T15:40:40.610Z,NA,electoral_roll_stage
qc-prov-2026-10-05-general,qc-prov-2026-2026-727,56043,56081,56143,src_fd3351236900,src_fd3351236900_20261008154040504_caf8e275157b,2026-10-08T15:40:40.504Z,2026-10-08T15:40:40.610Z,NA,electoral_roll_stage
qc-prov-2026-10-05-general,qc-prov-2026-2026-637,53233,53247,53338,src_fd3351236900,src_fd3351236900_20261008154040504_caf8e275157b,2026-10-08T15:40:40.504Z,2026-10-08T15:40:40.610Z,NA,electoral_roll_stage
qc-prov-2026-10-05-general,qc-prov-2026-2026-817,32005,31991,31994,src_fd3351236900,src_fd3351236900_20261008154040504_caf8e275157b,2026-10-08T15:40:40.504Z,2026-10-08T15:40:40.610Z,NA,electoral_roll_stage
qc-prov-2026-10-05-general,qc-prov-2026-2026-617,56605,56684,56810,src_fd3351236900,src_fd3351236900_20261008154040504_caf8e275157b,2026-10-08T15:40:40.504Z,2026-10-08T15:40:40.610Z,NA,electoral_roll_stage
qc-prov-2026-10-05-general,qc-prov-2026-2026-241,54120,54137,54197,src_fd3351236900,src_fd3351236900_20261008154040504_caf8e275157b,2026-10-08T15:40:40.504Z,2026-10-08T15:40:40.610Z,NA,electoral_roll_stage
qc-prov-2026-10-05-general,qc-prov-2026-2026-137,59208,59254,59317,src_fd3351236900,src_fd3351236900_20261008154040504_caf8e275157b,2026-10-08T15:40:40.504Z,2026-10-08T15:40:40.610Z,NA,electoral_roll_stage
qc-prov-2026-10-05-general,qc-prov-2026-2026-803,46434,46476,46512,src_fd3351236900,src_fd3351236900_20261008154040504_caf8e275157b,2026-10-08T15:40:40.504Z,2026-10-08T15:40:40.610Z,NA,electoral_roll_stage
qc-prov-2026-10-05-general,qc-prov-2026-2026-801,52065,52075,52112,src_fd3351236900,src_fd3351236900_20261008154040504_caf8e275157b,2026-10-08T15:40:40.504Z,2026-10-08T15:40:40.610Z,NA,electoral_roll_stage
qc-prov-2026-10-05-general,qc-prov-2026-2026-267,55009,55076,55165,src_fd3351236900,src_fd3351236900_20261008154040504_caf8e275157b,2026-10-08T15:40:40.504Z,2026-10-08T15:40:40.610Z,NA,electoral_roll_stage
qc-prov-2026-10-05-general,qc-prov-2026-2026-829,44555,44548,44568,src_fd3351236900,src_fd3351236900_20261008154040504_caf8e275157b,2026-10-08T15:40:40.504Z,2026-10-08T15:40:40.610Z,NA,electoral_roll_stage
qc-prov-2026-10-05-general,qc-prov-2026-2026-319,51843,52074,52227,src_fd3351236900,src_fd3351236900_20261008154040504_caf8e275157b,2026-10-08T15:40:40.504Z,2026-10-08T15:40:40.610Z,NA,electoral_roll_stage
qc-prov-2026-10-05-general,qc-prov-2026-2026-631,49416,49458,49470,src_fd3351236900,src_fd3351236900_20261008154040504_caf8e275157b,2026-10-08T15:40:40.504Z,2026-10-08T15:40:40.610Z,NA,electoral_roll_stage
qc-prov-2026-10-05-general,qc-prov-2026-2026-671,44460,44444,44483,src_fd3351236900,src_fd3351236900_20261008154040504_caf8e275157b,2026-10-08T15:40:40.504Z,2026-10-08T15:40:40.610Z,NA,electoral_roll_stage
qc-prov-2026-10-05-general,qc-prov-2026-2026-119,54903,55004,55128,src_fd3351236900,src_fd3351236900_20261008154040504_caf8e275157b,2026-10-08T15:40:40.504Z,2026-10-08T15:40:40.610Z,NA,electoral_roll_stage
qc-prov-2026-10-05-general,qc-prov-2026-2026-281,59640,60058,60303,src_fd3351236900,src_fd3351236900_20261008154040504_caf8e275157b,2026-10-08T15:40:40.504Z,2026-10-08T15:40:40.610Z,NA,electoral_roll_stage
qc-prov-2026-10-05-general,qc-prov-2026-2026-239,55577,55605,55678,src_fd3351236900,src_fd3351236900_20261008154040504_caf8e275157b,2026-10-08T15:40:40.504Z,2026-10-08T15:40:40.610Z,NA,electoral_roll_stage
qc-prov-2026-10-05-general,qc-prov-2026-2026-167,61489,61510,61630,src_fd3351236900,src_fd3351236900_20261008154040504_caf8e275157b,2026-10-08T15:40:40.504Z,2026-10-08T15:40:40.610Z,NA,electoral_roll_stage
qc-prov-2026-10-05-general,qc-prov-2026-2026-597,45919,45965,46073,src_fd3351236900,src_fd3351236900_20261008154040504_caf8e275157b,2026-10-08T15:40:40.504Z,2026-10-08T15:40:40.610Z,NA,electoral_roll_stage
qc-prov-2026-10-05-general,qc-prov-2026-2026-271,59278,59519,59634,src_fd3351236900,src_fd3351236900_20261008154040504_caf8e275157b,2026-10-08T15:40:40.504Z,2026-10-08T15:40:40.610Z,NA,electoral_roll_stage
qc-prov-2026-10-05-general,qc-prov-2026-2026-287,42356,42588,42801,src_fd3351236900,src_fd3351236900_20261008154040504_caf8e275157b,2026-10-08T15:40:40.504Z,2026-10-08T15:40:40.610Z,NA,electoral_roll_stage
qc-prov-2026-10-05-general,qc-prov-2026-2026-359,58051,58199,58354,src_fd3351236900,src_fd3351236900_20261008154040504_caf8e275157b,2026-10-08T15:40:40.504Z,2026-10-08T15:40:40.610Z,NA,electoral_roll_stage
qc-prov-2026-10-05-general,qc-prov-2026-2026-197,45332,45422,45500,src_fd3351236900,src_fd3351236900_20261008154040504_caf8e275157b,2026-10-08T15:40:40.504Z,2026-10-08T15:40:40.610Z,NA,electoral_roll_stage
qc-prov-2026-10-05-general,qc-prov-2026-2026-121,53321,53497,53611,src_fd3351236900,src_fd3351236900_20261008154040504_caf8e275157b,2026-10-08T15:40:40.504Z,2026-10-08T15:40:40.610Z,NA,electoral_roll_stage
qc-prov-2026-10-05-general,qc-prov-2026-2026-181,58935,58980,58988,src_fd3351236900,src_fd3351236900_20261008154040504_caf8e275157b,2026-10-08T15:40:40.504Z,2026-10-08T15:40:40.610Z,NA,electoral_roll_stage
qc-prov-2026-10-05-general,qc-prov-2026-2026-221,52058,52144,52308,src_fd3351236900,src_fd3351236900_20261008154040504_caf8e275157b,2026-10-08T15:40:40.504Z,2026-10-08T15:40:40.610Z,NA,electoral_roll_stage
qc-prov-2026-10-05-general,qc-prov-2026-2026-751,47998,48372,48533,src_fd3351236900,src_fd3351236900_20261008154040504_caf8e275157b,2026-10-08T15:40:40.504Z,2026-10-08T15:40:40.610Z,NA,electoral_roll_stage
qc-prov-2026-10-05-general,qc-prov-2026-2026-609,55183,55232,55348,src_fd3351236900,src_fd3351236900_20261008154040504_caf8e275157b,2026-10-08T15:40:40.504Z,2026-10-08T15:40:40.610Z,NA,electoral_roll_stage
qc-prov-2026-10-05-general,qc-prov-2026-2026-691,53912,54027,54099,src_fd3351236900,src_fd3351236900_20261008154040504_caf8e275157b,2026-10-08T15:40:40.504Z,2026-10-08T15:40:40.610Z,NA,electoral_roll_stage
qc-prov-2026-10-05-general,qc-prov-2026-2026-831,30745,30732,30773,src_fd3351236900,src_fd3351236900_20261008154040504_caf8e275157b,2026-10-08T15:40:40.504Z,2026-10-08T15:40:40.610Z,NA,electoral_roll_stage
qc-prov-2026-10-05-general,qc-prov-2026-2026-211,54006,54166,54272,src_fd3351236900,src_fd3351236900_20261008154040504_caf8e275157b,2026-10-08T15:40:40.504Z,2026-10-08T15:40:40.610Z,NA,electoral_roll_stage
qc-prov-2026-10-05-general,qc-prov-2026-2026-749,59393,59526,59670,src_fd3351236900,src_fd3351236900_20261008154040504_caf8e275157b,2026-10-08T15:40:40.504Z,2026-10-08T15:40:40.610Z,NA,electoral_roll_stage
qc-prov-2026-10-05-general,qc-prov-2026-2026-187,62243,62366,62499,src_fd3351236900,src_fd3351236900_20261008154040504_caf8e275157b,2026-10-08T15:40:40.504Z,2026-10-08T15:40:40.610Z,NA,electoral_roll_stage
qc-prov-2026-10-05-general,qc-prov-2026-2026-231,56374,56391,56400,src_fd3351236900,src_fd3351236900_20261008154040504_caf8e275157b,2026-10-08T15:40:40.504Z,2026-10-08T15:40:40.610Z,NA,electoral_roll_stage
qc-prov-2026-10-05-general,qc-prov-2026-2026-247,49455,49740,49960,src_fd3351236900,src_fd3351236900_20261008154040504_caf8e275157b,2026-10-08T15:40:40.504Z,2026-10-08T15:40:40.610Z,NA,electoral_roll_stage
qc-prov-2026-10-05-general,qc-prov-2026-2026-321,39166,39324,39447,src_fd3351236900,src_fd3351236900_20261008154040504_caf8e275157b,2026-10-08T15:40:40.504Z,2026-10-08T15:40:40.610Z,NA,electoral_roll_stage
qc-prov-2026-10-05-general,qc-prov-2026-2026-569,46892,46963,47039,src_fd3351236900,src_fd3351236900_20261008154040504_caf8e275157b,2026-10-08T15:40:40.504Z,2026-10-08T15:40:40.610Z,NA,electoral_roll_stage
qc-prov-2026-10-05-general,qc-prov-2026-2026-291,52574,52830,53027,src_fd3351236900,src_fd3351236900_20261008154040504_caf8e275157b,2026-10-08T15:40:40.504Z,2026-10-08T15:40:40.610Z,NA,electoral_roll_stage
