election_id,district_id,district_code,district_name,map_year,code_edition,registered,valid_ballots,rejected_ballots,votes_cast,turnout_source_pct,polls_counted,polls_total,turnout_observed_pct,rejected_ballots_pct,source_id,snapshot_id,observed_at,retrieved_at,source_updated_at,data_status
qc-prov-2014-10-20-partial,qc-prov-2011-2011-663,663,Lévis,2011,2011,47006,21605,165,21770,46.31,159,159,46.31323660809258,0.757923748277446,src_04249426efff,src_04249426efff_20261003140348061_3e0558476091,2026-10-03T14:03:48.061Z,2026-10-03T14:03:49.166Z,2014-10-26T06:23:57.718Z,final
qc-prov-2026-02-23-partial,qc-prov-2017-2022-918,918,Chicoutimi,2017,2022,45778,15432,231,15663,34.22,142,142,34.2151251692953,1.4748132541658685,src_23a95c0b8ace,src_23a95c0b8ace_20261003140142071_e93d20d5ee10,2026-10-03T14:01:42.071Z,2026-10-03T14:01:42.962Z,2026-02-25T07:12:06.569Z,final
qc-prov-2016-12-05-partial,qc-prov-2011-2011-323,323,Arthabaska,2011,2011,60285,25744,265,26009,43.14,201,201,43.14340217301153,1.0188780806643851,src_2d4e90d4e476,src_2d4e90d4e476_20261003140326153_cb135ba81452,2026-10-03T14:03:26.153Z,2026-10-03T14:03:27.324Z,2016-12-11T07:23:47.134Z,final
qc-prov-2016-12-05-partial,qc-prov-2011-2011-213,213,Marie-Victorin,2011,2011,47267,12005,147,12152,25.71,160,160,25.709268622929315,1.2096774193548387,src_2d4e90d4e476,src_2d4e90d4e476_20261003140326153_cb135ba81452,2026-10-03T14:03:26.153Z,2026-10-03T14:03:27.324Z,2016-12-11T07:23:47.134Z,final
qc-prov-2016-12-05-partial,qc-prov-2011-2011-505,505,Saint-Jérôme,2011,2011,58973,19785,235,20020,33.95,212,212,33.94773879572008,1.173826173826174,src_2d4e90d4e476,src_2d4e90d4e476_20261003140326153_cb135ba81452,2026-10-03T14:03:26.153Z,2026-10-03T14:03:27.324Z,2016-12-11T07:23:47.134Z,final
qc-prov-2016-12-05-partial,qc-prov-2011-2011-397,397,Verdun,2011,2011,49758,14365,138,14503,29.15,166,166,29.147071827645807,0.9515272702199544,src_2d4e90d4e476,src_2d4e90d4e476_20261003140326153_cb135ba81452,2026-10-03T14:03:26.153Z,2026-10-03T14:03:27.324Z,2016-12-11T07:23:47.134Z,final
qc-prov-2023-10-02-partial,qc-prov-2017-2022-702,702,Jean-Talon,2017,2022,46941,25684,251,25935,55.25,163,163,55.25020770754777,0.9678041256988624,src_335c9751e725,src_335c9751e725_20261003140151321_78e20bfa311a,2026-10-03T14:01:51.321Z,2026-10-03T14:01:51.793Z,2023-10-04T06:12:13.575Z,final
qc-prov-2022-10-03-general,qc-prov-2017-2022-648,648,Abitibi-Est,2017,2022,33723,20695,404,21099,62.57,126,126,62.56560804198914,1.914782691122802,src_3ee19c14cf6d,src_3ee19c14cf6d_20261003140156867_66a4410f46b2,2026-10-03T14:01:56.867Z,2026-10-03T14:02:00.305Z,2022-10-06T15:55:41.243Z,final
qc-prov-2022-10-03-general,qc-prov-2017-2022-642,642,Abitibi-Ouest,2017,2022,35424,22246,319,22565,63.7,139,139,63.69975158084914,1.4136937735430977,src_3ee19c14cf6d,src_3ee19c14cf6d_20261003140156867_66a4410f46b2,2026-10-03T14:01:56.867Z,2026-10-03T14:02:00.305Z,2022-10-06T15:55:41.243Z,final
qc-prov-2022-10-03-general,qc-prov-2017-2022-338,338,Acadie,2017,2022,49427,25984,434,26418,53.45,165,165,53.44852003965444,1.642819289878113,src_3ee19c14cf6d,src_3ee19c14cf6d_20261003140156867_66a4410f46b2,2026-10-03T14:01:56.867Z,2026-10-03T14:02:00.305Z,2022-10-06T15:55:41.243Z,final
qc-prov-2022-10-03-general,qc-prov-2017-2022-366,366,Anjou-Louis-Riel,2017,2022,41956,26363,427,26790,63.85,133,133,63.85260749356469,1.5938783128032847,src_3ee19c14cf6d,src_3ee19c14cf6d_20261003140156867_66a4410f46b2,2026-10-03T14:01:56.867Z,2026-10-03T14:02:00.305Z,2022-10-06T15:55:41.243Z,final
qc-prov-2022-10-03-general,qc-prov-2017-2022-520,520,Argenteuil,2017,2022,51647,32649,495,33144,64.17,177,177,64.17410498189633,1.493482983345402,src_3ee19c14cf6d,src_3ee19c14cf6d_20261003140156867_66a4410f46b2,2026-10-03T14:01:56.867Z,2026-10-03T14:02:00.305Z,2022-10-06T15:55:41.243Z,final
qc-prov-2022-10-03-general,qc-prov-2017-2022-144,144,Arthabaska,2017,2022,62120,45309,720,46029,74.1,207,207,74.09690920798455,1.5642312455191292,src_3ee19c14cf6d,src_3ee19c14cf6d_20261003140156867_66a4410f46b2,2026-10-03T14:01:56.867Z,2026-10-03T14:02:00.305Z,2022-10-06T15:55:41.243Z,final
qc-prov-2022-10-03-general,qc-prov-2017-2022-806,806,Beauce-Nord,2017,2022,44093,33591,372,33963,77.03,151,151,77.0258317646792,1.095309601625298,src_3ee19c14cf6d,src_3ee19c14cf6d_20261003140156867_66a4410f46b2,2026-10-03T14:01:56.867Z,2026-10-03T14:02:00.305Z,2022-10-06T15:55:41.243Z,final
qc-prov-2022-10-03-general,qc-prov-2017-2022-802,802,Beauce-Sud,2017,2022,49732,37293,468,37761,75.93,180,180,75.92897932920454,1.2393739572574878,src_3ee19c14cf6d,src_3ee19c14cf6d_20261003140156867_66a4410f46b2,2026-10-03T14:01:56.867Z,2026-10-03T14:02:00.305Z,2022-10-06T15:55:41.243Z,final
qc-prov-2022-10-03-general,qc-prov-2017-2022-218,218,Beauharnois,2017,2022,50930,33252,530,33782,66.33,175,175,66.33025721578638,1.5688828370137944,src_3ee19c14cf6d,src_3ee19c14cf6d_20261003140156867_66a4410f46b2,2026-10-03T14:01:56.867Z,2026-10-03T14:02:00.305Z,2022-10-06T15:55:41.243Z,final
qc-prov-2022-10-03-general,qc-prov-2017-2022-822,822,Bellechasse,2017,2022,45261,32933,497,33430,73.86,165,165,73.86049800048607,1.4866886030511517,src_3ee19c14cf6d,src_3ee19c14cf6d_20261003140156867_66a4410f46b2,2026-10-03T14:01:56.867Z,2026-10-03T14:02:00.305Z,2022-10-06T15:55:41.243Z,final
qc-prov-2022-10-03-general,qc-prov-2017-2022-566,566,Berthier,2017,2022,62369,41706,613,42319,67.85,211,211,67.85261908961182,1.4485219404995393,src_3ee19c14cf6d,src_3ee19c14cf6d_20261003140156867_66a4410f46b2,2026-10-03T14:01:56.867Z,2026-10-03T14:02:00.305Z,2022-10-06T15:55:41.243Z,final
qc-prov-2022-10-03-general,qc-prov-2017-2022-588,588,Bertrand,2017,2022,55022,35188,448,35636,64.77,181,181,64.76682054450947,1.2571556852620944,src_3ee19c14cf6d,src_3ee19c14cf6d_20261003140156867_66a4410f46b2,2026-10-03T14:01:56.867Z,2026-10-03T14:02:00.305Z,2022-10-06T15:55:41.243Z,final
qc-prov-2022-10-03-general,qc-prov-2017-2022-536,536,Blainville,2017,2022,60137,42769,601,43370,72.12,202,202,72.11866238754843,1.3857505187917916,src_3ee19c14cf6d,src_3ee19c14cf6d_20261003140156867_66a4410f46b2,2026-10-03T14:01:56.867Z,2026-10-03T14:02:00.305Z,2022-10-06T15:55:41.243Z,final
qc-prov-2022-10-03-general,qc-prov-2017-2022-850,850,Bonaventure,2017,2022,35960,22313,257,22570,62.76,134,134,62.76418242491658,1.1386796632698273,src_3ee19c14cf6d,src_3ee19c14cf6d_20261003140156867_66a4410f46b2,2026-10-03T14:01:56.867Z,2026-10-03T14:02:00.305Z,2022-10-06T15:55:41.243Z,final
qc-prov-2022-10-03-general,qc-prov-2017-2022-258,258,Borduas,2017,2022,59936,44429,488,44917,74.94,194,194,74.9416043780032,1.0864483380457288,src_3ee19c14cf6d,src_3ee19c14cf6d_20261003140156867_66a4410f46b2,2026-10-03T14:01:56.867Z,2026-10-03T14:02:00.305Z,2022-10-06T15:55:41.243Z,final
qc-prov-2022-10-03-general,qc-prov-2017-2022-360,360,Bourassa-Sauvé,2017,2022,46257,24182,547,24729,53.46,164,164,53.460016862312735,2.2119778397832506,src_3ee19c14cf6d,src_3ee19c14cf6d_20261003140156867_66a4410f46b2,2026-10-03T14:01:56.867Z,2026-10-03T14:02:00.305Z,2022-10-06T15:55:41.243Z,final
qc-prov-2022-10-03-general,qc-prov-2017-2022-204,204,Brome-Missisquoi,2017,2022,66769,44856,537,45393,67.99,233,233,67.9851428057931,1.1830017844160994,src_3ee19c14cf6d,src_3ee19c14cf6d_20261003140156867_66a4410f46b2,2026-10-03T14:01:56.867Z,2026-10-03T14:02:00.305Z,2022-10-06T15:55:41.243Z,final
qc-prov-2022-10-03-general,qc-prov-2017-2022-370,370,Camille-Laurin,2017,2022,49518,28690,2728,31418,63.45,173,173,63.44763520336039,8.682920618753581,src_3ee19c14cf6d,src_3ee19c14cf6d_20261003140156867_66a4410f46b2,2026-10-03T14:01:56.867Z,2026-10-03T14:02:00.305Z,2022-10-06T15:55:41.243Z,final
qc-prov-2022-10-03-general,qc-prov-2017-2022-238,238,Chambly,2017,2022,52394,38170,460,38630,73.73,172,172,73.72981639118983,1.190784364483562,src_3ee19c14cf6d,src_3ee19c14cf6d_20261003140156867_66a4410f46b2,2026-10-03T14:01:56.867Z,2026-10-03T14:02:00.305Z,2022-10-06T15:55:41.243Z,final
qc-prov-2022-10-03-general,qc-prov-2017-2022-676,676,Champlain,2017,2022,60032,42068,542,42610,70.98,206,206,70.97881130063966,1.2720018774935462,src_3ee19c14cf6d,src_3ee19c14cf6d_20261003140156867_66a4410f46b2,2026-10-03T14:01:56.867Z,2026-10-03T14:02:00.305Z,2022-10-06T15:55:41.243Z,final
qc-prov-2022-10-03-general,qc-prov-2017-2022-620,620,Chapleau,2017,2022,53875,31284,383,31667,58.78,189,189,58.77865429234339,1.2094609530425997,src_3ee19c14cf6d,src_3ee19c14cf6d_20261003140156867_66a4410f46b2,2026-10-03T14:01:56.867Z,2026-10-03T14:02:00.305Z,2022-10-06T15:55:41.243Z,final
qc-prov-2022-10-03-general,qc-prov-2017-2022-748,748,Charlesbourg,2017,2022,57117,42042,570,42612,74.6,198,198,74.60475865329062,1.3376513658124471,src_3ee19c14cf6d,src_3ee19c14cf6d_20261003140156867_66a4410f46b2,2026-10-03T14:01:56.867Z,2026-10-03T14:02:00.305Z,2022-10-06T15:55:41.243Z,final
qc-prov-2022-10-03-general,qc-prov-2017-2022-760,760,Charlevoix-Côte-de-Beaupré,2017,2022,53780,37322,430,37752,70.2,189,189,70.19709929341762,1.1390125026488662,src_3ee19c14cf6d,src_3ee19c14cf6d_20261003140156867_66a4410f46b2,2026-10-03T14:01:56.867Z,2026-10-03T14:02:00.305Z,2022-10-06T15:55:41.243Z,final
qc-prov-2022-10-03-general,qc-prov-2017-2022-226,226,Châteauguay,2017,2022,54467,33332,425,33757,61.98,183,183,61.97697688508638,1.2589981337204137,src_3ee19c14cf6d,src_3ee19c14cf6d_20261003140156867_66a4410f46b2,2026-10-03T14:01:56.867Z,2026-10-03T14:02:00.305Z,2022-10-06T15:55:41.243Z,final
qc-prov-2022-10-03-general,qc-prov-2017-2022-754,754,Chauveau,2017,2022,58059,43318,619,43937,75.68,205,205,75.67646704214678,1.4088353779274871,src_3ee19c14cf6d,src_3ee19c14cf6d_20261003140156867_66a4410f46b2,2026-10-03T14:01:56.867Z,2026-10-03T14:02:00.305Z,2022-10-06T15:55:41.243Z,final
qc-prov-2022-10-03-general,qc-prov-2017-2022-918,918,Chicoutimi,2017,2022,45810,31063,421,31484,68.73,164,164,68.72735210652696,1.3371871426756448,src_3ee19c14cf6d,src_3ee19c14cf6d_20261003140156867_66a4410f46b2,2026-10-03T14:01:56.867Z,2026-10-03T14:02:00.305Z,2022-10-06T15:55:41.243Z,final
qc-prov-2022-10-03-general,qc-prov-2017-2022-460,460,Chomedey,2017,2022,60626,32572,479,33051,54.52,205,205,54.51621416553954,1.4492753623188406,src_3ee19c14cf6d,src_3ee19c14cf6d_20261003140156867_66a4410f46b2,2026-10-03T14:01:56.867Z,2026-10-03T14:02:00.305Z,2022-10-06T15:55:41.243Z,final
qc-prov-2022-10-03-general,qc-prov-2017-2022-814,814,Chutes-de-la-Chaudière,2017,2022,59763,46467,689,47156,78.91,203,203,78.90500811538912,1.4611078123674612,src_3ee19c14cf6d,src_3ee19c14cf6d_20261003140156867_66a4410f46b2,2026-10-03T14:01:56.867Z,2026-10-03T14:02:00.305Z,2022-10-06T15:55:41.243Z,final
qc-prov-2022-10-03-general,qc-prov-2017-2022-826,826,Côte-du-Sud,2017,2022,50010,33792,445,34237,68.46,192,192,68.46030793841231,1.2997634138505123,src_3ee19c14cf6d,src_3ee19c14cf6d_20261003140156867_66a4410f46b2,2026-10-03T14:01:56.867Z,2026-10-03T14:02:00.305Z,2022-10-06T15:55:41.243Z,final
qc-prov-2022-10-03-general,qc-prov-2017-2022-320,320,D'Arcy-McGee,2017,2022,55044,25866,273,26139,47.49,190,190,47.48746457379551,1.0444163893033398,src_3ee19c14cf6d,src_3ee19c14cf6d_20261003140156867_66a4410f46b2,2026-10-03T14:01:56.867Z,2026-10-03T14:02:00.305Z,2022-10-06T15:55:41.243Z,final
qc-prov-2022-10-03-general,qc-prov-2017-2022-508,508,Deux-Montagnes,2017,2022,49195,33675,505,34180,69.48,165,165,69.47860554934445,1.477472205968403,src_3ee19c14cf6d,src_3ee19c14cf6d_20261003140156867_66a4410f46b2,2026-10-03T14:01:56.867Z,2026-10-03T14:02:00.305Z,2022-10-06T15:55:41.243Z,final
qc-prov-2022-10-03-general,qc-prov-2017-2022-138,138,Drummond-Bois-Francs,2017,2022,53078,36302,641,36943,69.6,177,177,69.6013414220581,1.735105432693609,src_3ee19c14cf6d,src_3ee19c14cf6d_20261003140156867_66a4410f46b2,2026-10-03T14:01:56.867Z,2026-10-03T14:02:00.305Z,2022-10-06T15:55:41.243Z,final
qc-prov-2022-10-03-general,qc-prov-2017-2022-914,914,Dubuc,2017,2022,41779,26781,396,27177,65.05,146,146,65.04942674549415,1.457114471796004,src_3ee19c14cf6d,src_3ee19c14cf6d_20261003140156867_66a4410f46b2,2026-10-03T14:01:56.867Z,2026-10-03T14:02:00.305Z,2022-10-06T15:55:41.243Z,final
qc-prov-2022-10-03-general,qc-prov-2017-2022-902,902,Duplessis,2017,2022,37108,19463,282,19745,53.21,158,158,53.209550501239626,1.4282096733350216,src_3ee19c14cf6d,src_3ee19c14cf6d_20261003140156867_66a4410f46b2,2026-10-03T14:01:56.867Z,2026-10-03T14:02:00.305Z,2022-10-06T15:55:41.243Z,final
qc-prov-2022-10-03-general,qc-prov-2017-2022-466,466,Fabre,2017,2022,55468,34307,390,34697,62.55,177,177,62.55318381769669,1.1240164855751218,src_3ee19c14cf6d,src_3ee19c14cf6d_20261003140156867_66a4410f46b2,2026-10-03T14:01:56.867Z,2026-10-03T14:02:00.305Z,2022-10-06T15:55:41.243Z,final
qc-prov-2022-10-03-general,qc-prov-2017-2022-854,854,Gaspé,2017,2022,30190,18219,185,18404,60.96,134,134,60.96058297449487,1.0052162573353618,src_3ee19c14cf6d,src_3ee19c14cf6d_20261003140156867_66a4410f46b2,2026-10-03T14:01:56.867Z,2026-10-03T14:02:00.305Z,2022-10-06T15:55:41.243Z,final
qc-prov-2022-10-03-general,qc-prov-2017-2022-614,614,Gatineau,2017,2022,62726,36491,383,36874,58.79,217,217,58.7858304371393,1.038672235179259,src_3ee19c14cf6d,src_3ee19c14cf6d_20261003140156867_66a4410f46b2,2026-10-03T14:01:56.867Z,2026-10-03T14:02:00.305Z,2022-10-06T15:55:41.243Z,final
qc-prov-2022-10-03-general,qc-prov-2017-2022-346,346,Gouin,2017,2022,42164,29078,256,29334,69.57,147,147,69.57119817854094,0.8727074384673076,src_3ee19c14cf6d,src_3ee19c14cf6d_20261003140156867_66a4410f46b2,2026-10-03T14:01:56.867Z,2026-10-03T14:02:00.305Z,2022-10-06T15:55:41.243Z,final
qc-prov-2022-10-03-general,qc-prov-2017-2022-206,206,Granby,2017,2022,54933,36971,458,37429,68.14,183,183,68.13572897893798,1.223650110876593,src_3ee19c14cf6d,src_3ee19c14cf6d_20261003140156867_66a4410f46b2,2026-10-03T14:01:56.867Z,2026-10-03T14:02:00.305Z,2022-10-06T15:55:41.243Z,final
qc-prov-2022-10-03-general,qc-prov-2017-2022-502,502,Groulx,2017,2022,53902,36507,422,36929,68.51,183,183,68.51137249081667,1.142733353191259,src_3ee19c14cf6d,src_3ee19c14cf6d_20261003140156867_66a4410f46b2,2026-10-03T14:01:56.867Z,2026-10-03T14:02:00.305Z,2022-10-06T15:55:41.243Z,final
qc-prov-2022-10-03-general,qc-prov-2017-2022-352,352,Hochelaga-Maisonneuve,2017,2022,40699,25144,319,25463,62.56,137,137,62.564190766357896,1.2527981777481052,src_3ee19c14cf6d,src_3ee19c14cf6d_20261003140156867_66a4410f46b2,2026-10-03T14:01:56.867Z,2026-10-03T14:02:00.305Z,2022-10-06T15:55:41.243Z,final
qc-prov-2022-10-03-general,qc-prov-2017-2022-602,602,Hull,2017,2022,55751,31925,375,32300,57.94,193,193,57.9361805169414,1.1609907120743037,src_3ee19c14cf6d,src_3ee19c14cf6d_20261003140156867_66a4410f46b2,2026-10-03T14:01:56.867Z,2026-10-03T14:02:00.305Z,2022-10-06T15:55:41.243Z,final
qc-prov-2022-10-03-general,qc-prov-2017-2022-216,216,Huntingdon,2017,2022,46178,29294,384,29678,64.27,158,158,64.26869938065745,1.293887728283577,src_3ee19c14cf6d,src_3ee19c14cf6d_20261003140156867_66a4410f46b2,2026-10-03T14:01:56.867Z,2026-10-03T14:02:00.305Z,2022-10-06T15:55:41.243Z,final
qc-prov-2022-10-03-general,qc-prov-2017-2022-210,210,Iberville,2017,2022,49629,34288,564,34852,70.23,169,169,70.22507001954503,1.6182715482612189,src_3ee19c14cf6d,src_3ee19c14cf6d_20261003140156867_66a4410f46b2,2026-10-03T14:01:56.867Z,2026-10-03T14:02:00.305Z,2022-10-06T15:55:41.243Z,final
qc-prov-2022-10-03-general,qc-prov-2017-2022-858,858,Îles-de-la-Madeleine,2017,2022,11159,8364,88,8452,75.74,53,53,75.74155390267946,1.0411736867013726,src_3ee19c14cf6d,src_3ee19c14cf6d_20261003140156867_66a4410f46b2,2026-10-03T14:01:56.867Z,2026-10-03T14:02:00.305Z,2022-10-06T15:55:41.243Z,final
qc-prov-2022-10-03-general,qc-prov-2017-2022-310,310,Jacques-Cartier,2017,2022,46245,29022,190,29212,63.17,163,163,63.16791004432912,0.6504176365877037,src_3ee19c14cf6d,src_3ee19c14cf6d_20261003140156867_66a4410f46b2,2026-10-03T14:01:56.867Z,2026-10-03T14:02:00.305Z,2022-10-06T15:55:41.243Z,final
qc-prov-2022-10-03-general,qc-prov-2017-2022-736,736,Jean-Lesage,2017,2022,45399,30154,419,30573,67.34,161,161,67.34289301526465,1.3704903019003696,src_3ee19c14cf6d,src_3ee19c14cf6d_20261003140156867_66a4410f46b2,2026-10-03T14:01:56.867Z,2026-10-03T14:02:00.305Z,2022-10-06T15:55:41.243Z,final
qc-prov-2022-10-03-general,qc-prov-2017-2022-364,364,Jeanne-Mance-Viger,2017,2022,49683,26834,495,27329,55.01,165,165,55.006742749028845,1.8112627611694536,src_3ee19c14cf6d,src_3ee19c14cf6d_20261003140156867_66a4410f46b2,2026-10-03T14:01:56.867Z,2026-10-03T14:02:00.305Z,2022-10-06T15:55:41.243Z,final
qc-prov-2022-10-03-general,qc-prov-2017-2022-702,702,Jean-Talon,2017,2022,46714,34164,337,34501,73.86,182,182,73.85580339940917,0.9767832816440104,src_3ee19c14cf6d,src_3ee19c14cf6d_20261003140156867_66a4410f46b2,2026-10-03T14:01:56.867Z,2026-10-03T14:02:00.305Z,2022-10-06T15:55:41.243Z,final
qc-prov-2022-10-03-general,qc-prov-2017-2022-126,126,Johnson,2017,2022,62928,41800,763,42563,67.64,207,207,67.63761759471141,1.792636797218241,src_3ee19c14cf6d,src_3ee19c14cf6d_20261003140156867_66a4410f46b2,2026-10-03T14:01:56.867Z,2026-10-03T14:02:00.305Z,2022-10-06T15:55:41.243Z,final
qc-prov-2022-10-03-general,qc-prov-2017-2022-570,570,Joliette,2017,2022,57352,39330,680,40010,69.76,221,221,69.76217045613056,1.699575106223444,src_3ee19c14cf6d,src_3ee19c14cf6d_20261003140156867_66a4410f46b2,2026-10-03T14:01:56.867Z,2026-10-03T14:02:00.305Z,2022-10-06T15:55:41.243Z,final
qc-prov-2022-10-03-general,qc-prov-2017-2022-922,922,Jonquière,2017,2022,45320,30637,387,31024,68.46,160,160,68.45542806707856,1.247421351211965,src_3ee19c14cf6d,src_3ee19c14cf6d_20261003140156867_66a4410f46b2,2026-10-03T14:01:56.867Z,2026-10-03T14:02:00.305Z,2022-10-06T15:55:41.243Z,final
qc-prov-2022-10-03-general,qc-prov-2017-2022-594,594,Labelle,2017,2022,52028,33272,622,33894,65.15,185,185,65.14569078188667,1.835133061898861,src_3ee19c14cf6d,src_3ee19c14cf6d_20261003140156867_66a4410f46b2,2026-10-03T14:01:56.867Z,2026-10-03T14:02:00.305Z,2022-10-06T15:55:41.243Z,final
qc-prov-2022-10-03-general,qc-prov-2017-2022-926,926,Lac-Saint-Jean,2017,2022,43691,28752,601,29353,67.18,156,156,67.18317273580371,2.04749088679181,src_3ee19c14cf6d,src_3ee19c14cf6d_20261003140156867_66a4410f46b2,2026-10-03T14:01:56.867Z,2026-10-03T14:02:00.305Z,2022-10-06T15:55:41.243Z,final
qc-prov-2022-10-03-general,qc-prov-2017-2022-390,390,LaFontaine,2017,2022,42199,25929,374,26303,62.33,148,148,62.330860920874905,1.421891039044976,src_3ee19c14cf6d,src_3ee19c14cf6d_20261003140156867_66a4410f46b2,2026-10-03T14:01:56.867Z,2026-10-03T14:02:00.305Z,2022-10-06T15:55:41.243Z,final
qc-prov-2022-10-03-general,qc-prov-2017-2022-720,720,La Peltrie,2017,2022,61092,44448,579,45027,73.7,200,200,73.70359457866824,1.2858951295889134,src_3ee19c14cf6d,src_3ee19c14cf6d_20261003140156867_66a4410f46b2,2026-10-03T14:01:56.867Z,2026-10-03T14:02:00.305Z,2022-10-06T15:55:41.243Z,final
qc-prov-2022-10-03-general,qc-prov-2017-2022-236,236,La Pinière,2017,2022,55509,32950,301,33251,59.9,185,185,59.901997874218594,0.905235932753902,src_3ee19c14cf6d,src_3ee19c14cf6d_20261003140156867_66a4410f46b2,2026-10-03T14:01:56.867Z,2026-10-03T14:02:00.305Z,2022-10-06T15:55:41.243Z,final
qc-prov-2022-10-03-general,qc-prov-2017-2022-244,244,Laporte,2017,2022,53217,33687,394,34081,64.04,187,187,64.04156566510702,1.1560693641618498,src_3ee19c14cf6d,src_3ee19c14cf6d_20261003140156867_66a4410f46b2,2026-10-03T14:01:56.867Z,2026-10-03T14:02:00.305Z,2022-10-06T15:55:41.243Z,final
qc-prov-2022-10-03-general,qc-prov-2017-2022-232,232,La Prairie,2017,2022,48158,34583,330,34913,72.5,161,161,72.49678142780016,0.945206656546272,src_3ee19c14cf6d,src_3ee19c14cf6d_20261003140156867_66a4410f46b2,2026-10-03T14:01:56.867Z,2026-10-03T14:02:00.305Z,2022-10-06T15:55:41.243Z,final
qc-prov-2022-10-03-general,qc-prov-2017-2022-554,554,L'Assomption,2017,2022,45587,31790,462,32252,70.75,156,156,70.748239629719,1.4324693042291952,src_3ee19c14cf6d,src_3ee19c14cf6d_20261003140156867_66a4410f46b2,2026-10-03T14:01:56.867Z,2026-10-03T14:02:00.305Z,2022-10-06T15:55:41.243Z,final
qc-prov-2022-10-03-general,qc-prov-2017-2022-344,344,Laurier-Dorion,2017,2022,44943,27303,391,27694,61.62,150,150,61.620274570010906,1.4118581642232977,src_3ee19c14cf6d,src_3ee19c14cf6d_20261003140156867_66a4410f46b2,2026-10-03T14:01:56.867Z,2026-10-03T14:02:00.305Z,2022-10-06T15:55:41.243Z,final
qc-prov-2022-10-03-general,qc-prov-2017-2022-454,454,Laval-des-Rapides,2017,2022,54861,33230,500,33730,61.48,184,184,61.4826561674049,1.4823599169878448,src_3ee19c14cf6d,src_3ee19c14cf6d_20261003140156867_66a4410f46b2,2026-10-03T14:01:56.867Z,2026-10-03T14:02:00.305Z,2022-10-06T15:55:41.243Z,final
qc-prov-2022-10-03-general,qc-prov-2017-2022-670,670,Laviolette-Saint-Maurice,2017,2022,59400,37543,497,38040,64.04,206,206,64.04040404040404,1.3065194532071505,src_3ee19c14cf6d,src_3ee19c14cf6d_20261003140156867_66a4410f46b2,2026-10-03T14:01:56.867Z,2026-10-03T14:02:00.305Z,2022-10-06T15:55:41.243Z,final
qc-prov-2022-10-03-general,qc-prov-2017-2022-530,530,Les Plaines,2017,2022,41484,27544,494,28038,67.59,139,139,67.5875036158519,1.761894571652757,src_3ee19c14cf6d,src_3ee19c14cf6d_20261003140156867_66a4410f46b2,2026-10-03T14:01:56.867Z,2026-10-03T14:02:00.305Z,2022-10-06T15:55:41.243Z,final
qc-prov-2022-10-03-general,qc-prov-2017-2022-818,818,Lévis,2017,2022,50875,36997,511,37508,73.73,185,185,73.72579852579852,1.3623760264476912,src_3ee19c14cf6d,src_3ee19c14cf6d_20261003140156867_66a4410f46b2,2026-10-03T14:01:56.867Z,2026-10-03T14:02:00.305Z,2022-10-06T15:55:41.243Z,final
qc-prov-2022-10-03-general,qc-prov-2017-2022-810,810,Lotbinière-Frontenac,2017,2022,57531,41929,565,42494,73.86,209,209,73.86278701917227,1.3295994728667575,src_3ee19c14cf6d,src_3ee19c14cf6d_20261003140156867_66a4410f46b2,2026-10-03T14:01:56.867Z,2026-10-03T14:02:00.305Z,2022-10-06T15:55:41.243Z,final
qc-prov-2022-10-03-general,qc-prov-2017-2022-708,708,Louis-Hébert,2017,2022,46888,37710,310,38020,81.09,164,164,81.08684524825115,0.8153603366649133,src_3ee19c14cf6d,src_3ee19c14cf6d_20261003140156867_66a4410f46b2,2026-10-03T14:01:56.867Z,2026-10-03T14:02:00.305Z,2022-10-06T15:55:41.243Z,final
qc-prov-2022-10-03-general,qc-prov-2017-2022-304,304,Marguerite-Bourgeoys,2017,2022,52274,28216,382,28598,54.71,174,174,54.70788537322569,1.335757745296874,src_3ee19c14cf6d,src_3ee19c14cf6d_20261003140156867_66a4410f46b2,2026-10-03T14:01:56.867Z,2026-10-03T14:02:00.305Z,2022-10-06T15:55:41.243Z,final
qc-prov-2022-10-03-general,qc-prov-2017-2022-246,246,Marie-Victorin,2017,2022,45810,27820,418,28238,61.64,151,151,61.64156297751583,1.4802748069976628,src_3ee19c14cf6d,src_3ee19c14cf6d_20261003140156867_66a4410f46b2,2026-10-03T14:01:56.867Z,2026-10-03T14:02:00.305Z,2022-10-06T15:55:41.243Z,final
qc-prov-2022-10-03-general,qc-prov-2017-2022-306,306,Marquette,2017,2022,45472,26224,294,26518,58.32,157,157,58.31720619282196,1.108680895995173,src_3ee19c14cf6d,src_3ee19c14cf6d_20261003140156867_66a4410f46b2,2026-10-03T14:01:56.867Z,2026-10-03T14:02:00.305Z,2022-10-06T15:55:41.243Z,final
qc-prov-2022-10-03-general,qc-prov-2017-2022-666,666,Maskinongé,2017,2022,45975,31953,491,32444,70.57,152,152,70.56878738444807,1.513376895573912,src_3ee19c14cf6d,src_3ee19c14cf6d_20261003140156867_66a4410f46b2,2026-10-03T14:01:56.867Z,2026-10-03T14:02:00.305Z,2022-10-06T15:55:41.243Z,final
qc-prov-2022-10-03-general,qc-prov-2017-2022-548,548,Masson,2017,2022,50194,35264,453,35717,71.16,159,159,71.15790731959996,1.2683036089257216,src_3ee19c14cf6d,src_3ee19c14cf6d_20261003140156867_66a4410f46b2,2026-10-03T14:01:56.867Z,2026-10-03T14:02:00.305Z,2022-10-06T15:55:41.243Z,final
qc-prov-2022-10-03-general,qc-prov-2017-2022-842,842,Matane-Matapédia,2017,2022,46286,29746,307,30053,64.93,179,179,64.92892019185066,1.0215286327488105,src_3ee19c14cf6d,src_3ee19c14cf6d_20261003140156867_66a4410f46b2,2026-10-03T14:01:56.867Z,2026-10-03T14:02:00.305Z,2022-10-06T15:55:41.243Z,final
qc-prov-2022-10-03-general,qc-prov-2017-2022-340,340,Maurice-Richard,2017,2022,46618,31447,419,31866,68.36,165,165,68.35557080955854,1.3148810644574154,src_3ee19c14cf6d,src_3ee19c14cf6d_20261003140156867_66a4410f46b2,2026-10-03T14:01:56.867Z,2026-10-03T14:02:00.305Z,2022-10-06T15:55:41.243Z,final
qc-prov-2022-10-03-general,qc-prov-2017-2022-104,104,Mégantic,2017,2022,40481,28098,397,28495,70.39,149,149,70.39104765198488,1.393226881909107,src_3ee19c14cf6d,src_3ee19c14cf6d_20261003140156867_66a4410f46b2,2026-10-03T14:01:56.867Z,2026-10-03T14:02:00.305Z,2022-10-06T15:55:41.243Z,final
qc-prov-2022-10-03-general,qc-prov-2017-2022-350,350,Mercier,2017,2022,43387,27363,238,27601,63.62,154,154,63.61582962638578,0.8622875982754248,src_3ee19c14cf6d,src_3ee19c14cf6d_20261003140156867_66a4410f46b2,2026-10-03T14:01:56.867Z,2026-10-03T14:02:00.305Z,2022-10-06T15:55:41.243Z,final
qc-prov-2022-10-03-general,qc-prov-2017-2022-482,482,Mille-Îles,2017,2022,44453,29410,363,29773,66.98,149,149,66.97635705126763,1.219225472743761,src_3ee19c14cf6d,src_3ee19c14cf6d_20261003140156867_66a4410f46b2,2026-10-03T14:01:56.867Z,2026-10-03T14:02:00.305Z,2022-10-06T15:55:41.243Z,final
qc-prov-2022-10-03-general,qc-prov-2017-2022-514,514,Mirabel,2017,2022,63532,43184,643,43827,68.98,205,205,68.98413397972675,1.4671321331599243,src_3ee19c14cf6d,src_3ee19c14cf6d_20261003140156867_66a4410f46b2,2026-10-03T14:01:56.867Z,2026-10-03T14:02:00.305Z,2022-10-06T15:55:41.243Z,final
qc-prov-2022-10-03-general,qc-prov-2017-2022-252,252,Montarville,2017,2022,53247,41488,339,41827,78.55,173,173,78.55278231637463,0.8104812680804265,src_3ee19c14cf6d,src_3ee19c14cf6d_20261003140156867_66a4410f46b2,2026-10-03T14:01:56.867Z,2026-10-03T14:02:00.305Z,2022-10-06T15:55:41.243Z,final
qc-prov-2022-10-03-general,qc-prov-2017-2022-742,742,Montmorency,2017,2022,57913,42326,494,42820,73.94,196,196,73.93849394781827,1.1536665109761794,src_3ee19c14cf6d,src_3ee19c14cf6d_20261003140156867_66a4410f46b2,2026-10-03T14:01:56.867Z,2026-10-03T14:02:00.305Z,2022-10-06T15:55:41.243Z,final
qc-prov-2022-10-03-general,qc-prov-2017-2022-336,336,Mont-Royal-Outremont,2017,2022,55931,29629,404,30033,53.7,208,208,53.696518925104144,1.345186961009556,src_3ee19c14cf6d,src_3ee19c14cf6d_20261003140156867_66a4410f46b2,2026-10-03T14:01:56.867Z,2026-10-03T14:02:00.305Z,2022-10-06T15:55:41.243Z,final
qc-prov-2022-10-03-general,qc-prov-2017-2022-312,312,Nelligan,2017,2022,57537,33546,261,33807,58.76,182,182,58.75697377339799,0.7720294613541574,src_3ee19c14cf6d,src_3ee19c14cf6d_20261003140156867_66a4410f46b2,2026-10-03T14:01:56.867Z,2026-10-03T14:02:00.305Z,2022-10-06T15:55:41.243Z,final
qc-prov-2022-10-03-general,qc-prov-2017-2022-150,150,Nicolet-Bécancour,2017,2022,41576,29662,488,30150,72.52,150,150,72.51779873003656,1.6185737976782753,src_3ee19c14cf6d,src_3ee19c14cf6d_20261003140156867_66a4410f46b2,2026-10-03T14:01:56.867Z,2026-10-03T14:02:00.305Z,2022-10-06T15:55:41.243Z,final
qc-prov-2022-10-03-general,qc-prov-2017-2022-324,324,Notre-Dame-de-Grâce,2017,2022,46506,25602,332,25934,55.76,159,159,55.764847546553135,1.280172746201897,src_3ee19c14cf6d,src_3ee19c14cf6d_20261003140156867_66a4410f46b2,2026-10-03T14:01:56.867Z,2026-10-03T14:02:00.305Z,2022-10-06T15:55:41.243Z,final
qc-prov-2022-10-03-general,qc-prov-2017-2022-120,120,Orford,2017,2022,46514,32792,319,33111,71.19,158,158,71.18501956400223,0.9634260517652744,src_3ee19c14cf6d,src_3ee19c14cf6d_20261003140156867_66a4410f46b2,2026-10-03T14:01:56.867Z,2026-10-03T14:02:00.305Z,2022-10-06T15:55:41.243Z,final
qc-prov-2022-10-03-general,qc-prov-2017-2022-626,626,Papineau,2017,2022,63674,37464,383,37847,59.44,230,230,59.438703395420426,1.01196924459006,src_3ee19c14cf6d,src_3ee19c14cf6d_20261003140156867_66a4410f46b2,2026-10-03T14:01:56.867Z,2026-10-03T14:02:00.305Z,2022-10-06T15:55:41.243Z,final
qc-prov-2022-10-03-general,qc-prov-2017-2022-380,380,Pointe-aux-Trembles,2017,2022,40527,26495,388,26883,66.33,149,149,66.33355540750611,1.4432912993341518,src_3ee19c14cf6d,src_3ee19c14cf6d_20261003140156867_66a4410f46b2,2026-10-03T14:01:56.867Z,2026-10-03T14:02:00.305Z,2022-10-06T15:55:41.243Z,final
qc-prov-2022-10-03-general,qc-prov-2017-2022-608,608,Pontiac,2017,2022,53735,28564,185,28749,53.5,187,187,53.50144226295711,0.6435006435006435,src_3ee19c14cf6d,src_3ee19c14cf6d_20261003140156867_66a4410f46b2,2026-10-03T14:01:56.867Z,2026-10-03T14:02:00.305Z,2022-10-06T15:55:41.243Z,final
qc-prov-2022-10-03-general,qc-prov-2017-2022-714,714,Portneuf,2017,2022,44873,32529,359,32888,73.29,153,153,73.29128874824505,1.0915835563123328,src_3ee19c14cf6d,src_3ee19c14cf6d_20261003140156867_66a4410f46b2,2026-10-03T14:01:56.867Z,2026-10-03T14:02:00.305Z,2022-10-06T15:55:41.243Z,final
qc-prov-2022-10-03-general,qc-prov-2017-2022-582,582,Prévost,2017,2022,50213,34401,431,34832,69.37,165,165,69.36849023161332,1.2373679375287092,src_3ee19c14cf6d,src_3ee19c14cf6d_20261003140156867_66a4410f46b2,2026-10-03T14:01:56.867Z,2026-10-03T14:02:00.305Z,2022-10-06T15:55:41.243Z,final
qc-prov-2022-10-03-general,qc-prov-2017-2022-906,906,René-Lévesque,2017,2022,32540,19309,192,19501,59.93,121,121,59.929317762753534,0.9845648941079944,src_3ee19c14cf6d,src_3ee19c14cf6d_20261003140156867_66a4410f46b2,2026-10-03T14:01:56.867Z,2026-10-03T14:02:00.305Z,2022-10-06T15:55:41.243Z,final
qc-prov-2022-10-03-general,qc-prov-2017-2022-560,560,Repentigny,2017,2022,52169,37714,492,38206,73.24,175,175,73.23506296842953,1.2877558498665131,src_3ee19c14cf6d,src_3ee19c14cf6d_20261003140156867_66a4410f46b2,2026-10-03T14:01:56.867Z,2026-10-03T14:02:00.305Z,2022-10-06T15:55:41.243Z,final
qc-prov-2022-10-03-general,qc-prov-2017-2022-264,264,Richelieu,2017,2022,45782,30592,453,31045,67.81,165,165,67.81049320693722,1.4591721694314703,src_3ee19c14cf6d,src_3ee19c14cf6d_20261003140156867_66a4410f46b2,2026-10-03T14:01:56.867Z,2026-10-03T14:02:00.305Z,2022-10-06T15:55:41.243Z,final
qc-prov-2022-10-03-general,qc-prov-2017-2022-132,132,Richmond,2017,2022,63923,45465,625,46090,72.1,231,231,72.10237316771742,1.3560425254935995,src_3ee19c14cf6d,src_3ee19c14cf6d_20261003140156867_66a4410f46b2,2026-10-03T14:01:56.867Z,2026-10-03T14:02:00.305Z,2022-10-06T15:55:41.243Z,final
qc-prov-2022-10-03-general,qc-prov-2017-2022-838,838,Rimouski,2017,2022,46416,32960,274,33234,71.6,167,167,71.60031023784902,0.8244568815068906,src_3ee19c14cf6d,src_3ee19c14cf6d_20261003140156867_66a4410f46b2,2026-10-03T14:01:56.867Z,2026-10-03T14:02:00.305Z,2022-10-06T15:55:41.243Z,final
qc-prov-2022-10-03-general,qc-prov-2017-2022-834,834,Rivière-du-Loup-Témiscouata,2017,2022,51230,34925,369,35294,68.89,208,208,68.8932266250244,1.0455034850116167,src_3ee19c14cf6d,src_3ee19c14cf6d_20261003140156867_66a4410f46b2,2026-10-03T14:01:56.867Z,2026-10-03T14:02:00.305Z,2022-10-06T15:55:41.243Z,final
qc-prov-2022-10-03-general,qc-prov-2017-2022-316,316,Robert-Baldwin,2017,2022,53910,29827,257,30084,55.8,174,174,55.80411797440178,0.8542746975136285,src_3ee19c14cf6d,src_3ee19c14cf6d_20261003140156867_66a4410f46b2,2026-10-03T14:01:56.867Z,2026-10-03T14:02:00.305Z,2022-10-06T15:55:41.243Z,final
qc-prov-2022-10-03-general,qc-prov-2017-2022-930,930,Roberval,2017,2022,44525,26727,334,27061,60.78,164,164,60.777091521617066,1.2342485495731863,src_3ee19c14cf6d,src_3ee19c14cf6d_20261003140156867_66a4410f46b2,2026-10-03T14:01:56.867Z,2026-10-03T14:02:00.305Z,2022-10-06T15:55:41.243Z,final
qc-prov-2022-10-03-general,qc-prov-2017-2022-356,356,Rosemont,2017,2022,52457,35380,405,35785,68.22,186,186,68.21777837085612,1.131759116948442,src_3ee19c14cf6d,src_3ee19c14cf6d_20261003140156867_66a4410f46b2,2026-10-03T14:01:56.867Z,2026-10-03T14:02:00.305Z,2022-10-06T15:55:41.243Z,final
qc-prov-2022-10-03-general,qc-prov-2017-2022-576,576,Rousseau,2017,2022,46339,27912,580,28492,61.49,157,157,61.486005308703255,2.035659132388038,src_3ee19c14cf6d,src_3ee19c14cf6d_20261003140156867_66a4410f46b2,2026-10-03T14:01:56.867Z,2026-10-03T14:02:00.305Z,2022-10-06T15:55:41.243Z,final
qc-prov-2022-10-03-general,qc-prov-2017-2022-636,636,Rouyn-Noranda-Témiscamingue,2017,2022,44742,28732,310,29042,64.91,166,166,64.90992803182692,1.067419599201157,src_3ee19c14cf6d,src_3ee19c14cf6d_20261003140156867_66a4410f46b2,2026-10-03T14:01:56.867Z,2026-10-03T14:02:00.305Z,2022-10-06T15:55:41.243Z,final
qc-prov-2022-10-03-general,qc-prov-2017-2022-110,110,Saint-François,2017,2022,59460,40728,566,41294,69.45,205,205,69.44836865119407,1.370659175667167,src_3ee19c14cf6d,src_3ee19c14cf6d_20261003140156867_66a4410f46b2,2026-10-03T14:01:56.867Z,2026-10-03T14:02:00.305Z,2022-10-06T15:55:41.243Z,final
qc-prov-2022-10-03-general,qc-prov-2017-2022-326,326,Saint-Henri-Sainte-Anne,2017,2022,56721,32440,357,32797,57.82,197,197,57.8216180955907,1.088514193371345,src_3ee19c14cf6d,src_3ee19c14cf6d_20261003140156867_66a4410f46b2,2026-10-03T14:01:56.867Z,2026-10-03T14:02:00.305Z,2022-10-06T15:55:41.243Z,final
qc-prov-2022-10-03-general,qc-prov-2017-2022-260,260,Saint-Hyacinthe,2017,2022,59625,41321,697,42018,70.47,200,200,70.47044025157233,1.658812889713932,src_3ee19c14cf6d,src_3ee19c14cf6d_20261003140156867_66a4410f46b2,2026-10-03T14:01:56.867Z,2026-10-03T14:02:00.305Z,2022-10-06T15:55:41.243Z,final
qc-prov-2022-10-03-general,qc-prov-2017-2022-212,212,Saint-Jean,2017,2022,62562,42907,718,43625,69.73,215,215,69.73082701959656,1.6458452722063035,src_3ee19c14cf6d,src_3ee19c14cf6d_20261003140156867_66a4410f46b2,2026-10-03T14:01:56.867Z,2026-10-03T14:02:00.305Z,2022-10-06T15:55:41.243Z,final
qc-prov-2022-10-03-general,qc-prov-2017-2022-526,526,Saint-Jérôme,2017,2022,63909,41038,610,41648,65.17,239,239,65.16766026694206,1.4646561659623512,src_3ee19c14cf6d,src_3ee19c14cf6d_20261003140156867_66a4410f46b2,2026-10-03T14:01:56.867Z,2026-10-03T14:02:00.305Z,2022-10-06T15:55:41.243Z,final
qc-prov-2022-10-03-general,qc-prov-2017-2022-318,318,Saint-Laurent,2017,2022,56925,28628,383,29011,50.96,192,192,50.96354852876592,1.3201888938678432,src_3ee19c14cf6d,src_3ee19c14cf6d_20261003140156867_66a4410f46b2,2026-10-03T14:01:56.867Z,2026-10-03T14:02:00.305Z,2022-10-06T15:55:41.243Z,final
qc-prov-2022-10-03-general,qc-prov-2017-2022-330,330,Sainte-Marie-Saint-Jacques,2017,2022,40988,22841,205,23046,56.23,158,158,56.22621255001464,0.8895252972316237,src_3ee19c14cf6d,src_3ee19c14cf6d_20261003140156867_66a4410f46b2,2026-10-03T14:01:56.867Z,2026-10-03T14:02:00.305Z,2022-10-06T15:55:41.243Z,final
qc-prov-2022-10-03-general,qc-prov-2017-2022-470,470,Sainte-Rose,2017,2022,54902,36600,490,37090,67.56,182,182,67.55673745947324,1.3211108115394985,src_3ee19c14cf6d,src_3ee19c14cf6d_20261003140156867_66a4410f46b2,2026-10-03T14:01:56.867Z,2026-10-03T14:02:00.305Z,2022-10-06T15:55:41.243Z,final
qc-prov-2022-10-03-general,qc-prov-2017-2022-230,230,Sanguinet,2017,2022,43491,29944,417,30361,69.81,147,147,69.80984571520544,1.3734725470175555,src_3ee19c14cf6d,src_3ee19c14cf6d_20261003140156867_66a4410f46b2,2026-10-03T14:01:56.867Z,2026-10-03T14:02:00.305Z,2022-10-06T15:55:41.243Z,final
qc-prov-2022-10-03-general,qc-prov-2017-2022-116,116,Sherbrooke,2017,2022,53033,37098,458,37556,70.82,186,186,70.81628420040352,1.2195121951219512,src_3ee19c14cf6d,src_3ee19c14cf6d_20261003140156867_66a4410f46b2,2026-10-03T14:01:56.867Z,2026-10-03T14:02:00.305Z,2022-10-06T15:55:41.243Z,final
qc-prov-2022-10-03-general,qc-prov-2017-2022-220,220,Soulanges,2017,2022,60353,40153,506,40659,67.37,199,199,67.36864778884231,1.2444969133525172,src_3ee19c14cf6d,src_3ee19c14cf6d_20261003140156867_66a4410f46b2,2026-10-03T14:01:56.867Z,2026-10-03T14:02:00.305Z,2022-10-06T15:55:41.243Z,final
qc-prov-2022-10-03-general,qc-prov-2017-2022-250,250,Taillon,2017,2022,52762,35256,441,35697,67.66,186,186,67.65664682915735,1.235397932599378,src_3ee19c14cf6d,src_3ee19c14cf6d_20261003140156867_66a4410f46b2,2026-10-03T14:01:56.867Z,2026-10-03T14:02:00.305Z,2022-10-06T15:55:41.243Z,final
qc-prov-2022-10-03-general,qc-prov-2017-2022-730,730,Taschereau,2017,2022,47996,34370,321,34691,72.28,178,178,72.27893991165931,0.9253120405868958,src_3ee19c14cf6d,src_3ee19c14cf6d_20261003140156867_66a4410f46b2,2026-10-03T14:01:56.867Z,2026-10-03T14:02:00.305Z,2022-10-06T15:55:41.243Z,final
qc-prov-2022-10-03-general,qc-prov-2017-2022-542,542,Terrebonne,2017,2022,60184,42295,549,42844,71.19,203,203,71.18835570915859,1.281392960507889,src_3ee19c14cf6d,src_3ee19c14cf6d_20261003140156867_66a4410f46b2,2026-10-03T14:01:56.867Z,2026-10-03T14:02:00.305Z,2022-10-06T15:55:41.243Z,final
qc-prov-2022-10-03-general,qc-prov-2017-2022-660,660,Trois-Rivières,2017,2022,54728,37115,492,37607,68.72,191,191,68.71619646250548,1.308267077937618,src_3ee19c14cf6d,src_3ee19c14cf6d_20261003140156867_66a4410f46b2,2026-10-03T14:01:56.867Z,2026-10-03T14:02:00.305Z,2022-10-06T15:55:41.243Z,final
qc-prov-2022-10-03-general,qc-prov-2017-2022-938,938,Ungava,2017,2022,29522,8635,285,8920,30.21,111,111,30.214755097893097,3.195067264573991,src_3ee19c14cf6d,src_3ee19c14cf6d_20261003140156867_66a4410f46b2,2026-10-03T14:01:56.867Z,2026-10-03T14:02:00.305Z,2022-10-06T15:55:41.243Z,final
qc-prov-2022-10-03-general,qc-prov-2017-2022-240,240,Vachon,2017,2022,52770,35589,491,36080,68.37,177,177,68.37218116353989,1.3608647450110865,src_3ee19c14cf6d,src_3ee19c14cf6d_20261003140156867_66a4410f46b2,2026-10-03T14:01:56.867Z,2026-10-03T14:02:00.305Z,2022-10-06T15:55:41.243Z,final
qc-prov-2022-10-03-general,qc-prov-2017-2022-726,726,Vanier-Les Rivières,2017,2022,60404,43918,506,44424,73.54,203,203,73.54479835772466,1.139023951017468,src_3ee19c14cf6d,src_3ee19c14cf6d_20261003140156867_66a4410f46b2,2026-10-03T14:01:56.867Z,2026-10-03T14:02:00.305Z,2022-10-06T15:55:41.243Z,final
qc-prov-2022-10-03-general,qc-prov-2017-2022-224,224,Vaudreuil,2017,2022,61632,39765,415,40180,65.19,208,208,65.19340602284528,1.0328521652563465,src_3ee19c14cf6d,src_3ee19c14cf6d_20261003140156867_66a4410f46b2,2026-10-03T14:01:56.867Z,2026-10-03T14:02:00.305Z,2022-10-06T15:55:41.243Z,final
qc-prov-2022-10-03-general,qc-prov-2017-2022-256,256,Verchères,2017,2022,62095,46161,586,46747,75.28,200,200,75.28303406071342,1.2535563779493872,src_3ee19c14cf6d,src_3ee19c14cf6d_20261003140156867_66a4410f46b2,2026-10-03T14:01:56.867Z,2026-10-03T14:02:00.305Z,2022-10-06T15:55:41.243Z,final
qc-prov-2022-10-03-general,qc-prov-2017-2022-300,300,Verdun,2017,2022,48658,31093,303,31396,64.52,162,162,64.52381931028813,0.9650910944069307,src_3ee19c14cf6d,src_3ee19c14cf6d_20261003140156867_66a4410f46b2,2026-10-03T14:01:56.867Z,2026-10-03T14:02:00.305Z,2022-10-06T15:55:41.243Z,final
qc-prov-2022-10-03-general,qc-prov-2017-2022-358,358,Viau,2017,2022,39883,21082,466,21548,54.03,132,132,54.02803199358122,2.162613699647299,src_3ee19c14cf6d,src_3ee19c14cf6d_20261003140156867_66a4410f46b2,2026-10-03T14:01:56.867Z,2026-10-03T14:02:00.305Z,2022-10-06T15:55:41.243Z,final
qc-prov-2022-10-03-general,qc-prov-2017-2022-476,476,Vimont,2017,2022,46185,31965,349,32314,69.97,153,153,69.96643932012559,1.0800272327783622,src_3ee19c14cf6d,src_3ee19c14cf6d_20261003140156867_66a4410f46b2,2026-10-03T14:01:56.867Z,2026-10-03T14:02:00.305Z,2022-10-06T15:55:41.243Z,final
qc-prov-2022-10-03-general,qc-prov-2017-2022-332,332,Westmount-Saint-Louis,2017,2022,46919,20952,155,21107,44.99,178,178,44.9860397706686,0.7343535320036007,src_3ee19c14cf6d,src_3ee19c14cf6d_20261003140156867_66a4410f46b2,2026-10-03T14:01:56.867Z,2026-10-03T14:02:00.305Z,2022-10-06T15:55:41.243Z,final
qc-prov-2015-11-09-partial,qc-prov-2011-2011-293,293,Beauce-Sud,2011,2011,48587,19147,195,19342,39.81,169,169,39.80900240805153,1.008168751938786,src_46b2b80361d8,src_46b2b80361d8_20261003140334616_19b24c218d52,2026-10-03T14:03:34.616Z,2026-10-03T14:03:35.992Z,2015-11-15T07:23:38.111Z,final
qc-prov-2015-11-09-partial,qc-prov-2011-2011-443,443,Fabre,2011,2011,50074,11450,82,11532,23.03,158,158,23.0299157247274,0.711064862989941,src_46b2b80361d8,src_46b2b80361d8_20261003140334616_19b24c218d52,2026-10-03T14:03:34.616Z,2026-10-03T14:03:35.992Z,2015-11-15T07:23:38.111Z,final
qc-prov-2015-11-09-partial,qc-prov-2011-2011-753,753,René-Lévesque,2011,2011,34008,13363,102,13465,39.59,121,121,39.59362502940485,0.7575194949870033,src_46b2b80361d8,src_46b2b80361d8_20261003140334616_19b24c218d52,2026-10-03T14:03:34.616Z,2026-10-03T14:03:35.992Z,2015-11-15T07:23:38.111Z,final
qc-prov-2015-11-09-partial,qc-prov-2011-2011-393,393,Saint-Henri-Sainte-Anne,2011,2011,58171,13760,115,13875,23.85,193,193,23.852091248216464,0.8288288288288288,src_46b2b80361d8,src_46b2b80361d8_20261003140334616_19b24c218d52,2026-10-03T14:03:34.616Z,2026-10-03T14:03:35.992Z,2015-11-15T07:23:38.111Z,final
qc-prov-2017-05-29-partial,qc-prov-2011-2011-381,381,Gouin,2011,2011,44185,14245,243,14488,32.79,151,151,32.789408170193504,1.677250138045279,src_4e9171631c9b,src_4e9171631c9b_20261003140322454_1a6a53295089,2026-10-03T14:03:22.454Z,2026-10-03T14:03:23.293Z,2017-06-04T06:25:04.538Z,final
qc-prov-2022-04-11-partial,qc-prov-2017-2022-246,246,Marie-Victorin,2017,2022,45636,16299,188,16487,36.13,146,146,36.12718029625734,1.140292351549706,src_53258148a5e9,src_53258148a5e9_20261003140204660_7805f46f3584,2026-10-03T14:02:04.660Z,2026-10-03T14:02:05.560Z,2022-04-13T06:11:59.302Z,final
qc-prov-2015-03-09-partial,qc-prov-2011-2011-253,253,Richelieu,2011,2011,44356,20266,318,20584,46.41,152,152,46.40634863378123,1.544889234356782,src_68477afa07d6,src_68477afa07d6_20261003140343358_34827d6504ac,2026-10-03T14:03:43.358Z,2026-10-03T14:03:44.878Z,2015-03-15T06:22:32.490Z,final
qc-prov-2018-10-01-general,qc-prov-2017-2017-648,648,Abitibi-Est,2017,2017,33770,20991,551,21542,63.79,125,125,63.79034646135624,2.557794076687401,src_6ce929ca1736,src_6ce929ca1736_20261003140216850_ff268ada6bee,2026-10-03T14:02:16.850Z,2026-10-03T14:02:19.940Z,2018-10-17T14:10:42.608Z,final
qc-prov-2018-10-01-general,qc-prov-2017-2017-642,642,Abitibi-Ouest,2017,2017,35339,22509,372,22881,64.75,139,139,64.74716319080902,1.6258030680477251,src_6ce929ca1736,src_6ce929ca1736_20261003140216850_ff268ada6bee,2026-10-03T14:02:16.850Z,2026-10-03T14:02:19.940Z,2018-10-17T14:10:42.608Z,final
qc-prov-2018-10-01-general,qc-prov-2017-2017-338,338,Acadie,2017,2017,49838,26591,406,26997,54.17,162,162,54.16950920983988,1.5038708004593102,src_6ce929ca1736,src_6ce929ca1736_20261003140216850_ff268ada6bee,2026-10-03T14:02:16.850Z,2026-10-03T14:02:19.940Z,2018-10-17T14:10:42.608Z,final
qc-prov-2018-10-01-general,qc-prov-2017-2017-366,366,Anjou-Louis-Riel,2017,2017,43666,27654,505,28159,64.49,137,137,64.4872440800623,1.7933875492737668,src_6ce929ca1736,src_6ce929ca1736_20261003140216850_ff268ada6bee,2026-10-03T14:02:16.850Z,2026-10-03T14:02:19.940Z,2018-10-17T14:10:42.608Z,final
qc-prov-2018-10-01-general,qc-prov-2017-2017-520,520,Argenteuil,2017,2017,47351,30477,457,30934,65.33,158,158,65.32913771620451,1.4773388504558091,src_6ce929ca1736,src_6ce929ca1736_20261003140216850_ff268ada6bee,2026-10-03T14:02:16.850Z,2026-10-03T14:02:19.940Z,2018-10-17T14:10:42.608Z,final
qc-prov-2018-10-01-general,qc-prov-2017-2017-144,144,Arthabaska,2017,2017,60808,41465,791,42256,69.49,196,196,69.49085646625444,1.8719235138205224,src_6ce929ca1736,src_6ce929ca1736_20261003140216850_ff268ada6bee,2026-10-03T14:02:16.850Z,2026-10-03T14:02:19.940Z,2018-10-17T14:10:42.608Z,final
qc-prov-2018-10-01-general,qc-prov-2017-2017-806,806,Beauce-Nord,2017,2017,43398,30193,530,30723,70.79,142,142,70.79358495783215,1.7250919506558604,src_6ce929ca1736,src_6ce929ca1736_20261003140216850_ff268ada6bee,2026-10-03T14:02:16.850Z,2026-10-03T14:02:19.940Z,2018-10-17T14:10:42.608Z,final
qc-prov-2018-10-01-general,qc-prov-2017-2017-802,802,Beauce-Sud,2017,2017,48992,33402,467,33869,69.13,169,169,69.13169497060744,1.3788420089167084,src_6ce929ca1736,src_6ce929ca1736_20261003140216850_ff268ada6bee,2026-10-03T14:02:16.850Z,2026-10-03T14:02:19.940Z,2018-10-17T14:10:42.608Z,final
qc-prov-2018-10-01-general,qc-prov-2017-2017-218,218,Beauharnois,2017,2017,47666,32003,706,32709,68.62,157,157,68.62123945789452,2.158427344156043,src_6ce929ca1736,src_6ce929ca1736_20261003140216850_ff268ada6bee,2026-10-03T14:02:16.850Z,2026-10-03T14:02:19.940Z,2018-10-17T14:10:42.608Z,final
qc-prov-2018-10-01-general,qc-prov-2017-2017-822,822,Bellechasse,2017,2017,43947,30274,535,30809,70.1,153,153,70.10489908298632,1.7365055665552274,src_6ce929ca1736,src_6ce929ca1736_20261003140216850_ff268ada6bee,2026-10-03T14:02:16.850Z,2026-10-03T14:02:19.940Z,2018-10-17T14:10:42.608Z,final
qc-prov-2018-10-01-general,qc-prov-2017-2017-566,566,Berthier,2017,2017,58335,39990,752,40742,69.84,197,197,69.84143310191138,1.8457611310195867,src_6ce929ca1736,src_6ce929ca1736_20261003140216850_ff268ada6bee,2026-10-03T14:02:16.850Z,2026-10-03T14:02:19.940Z,2018-10-17T14:10:42.608Z,final
qc-prov-2018-10-01-general,qc-prov-2017-2017-588,588,Bertrand,2017,2017,50158,33378,530,33908,67.6,167,167,67.60237649029068,1.5630529668514803,src_6ce929ca1736,src_6ce929ca1736_20261003140216850_ff268ada6bee,2026-10-03T14:02:16.850Z,2026-10-03T14:02:19.940Z,2018-10-17T14:10:42.608Z,final
qc-prov-2018-10-01-general,qc-prov-2017-2017-536,536,Blainville,2017,2017,57856,42377,761,43138,74.56,184,184,74.56097898230088,1.7641058927163986,src_6ce929ca1736,src_6ce929ca1736_20261003140216850_ff268ada6bee,2026-10-03T14:02:16.850Z,2026-10-03T14:02:19.940Z,2018-10-17T14:10:42.608Z,final
qc-prov-2018-10-01-general,qc-prov-2017-2017-850,850,Bonaventure,2017,2017,35530,21882,242,22124,62.27,141,141,62.26850548831973,1.093834749593202,src_6ce929ca1736,src_6ce929ca1736_20261003140216850_ff268ada6bee,2026-10-03T14:02:16.850Z,2026-10-03T14:02:19.940Z,2018-10-17T14:10:42.608Z,final
qc-prov-2018-10-01-general,qc-prov-2017-2017-258,258,Borduas,2017,2017,57897,43640,597,44237,76.41,191,191,76.40637684163255,1.3495490200510885,src_6ce929ca1736,src_6ce929ca1736_20261003140216850_ff268ada6bee,2026-10-03T14:02:16.850Z,2026-10-03T14:02:19.940Z,2018-10-17T14:10:42.608Z,final
qc-prov-2018-10-01-general,qc-prov-2017-2017-360,360,Bourassa-Sauvé,2017,2017,48592,24817,666,25483,52.44,164,164,52.44278893645045,2.6135070439116275,src_6ce929ca1736,src_6ce929ca1736_20261003140216850_ff268ada6bee,2026-10-03T14:02:16.850Z,2026-10-03T14:02:19.940Z,2018-10-17T14:10:42.608Z,final
qc-prov-2018-10-01-general,qc-prov-2017-2017-370,370,Bourget,2017,2017,50481,32178,594,32772,64.92,165,165,64.91947465383015,1.812522885389967,src_6ce929ca1736,src_6ce929ca1736_20261003140216850_ff268ada6bee,2026-10-03T14:02:16.850Z,2026-10-03T14:02:19.940Z,2018-10-17T14:10:42.608Z,final
qc-prov-2018-10-01-general,qc-prov-2017-2017-204,204,Brome-Missisquoi,2017,2017,59503,41473,623,42096,70.75,204,204,70.746012806077,1.4799505891296083,src_6ce929ca1736,src_6ce929ca1736_20261003140216850_ff268ada6bee,2026-10-03T14:02:16.850Z,2026-10-03T14:02:19.940Z,2018-10-17T14:10:42.608Z,final
qc-prov-2018-10-01-general,qc-prov-2017-2017-238,238,Chambly,2017,2017,50699,37685,518,38203,75.35,168,168,75.35257105662834,1.3559144569798185,src_6ce929ca1736,src_6ce929ca1736_20261003140216850_ff268ada6bee,2026-10-03T14:02:16.850Z,2026-10-03T14:02:19.940Z,2018-10-17T14:10:42.608Z,final
qc-prov-2018-10-01-general,qc-prov-2017-2017-676,676,Champlain,2017,2017,58905,40789,728,41517,70.48,197,197,70.4812834224599,1.7534985668521328,src_6ce929ca1736,src_6ce929ca1736_20261003140216850_ff268ada6bee,2026-10-03T14:02:16.850Z,2026-10-03T14:02:19.940Z,2018-10-17T14:10:42.608Z,final
qc-prov-2018-10-01-general,qc-prov-2017-2017-620,620,Chapleau,2017,2017,54962,32300,557,32857,59.78,179,179,59.78130344601725,1.6952247618467906,src_6ce929ca1736,src_6ce929ca1736_20261003140216850_ff268ada6bee,2026-10-03T14:02:16.850Z,2026-10-03T14:02:19.940Z,2018-10-17T14:10:42.608Z,final
qc-prov-2018-10-01-general,qc-prov-2017-2017-748,748,Charlesbourg,2017,2017,57722,41527,821,42348,73.37,193,193,73.36544125290185,1.9386984037026544,src_6ce929ca1736,src_6ce929ca1736_20261003140216850_ff268ada6bee,2026-10-03T14:02:16.850Z,2026-10-03T14:02:19.940Z,2018-10-17T14:10:42.608Z,final
qc-prov-2018-10-01-general,qc-prov-2017-2017-760,760,Charlevoix-Côte-de-Beaupré,2017,2017,51608,34738,605,35343,68.48,185,185,68.4835684390017,1.7117958294428883,src_6ce929ca1736,src_6ce929ca1736_20261003140216850_ff268ada6bee,2026-10-03T14:02:16.850Z,2026-10-03T14:02:19.940Z,2018-10-17T14:10:42.608Z,final
qc-prov-2018-10-01-general,qc-prov-2017-2017-226,226,Châteauguay,2017,2017,52642,33080,539,33619,63.86,172,172,63.86345503590289,1.6032600612748744,src_6ce929ca1736,src_6ce929ca1736_20261003140216850_ff268ada6bee,2026-10-03T14:02:16.850Z,2026-10-03T14:02:19.940Z,2018-10-17T14:10:42.608Z,final
qc-prov-2018-10-01-general,qc-prov-2017-2017-754,754,Chauveau,2017,2017,56405,39146,787,39933,70.8,190,190,70.79691516709512,1.9708010918288128,src_6ce929ca1736,src_6ce929ca1736_20261003140216850_ff268ada6bee,2026-10-03T14:02:16.850Z,2026-10-03T14:02:19.940Z,2018-10-17T14:10:42.608Z,final
qc-prov-2018-10-01-general,qc-prov-2017-2017-918,918,Chicoutimi,2017,2017,45937,30878,601,31479,68.53,153,153,68.52646015194723,1.9092093141459383,src_6ce929ca1736,src_6ce929ca1736_20261003140216850_ff268ada6bee,2026-10-03T14:02:16.850Z,2026-10-03T14:02:19.940Z,2018-10-17T14:10:42.608Z,final
qc-prov-2018-10-01-general,qc-prov-2017-2017-460,460,Chomedey,2017,2017,57131,30339,526,30865,54.02,182,182,54.02496017923719,1.7041956909120364,src_6ce929ca1736,src_6ce929ca1736_20261003140216850_ff268ada6bee,2026-10-03T14:02:16.850Z,2026-10-03T14:02:19.940Z,2018-10-17T14:10:42.608Z,final
qc-prov-2018-10-01-general,qc-prov-2017-2017-814,814,Chutes-de-la-Chaudière,2017,2017,57523,43316,764,44080,76.63,194,194,76.6302174782261,1.7332123411978222,src_6ce929ca1736,src_6ce929ca1736_20261003140216850_ff268ada6bee,2026-10-03T14:02:16.850Z,2026-10-03T14:02:19.940Z,2018-10-17T14:10:42.608Z,final
qc-prov-2018-10-01-general,qc-prov-2017-2017-826,826,Côte-du-Sud,2017,2017,49881,32799,538,33337,66.83,196,196,66.83306268920029,1.613822479527252,src_6ce929ca1736,src_6ce929ca1736_20261003140216850_ff268ada6bee,2026-10-03T14:02:16.850Z,2026-10-03T14:02:19.940Z,2018-10-17T14:10:42.608Z,final
qc-prov-2018-10-01-general,qc-prov-2017-2017-320,320,D'Arcy-McGee,2017,2017,55726,25681,265,25946,46.56,181,181,46.55995406094103,1.021352038849919,src_6ce929ca1736,src_6ce929ca1736_20261003140216850_ff268ada6bee,2026-10-03T14:02:16.850Z,2026-10-03T14:02:19.940Z,2018-10-17T14:10:42.608Z,final
qc-prov-2018-10-01-general,qc-prov-2017-2017-508,508,Deux-Montagnes,2017,2017,48440,33806,636,34442,71.1,151,151,71.10239471511147,1.8465826607049527,src_6ce929ca1736,src_6ce929ca1736_20261003140216850_ff268ada6bee,2026-10-03T14:02:16.850Z,2026-10-03T14:02:19.940Z,2018-10-17T14:10:42.608Z,final
qc-prov-2018-10-01-general,qc-prov-2017-2017-138,138,Drummond-Bois-Francs,2017,2017,51691,34774,798,35572,68.82,170,170,68.81662184906463,2.243337456426403,src_6ce929ca1736,src_6ce929ca1736_20261003140216850_ff268ada6bee,2026-10-03T14:02:16.850Z,2026-10-03T14:02:19.940Z,2018-10-17T14:10:42.608Z,final
qc-prov-2018-10-01-general,qc-prov-2017-2017-914,914,Dubuc,2017,2017,40506,26188,485,26673,65.85,137,137,65.84950377721819,1.818318149439508,src_6ce929ca1736,src_6ce929ca1736_20261003140216850_ff268ada6bee,2026-10-03T14:02:16.850Z,2026-10-03T14:02:19.940Z,2018-10-17T14:10:42.608Z,final
qc-prov-2018-10-01-general,qc-prov-2017-2017-902,902,Duplessis,2017,2017,37349,20465,378,20843,55.81,180,180,55.80604567726044,1.8135585088518928,src_6ce929ca1736,src_6ce929ca1736_20261003140216850_ff268ada6bee,2026-10-03T14:02:16.850Z,2026-10-03T14:02:19.940Z,2018-10-17T14:10:42.608Z,final
qc-prov-2018-10-01-general,qc-prov-2017-2017-466,466,Fabre,2017,2017,53670,32374,488,32862,61.23,164,164,61.22973728339855,1.4849978698801047,src_6ce929ca1736,src_6ce929ca1736_20261003140216850_ff268ada6bee,2026-10-03T14:02:16.850Z,2026-10-03T14:02:19.940Z,2018-10-17T14:10:42.608Z,final
qc-prov-2018-10-01-general,qc-prov-2017-2017-854,854,Gaspé,2017,2017,30033,17968,297,18265,60.82,132,132,60.816435254553326,1.6260607719682454,src_6ce929ca1736,src_6ce929ca1736_20261003140216850_ff268ada6bee,2026-10-03T14:02:16.850Z,2026-10-03T14:02:19.940Z,2018-10-17T14:10:42.608Z,final
qc-prov-2018-10-01-general,qc-prov-2017-2017-614,614,Gatineau,2017,2017,59189,34944,441,35385,59.78,198,198,59.78306779976009,1.2462908011869436,src_6ce929ca1736,src_6ce929ca1736_20261003140216850_ff268ada6bee,2026-10-03T14:02:16.850Z,2026-10-03T14:02:19.940Z,2018-10-17T14:10:42.608Z,final
qc-prov-2018-10-01-general,qc-prov-2017-2017-346,346,Gouin,2017,2017,44196,30399,370,30769,69.62,142,142,69.61942257217848,1.202509018817641,src_6ce929ca1736,src_6ce929ca1736_20261003140216850_ff268ada6bee,2026-10-03T14:02:16.850Z,2026-10-03T14:02:19.940Z,2018-10-17T14:10:42.608Z,final
qc-prov-2018-10-01-general,qc-prov-2017-2017-206,206,Granby,2017,2017,52468,36183,448,36631,69.82,169,169,69.8158877792178,1.2230078348939424,src_6ce929ca1736,src_6ce929ca1736_20261003140216850_ff268ada6bee,2026-10-03T14:02:16.850Z,2026-10-03T14:02:19.940Z,2018-10-17T14:10:42.608Z,final
qc-prov-2018-10-01-general,qc-prov-2017-2017-502,502,Groulx,2017,2017,52633,36370,604,36974,70.25,176,176,70.2487032850113,1.6335803537621032,src_6ce929ca1736,src_6ce929ca1736_20261003140216850_ff268ada6bee,2026-10-03T14:02:16.850Z,2026-10-03T14:02:19.940Z,2018-10-17T14:10:42.608Z,final
qc-prov-2018-10-01-general,qc-prov-2017-2017-352,352,Hochelaga-Maisonneuve,2017,2017,42934,26752,467,27219,63.4,144,144,63.39730749522523,1.7157132885117017,src_6ce929ca1736,src_6ce929ca1736_20261003140216850_ff268ada6bee,2026-10-03T14:02:16.850Z,2026-10-03T14:02:19.940Z,2018-10-17T14:10:42.608Z,final
qc-prov-2018-10-01-general,qc-prov-2017-2017-602,602,Hull,2017,2017,54787,31158,411,31569,57.62,186,186,57.62133352802672,1.3019101016820298,src_6ce929ca1736,src_6ce929ca1736_20261003140216850_ff268ada6bee,2026-10-03T14:02:16.850Z,2026-10-03T14:02:19.940Z,2018-10-17T14:10:42.608Z,final
qc-prov-2018-10-01-general,qc-prov-2017-2017-216,216,Huntingdon,2017,2017,43512,28905,508,29413,67.6,148,148,67.59744438315867,1.727127460646653,src_6ce929ca1736,src_6ce929ca1736_20261003140216850_ff268ada6bee,2026-10-03T14:02:16.850Z,2026-10-03T14:02:19.940Z,2018-10-17T14:10:42.608Z,final
qc-prov-2018-10-01-general,qc-prov-2017-2017-210,210,Iberville,2017,2017,48072,33375,697,34072,70.88,158,158,70.8770178066234,2.045667997182437,src_6ce929ca1736,src_6ce929ca1736_20261003140216850_ff268ada6bee,2026-10-03T14:02:16.850Z,2026-10-03T14:02:19.940Z,2018-10-17T14:10:42.608Z,final
qc-prov-2018-10-01-general,qc-prov-2017-2017-858,858,Îles-de-la-Madeleine,2017,2017,10729,7645,151,7796,72.66,48,48,72.6628763165253,1.9368907131862487,src_6ce929ca1736,src_6ce929ca1736_20261003140216850_ff268ada6bee,2026-10-03T14:02:16.850Z,2026-10-03T14:02:19.940Z,2018-10-17T14:10:42.608Z,final
qc-prov-2018-10-01-general,qc-prov-2017-2017-310,310,Jacques-Cartier,2017,2017,45490,29431,186,29617,65.11,150,150,65.10661683886569,0.6280176925414458,src_6ce929ca1736,src_6ce929ca1736_20261003140216850_ff268ada6bee,2026-10-03T14:02:16.850Z,2026-10-03T14:02:19.940Z,2018-10-17T14:10:42.608Z,final
qc-prov-2018-10-01-general,qc-prov-2017-2017-736,736,Jean-Lesage,2017,2017,46090,29771,548,30319,65.78,168,168,65.7821653287047,1.80744747518058,src_6ce929ca1736,src_6ce929ca1736_20261003140216850_ff268ada6bee,2026-10-03T14:02:16.850Z,2026-10-03T14:02:19.940Z,2018-10-17T14:10:42.608Z,final
qc-prov-2018-10-01-general,qc-prov-2017-2017-364,364,Jeanne-Mance-Viger,2017,2017,50660,27464,538,28002,55.27,158,158,55.274378207658906,1.921291336333119,src_6ce929ca1736,src_6ce929ca1736_20261003140216850_ff268ada6bee,2026-10-03T14:02:16.850Z,2026-10-03T14:02:19.940Z,2018-10-17T14:10:42.608Z,final
qc-prov-2018-10-01-general,qc-prov-2017-2017-702,702,Jean-Talon,2017,2017,45743,33975,405,34380,75.16,175,175,75.15904072754302,1.1780104712041886,src_6ce929ca1736,src_6ce929ca1736_20261003140216850_ff268ada6bee,2026-10-03T14:02:16.850Z,2026-10-03T14:02:19.940Z,2018-10-17T14:10:42.608Z,final
qc-prov-2018-10-01-general,qc-prov-2017-2017-126,126,Johnson,2017,2017,59862,39466,923,40389,67.47,196,196,67.4701814172597,2.285275693877045,src_6ce929ca1736,src_6ce929ca1736_20261003140216850_ff268ada6bee,2026-10-03T14:02:16.850Z,2026-10-03T14:02:19.940Z,2018-10-17T14:10:42.608Z,final
qc-prov-2018-10-01-general,qc-prov-2017-2017-570,570,Joliette,2017,2017,54057,38251,630,38881,71.93,210,210,71.925930036813,1.620328695249608,src_6ce929ca1736,src_6ce929ca1736_20261003140216850_ff268ada6bee,2026-10-03T14:02:16.850Z,2026-10-03T14:02:19.940Z,2018-10-17T14:10:42.608Z,final
qc-prov-2018-10-01-general,qc-prov-2017-2017-922,922,Jonquière,2017,2017,45091,30788,438,31226,69.25,153,153,69.25107005832649,1.40267725613271,src_6ce929ca1736,src_6ce929ca1736_20261003140216850_ff268ada6bee,2026-10-03T14:02:16.850Z,2026-10-03T14:02:19.940Z,2018-10-17T14:10:42.608Z,final
qc-prov-2018-10-01-general,qc-prov-2017-2017-594,594,Labelle,2017,2017,48741,32288,465,32753,67.2,171,171,67.1980468188999,1.4197172778066132,src_6ce929ca1736,src_6ce929ca1736_20261003140216850_ff268ada6bee,2026-10-03T14:02:16.850Z,2026-10-03T14:02:19.940Z,2018-10-17T14:10:42.608Z,final
qc-prov-2018-10-01-general,qc-prov-2017-2017-926,926,Lac-Saint-Jean,2017,2017,42954,28981,518,29499,68.68,148,148,68.67579270847884,1.7559917285331703,src_6ce929ca1736,src_6ce929ca1736_20261003140216850_ff268ada6bee,2026-10-03T14:02:16.850Z,2026-10-03T14:02:19.940Z,2018-10-17T14:10:42.608Z,final
qc-prov-2018-10-01-general,qc-prov-2017-2017-390,390,LaFontaine,2017,2017,42584,24643,493,25136,59.03,141,141,59.02686455006575,1.9613303628262253,src_6ce929ca1736,src_6ce929ca1736_20261003140216850_ff268ada6bee,2026-10-03T14:02:16.850Z,2026-10-03T14:02:19.940Z,2018-10-17T14:10:42.608Z,final
qc-prov-2018-10-01-general,qc-prov-2017-2017-720,720,La Peltrie,2017,2017,58329,40517,760,41277,70.77,197,197,70.7658283186751,1.8412190808440536,src_6ce929ca1736,src_6ce929ca1736_20261003140216850_ff268ada6bee,2026-10-03T14:02:16.850Z,2026-10-03T14:02:19.940Z,2018-10-17T14:10:42.608Z,final
qc-prov-2018-10-01-general,qc-prov-2017-2017-236,236,La Pinière,2017,2017,54534,32880,435,33315,61.09,171,171,61.09032896908351,1.3057181449797388,src_6ce929ca1736,src_6ce929ca1736_20261003140216850_ff268ada6bee,2026-10-03T14:02:16.850Z,2026-10-03T14:02:19.940Z,2018-10-17T14:10:42.608Z,final
qc-prov-2018-10-01-general,qc-prov-2017-2017-244,244,Laporte,2017,2017,53823,35138,540,35678,66.29,179,179,66.28764654515727,1.513537754358428,src_6ce929ca1736,src_6ce929ca1736_20261003140216850_ff268ada6bee,2026-10-03T14:02:16.850Z,2026-10-03T14:02:19.940Z,2018-10-17T14:10:42.608Z,final
qc-prov-2018-10-01-general,qc-prov-2017-2017-232,232,La Prairie,2017,2017,45669,33634,549,34183,74.85,152,152,74.84946024655675,1.6060614925547787,src_6ce929ca1736,src_6ce929ca1736_20261003140216850_ff268ada6bee,2026-10-03T14:02:16.850Z,2026-10-03T14:02:19.940Z,2018-10-17T14:10:42.608Z,final
qc-prov-2018-10-01-general,qc-prov-2017-2017-554,554,L'Assomption,2017,2017,45248,31979,575,32554,71.95,145,145,71.94572135785008,1.7662960004914912,src_6ce929ca1736,src_6ce929ca1736_20261003140216850_ff268ada6bee,2026-10-03T14:02:16.850Z,2026-10-03T14:02:19.940Z,2018-10-17T14:10:42.608Z,final
qc-prov-2018-10-01-general,qc-prov-2017-2017-344,344,Laurier-Dorion,2017,2017,47910,30091,375,30466,63.59,161,161,63.59006470465456,1.2308803256088754,src_6ce929ca1736,src_6ce929ca1736_20261003140216850_ff268ada6bee,2026-10-03T14:02:16.850Z,2026-10-03T14:02:19.940Z,2018-10-17T14:10:42.608Z,final
qc-prov-2018-10-01-general,qc-prov-2017-2017-454,454,Laval-des-Rapides,2017,2017,55678,33730,611,34341,61.68,183,183,61.67786199216926,1.7792143501936462,src_6ce929ca1736,src_6ce929ca1736_20261003140216850_ff268ada6bee,2026-10-03T14:02:16.850Z,2026-10-03T14:02:19.940Z,2018-10-17T14:10:42.608Z,final
qc-prov-2018-10-01-general,qc-prov-2017-2017-670,670,Laviolette-Saint-Maurice,2017,2017,57511,35808,888,36696,63.81,202,202,63.80692389282051,2.419882275997384,src_6ce929ca1736,src_6ce929ca1736_20261003140216850_ff268ada6bee,2026-10-03T14:02:16.850Z,2026-10-03T14:02:19.940Z,2018-10-17T14:10:42.608Z,final
qc-prov-2018-10-01-general,qc-prov-2017-2017-530,530,Les Plaines,2017,2017,40009,26980,645,27625,69.05,128,128,69.04696443300257,2.334841628959276,src_6ce929ca1736,src_6ce929ca1736_20261003140216850_ff268ada6bee,2026-10-03T14:02:16.850Z,2026-10-03T14:02:19.940Z,2018-10-17T14:10:42.608Z,final
qc-prov-2018-10-01-general,qc-prov-2017-2017-818,818,Lévis,2017,2017,48200,33891,525,34416,71.4,169,169,71.40248962655602,1.5254532775453278,src_6ce929ca1736,src_6ce929ca1736_20261003140216850_ff268ada6bee,2026-10-03T14:02:16.850Z,2026-10-03T14:02:19.940Z,2018-10-17T14:10:42.608Z,final
qc-prov-2018-10-01-general,qc-prov-2017-2017-810,810,Lotbinière-Frontenac,2017,2017,55581,37855,746,38601,69.45,190,190,69.4499919037081,1.9325924198854951,src_6ce929ca1736,src_6ce929ca1736_20261003140216850_ff268ada6bee,2026-10-03T14:02:16.850Z,2026-10-03T14:02:19.940Z,2018-10-17T14:10:42.608Z,final
qc-prov-2018-10-01-general,qc-prov-2017-2017-708,708,Louis-Hébert,2017,2017,45821,36440,456,36896,80.52,157,157,80.52203138299033,1.235906331309627,src_6ce929ca1736,src_6ce929ca1736_20261003140216850_ff268ada6bee,2026-10-03T14:02:16.850Z,2026-10-03T14:02:19.940Z,2018-10-17T14:10:42.608Z,final
qc-prov-2018-10-01-general,qc-prov-2017-2017-304,304,Marguerite-Bourgeoys,2017,2017,53442,28773,514,29287,54.8,173,173,54.80146701096516,1.7550449004677844,src_6ce929ca1736,src_6ce929ca1736_20261003140216850_ff268ada6bee,2026-10-03T14:02:16.850Z,2026-10-03T14:02:19.940Z,2018-10-17T14:10:42.608Z,final
qc-prov-2018-10-01-general,qc-prov-2017-2017-246,246,Marie-Victorin,2017,2017,47044,29050,546,29596,62.91,157,157,62.91131706487543,1.8448438978240305,src_6ce929ca1736,src_6ce929ca1736_20261003140216850_ff268ada6bee,2026-10-03T14:02:16.850Z,2026-10-03T14:02:19.940Z,2018-10-17T14:10:42.608Z,final
qc-prov-2018-10-01-general,qc-prov-2017-2017-306,306,Marquette,2017,2017,46740,27494,366,27860,59.61,147,147,59.60633290543432,1.3137114142139268,src_6ce929ca1736,src_6ce929ca1736_20261003140216850_ff268ada6bee,2026-10-03T14:02:16.850Z,2026-10-03T14:02:19.940Z,2018-10-17T14:10:42.608Z,final
qc-prov-2018-10-01-general,qc-prov-2017-2017-666,666,Maskinongé,2017,2017,44239,31114,553,31667,71.58,149,149,71.58163611293203,1.7462974073957116,src_6ce929ca1736,src_6ce929ca1736_20261003140216850_ff268ada6bee,2026-10-03T14:02:16.850Z,2026-10-03T14:02:19.940Z,2018-10-17T14:10:42.608Z,final
qc-prov-2018-10-01-general,qc-prov-2017-2017-548,548,Masson,2017,2017,46214,33111,560,33671,72.86,147,147,72.85887393430562,1.663152267529922,src_6ce929ca1736,src_6ce929ca1736_20261003140216850_ff268ada6bee,2026-10-03T14:02:16.850Z,2026-10-03T14:02:19.940Z,2018-10-17T14:10:42.608Z,final
qc-prov-2018-10-01-general,qc-prov-2017-2017-842,842,Matane-Matapédia,2017,2017,45840,29741,230,29971,65.38,181,181,65.38176265270506,0.7674084948783825,src_6ce929ca1736,src_6ce929ca1736_20261003140216850_ff268ada6bee,2026-10-03T14:02:16.850Z,2026-10-03T14:02:19.940Z,2018-10-17T14:10:42.608Z,final
qc-prov-2018-10-01-general,qc-prov-2017-2017-340,340,Maurice-Richard,2017,2017,47407,32048,486,32534,68.63,157,157,68.626996013247,1.4938218479129526,src_6ce929ca1736,src_6ce929ca1736_20261003140216850_ff268ada6bee,2026-10-03T14:02:16.850Z,2026-10-03T14:02:19.940Z,2018-10-17T14:10:42.608Z,final
qc-prov-2018-10-01-general,qc-prov-2017-2017-104,104,Mégantic,2017,2017,38856,26493,377,26870,69.15,143,143,69.1527691990941,1.4030517305545218,src_6ce929ca1736,src_6ce929ca1736_20261003140216850_ff268ada6bee,2026-10-03T14:02:16.850Z,2026-10-03T14:02:19.940Z,2018-10-17T14:10:42.608Z,final
qc-prov-2018-10-01-general,qc-prov-2017-2017-350,350,Mercier,2017,2017,45048,29210,322,29532,65.56,154,154,65.55673947789025,1.0903426791277258,src_6ce929ca1736,src_6ce929ca1736_20261003140216850_ff268ada6bee,2026-10-03T14:02:16.850Z,2026-10-03T14:02:19.940Z,2018-10-17T14:10:42.608Z,final
qc-prov-2018-10-01-general,qc-prov-2017-2017-482,482,Mille-Îles,2017,2017,44374,29058,439,29497,66.47,141,141,66.47361067291658,1.4882869444350273,src_6ce929ca1736,src_6ce929ca1736_20261003140216850_ff268ada6bee,2026-10-03T14:02:16.850Z,2026-10-03T14:02:19.940Z,2018-10-17T14:10:42.608Z,final
qc-prov-2018-10-01-general,qc-prov-2017-2017-514,514,Mirabel,2017,2017,56903,39543,680,40223,70.69,186,186,70.68695850833875,1.6905750441289809,src_6ce929ca1736,src_6ce929ca1736_20261003140216850_ff268ada6bee,2026-10-03T14:02:16.850Z,2026-10-03T14:02:19.940Z,2018-10-17T14:10:42.608Z,final
qc-prov-2018-10-01-general,qc-prov-2017-2017-252,252,Montarville,2017,2017,53315,42252,599,42851,80.37,170,170,80.37325330582388,1.3978670276072904,src_6ce929ca1736,src_6ce929ca1736_20261003140216850_ff268ada6bee,2026-10-03T14:02:16.850Z,2026-10-03T14:02:19.940Z,2018-10-17T14:10:42.608Z,final
qc-prov-2018-10-01-general,qc-prov-2017-2017-742,742,Montmorency,2017,2017,57179,39771,802,40573,70.96,189,189,70.95786914776404,1.976684001675992,src_6ce929ca1736,src_6ce929ca1736_20261003140216850_ff268ada6bee,2026-10-03T14:02:16.850Z,2026-10-03T14:02:19.940Z,2018-10-17T14:10:42.608Z,final
qc-prov-2018-10-01-general,qc-prov-2017-2017-336,336,Mont-Royal-Outremont,2017,2017,56659,31216,347,31563,55.71,196,196,55.70694858716179,1.099388524538225,src_6ce929ca1736,src_6ce929ca1736_20261003140216850_ff268ada6bee,2026-10-03T14:02:16.850Z,2026-10-03T14:02:19.940Z,2018-10-17T14:10:42.608Z,final
qc-prov-2018-10-01-general,qc-prov-2017-2017-312,312,Nelligan,2017,2017,58249,34429,274,34703,59.58,181,181,59.57698844615359,0.7895570988099012,src_6ce929ca1736,src_6ce929ca1736_20261003140216850_ff268ada6bee,2026-10-03T14:02:16.850Z,2026-10-03T14:02:19.940Z,2018-10-17T14:10:42.608Z,final
qc-prov-2018-10-01-general,qc-prov-2017-2017-150,150,Nicolet-Bécancour,2017,2017,39995,28147,556,28703,71.77,145,145,71.76647080885111,1.937079747761558,src_6ce929ca1736,src_6ce929ca1736_20261003140216850_ff268ada6bee,2026-10-03T14:02:16.850Z,2026-10-03T14:02:19.940Z,2018-10-17T14:10:42.608Z,final
qc-prov-2018-10-01-general,qc-prov-2017-2017-324,324,Notre-Dame-de-Grâce,2017,2017,48076,26742,249,26991,56.14,159,159,56.14235793327232,0.9225297321329332,src_6ce929ca1736,src_6ce929ca1736_20261003140216850_ff268ada6bee,2026-10-03T14:02:16.850Z,2026-10-03T14:02:19.940Z,2018-10-17T14:10:42.608Z,final
qc-prov-2018-10-01-general,qc-prov-2017-2017-120,120,Orford,2017,2017,43367,30251,420,30671,70.72,154,154,70.72428344132635,1.3693717192135897,src_6ce929ca1736,src_6ce929ca1736_20261003140216850_ff268ada6bee,2026-10-03T14:02:16.850Z,2026-10-03T14:02:19.940Z,2018-10-17T14:10:42.608Z,final
qc-prov-2018-10-01-general,qc-prov-2017-2017-626,626,Papineau,2017,2017,60137,36168,446,36614,60.88,204,204,60.88431414935896,1.218113289998361,src_6ce929ca1736,src_6ce929ca1736_20261003140216850_ff268ada6bee,2026-10-03T14:02:16.850Z,2026-10-03T14:02:19.940Z,2018-10-17T14:10:42.608Z,final
qc-prov-2018-10-01-general,qc-prov-2017-2017-380,380,Pointe-aux-Trembles,2017,2017,41148,27156,592,27748,67.43,142,142,67.43462622727715,2.1334870981692373,src_6ce929ca1736,src_6ce929ca1736_20261003140216850_ff268ada6bee,2026-10-03T14:02:16.850Z,2026-10-03T14:02:19.940Z,2018-10-17T14:10:42.608Z,final
qc-prov-2018-10-01-general,qc-prov-2017-2017-608,608,Pontiac,2017,2017,52009,27592,249,27841,53.53,175,175,53.53111961391298,0.8943644265651377,src_6ce929ca1736,src_6ce929ca1736_20261003140216850_ff268ada6bee,2026-10-03T14:02:16.850Z,2026-10-03T14:02:19.940Z,2018-10-17T14:10:42.608Z,final
qc-prov-2018-10-01-general,qc-prov-2017-2017-714,714,Portneuf,2017,2017,42771,29450,621,30071,70.31,145,145,70.30698370391153,2.0651125669249444,src_6ce929ca1736,src_6ce929ca1736_20261003140216850_ff268ada6bee,2026-10-03T14:02:16.850Z,2026-10-03T14:02:19.940Z,2018-10-17T14:10:42.608Z,final
qc-prov-2018-10-01-general,qc-prov-2017-2017-582,582,Prévost,2017,2017,45347,31630,477,32107,70.8,147,147,70.8029197080292,1.4856573332918055,src_6ce929ca1736,src_6ce929ca1736_20261003140216850_ff268ada6bee,2026-10-03T14:02:16.850Z,2026-10-03T14:02:19.940Z,2018-10-17T14:10:42.608Z,final
qc-prov-2018-10-01-general,qc-prov-2017-2017-906,906,René-Lévesque,2017,2017,32944,19079,277,19356,58.75,128,128,58.75424963574551,1.4310808018185577,src_6ce929ca1736,src_6ce929ca1736_20261003140216850_ff268ada6bee,2026-10-03T14:02:16.850Z,2026-10-03T14:02:19.940Z,2018-10-17T14:10:42.608Z,final
qc-prov-2018-10-01-general,qc-prov-2017-2017-560,560,Repentigny,2017,2017,51729,37795,593,38388,74.21,181,181,74.209824276518,1.5447535688235907,src_6ce929ca1736,src_6ce929ca1736_20261003140216850_ff268ada6bee,2026-10-03T14:02:16.850Z,2026-10-03T14:02:19.940Z,2018-10-17T14:10:42.608Z,final
qc-prov-2018-10-01-general,qc-prov-2017-2017-264,264,Richelieu,2017,2017,44346,30643,592,31235,70.43,155,155,70.4347630000451,1.8953097486793664,src_6ce929ca1736,src_6ce929ca1736_20261003140216850_ff268ada6bee,2026-10-03T14:02:16.850Z,2026-10-03T14:02:19.940Z,2018-10-17T14:10:42.608Z,final
qc-prov-2018-10-01-general,qc-prov-2017-2017-132,132,Richmond,2017,2017,60502,42910,716,43626,72.11,211,211,72.10670721629037,1.641223123825242,src_6ce929ca1736,src_6ce929ca1736_20261003140216850_ff268ada6bee,2026-10-03T14:02:16.850Z,2026-10-03T14:02:19.940Z,2018-10-17T14:10:42.608Z,final
qc-prov-2018-10-01-general,qc-prov-2017-2017-838,838,Rimouski,2017,2017,45580,31737,282,32019,70.25,165,165,70.24791575252304,0.880727068303195,src_6ce929ca1736,src_6ce929ca1736_20261003140216850_ff268ada6bee,2026-10-03T14:02:16.850Z,2026-10-03T14:02:19.940Z,2018-10-17T14:10:42.608Z,final
qc-prov-2018-10-01-general,qc-prov-2017-2017-834,834,Rivière-du-Loup-Témiscouata,2017,2017,50261,34302,583,34885,69.41,199,199,69.40769184855057,1.6712053891357317,src_6ce929ca1736,src_6ce929ca1736_20261003140216850_ff268ada6bee,2026-10-03T14:02:16.850Z,2026-10-03T14:02:19.940Z,2018-10-17T14:10:42.608Z,final
qc-prov-2018-10-01-general,qc-prov-2017-2017-316,316,Robert-Baldwin,2017,2017,55075,30365,257,30622,55.6,173,173,55.6005447117567,0.8392658872705898,src_6ce929ca1736,src_6ce929ca1736_20261003140216850_ff268ada6bee,2026-10-03T14:02:16.850Z,2026-10-03T14:02:19.940Z,2018-10-17T14:10:42.608Z,final
qc-prov-2018-10-01-general,qc-prov-2017-2017-930,930,Roberval,2017,2017,44511,27810,407,28217,63.39,163,163,63.39331850553796,1.4423928837225786,src_6ce929ca1736,src_6ce929ca1736_20261003140216850_ff268ada6bee,2026-10-03T14:02:16.850Z,2026-10-03T14:02:19.940Z,2018-10-17T14:10:42.608Z,final
qc-prov-2018-10-01-general,qc-prov-2017-2017-356,356,Rosemont,2017,2017,53596,36653,542,37195,69.4,178,178,69.39883573401,1.457185105524936,src_6ce929ca1736,src_6ce929ca1736_20261003140216850_ff268ada6bee,2026-10-03T14:02:16.850Z,2026-10-03T14:02:19.940Z,2018-10-17T14:10:42.608Z,final
qc-prov-2018-10-01-general,qc-prov-2017-2017-576,576,Rousseau,2017,2017,41944,27168,580,27748,66.15,135,135,66.15487316421896,2.090240738071212,src_6ce929ca1736,src_6ce929ca1736_20261003140216850_ff268ada6bee,2026-10-03T14:02:16.850Z,2026-10-03T14:02:19.940Z,2018-10-17T14:10:42.608Z,final
qc-prov-2018-10-01-general,qc-prov-2017-2017-636,636,Rouyn-Noranda-Témiscamingue,2017,2017,44824,29003,400,29403,65.6,161,161,65.59655541674103,1.3604054008094413,src_6ce929ca1736,src_6ce929ca1736_20261003140216850_ff268ada6bee,2026-10-03T14:02:16.850Z,2026-10-03T14:02:19.940Z,2018-10-17T14:10:42.608Z,final
qc-prov-2018-10-01-general,qc-prov-2017-2017-110,110,Saint-François,2017,2017,57290,38940,677,39617,69.15,203,203,69.15168441263747,1.708862357068935,src_6ce929ca1736,src_6ce929ca1736_20261003140216850_ff268ada6bee,2026-10-03T14:02:16.850Z,2026-10-03T14:02:19.940Z,2018-10-17T14:10:42.608Z,final
qc-prov-2018-10-01-general,qc-prov-2017-2017-326,326,Saint-Henri-Sainte-Anne,2017,2017,55994,31102,597,31699,56.61,189,189,56.611422652427045,1.8833401684595727,src_6ce929ca1736,src_6ce929ca1736_20261003140216850_ff268ada6bee,2026-10-03T14:02:16.850Z,2026-10-03T14:02:19.940Z,2018-10-17T14:10:42.608Z,final
qc-prov-2018-10-01-general,qc-prov-2017-2017-260,260,Saint-Hyacinthe,2017,2017,58377,40821,898,41719,71.46,204,204,71.46478921493053,2.1524964644406626,src_6ce929ca1736,src_6ce929ca1736_20261003140216850_ff268ada6bee,2026-10-03T14:02:16.850Z,2026-10-03T14:02:19.940Z,2018-10-17T14:10:42.608Z,final
qc-prov-2018-10-01-general,qc-prov-2017-2017-212,212,Saint-Jean,2017,2017,60761,42504,809,43313,71.28,207,207,71.28421191224635,1.8677995059220096,src_6ce929ca1736,src_6ce929ca1736_20261003140216850_ff268ada6bee,2026-10-03T14:02:16.850Z,2026-10-03T14:02:19.940Z,2018-10-17T14:10:42.608Z,final
qc-prov-2018-10-01-general,qc-prov-2017-2017-526,526,Saint-Jérôme,2017,2017,60859,39382,707,40089,65.87,212,212,65.87193348559786,1.7635760433036494,src_6ce929ca1736,src_6ce929ca1736_20261003140216850_ff268ada6bee,2026-10-03T14:02:16.850Z,2026-10-03T14:02:19.940Z,2018-10-17T14:10:42.608Z,final
qc-prov-2018-10-01-general,qc-prov-2017-2017-318,318,Saint-Laurent,2017,2017,56749,28514,406,28920,50.96,178,178,50.96125041850958,1.4038727524204702,src_6ce929ca1736,src_6ce929ca1736_20261003140216850_ff268ada6bee,2026-10-03T14:02:16.850Z,2026-10-03T14:02:19.940Z,2018-10-17T14:10:42.608Z,final
qc-prov-2018-10-01-general,qc-prov-2017-2017-330,330,Sainte-Marie-Saint-Jacques,2017,2017,42894,25221,266,25487,59.42,157,157,59.41856669930527,1.0436693216149409,src_6ce929ca1736,src_6ce929ca1736_20261003140216850_ff268ada6bee,2026-10-03T14:02:16.850Z,2026-10-03T14:02:19.940Z,2018-10-17T14:10:42.608Z,final
qc-prov-2018-10-01-general,qc-prov-2017-2017-470,470,Sainte-Rose,2017,2017,53080,36617,546,37163,70.01,172,172,70.01318764129616,1.4692032397815031,src_6ce929ca1736,src_6ce929ca1736_20261003140216850_ff268ada6bee,2026-10-03T14:02:16.850Z,2026-10-03T14:02:19.940Z,2018-10-17T14:10:42.608Z,final
qc-prov-2018-10-01-general,qc-prov-2017-2017-230,230,Sanguinet,2017,2017,42016,29826,616,30442,72.45,138,138,72.45335110434121,2.023520136653308,src_6ce929ca1736,src_6ce929ca1736_20261003140216850_ff268ada6bee,2026-10-03T14:02:16.850Z,2026-10-03T14:02:19.940Z,2018-10-17T14:10:42.608Z,final
qc-prov-2018-10-01-general,qc-prov-2017-2017-116,116,Sherbrooke,2017,2017,50912,35932,476,36408,71.51,170,170,71.51162790697674,1.3074049659415512,src_6ce929ca1736,src_6ce929ca1736_20261003140216850_ff268ada6bee,2026-10-03T14:02:16.850Z,2026-10-03T14:02:19.940Z,2018-10-17T14:10:42.608Z,final
qc-prov-2018-10-01-general,qc-prov-2017-2017-220,220,Soulanges,2017,2017,56258,39018,551,39569,70.33,182,182,70.33488570514416,1.3925042331117794,src_6ce929ca1736,src_6ce929ca1736_20261003140216850_ff268ada6bee,2026-10-03T14:02:16.850Z,2026-10-03T14:02:19.940Z,2018-10-17T14:10:42.608Z,final
qc-prov-2018-10-01-general,qc-prov-2017-2017-250,250,Taillon,2017,2017,53083,36098,595,36693,69.12,175,175,69.1238249533749,1.6215626958820484,src_6ce929ca1736,src_6ce929ca1736_20261003140216850_ff268ada6bee,2026-10-03T14:02:16.850Z,2026-10-03T14:02:19.940Z,2018-10-17T14:10:42.608Z,final
qc-prov-2018-10-01-general,qc-prov-2017-2017-730,730,Taschereau,2017,2017,49619,36157,431,36588,73.74,178,178,73.73788266591427,1.1779818519733245,src_6ce929ca1736,src_6ce929ca1736_20261003140216850_ff268ada6bee,2026-10-03T14:02:16.850Z,2026-10-03T14:02:19.940Z,2018-10-17T14:10:42.608Z,final
qc-prov-2018-10-01-general,qc-prov-2017-2017-542,542,Terrebonne,2017,2017,57776,41052,741,41793,72.34,186,186,72.3362641927444,1.7730241906539372,src_6ce929ca1736,src_6ce929ca1736_20261003140216850_ff268ada6bee,2026-10-03T14:02:16.850Z,2026-10-03T14:02:19.940Z,2018-10-17T14:10:42.608Z,final
qc-prov-2018-10-01-general,qc-prov-2017-2017-660,660,Trois-Rivières,2017,2017,54187,37306,744,38050,70.22,184,184,70.21979441563475,1.9553219448094608,src_6ce929ca1736,src_6ce929ca1736_20261003140216850_ff268ada6bee,2026-10-03T14:02:16.850Z,2026-10-03T14:02:19.940Z,2018-10-17T14:10:42.608Z,final
qc-prov-2018-10-01-general,qc-prov-2017-2017-938,938,Ungava,2017,2017,28314,8564,182,8746,30.89,115,115,30.88931270749453,2.0809512920192086,src_6ce929ca1736,src_6ce929ca1736_20261003140216850_ff268ada6bee,2026-10-03T14:02:16.850Z,2026-10-03T14:02:19.940Z,2018-10-17T14:10:42.608Z,final
qc-prov-2018-10-01-general,qc-prov-2017-2017-240,240,Vachon,2017,2017,51519,35828,676,36504,70.86,165,165,70.8554125662377,1.851851851851852,src_6ce929ca1736,src_6ce929ca1736_20261003140216850_ff268ada6bee,2026-10-03T14:02:16.850Z,2026-10-03T14:02:19.940Z,2018-10-17T14:10:42.608Z,final
qc-prov-2018-10-01-general,qc-prov-2017-2017-726,726,Vanier-Les Rivières,2017,2017,57345,40500,688,41188,71.82,189,189,71.82491934780714,1.6703894338156744,src_6ce929ca1736,src_6ce929ca1736_20261003140216850_ff268ada6bee,2026-10-03T14:02:16.850Z,2026-10-03T14:02:19.940Z,2018-10-17T14:10:42.608Z,final
qc-prov-2018-10-01-general,qc-prov-2017-2017-224,224,Vaudreuil,2017,2017,58504,37932,508,38440,65.7,188,188,65.70490906604677,1.3215400624349636,src_6ce929ca1736,src_6ce929ca1736_20261003140216850_ff268ada6bee,2026-10-03T14:02:16.850Z,2026-10-03T14:02:19.940Z,2018-10-17T14:10:42.608Z,final
qc-prov-2018-10-01-general,qc-prov-2017-2017-256,256,Verchères,2017,2017,59769,45543,708,46251,77.38,187,187,77.38292425839482,1.5307777129143154,src_6ce929ca1736,src_6ce929ca1736_20261003140216850_ff268ada6bee,2026-10-03T14:02:16.850Z,2026-10-03T14:02:19.940Z,2018-10-17T14:10:42.608Z,final
qc-prov-2018-10-01-general,qc-prov-2017-2017-300,300,Verdun,2017,2017,49826,31130,354,31484,63.19,162,162,63.18789387066993,1.124380637784271,src_6ce929ca1736,src_6ce929ca1736_20261003140216850_ff268ada6bee,2026-10-03T14:02:16.850Z,2026-10-03T14:02:19.940Z,2018-10-17T14:10:42.608Z,final
qc-prov-2018-10-01-general,qc-prov-2017-2017-358,358,Viau,2017,2017,41646,21686,568,22254,53.44,142,142,53.43610430773664,2.5523501393008,src_6ce929ca1736,src_6ce929ca1736_20261003140216850_ff268ada6bee,2026-10-03T14:02:16.850Z,2026-10-03T14:02:19.940Z,2018-10-17T14:10:42.608Z,final
qc-prov-2018-10-01-general,qc-prov-2017-2017-476,476,Vimont,2017,2017,45909,31277,467,31744,69.15,151,151,69.14548345640289,1.4711441532258065,src_6ce929ca1736,src_6ce929ca1736_20261003140216850_ff268ada6bee,2026-10-03T14:02:16.850Z,2026-10-03T14:02:19.940Z,2018-10-17T14:10:42.608Z,final
qc-prov-2018-10-01-general,qc-prov-2017-2017-332,332,Westmount-Saint-Louis,2017,2017,45352,21805,178,21983,48.47,171,171,48.47195272534839,0.8097165991902834,src_6ce929ca1736,src_6ce929ca1736_20261003140216850_ff268ada6bee,2026-10-03T14:02:16.850Z,2026-10-03T14:02:19.940Z,2018-10-17T14:10:42.608Z,final
qc-prov-2019-12-02-partial,qc-prov-2017-2017-702,702,Jean-Talon,2017,2017,46857,22936,109,23045,49.18,158,158,49.18155238278165,0.4729876328921675,src_81c5fe8d1b02,src_81c5fe8d1b02_20261003140208331_309c476a31aa,2026-10-03T14:02:08.331Z,2026-10-03T14:02:09.382Z,2019-12-08T07:25:00.042Z,final
qc-prov-2023-03-13-partial,qc-prov-2017-2022-326,326,Saint-Henri-Sainte-Anne,2017,2022,57492,17747,133,17880,31.1,195,195,31.099979127530787,0.743847874720358,src_8f0698d69120,src_8f0698d69120_20261003140153734_b2f8081f3f95,2026-10-03T14:01:53.734Z,2026-10-03T14:01:54.281Z,2023-03-15T06:12:13.009Z,final
qc-prov-2016-04-11-partial,qc-prov-2011-2011-763,763,Chicoutimi,2011,2011,46630,18858,305,19163,41.1,158,158,41.09586103366931,1.5916088295152115,src_9869ef080ebd,src_9869ef080ebd_20261003140330158_408f2e0b3e14,2026-10-03T14:03:30.158Z,2026-10-03T14:03:31.509Z,2016-04-17T06:22:07.368Z,final
qc-prov-2018-12-10-partial,qc-prov-2017-2017-930,930,Roberval,2017,2017,44509,15354,85,15439,34.69,161,161,34.68736660001348,0.5505537923440638,src_9ef2a7b66e04,src_9ef2a7b66e04_20261003140212095_54ba0694cf83,2026-10-03T14:02:12.095Z,2026-10-03T14:02:13.368Z,2018-12-11T16:44:39.118Z,final
qc-prov-2013-12-09-partial,qc-prov-2011-2011-2032,2032,Viau,2011,2011,40518,6758,100,6858,16.93,131,131,16.925810750777433,1.458151064450277,src_a0bedefcbbb2,src_a0bedefcbbb2_20261003140357004_8be30da11b10,2026-10-03T14:03:57.004Z,2026-10-03T14:03:58.582Z,2013-12-11T07:24:37.967Z,final
qc-prov-2013-12-09-partial,qc-prov-2011-2011-2033,2033,Outremont,2011,2011,38671,10127,89,10216,26.42,132,132,26.41772904760673,0.8711824588880188,src_a0bedefcbbb2,src_a0bedefcbbb2_20261003140357004_8be30da11b10,2026-10-03T14:03:57.004Z,2026-10-03T14:03:58.582Z,2013-12-11T07:28:22.990Z,final
qc-prov-2017-10-02-partial,qc-prov-2011-2011-653,653,Louis-Hébert,2011,2011,45540,23690,190,23880,52.44,152,152,52.43741765480896,0.7956448911222781,src_c0d45adf2a1b,src_c0d45adf2a1b_20261003140224477_5797901f93d9,2026-10-03T14:02:24.477Z,2026-10-03T14:02:26.450Z,2017-10-08T06:25:34.381Z,final
qc-prov-2015-06-08-partial,qc-prov-2011-2011-613,613,Chauveau,2011,2011,58501,25102,222,25324,43.29,184,184,43.28814892053127,0.8766387616490285,src_d0efa9a1d2ca,src_d0efa9a1d2ca_20261003140339158_313bd91bc37f,2026-10-03T14:03:39.158Z,2026-10-03T14:03:40.726Z,2015-06-14T06:24:27.526Z,final
qc-prov-2015-06-08-partial,qc-prov-2011-2011-643,643,Jean-Talon,2011,2011,45475,19669,161,19830,43.61,155,155,43.60637713029137,0.8119011598587998,src_d0efa9a1d2ca,src_d0efa9a1d2ca_20261003140339158_313bd91bc37f,2026-10-03T14:03:39.158Z,2026-10-03T14:03:40.726Z,2015-06-14T06:24:27.526Z,final
qc-prov-2025-08-11-partial,qc-prov-2017-2022-144,144,Arthabaska,2017,2022,62960,37365,398,37763,59.98,187,187,59.97935196950445,1.053941688954797,src_d46eedaf6c55,src_d46eedaf6c55_20261003140146688_e9b35e080043,2026-10-03T14:01:46.688Z,2026-10-03T14:01:47.121Z,2025-08-13T06:12:20.401Z,final
qc-prov-2014-04-07-general,qc-prov-2011-2011-579,579,Abitibi-Est,2011,2011,33638,20626,525,21151,62.88,143,143,62.8782924073964,2.4821521441066614,src_f5041537304c,src_f5041537304c_20261003140352022_c70ed25b0773,2026-10-03T14:03:52.022Z,2026-10-03T14:03:53.452Z,2014-04-15T06:24:38.652Z,final
qc-prov-2014-04-07-general,qc-prov-2011-2011-573,573,Abitibi-Ouest,2011,2011,35382,21947,468,22415,63.35,164,164,63.35142162681589,2.087887575284408,src_f5041537304c,src_f5041537304c_20261003140352022_c70ed25b0773,2026-10-03T14:03:52.022Z,2026-10-03T14:03:53.452Z,2014-04-15T06:24:38.652Z,final
qc-prov-2014-04-07-general,qc-prov-2011-2011-437,437,Acadie,2011,2011,49413,34121,318,34439,69.7,195,195,69.69623378463157,0.9233717587618688,src_f5041537304c,src_f5041537304c_20261003140352022_c70ed25b0773,2026-10-03T14:03:52.022Z,2026-10-03T14:03:53.452Z,2014-04-15T06:24:38.652Z,final
qc-prov-2014-04-07-general,qc-prov-2011-2011-373,373,Anjou-Louis-Riel,2011,2011,43718,31588,454,32042,73.29,135,135,73.2924653460817,1.416890331439985,src_f5041537304c,src_f5041537304c_20261003140352022_c70ed25b0773,2026-10-03T14:03:52.022Z,2026-10-03T14:03:53.452Z,2014-04-15T06:24:38.652Z,final
qc-prov-2014-04-07-general,qc-prov-2011-2011-535,535,Argenteuil,2011,2011,44931,30527,443,30970,68.93,153,153,68.92791168680866,1.4304165321278657,src_f5041537304c,src_f5041537304c_20261003140352022_c70ed25b0773,2026-10-03T14:03:52.022Z,2026-10-03T14:03:53.452Z,2014-04-15T06:24:38.652Z,final
qc-prov-2014-04-07-general,qc-prov-2011-2011-323,323,Arthabaska,2011,2011,59032,42634,620,43254,73.27,194,194,73.27212359398293,1.433393443380959,src_f5041537304c,src_f5041537304c_20261003140352022_c70ed25b0773,2026-10-03T14:03:52.022Z,2026-10-03T14:03:53.452Z,2014-04-15T06:24:38.652Z,final
qc-prov-2014-04-07-general,qc-prov-2011-2011-309,309,Beauce-Nord,2011,2011,42229,30973,268,31241,73.98,160,160,73.97996637381894,0.8578470599532665,src_f5041537304c,src_f5041537304c_20261003140352022_c70ed25b0773,2026-10-03T14:03:52.022Z,2026-10-03T14:03:53.452Z,2014-04-15T06:24:38.652Z,final
qc-prov-2014-04-07-general,qc-prov-2011-2011-293,293,Beauce-Sud,2011,2011,48193,33774,349,34123,70.8,164,164,70.80488867677879,1.022770565307857,src_f5041537304c,src_f5041537304c_20261003140352022_c70ed25b0773,2026-10-03T14:03:52.022Z,2026-10-03T14:03:53.452Z,2014-04-15T06:24:38.652Z,final
qc-prov-2014-04-07-general,qc-prov-2011-2011-153,153,Beauharnois,2011,2011,46006,30620,645,31265,67.96,177,177,67.95852714863278,2.063009755317448,src_f5041537304c,src_f5041537304c_20261003140352022_c70ed25b0773,2026-10-03T14:03:52.022Z,2026-10-03T14:03:53.452Z,2014-04-15T06:24:38.652Z,final
qc-prov-2014-04-07-general,qc-prov-2011-2011-303,303,Bellechasse,2011,2011,43158,32153,316,32469,75.23,169,169,75.23286528569443,0.97323600973236,src_f5041537304c,src_f5041537304c_20261003140352022_c70ed25b0773,2026-10-03T14:03:52.022Z,2026-10-03T14:03:53.452Z,2014-04-15T06:24:38.652Z,final
qc-prov-2014-04-07-general,qc-prov-2011-2011-353,353,Berthier,2011,2011,56312,38057,718,38775,68.86,216,216,68.85743713595681,1.8517085751128304,src_f5041537304c,src_f5041537304c_20261003140352022_c70ed25b0773,2026-10-03T14:03:52.022Z,2026-10-03T14:03:53.452Z,2014-04-15T06:24:38.652Z,final
qc-prov-2014-04-07-general,qc-prov-2011-2011-525,525,Bertrand,2011,2011,58161,40794,559,41353,71.1,221,221,71.10090954419628,1.351776171015404,src_f5041537304c,src_f5041537304c_20261003140352022_c70ed25b0773,2026-10-03T14:03:52.022Z,2026-10-03T14:03:53.452Z,2014-04-15T06:24:38.652Z,final
qc-prov-2014-04-07-general,qc-prov-2011-2011-473,473,Blainville,2011,2011,58968,44449,868,45317,76.85,218,218,76.85015601682268,1.9153959882604763,src_f5041537304c,src_f5041537304c_20261003140352022_c70ed25b0773,2026-10-03T14:03:52.022Z,2026-10-03T14:03:53.452Z,2014-04-15T06:24:38.652Z,final
qc-prov-2014-04-07-general,qc-prov-2011-2011-713,713,Bonaventure,2011,2011,36179,24902,222,25124,69.44,158,158,69.44359987838249,0.8836172583983443,src_f5041537304c,src_f5041537304c_20261003140352022_c70ed25b0773,2026-10-03T14:03:52.022Z,2026-10-03T14:03:53.452Z,2014-04-15T06:24:38.652Z,final
qc-prov-2014-04-07-general,qc-prov-2011-2011-243,243,Borduas,2011,2011,56663,42782,727,43509,76.79,195,195,76.78555671249316,1.6709186605070214,src_f5041537304c,src_f5041537304c_20261003140352022_c70ed25b0773,2026-10-03T14:03:52.022Z,2026-10-03T14:03:53.452Z,2014-04-15T06:24:38.652Z,final
qc-prov-2014-04-07-general,qc-prov-2011-2011-431,431,Bourassa-Sauvé,2011,2011,47769,29606,552,30158,63.13,160,160,63.13299420126023,1.830360103455136,src_f5041537304c,src_f5041537304c_20261003140352022_c70ed25b0773,2026-10-03T14:03:52.022Z,2026-10-03T14:03:53.452Z,2014-04-15T06:24:38.652Z,final
qc-prov-2014-04-07-general,qc-prov-2011-2011-377,377,Bourget,2011,2011,49334,33149,577,33726,68.36,168,168,68.36258969473386,1.7108462313941766,src_f5041537304c,src_f5041537304c_20261003140352022_c70ed25b0773,2026-10-03T14:03:52.022Z,2026-10-03T14:03:53.452Z,2014-04-15T06:24:38.652Z,final
qc-prov-2014-04-07-general,qc-prov-2011-2011-129,129,Brome-Missisquoi,2011,2011,56480,40683,623,41306,73.13,222,222,73.13385269121812,1.508255459255314,src_f5041537304c,src_f5041537304c_20261003140352022_c70ed25b0773,2026-10-03T14:03:52.022Z,2026-10-03T14:03:53.452Z,2014-04-15T06:24:38.652Z,final
qc-prov-2014-04-07-general,qc-prov-2011-2011-193,193,Chambly,2011,2011,46866,35424,483,35907,76.62,169,169,76.61631033158366,1.3451416158409224,src_f5041537304c,src_f5041537304c_20261003140352022_c70ed25b0773,2026-10-03T14:03:52.022Z,2026-10-03T14:03:53.452Z,2014-04-15T06:24:38.652Z,final
qc-prov-2014-04-07-general,qc-prov-2011-2011-593,593,Champlain,2011,2011,48978,34735,642,35377,72.23,166,166,72.23038915431418,1.814738389349012,src_f5041537304c,src_f5041537304c_20261003140352022_c70ed25b0773,2026-10-03T14:03:52.022Z,2026-10-03T14:03:53.452Z,2014-04-15T06:24:38.652Z,final
qc-prov-2014-04-07-general,qc-prov-2011-2011-559,559,Chapleau,2011,2011,54814,34060,456,34516,62.97,185,185,62.9693144087277,1.3211264341175106,src_f5041537304c,src_f5041537304c_20261003140352022_c70ed25b0773,2026-10-03T14:03:52.022Z,2026-10-03T14:03:53.452Z,2014-04-15T06:24:38.652Z,final
qc-prov-2014-04-07-general,qc-prov-2011-2011-619,619,Charlesbourg,2011,2011,52879,40252,431,40683,76.94,180,180,76.93602375234025,1.0594105646092962,src_f5041537304c,src_f5041537304c_20261003140352022_c70ed25b0773,2026-10-03T14:03:52.022Z,2026-10-03T14:03:53.452Z,2014-04-15T06:24:38.652Z,final
qc-prov-2014-04-07-general,qc-prov-2011-2011-679,679,Charlevoix-Côte-de-Beaupré,2011,2011,51165,37124,472,37596,73.48,186,186,73.47991791263559,1.2554527077348654,src_f5041537304c,src_f5041537304c_20261003140352022_c70ed25b0773,2026-10-03T14:03:52.022Z,2026-10-03T14:03:53.452Z,2014-04-15T06:24:38.652Z,final
qc-prov-2014-04-07-general,qc-prov-2011-2011-173,173,Châteauguay,2011,2011,50370,36019,530,36549,72.56,173,173,72.56104824300179,1.4501080740923145,src_f5041537304c,src_f5041537304c_20261003140352022_c70ed25b0773,2026-10-03T14:03:52.022Z,2026-10-03T14:03:53.452Z,2014-04-15T06:24:38.652Z,final
qc-prov-2014-04-07-general,qc-prov-2011-2011-613,613,Chauveau,2011,2011,57651,43269,560,43829,76.02,206,206,76.02470035211878,1.2776928517648132,src_f5041537304c,src_f5041537304c_20261003140352022_c70ed25b0773,2026-10-03T14:03:52.022Z,2026-10-03T14:03:53.452Z,2014-04-15T06:24:38.652Z,final
qc-prov-2014-04-07-general,qc-prov-2011-2011-763,763,Chicoutimi,2011,2011,46993,32609,556,33165,70.57,167,167,70.57434085927692,1.6764661540780943,src_f5041537304c,src_f5041537304c_20261003140352022_c70ed25b0773,2026-10-03T14:03:52.022Z,2026-10-03T14:03:53.452Z,2014-04-15T06:24:38.652Z,final
qc-prov-2014-04-07-general,qc-prov-2011-2011-441,441,Chomedey,2011,2011,58464,41910,352,42262,72.29,191,191,72.28721948549534,0.8328995314940135,src_f5041537304c,src_f5041537304c_20261003140352022_c70ed25b0773,2026-10-03T14:03:52.022Z,2026-10-03T14:03:53.452Z,2014-04-15T06:24:38.652Z,final
qc-prov-2014-04-07-general,qc-prov-2011-2011-659,659,Chutes-de-la-Chaudière,2011,2011,55587,44625,433,45058,81.06,210,210,81.05852087718351,0.9609836211105686,src_f5041537304c,src_f5041537304c_20261003140352022_c70ed25b0773,2026-10-03T14:03:52.022Z,2026-10-03T14:03:53.452Z,2014-04-15T06:24:38.652Z,final
qc-prov-2014-04-07-general,qc-prov-2011-2011-683,683,Côte-du-Sud,2011,2011,50550,34777,398,35175,69.58,223,223,69.58456973293768,1.1314854299928927,src_f5041537304c,src_f5041537304c_20261003140352022_c70ed25b0773,2026-10-03T14:03:52.022Z,2026-10-03T14:03:53.452Z,2014-04-15T06:24:38.652Z,final
qc-prov-2014-04-07-general,qc-prov-2011-2011-433,433,Crémazie,2011,2011,46596,34464,485,34949,75,155,155,75.00429221392395,1.3877364159203411,src_f5041537304c,src_f5041537304c_20261003140352022_c70ed25b0773,2026-10-03T14:03:52.022Z,2026-10-03T14:03:53.452Z,2014-04-15T06:24:38.652Z,final
qc-prov-2014-04-07-general,qc-prov-2011-2011-403,403,D'Arcy-McGee,2011,2011,40892,29281,184,29465,72.06,151,151,72.05565880856891,0.6244697098252163,src_f5041537304c,src_f5041537304c_20261003140352022_c70ed25b0773,2026-10-03T14:03:52.022Z,2026-10-03T14:03:53.452Z,2014-04-15T06:24:38.652Z,final
qc-prov-2014-04-07-general,qc-prov-2011-2011-483,483,Deux-Montagnes,2011,2011,47612,34744,705,35449,74.45,176,176,74.45391918003864,1.988772602894299,src_f5041537304c,src_f5041537304c_20261003140352022_c70ed25b0773,2026-10-03T14:03:52.022Z,2026-10-03T14:03:53.452Z,2014-04-15T06:24:38.652Z,final
qc-prov-2014-04-07-general,qc-prov-2011-2011-273,273,Drummond-Bois-Francs,2011,2011,50041,34070,575,34645,69.23,158,158,69.23322875242302,1.659691153124549,src_f5041537304c,src_f5041537304c_20261003140352022_c70ed25b0773,2026-10-03T14:03:52.022Z,2026-10-03T14:03:53.452Z,2014-04-15T06:24:38.652Z,final
qc-prov-2014-04-07-general,qc-prov-2011-2011-759,759,Dubuc,2011,2011,40081,27755,496,28251,70.48,163,163,70.48476834410319,1.7556900640685285,src_f5041537304c,src_f5041537304c_20261003140352022_c70ed25b0773,2026-10-03T14:03:52.022Z,2026-10-03T14:03:53.452Z,2014-04-15T06:24:38.652Z,final
qc-prov-2014-04-07-general,qc-prov-2011-2011-745,745,Duplessis,2011,2011,38784,22281,474,22755,58.67,181,181,58.67110148514851,2.0830586684245223,src_f5041537304c,src_f5041537304c_20261003140352022_c70ed25b0773,2026-10-03T14:03:52.022Z,2026-10-03T14:03:53.452Z,2014-04-15T06:24:38.652Z,final
qc-prov-2014-04-07-general,qc-prov-2011-2011-443,443,Fabre,2011,2011,48972,37382,440,37822,77.23,183,183,77.2318876092461,1.163344085452911,src_f5041537304c,src_f5041537304c_20261003140352022_c70ed25b0773,2026-10-03T14:03:52.022Z,2026-10-03T14:03:53.452Z,2014-04-15T06:24:38.652Z,final
qc-prov-2014-04-07-general,qc-prov-2011-2011-731,731,Gaspé,2011,2011,30850,19268,210,19478,63.14,142,142,63.137763371150726,1.0781394393674917,src_f5041537304c,src_f5041537304c_20261003140352022_c70ed25b0773,2026-10-03T14:03:52.022Z,2026-10-03T14:03:53.452Z,2014-04-15T06:24:38.652Z,final
qc-prov-2014-04-07-general,qc-prov-2011-2011-557,557,Gatineau,2011,2011,57670,37108,467,37575,65.16,226,226,65.15519334142535,1.2428476380572189,src_f5041537304c,src_f5041537304c_20261003140352022_c70ed25b0773,2026-10-03T14:03:52.022Z,2026-10-03T14:03:53.452Z,2014-04-15T06:24:38.652Z,final
qc-prov-2014-04-07-general,qc-prov-2011-2011-381,381,Gouin,2011,2011,43831,31692,385,32077,73.18,143,143,73.18336337295521,1.2002369298874582,src_f5041537304c,src_f5041537304c_20261003140352022_c70ed25b0773,2026-10-03T14:03:52.022Z,2026-10-03T14:03:53.452Z,2014-04-15T06:24:38.652Z,final
qc-prov-2014-04-07-general,qc-prov-2011-2011-133,133,Granby,2011,2011,50650,34765,440,35205,69.51,164,164,69.50641658440276,1.249822468399375,src_f5041537304c,src_f5041537304c_20261003140352022_c70ed25b0773,2026-10-03T14:03:52.022Z,2026-10-03T14:03:53.452Z,2014-04-15T06:24:38.652Z,final
qc-prov-2014-04-07-general,qc-prov-2011-2011-481,481,Groulx,2011,2011,57216,41407,635,42042,73.48,215,215,73.47944630872483,1.510394367537225,src_f5041537304c,src_f5041537304c_20261003140352022_c70ed25b0773,2026-10-03T14:03:52.022Z,2026-10-03T14:03:53.452Z,2014-04-15T06:24:38.652Z,final
qc-prov-2014-04-07-general,qc-prov-2011-2011-387,387,Hochelaga-Maisonneuve,2011,2011,41405,25925,447,26372,63.69,140,140,63.69279072575776,1.694979523737297,src_f5041537304c,src_f5041537304c_20261003140352022_c70ed25b0773,2026-10-03T14:03:52.022Z,2026-10-03T14:03:53.452Z,2014-04-15T06:24:38.652Z,final
qc-prov-2014-04-07-general,qc-prov-2011-2011-561,561,Hull,2011,2011,52542,33013,532,33545,63.84,182,182,63.84416276502608,1.5859293486361603,src_f5041537304c,src_f5041537304c_20261003140352022_c70ed25b0773,2026-10-03T14:03:52.022Z,2026-10-03T14:03:53.452Z,2014-04-15T06:24:38.652Z,final
qc-prov-2014-04-07-general,qc-prov-2011-2011-149,149,Huntingdon,2011,2011,42056,29064,424,29488,70.12,160,160,70.11603576184136,1.4378730330982097,src_f5041537304c,src_f5041537304c_20261003140352022_c70ed25b0773,2026-10-03T14:03:52.022Z,2026-10-03T14:03:53.452Z,2014-04-15T06:24:38.652Z,final
qc-prov-2014-04-07-general,qc-prov-2011-2011-143,143,Iberville,2011,2011,46739,32534,652,33186,71,152,152,71.00280279851944,1.9646839028506,src_f5041537304c,src_f5041537304c_20261003140352022_c70ed25b0773,2026-10-03T14:03:52.022Z,2026-10-03T14:03:53.452Z,2014-04-15T06:24:38.652Z,final
qc-prov-2014-04-07-general,qc-prov-2011-2011-733,733,Îles-de-la-Madeleine,2011,2011,10855,8263,96,8359,77.01,51,51,77.0059880239521,1.1484627347768872,src_f5041537304c,src_f5041537304c_20261003140352022_c70ed25b0773,2026-10-03T14:03:52.022Z,2026-10-03T14:03:53.452Z,2014-04-15T06:24:38.652Z,final
qc-prov-2014-04-07-general,qc-prov-2011-2011-409,409,Jacques-Cartier,2011,2011,44612,36083,133,36216,81.18,152,152,81.17995158253385,0.3672409984537221,src_f5041537304c,src_f5041537304c_20261003140352022_c70ed25b0773,2026-10-03T14:03:52.022Z,2026-10-03T14:03:53.452Z,2014-04-15T06:24:38.652Z,final
qc-prov-2014-04-07-general,qc-prov-2011-2011-623,623,Jean-Lesage,2011,2011,46643,31248,427,31675,67.91,184,184,67.90943978732071,1.3480662983425415,src_f5041537304c,src_f5041537304c_20261003140352022_c70ed25b0773,2026-10-03T14:03:52.022Z,2026-10-03T14:03:53.452Z,2014-04-15T06:24:38.652Z,final
qc-prov-2014-04-07-general,qc-prov-2011-2011-429,429,Jeanne-Mance-Viger,2011,2011,48925,34389,394,34783,71.09,152,152,71.09453244762392,1.132737256705862,src_f5041537304c,src_f5041537304c_20261003140352022_c70ed25b0773,2026-10-03T14:03:52.022Z,2026-10-03T14:03:53.452Z,2014-04-15T06:24:38.652Z,final
qc-prov-2014-04-07-general,qc-prov-2011-2011-643,643,Jean-Talon,2011,2011,45172,34812,393,35205,77.94,173,173,77.93544673691667,1.1163187047294418,src_f5041537304c,src_f5041537304c_20261003140352022_c70ed25b0773,2026-10-03T14:03:52.022Z,2026-10-03T14:03:53.452Z,2014-04-15T06:24:38.652Z,final
qc-prov-2014-04-07-general,qc-prov-2011-2011-269,269,Johnson,2011,2011,57123,37768,755,38523,67.44,188,188,67.4386849430177,1.9598681307270984,src_f5041537304c,src_f5041537304c_20261003140352022_c70ed25b0773,2026-10-03T14:03:52.022Z,2026-10-03T14:03:53.452Z,2014-04-15T06:24:38.652Z,final
qc-prov-2014-04-07-general,qc-prov-2011-2011-361,361,Joliette,2011,2011,57591,39425,804,40229,69.85,208,208,69.85292840895279,1.9985582539958733,src_f5041537304c,src_f5041537304c_20261003140352022_c70ed25b0773,2026-10-03T14:03:52.022Z,2026-10-03T14:03:53.452Z,2014-04-15T06:24:38.652Z,final
qc-prov-2014-04-07-general,qc-prov-2011-2011-773,773,Jonquière,2011,2011,45648,30993,738,31731,69.51,162,162,69.51235541535226,2.325801266899877,src_f5041537304c,src_f5041537304c_20261003140352022_c70ed25b0773,2026-10-03T14:03:52.022Z,2026-10-03T14:03:53.452Z,2014-04-15T06:24:38.652Z,final
qc-prov-2014-04-07-general,qc-prov-2011-2011-545,545,Labelle,2011,2011,47641,30572,562,31134,65.35,168,168,65.3512730631179,1.805100533179161,src_f5041537304c,src_f5041537304c_20261003140352022_c70ed25b0773,2026-10-03T14:03:52.022Z,2026-10-03T14:03:53.452Z,2014-04-15T06:24:38.652Z,final
qc-prov-2014-04-07-general,qc-prov-2011-2011-779,779,Lac-Saint-Jean,2011,2011,43027,29549,500,30049,69.84,147,147,69.83754386780393,1.6639488834902991,src_f5041537304c,src_f5041537304c_20261003140352022_c70ed25b0773,2026-10-03T14:03:52.022Z,2026-10-03T14:03:53.452Z,2014-04-15T06:24:38.652Z,final
qc-prov-2014-04-07-general,qc-prov-2011-2011-371,371,LaFontaine,2011,2011,41609,30678,269,30947,74.38,161,161,74.37573601864982,0.8692280350276279,src_f5041537304c,src_f5041537304c_20261003140352022_c70ed25b0773,2026-10-03T14:03:52.022Z,2026-10-03T14:03:53.452Z,2014-04-15T06:24:38.652Z,final
qc-prov-2014-04-07-general,qc-prov-2011-2011-603,603,La Peltrie,2011,2011,55695,42493,473,42966,77.15,214,214,77.145165634258,1.1008704557091653,src_f5041537304c,src_f5041537304c_20261003140352022_c70ed25b0773,2026-10-03T14:03:52.022Z,2026-10-03T14:03:53.452Z,2014-04-15T06:24:38.652Z,final
qc-prov-2014-04-07-general,qc-prov-2011-2011-203,203,La Pinière,2011,2011,60247,44525,520,45045,74.77,191,191,74.76720832572576,1.1544011544011543,src_f5041537304c,src_f5041537304c_20261003140352022_c70ed25b0773,2026-10-03T14:03:52.022Z,2026-10-03T14:03:53.452Z,2014-04-15T06:24:38.652Z,final
qc-prov-2014-04-07-general,qc-prov-2011-2011-209,209,Laporte,2011,2011,45988,33165,425,33590,73.04,172,172,73.04079325041315,1.26525751711819,src_f5041537304c,src_f5041537304c_20261003140352022_c70ed25b0773,2026-10-03T14:03:52.022Z,2026-10-03T14:03:53.452Z,2014-04-15T06:24:38.652Z,final
qc-prov-2014-04-07-general,qc-prov-2011-2011-183,183,La Prairie,2011,2011,42419,32723,478,33201,78.27,146,146,78.26917183337655,1.4397156712147223,src_f5041537304c,src_f5041537304c_20261003140352022_c70ed25b0773,2026-10-03T14:03:52.022Z,2026-10-03T14:03:53.452Z,2014-04-15T06:24:38.652Z,final
qc-prov-2014-04-07-general,qc-prov-2011-2011-363,363,L'Assomption,2011,2011,52567,37910,666,38576,73.38,163,163,73.38444271120665,1.7264620489423477,src_f5041537304c,src_f5041537304c_20261003140352022_c70ed25b0773,2026-10-03T14:03:52.022Z,2026-10-03T14:03:53.452Z,2014-04-15T06:24:38.652Z,final
qc-prov-2014-04-07-general,qc-prov-2011-2011-423,423,Laurier-Dorion,2011,2011,47011,33700,429,34129,72.6,151,151,72.59790261853608,1.2569955170089953,src_f5041537304c,src_f5041537304c_20261003140352022_c70ed25b0773,2026-10-03T14:03:52.022Z,2026-10-03T14:03:53.452Z,2014-04-15T06:24:38.652Z,final
qc-prov-2014-04-07-general,qc-prov-2011-2011-439,439,Laval-des-Rapides,2011,2011,54691,38189,593,38782,70.91,183,183,70.91111883125194,1.5290598731370224,src_f5041537304c,src_f5041537304c_20261003140352022_c70ed25b0773,2026-10-03T14:03:52.022Z,2026-10-03T14:03:53.452Z,2014-04-15T06:24:38.652Z,final
qc-prov-2014-04-07-general,qc-prov-2011-2011-583,583,Laviolette,2011,2011,35771,23626,385,24011,67.12,128,128,67.12420675966565,1.6034317604431303,src_f5041537304c,src_f5041537304c_20261003140352022_c70ed25b0773,2026-10-03T14:03:52.022Z,2026-10-03T14:03:53.452Z,2014-04-15T06:24:38.652Z,final
qc-prov-2014-04-07-general,qc-prov-2011-2011-663,663,Lévis,2011,2011,46785,34896,396,35292,75.43,157,157,75.43443411349791,1.1220673240394423,src_f5041537304c,src_f5041537304c_20261003140352022_c70ed25b0773,2026-10-03T14:03:52.022Z,2026-10-03T14:03:53.452Z,2014-04-15T06:24:38.652Z,final
qc-prov-2014-04-07-general,qc-prov-2011-2011-289,289,Lotbinière-Frontenac,2011,2011,54278,39414,518,39932,73.57,193,193,73.56940196764803,1.2972052489231694,src_f5041537304c,src_f5041537304c_20261003140352022_c70ed25b0773,2026-10-03T14:03:52.022Z,2026-10-03T14:03:53.452Z,2014-04-15T06:24:38.652Z,final
qc-prov-2014-04-07-general,qc-prov-2011-2011-653,653,Louis-Hébert,2011,2011,44887,37234,320,37554,83.66,147,147,83.66342148060686,0.8521063002609576,src_f5041537304c,src_f5041537304c_20261003140352022_c70ed25b0773,2026-10-03T14:03:52.022Z,2026-10-03T14:03:53.452Z,2014-04-15T06:24:38.652Z,final
qc-prov-2014-04-07-general,qc-prov-2011-2011-399,399,Marguerite-Bourgeoys,2011,2011,52371,37457,428,37885,72.34,172,172,72.33965362509785,1.1297347235053452,src_f5041537304c,src_f5041537304c_20261003140352022_c70ed25b0773,2026-10-03T14:03:52.022Z,2026-10-03T14:03:53.452Z,2014-04-15T06:24:38.652Z,final
qc-prov-2014-04-07-general,qc-prov-2011-2011-213,213,Marie-Victorin,2011,2011,46770,30429,591,31020,66.32,160,160,66.32456703014753,1.9052224371373307,src_f5041537304c,src_f5041537304c_20261003140352022_c70ed25b0773,2026-10-03T14:03:52.022Z,2026-10-03T14:03:53.452Z,2014-04-15T06:24:38.652Z,final
qc-prov-2014-04-07-general,qc-prov-2011-2011-407,407,Marquette,2011,2011,46167,32542,308,32850,71.15,150,150,71.1547209045422,0.9375951293759512,src_f5041537304c,src_f5041537304c_20261003140352022_c70ed25b0773,2026-10-03T14:03:52.022Z,2026-10-03T14:03:53.452Z,2014-04-15T06:24:38.652Z,final
qc-prov-2014-04-07-general,qc-prov-2011-2011-349,349,Maskinongé,2011,2011,47793,34802,481,35283,73.82,155,155,73.82461866800577,1.3632627611030808,src_f5041537304c,src_f5041537304c_20261003140352022_c70ed25b0773,2026-10-03T14:03:52.022Z,2026-10-03T14:03:53.452Z,2014-04-15T06:24:38.652Z,final
qc-prov-2014-04-07-general,qc-prov-2011-2011-465,465,Masson,2011,2011,50840,34511,827,35338,69.51,187,187,69.50826121164438,2.3402569471956536,src_f5041537304c,src_f5041537304c_20261003140352022_c70ed25b0773,2026-10-03T14:03:52.022Z,2026-10-03T14:03:53.452Z,2014-04-15T06:24:38.652Z,final
qc-prov-2014-04-07-general,qc-prov-2011-2011-711,711,Matane-Matapédia,2011,2011,47356,29474,453,29927,63.2,176,176,63.19579356364558,1.513683296020316,src_f5041537304c,src_f5041537304c_20261003140352022_c70ed25b0773,2026-10-03T14:03:52.022Z,2026-10-03T14:03:53.452Z,2014-04-15T06:24:38.652Z,final
qc-prov-2014-04-07-general,qc-prov-2011-2011-103,103,Mégantic,2011,2011,38589,26574,381,26955,69.85,158,158,69.85151208893726,1.4134668892598776,src_f5041537304c,src_f5041537304c_20261003140352022_c70ed25b0773,2026-10-03T14:03:52.022Z,2026-10-03T14:03:53.452Z,2014-04-15T06:24:38.652Z,final
qc-prov-2014-04-07-general,qc-prov-2011-2011-383,383,Mercier,2011,2011,40052,28639,360,28999,72.4,135,135,72.40337561170479,1.2414221180040692,src_f5041537304c,src_f5041537304c_20261003140352022_c70ed25b0773,2026-10-03T14:03:52.022Z,2026-10-03T14:03:53.452Z,2014-04-15T06:24:38.652Z,final
qc-prov-2014-04-07-general,qc-prov-2011-2011-451,451,Mille-Îles,2011,2011,42804,32670,417,33087,77.3,136,136,77.29885057471265,1.2603137183788196,src_f5041537304c,src_f5041537304c_20261003140352022_c70ed25b0773,2026-10-03T14:03:52.022Z,2026-10-03T14:03:53.452Z,2014-04-15T06:24:38.652Z,final
qc-prov-2014-04-07-general,qc-prov-2011-2011-495,495,Mirabel,2011,2011,60386,41689,872,42561,70.48,214,214,70.48156857549763,2.0488240407885154,src_f5041537304c,src_f5041537304c_20261003140352022_c70ed25b0773,2026-10-03T14:03:52.022Z,2026-10-03T14:03:53.452Z,2014-04-15T06:24:38.652Z,final
qc-prov-2014-04-07-general,qc-prov-2011-2011-233,233,Montarville,2011,2011,52071,42805,505,43310,83.17,201,201,83.17489581532907,1.1660124682521358,src_f5041537304c,src_f5041537304c_20261003140352022_c70ed25b0773,2026-10-03T14:03:52.022Z,2026-10-03T14:03:53.452Z,2014-04-15T06:24:38.652Z,final
qc-prov-2014-04-07-general,qc-prov-2011-2011-673,673,Montmorency,2011,2011,55950,42336,476,42812,76.52,206,206,76.5183199285076,1.1118378024852844,src_f5041537304c,src_f5041537304c_20261003140352022_c70ed25b0773,2026-10-03T14:03:52.022Z,2026-10-03T14:03:53.452Z,2014-04-15T06:24:38.652Z,final
qc-prov-2014-04-07-general,qc-prov-2011-2011-419,419,Mont-Royal,2011,2011,43154,29098,261,29359,68.03,144,144,68.03309079112017,0.8889948567730509,src_f5041537304c,src_f5041537304c_20261003140352022_c70ed25b0773,2026-10-03T14:03:52.022Z,2026-10-03T14:03:53.452Z,2014-04-15T06:24:38.652Z,final
qc-prov-2014-04-07-general,qc-prov-2011-2011-411,411,Nelligan,2011,2011,58147,45424,284,45708,78.61,192,192,78.60766677558601,0.6213354336221231,src_f5041537304c,src_f5041537304c_20261003140352022_c70ed25b0773,2026-10-03T14:03:52.022Z,2026-10-03T14:03:53.452Z,2014-04-15T06:24:38.652Z,final
qc-prov-2014-04-07-general,qc-prov-2011-2011-329,329,Nicolet-Bécancour,2011,2011,39638,28900,510,29410,74.2,160,160,74.1964781270498,1.7341040462427746,src_f5041537304c,src_f5041537304c_20261003140352022_c70ed25b0773,2026-10-03T14:03:52.022Z,2026-10-03T14:03:53.452Z,2014-04-15T06:24:38.652Z,final
qc-prov-2014-04-07-general,qc-prov-2011-2011-401,401,Notre-Dame-de-Grâce,2011,2011,40476,29155,192,29347,72.5,132,132,72.50469413973713,0.654240637884622,src_f5041537304c,src_f5041537304c_20261003140352022_c70ed25b0773,2026-10-03T14:03:52.022Z,2026-10-03T14:03:53.452Z,2014-04-15T06:24:38.652Z,final
qc-prov-2014-04-07-general,qc-prov-2011-2011-123,123,Orford,2011,2011,41195,29613,387,30000,72.82,143,143,72.82437188979245,1.29,src_f5041537304c,src_f5041537304c_20261003140352022_c70ed25b0773,2026-10-03T14:03:52.022Z,2026-10-03T14:03:53.452Z,2014-04-15T06:24:38.652Z,final
qc-prov-2014-04-07-general,qc-prov-2011-2011-421,421,Outremont,2011,2011,39580,27275,218,27493,69.46,152,152,69.46184941889844,0.7929291092278035,src_f5041537304c,src_f5041537304c_20261003140352022_c70ed25b0773,2026-10-03T14:03:52.022Z,2026-10-03T14:03:53.452Z,2014-04-15T06:24:38.652Z,final
qc-prov-2014-04-07-general,qc-prov-2011-2011-553,553,Papineau,2011,2011,57999,36404,455,36859,63.55,230,230,63.5510957085467,1.234433923872053,src_f5041537304c,src_f5041537304c_20261003140352022_c70ed25b0773,2026-10-03T14:03:52.022Z,2026-10-03T14:03:53.452Z,2014-04-15T06:24:38.652Z,final
qc-prov-2014-04-07-general,qc-prov-2011-2011-369,369,Pointe-aux-Trembles,2011,2011,40905,27811,591,28402,69.43,140,140,69.43405451656277,2.0808393775086262,src_f5041537304c,src_f5041537304c_20261003140352022_c70ed25b0773,2026-10-03T14:03:52.022Z,2026-10-03T14:03:53.452Z,2014-04-15T06:24:38.652Z,final
qc-prov-2014-04-07-general,qc-prov-2011-2011-563,563,Pontiac,2011,2011,50103,33870,322,34192,68.24,169,169,68.243418557771,0.9417407580720636,src_f5041537304c,src_f5041537304c_20261003140352022_c70ed25b0773,2026-10-03T14:03:52.022Z,2026-10-03T14:03:53.452Z,2014-04-15T06:24:38.652Z,final
qc-prov-2014-04-07-general,qc-prov-2011-2011-599,599,Portneuf,2011,2011,41239,30851,369,31220,75.71,167,167,75.70503649458037,1.18193465727098,src_f5041537304c,src_f5041537304c_20261003140352022_c70ed25b0773,2026-10-03T14:03:52.022Z,2026-10-03T14:03:53.452Z,2014-04-15T06:24:38.652Z,final
qc-prov-2014-04-07-general,qc-prov-2011-2011-753,753,René-Lévesque,2011,2011,34459,20051,404,20455,59.36,125,125,59.36039931512812,1.9750672207284283,src_f5041537304c,src_f5041537304c_20261003140352022_c70ed25b0773,2026-10-03T14:03:52.022Z,2026-10-03T14:03:53.452Z,2014-04-15T06:24:38.652Z,final
qc-prov-2014-04-07-general,qc-prov-2011-2011-367,367,Repentigny,2011,2011,51484,38505,631,39136,76.02,200,200,76.01584958433688,1.6123262469337694,src_f5041537304c,src_f5041537304c_20261003140352022_c70ed25b0773,2026-10-03T14:03:52.022Z,2026-10-03T14:03:53.452Z,2014-04-15T06:24:38.652Z,final
qc-prov-2014-04-07-general,qc-prov-2011-2011-253,253,Richelieu,2011,2011,44201,29971,785,30756,69.58,184,184,69.58213615076582,2.552347509429054,src_f5041537304c,src_f5041537304c_20261003140352022_c70ed25b0773,2026-10-03T14:03:52.022Z,2026-10-03T14:03:53.452Z,2014-04-15T06:24:38.652Z,final
qc-prov-2014-04-07-general,qc-prov-2011-2011-283,283,Richmond,2011,2011,58296,41737,594,42331,72.61,198,198,72.61390146836833,1.4032269495169023,src_f5041537304c,src_f5041537304c_20261003140352022_c70ed25b0773,2026-10-03T14:03:52.022Z,2026-10-03T14:03:53.452Z,2014-04-15T06:24:38.652Z,final
qc-prov-2014-04-07-general,qc-prov-2011-2011-703,703,Rimouski,2011,2011,44687,29637,426,30063,67.27,148,148,67.27459887663079,1.4170242490769385,src_f5041537304c,src_f5041537304c_20261003140352022_c70ed25b0773,2026-10-03T14:03:52.022Z,2026-10-03T14:03:53.452Z,2014-04-15T06:24:38.652Z,final
qc-prov-2014-04-07-general,qc-prov-2011-2011-699,699,Rivière-du-Loup-Témiscouata,2011,2011,50688,34986,494,35480,70,195,195,69.99684343434343,1.3923337091319052,src_f5041537304c,src_f5041537304c_20261003140352022_c70ed25b0773,2026-10-03T14:03:52.022Z,2026-10-03T14:03:53.452Z,2014-04-15T06:24:38.652Z,final
qc-prov-2014-04-07-general,qc-prov-2011-2011-413,413,Robert-Baldwin,2011,2011,54979,42124,203,42327,76.99,172,172,76.98757707488313,0.4795993101330121,src_f5041537304c,src_f5041537304c_20261003140352022_c70ed25b0773,2026-10-03T14:03:52.022Z,2026-10-03T14:03:53.452Z,2014-04-15T06:24:38.652Z,final
qc-prov-2014-04-07-general,qc-prov-2011-2011-783,783,Roberval,2011,2011,45143,32292,342,32634,72.29,160,160,72.29027756241278,1.0479867622724766,src_f5041537304c,src_f5041537304c_20261003140352022_c70ed25b0773,2026-10-03T14:03:52.022Z,2026-10-03T14:03:53.452Z,2014-04-15T06:24:38.652Z,final
qc-prov-2014-04-07-general,qc-prov-2011-2011-379,379,Rosemont,2011,2011,51819,37095,560,37655,72.67,176,176,72.66639649549393,1.4871862966405525,src_f5041537304c,src_f5041537304c_20261003140352022_c70ed25b0773,2026-10-03T14:03:52.022Z,2026-10-03T14:03:53.452Z,2014-04-15T06:24:38.652Z,final
qc-prov-2014-04-07-general,qc-prov-2011-2011-515,515,Rousseau,2011,2011,63181,39968,762,40730,64.47,220,220,64.46558300754974,1.870856862263688,src_f5041537304c,src_f5041537304c_20261003140352022_c70ed25b0773,2026-10-03T14:03:52.022Z,2026-10-03T14:03:53.452Z,2014-04-15T06:24:38.652Z,final
qc-prov-2014-04-07-general,qc-prov-2011-2011-567,567,Rouyn-Noranda-Témiscamingue,2011,2011,44587,28025,622,28647,64.25,186,186,64.24966918608563,2.1712570251684293,src_f5041537304c,src_f5041537304c_20261003140352022_c70ed25b0773,2026-10-03T14:03:52.022Z,2026-10-03T14:03:53.452Z,2014-04-15T06:24:38.652Z,final
qc-prov-2014-04-07-general,qc-prov-2011-2011-111,111,Saint-François,2011,2011,55945,38665,581,39246,70.15,205,205,70.15104120117974,1.4804056464353057,src_f5041537304c,src_f5041537304c_20261003140352022_c70ed25b0773,2026-10-03T14:03:52.022Z,2026-10-03T14:03:53.452Z,2014-04-15T06:24:38.652Z,final
qc-prov-2014-04-07-general,qc-prov-2011-2011-393,393,Saint-Henri-Sainte-Anne,2011,2011,55999,37689,550,38239,68.29,211,211,68.28514794907052,1.4383221318549124,src_f5041537304c,src_f5041537304c_20261003140352022_c70ed25b0773,2026-10-03T14:03:52.022Z,2026-10-03T14:03:53.452Z,2014-04-15T06:24:38.652Z,final
qc-prov-2014-04-07-general,qc-prov-2011-2011-263,263,Saint-Hyacinthe,2011,2011,57803,40453,923,41376,71.58,214,214,71.58105980658443,2.230761794276876,src_f5041537304c,src_f5041537304c_20261003140352022_c70ed25b0773,2026-10-03T14:03:52.022Z,2026-10-03T14:03:53.452Z,2014-04-15T06:24:38.652Z,final
qc-prov-2014-04-07-general,qc-prov-2011-2011-189,189,Saint-Jean,2011,2011,59296,41576,921,42497,71.67,195,195,71.66925256341068,2.1672118031861074,src_f5041537304c,src_f5041537304c_20261003140352022_c70ed25b0773,2026-10-03T14:03:52.022Z,2026-10-03T14:03:53.452Z,2014-04-15T06:24:38.652Z,final
qc-prov-2014-04-07-general,qc-prov-2011-2011-505,505,Saint-Jérôme,2011,2011,56077,37074,640,37714,67.25,219,219,67.25395438415036,1.696982552898128,src_f5041537304c,src_f5041537304c_20261003140352022_c70ed25b0773,2026-10-03T14:03:52.022Z,2026-10-03T14:03:53.452Z,2014-04-15T06:24:38.652Z,final
qc-prov-2014-04-07-general,qc-prov-2011-2011-417,417,Saint-Laurent,2011,2011,55083,38227,488,38715,70.28,211,211,70.28484287348184,1.2604933488312025,src_f5041537304c,src_f5041537304c_20261003140352022_c70ed25b0773,2026-10-03T14:03:52.022Z,2026-10-03T14:03:53.452Z,2014-04-15T06:24:38.652Z,final
qc-prov-2014-04-07-general,qc-prov-2011-2011-389,389,Sainte-Marie-Saint-Jacques,2011,2011,42287,27573,318,27891,65.96,187,187,65.95644051363303,1.1401527374421856,src_f5041537304c,src_f5041537304c_20261003140352022_c70ed25b0773,2026-10-03T14:03:52.022Z,2026-10-03T14:03:53.452Z,2014-04-15T06:24:38.652Z,final
qc-prov-2014-04-07-general,qc-prov-2011-2011-343,343,Saint-Maurice,2011,2011,36712,24541,533,25074,68.3,153,153,68.2991937241229,2.125707904602377,src_f5041537304c,src_f5041537304c_20261003140352022_c70ed25b0773,2026-10-03T14:03:52.022Z,2026-10-03T14:03:53.452Z,2014-04-15T06:24:38.652Z,final
qc-prov-2014-04-07-general,qc-prov-2011-2011-447,447,Sainte-Rose,2011,2011,50826,39145,614,39759,78.23,162,162,78.22571125014757,1.5443044342161525,src_f5041537304c,src_f5041537304c_20261003140352022_c70ed25b0773,2026-10-03T14:03:52.022Z,2026-10-03T14:03:53.452Z,2014-04-15T06:24:38.652Z,final
qc-prov-2014-04-07-general,qc-prov-2011-2011-177,177,Sanguinet,2011,2011,39658,28794,613,29407,74.15,136,136,74.15149528468405,2.0845376951066075,src_f5041537304c,src_f5041537304c_20261003140352022_c70ed25b0773,2026-10-03T14:03:52.022Z,2026-10-03T14:03:53.452Z,2014-04-15T06:24:38.652Z,final
qc-prov-2014-04-07-general,qc-prov-2011-2011-113,113,Sherbrooke,2011,2011,49255,33978,464,34442,69.93,174,174,69.92589584813724,1.3471923813948086,src_f5041537304c,src_f5041537304c_20261003140352022_c70ed25b0773,2026-10-03T14:03:52.022Z,2026-10-03T14:03:53.452Z,2014-04-15T06:24:38.652Z,final
qc-prov-2014-04-07-general,qc-prov-2011-2011-163,163,Soulanges,2011,2011,48340,34791,1429,36220,74.93,174,174,74.92759619362846,3.945334069574821,src_f5041537304c,src_f5041537304c_20261003140352022_c70ed25b0773,2026-10-03T14:03:52.022Z,2026-10-03T14:03:53.452Z,2014-04-15T06:24:38.652Z,final
qc-prov-2014-04-07-general,qc-prov-2011-2011-223,223,Taillon,2011,2011,51736,35942,681,36623,70.79,170,170,70.78823256533168,1.8594872074925592,src_f5041537304c,src_f5041537304c_20261003140352022_c70ed25b0773,2026-10-03T14:03:52.022Z,2026-10-03T14:03:53.452Z,2014-04-15T06:24:38.652Z,final
qc-prov-2014-04-07-general,qc-prov-2011-2011-633,633,Taschereau,2011,2011,49582,35933,466,36399,73.41,199,199,73.4117219958856,1.2802549520591224,src_f5041537304c,src_f5041537304c_20261003140352022_c70ed25b0773,2026-10-03T14:03:52.022Z,2026-10-03T14:03:53.452Z,2014-04-15T06:24:38.652Z,final
qc-prov-2014-04-07-general,qc-prov-2011-2011-453,453,Terrebonne,2011,2011,54874,39891,826,40717,74.2,199,199,74.20089659948245,2.0286366873787363,src_f5041537304c,src_f5041537304c_20261003140352022_c70ed25b0773,2026-10-03T14:03:52.022Z,2026-10-03T14:03:53.452Z,2014-04-15T06:24:38.652Z,final
qc-prov-2014-04-07-general,qc-prov-2011-2011-333,333,Trois-Rivières,2011,2011,43721,29773,593,30366,69.45,153,153,69.45403810525835,1.9528419943357704,src_f5041537304c,src_f5041537304c_20261003140352022_c70ed25b0773,2026-10-03T14:03:52.022Z,2026-10-03T14:03:53.452Z,2014-04-15T06:24:38.652Z,final
qc-prov-2014-04-07-general,qc-prov-2011-2011-793,793,Ungava,2011,2011,26786,10901,207,11108,41.47,109,109,41.46942432614052,1.863521786100108,src_f5041537304c,src_f5041537304c_20261003140352022_c70ed25b0773,2026-10-03T14:03:52.022Z,2026-10-03T14:03:53.452Z,2014-04-15T06:24:38.652Z,final
qc-prov-2014-04-07-general,qc-prov-2011-2011-229,229,Vachon,2011,2011,49226,36249,662,36911,74.98,186,186,74.98273270223054,1.793503291701661,src_f5041537304c,src_f5041537304c_20261003140352022_c70ed25b0773,2026-10-03T14:03:52.022Z,2026-10-03T14:03:53.452Z,2014-04-15T06:24:38.652Z,final
qc-prov-2014-04-07-general,qc-prov-2011-2011-639,639,Vanier-Les Rivières,2011,2011,56404,42154,539,42693,75.69,230,230,75.69144032338131,1.2625020495163142,src_f5041537304c,src_f5041537304c_20261003140352022_c70ed25b0773,2026-10-03T14:03:52.022Z,2026-10-03T14:03:53.452Z,2014-04-15T06:24:38.652Z,final
qc-prov-2014-04-07-general,qc-prov-2011-2011-169,169,Vaudreuil,2011,2011,58822,45348,528,45876,77.99,186,186,77.99122777192207,1.150928590112477,src_f5041537304c,src_f5041537304c_20261003140352022_c70ed25b0773,2026-10-03T14:03:52.022Z,2026-10-03T14:03:53.452Z,2014-04-15T06:24:38.652Z,final
qc-prov-2014-04-07-general,qc-prov-2011-2011-249,249,Verchères,2011,2011,57448,43364,850,44214,76.96,187,187,76.9635148308035,1.922467996562175,src_f5041537304c,src_f5041537304c_20261003140352022_c70ed25b0773,2026-10-03T14:03:52.022Z,2026-10-03T14:03:53.452Z,2014-04-15T06:24:38.652Z,final
qc-prov-2014-04-07-general,qc-prov-2011-2011-397,397,Verdun,2011,2011,48594,33943,409,34352,70.69,155,155,70.69185496151788,1.1906148113646948,src_f5041537304c,src_f5041537304c_20261003140352022_c70ed25b0773,2026-10-03T14:03:52.022Z,2026-10-03T14:03:53.452Z,2014-04-15T06:24:38.652Z,final
qc-prov-2014-04-07-general,qc-prov-2011-2011-427,427,Viau,2011,2011,41161,25709,360,26069,63.33,131,131,63.33422414421418,1.3809505542982086,src_f5041537304c,src_f5041537304c_20261003140352022_c70ed25b0773,2026-10-03T14:03:52.022Z,2026-10-03T14:03:53.452Z,2014-04-15T06:24:38.652Z,final
qc-prov-2014-04-07-general,qc-prov-2011-2011-449,449,Vimont,2011,2011,44955,34837,445,35282,78.48,146,146,78.48292737181626,1.2612663681197211,src_f5041537304c,src_f5041537304c_20261003140352022_c70ed25b0773,2026-10-03T14:03:52.022Z,2026-10-03T14:03:53.452Z,2014-04-15T06:24:38.652Z,final
qc-prov-2014-04-07-general,qc-prov-2011-2011-391,391,Westmount-Saint-Louis,2011,2011,39736,24395,252,24647,62.03,132,132,62.02687739077914,1.022436807725078,src_f5041537304c,src_f5041537304c_20261003140352022_c70ed25b0773,2026-10-03T14:03:52.022Z,2026-10-03T14:03:53.452Z,2014-04-15T06:24:38.652Z,final
qc-prov-2025-03-17-partial,qc-prov-2017-2022-542,542,Terrebonne,2017,2022,61451,22622,293,22915,37.29,195,195,37.28987323233145,1.2786384464324678,src_fc8fc11eea9d,src_fc8fc11eea9d_20261003140149086_e91543bd1947,2026-10-03T14:01:49.086Z,2026-10-03T14:01:49.425Z,2025-03-19T06:12:32.367Z,final
qc-prov-2012-09-04-general,qc-prov-2011-2011-579,579,Abitibi-Est,2011,2011,33261,21957,454,22411,NA,NA,NA,67.37921289197558,NA,src_f428cc11d231,src_f428cc11d231_20261003140401352_79d2bc06db1e,2026-10-03T14:04:01.352Z,2026-10-03T14:04:04.715Z,NA,final
qc-prov-2012-09-04-general,qc-prov-2011-2011-573,573,Abitibi-Ouest,2011,2011,35106,23481,317,23798,NA,NA,NA,67.78898194040904,NA,src_f428cc11d231,src_f428cc11d231_20261003140401352_79d2bc06db1e,2026-10-03T14:04:01.352Z,2026-10-03T14:04:04.715Z,NA,final
qc-prov-2012-09-04-general,qc-prov-2011-2011-437,437,Acadie,2011,2011,48339,30889,416,31305,NA,NA,NA,64.76137280456774,NA,src_f428cc11d231,src_f428cc11d231_20261003140401352_79d2bc06db1e,2026-10-03T14:04:01.352Z,2026-10-03T14:04:04.715Z,NA,final
qc-prov-2012-09-04-general,qc-prov-2011-2011-373,373,Anjou-Louis-Riel,2011,2011,43456,32288,446,32734,NA,NA,NA,75.32676730486008,NA,src_f428cc11d231,src_f428cc11d231_20261003140401352_79d2bc06db1e,2026-10-03T14:04:01.352Z,2026-10-03T14:04:04.715Z,NA,final
qc-prov-2012-09-04-general,qc-prov-2011-2011-535,535,Argenteuil,2011,2011,43902,32317,314,32631,NA,NA,NA,74.32690993576603,NA,src_f428cc11d231,src_f428cc11d231_20261003140401352_79d2bc06db1e,2026-10-03T14:04:01.352Z,2026-10-03T14:04:04.715Z,NA,final
qc-prov-2012-09-04-general,qc-prov-2011-2011-323,323,Arthabaska,2011,2011,58158,44832,570,45402,NA,NA,NA,78.06664603321985,NA,src_f428cc11d231,src_f428cc11d231_20261003140401352_79d2bc06db1e,2026-10-03T14:04:01.352Z,2026-10-03T14:04:04.715Z,NA,final
qc-prov-2012-09-04-general,qc-prov-2011-2011-309,309,Beauce-Nord,2011,2011,41749,31613,360,31973,NA,NA,NA,76.58387027234185,NA,src_f428cc11d231,src_f428cc11d231_20261003140401352_79d2bc06db1e,2026-10-03T14:04:01.352Z,2026-10-03T14:04:04.715Z,NA,final
qc-prov-2012-09-04-general,qc-prov-2011-2011-293,293,Beauce-Sud,2011,2011,47758,34896,453,35349,NA,NA,NA,74.01691863143348,NA,src_f428cc11d231,src_f428cc11d231_20261003140401352_79d2bc06db1e,2026-10-03T14:04:01.352Z,2026-10-03T14:04:04.715Z,NA,final
qc-prov-2012-09-04-general,qc-prov-2011-2011-153,153,Beauharnois,2011,2011,45260,33473,502,33975,NA,NA,NA,75.06628369421122,NA,src_f428cc11d231,src_f428cc11d231_20261003140401352_79d2bc06db1e,2026-10-03T14:04:01.352Z,2026-10-03T14:04:04.715Z,NA,final
qc-prov-2012-09-04-general,qc-prov-2011-2011-303,303,Bellechasse,2011,2011,42892,32255,393,32648,NA,NA,NA,76.11675836985918,NA,src_f428cc11d231,src_f428cc11d231_20261003140401352_79d2bc06db1e,2026-10-03T14:04:01.352Z,2026-10-03T14:04:04.715Z,NA,final
qc-prov-2012-09-04-general,qc-prov-2011-2011-353,353,Berthier,2011,2011,55944,41721,624,42345,NA,NA,NA,75.69176319176319,NA,src_f428cc11d231,src_f428cc11d231_20261003140401352_79d2bc06db1e,2026-10-03T14:04:01.352Z,2026-10-03T14:04:04.715Z,NA,final
qc-prov-2012-09-04-general,qc-prov-2011-2011-525,525,Bertrand,2011,2011,57000,43911,394,44305,NA,NA,NA,77.7280701754386,NA,src_f428cc11d231,src_f428cc11d231_20261003140401352_79d2bc06db1e,2026-10-03T14:04:01.352Z,2026-10-03T14:04:04.715Z,NA,final
qc-prov-2012-09-04-general,qc-prov-2011-2011-473,473,Blainville,2011,2011,57627,46676,498,47174,NA,NA,NA,81.86093324309785,NA,src_f428cc11d231,src_f428cc11d231_20261003140401352_79d2bc06db1e,2026-10-03T14:04:01.352Z,2026-10-03T14:04:04.715Z,NA,final
qc-prov-2012-09-04-general,qc-prov-2011-2011-713,713,Bonaventure,2011,2011,36121,24833,204,25037,NA,NA,NA,69.31424932864539,NA,src_f428cc11d231,src_f428cc11d231_20261003140401352_79d2bc06db1e,2026-10-03T14:04:01.352Z,2026-10-03T14:04:04.715Z,NA,final
qc-prov-2012-09-04-general,qc-prov-2011-2011-243,243,Borduas,2011,2011,55917,46697,529,47226,NA,NA,NA,84.45732067170985,NA,src_f428cc11d231,src_f428cc11d231_20261003140401352_79d2bc06db1e,2026-10-03T14:04:01.352Z,2026-10-03T14:04:04.715Z,NA,final
qc-prov-2012-09-04-general,qc-prov-2011-2011-431,431,Bourassa-Sauvé,2011,2011,47036,29609,575,30184,NA,NA,NA,64.17212347988774,NA,src_f428cc11d231,src_f428cc11d231_20261003140401352_79d2bc06db1e,2026-10-03T14:04:01.352Z,2026-10-03T14:04:04.715Z,NA,final
qc-prov-2012-09-04-general,qc-prov-2011-2011-377,377,Bourget,2011,2011,48998,35856,495,36351,NA,NA,NA,74.18874239764888,NA,src_f428cc11d231,src_f428cc11d231_20261003140401352_79d2bc06db1e,2026-10-03T14:04:01.352Z,2026-10-03T14:04:04.715Z,NA,final
qc-prov-2012-09-04-general,qc-prov-2011-2011-129,129,Brome-Missisquoi,2011,2011,55304,41912,425,42337,NA,NA,NA,76.5532330392015,NA,src_f428cc11d231,src_f428cc11d231_20261003140401352_79d2bc06db1e,2026-10-03T14:04:01.352Z,2026-10-03T14:04:04.715Z,NA,final
qc-prov-2012-09-04-general,qc-prov-2011-2011-193,193,Chambly,2011,2011,45554,37639,400,38039,NA,NA,NA,83.50309522764192,NA,src_f428cc11d231,src_f428cc11d231_20261003140401352_79d2bc06db1e,2026-10-03T14:04:01.352Z,2026-10-03T14:04:04.715Z,NA,final
qc-prov-2012-09-04-general,qc-prov-2011-2011-593,593,Champlain,2011,2011,48799,37089,556,37645,NA,NA,NA,77.14297424127544,NA,src_f428cc11d231,src_f428cc11d231_20261003140401352_79d2bc06db1e,2026-10-03T14:04:01.352Z,2026-10-03T14:04:04.715Z,NA,final
qc-prov-2012-09-04-general,qc-prov-2011-2011-559,559,Chapleau,2011,2011,54425,35161,387,35548,NA,NA,NA,65.31557188791915,NA,src_f428cc11d231,src_f428cc11d231_20261003140401352_79d2bc06db1e,2026-10-03T14:04:01.352Z,2026-10-03T14:04:04.715Z,NA,final
qc-prov-2012-09-04-general,qc-prov-2011-2011-619,619,Charlesbourg,2011,2011,52467,41418,506,41924,NA,NA,NA,79.90546438713858,NA,src_f428cc11d231,src_f428cc11d231_20261003140401352_79d2bc06db1e,2026-10-03T14:04:01.352Z,2026-10-03T14:04:04.715Z,NA,final
qc-prov-2012-09-04-general,qc-prov-2011-2011-679,679,Charlevoix-Côte-de-Beaupré,2011,2011,50717,38065,456,38521,NA,NA,NA,75.95283632706982,NA,src_f428cc11d231,src_f428cc11d231_20261003140401352_79d2bc06db1e,2026-10-03T14:04:01.352Z,2026-10-03T14:04:04.715Z,NA,final
qc-prov-2012-09-04-general,qc-prov-2011-2011-173,173,Châteauguay,2011,2011,49347,36711,512,37223,NA,NA,NA,75.43113056518126,NA,src_f428cc11d231,src_f428cc11d231_20261003140401352_79d2bc06db1e,2026-10-03T14:04:01.352Z,2026-10-03T14:04:04.715Z,NA,final
qc-prov-2012-09-04-general,qc-prov-2011-2011-613,613,Chauveau,2011,2011,56759,44250,550,44800,NA,NA,NA,78.93021371060097,NA,src_f428cc11d231,src_f428cc11d231_20261003140401352_79d2bc06db1e,2026-10-03T14:04:01.352Z,2026-10-03T14:04:04.715Z,NA,final
qc-prov-2012-09-04-general,qc-prov-2011-2011-763,763,Chicoutimi,2011,2011,46727,35428,443,35871,NA,NA,NA,76.76717957497806,NA,src_f428cc11d231,src_f428cc11d231_20261003140401352_79d2bc06db1e,2026-10-03T14:04:01.352Z,2026-10-03T14:04:04.715Z,NA,final
qc-prov-2012-09-04-general,qc-prov-2011-2011-441,441,Chomedey,2011,2011,56933,38245,418,38663,NA,NA,NA,67.9096481829519,NA,src_f428cc11d231,src_f428cc11d231_20261003140401352_79d2bc06db1e,2026-10-03T14:04:01.352Z,2026-10-03T14:04:04.715Z,NA,final
qc-prov-2012-09-04-general,qc-prov-2011-2011-659,659,Chutes-de-la-Chaudière,2011,2011,54662,45112,869,45981,NA,NA,NA,84.11876623614211,NA,src_f428cc11d231,src_f428cc11d231_20261003140401352_79d2bc06db1e,2026-10-03T14:04:01.352Z,2026-10-03T14:04:04.715Z,NA,final
qc-prov-2012-09-04-general,qc-prov-2011-2011-683,683,Côte-du-Sud,2011,2011,50617,36103,454,36557,NA,NA,NA,72.22277100578857,NA,src_f428cc11d231,src_f428cc11d231_20261003140401352_79d2bc06db1e,2026-10-03T14:04:01.352Z,2026-10-03T14:04:04.715Z,NA,final
qc-prov-2012-09-04-general,qc-prov-2011-2011-433,433,Crémazie,2011,2011,45887,34686,475,35161,NA,NA,NA,76.62518796173208,NA,src_f428cc11d231,src_f428cc11d231_20261003140401352_79d2bc06db1e,2026-10-03T14:04:01.352Z,2026-10-03T14:04:04.715Z,NA,final
qc-prov-2012-09-04-general,qc-prov-2011-2011-403,403,D'Arcy-McGee,2011,2011,40280,26305,207,26512,NA,NA,NA,65.81926514399206,NA,src_f428cc11d231,src_f428cc11d231_20261003140401352_79d2bc06db1e,2026-10-03T14:04:01.352Z,2026-10-03T14:04:04.715Z,NA,final
qc-prov-2012-09-04-general,qc-prov-2011-2011-483,483,Deux-Montagnes,2011,2011,47154,37172,545,37717,NA,NA,NA,79.98685159265386,NA,src_f428cc11d231,src_f428cc11d231_20261003140401352_79d2bc06db1e,2026-10-03T14:04:01.352Z,2026-10-03T14:04:04.715Z,NA,final
qc-prov-2012-09-04-general,qc-prov-2011-2011-273,273,Drummond-Bois-Francs,2011,2011,49568,36923,577,37500,NA,NA,NA,75.6536475145255,NA,src_f428cc11d231,src_f428cc11d231_20261003140401352_79d2bc06db1e,2026-10-03T14:04:01.352Z,2026-10-03T14:04:04.715Z,NA,final
qc-prov-2012-09-04-general,qc-prov-2011-2011-759,759,Dubuc,2011,2011,39712,29262,377,29639,NA,NA,NA,74.63487107171636,NA,src_f428cc11d231,src_f428cc11d231_20261003140401352_79d2bc06db1e,2026-10-03T14:04:01.352Z,2026-10-03T14:04:04.715Z,NA,final
qc-prov-2012-09-04-general,qc-prov-2011-2011-745,745,Duplessis,2011,2011,38407,23380,280,23660,NA,NA,NA,61.60335355534147,NA,src_f428cc11d231,src_f428cc11d231_20261003140401352_79d2bc06db1e,2026-10-03T14:04:01.352Z,2026-10-03T14:04:04.715Z,NA,final
qc-prov-2012-09-04-general,qc-prov-2011-2011-443,443,Fabre,2011,2011,47199,35483,371,35854,NA,NA,NA,75.96347380241107,NA,src_f428cc11d231,src_f428cc11d231_20261003140401352_79d2bc06db1e,2026-10-03T14:04:01.352Z,2026-10-03T14:04:04.715Z,NA,final
qc-prov-2012-09-04-general,qc-prov-2011-2011-731,731,Gaspé,2011,2011,31148,20823,207,21030,NA,NA,NA,67.51637344291768,NA,src_f428cc11d231,src_f428cc11d231_20261003140401352_79d2bc06db1e,2026-10-03T14:04:01.352Z,2026-10-03T14:04:04.715Z,NA,final
qc-prov-2012-09-04-general,qc-prov-2011-2011-557,557,Gatineau,2011,2011,56114,36861,310,37171,NA,NA,NA,66.24193605873756,NA,src_f428cc11d231,src_f428cc11d231_20261003140401352_79d2bc06db1e,2026-10-03T14:04:01.352Z,2026-10-03T14:04:04.715Z,NA,final
qc-prov-2012-09-04-general,qc-prov-2011-2011-381,381,Gouin,2011,2011,43597,33638,339,33977,NA,NA,NA,77.93426153175677,NA,src_f428cc11d231,src_f428cc11d231_20261003140401352_79d2bc06db1e,2026-10-03T14:04:01.352Z,2026-10-03T14:04:04.715Z,NA,final
qc-prov-2012-09-04-general,qc-prov-2011-2011-133,133,Granby,2011,2011,49786,37432,471,37903,NA,NA,NA,76.1318442935765,NA,src_f428cc11d231,src_f428cc11d231_20261003140401352_79d2bc06db1e,2026-10-03T14:04:01.352Z,2026-10-03T14:04:04.715Z,NA,final
qc-prov-2012-09-04-general,qc-prov-2011-2011-481,481,Groulx,2011,2011,56228,43953,511,44464,NA,NA,NA,79.07803941096962,NA,src_f428cc11d231,src_f428cc11d231_20261003140401352_79d2bc06db1e,2026-10-03T14:04:01.352Z,2026-10-03T14:04:04.715Z,NA,final
qc-prov-2012-09-04-general,qc-prov-2011-2011-387,387,Hochelaga-Maisonneuve,2011,2011,40907,28281,385,28666,NA,NA,NA,70.07602610800107,NA,src_f428cc11d231,src_f428cc11d231_20261003140401352_79d2bc06db1e,2026-10-03T14:04:01.352Z,2026-10-03T14:04:04.715Z,NA,final
qc-prov-2012-09-04-general,qc-prov-2011-2011-561,561,Hull,2011,2011,51663,33385,322,33707,NA,NA,NA,65.24398505700404,NA,src_f428cc11d231,src_f428cc11d231_20261003140401352_79d2bc06db1e,2026-10-03T14:04:01.352Z,2026-10-03T14:04:04.715Z,NA,final
qc-prov-2012-09-04-general,qc-prov-2011-2011-149,149,Huntingdon,2011,2011,41495,30040,385,30425,NA,NA,NA,73.32208699843355,NA,src_f428cc11d231,src_f428cc11d231_20261003140401352_79d2bc06db1e,2026-10-03T14:04:01.352Z,2026-10-03T14:04:04.715Z,NA,final
qc-prov-2012-09-04-general,qc-prov-2011-2011-143,143,Iberville,2011,2011,46119,35422,546,35968,NA,NA,NA,77.98954877599255,NA,src_f428cc11d231,src_f428cc11d231_20261003140401352_79d2bc06db1e,2026-10-03T14:04:01.352Z,2026-10-03T14:04:04.715Z,NA,final
qc-prov-2012-09-04-general,qc-prov-2011-2011-733,733,Îles-de-la-Madeleine,2011,2011,10930,8438,96,8534,NA,NA,NA,78.0786825251601,NA,src_f428cc11d231,src_f428cc11d231_20261003140401352_79d2bc06db1e,2026-10-03T14:04:01.352Z,2026-10-03T14:04:04.715Z,NA,final
qc-prov-2012-09-04-general,qc-prov-2011-2011-409,409,Jacques-Cartier,2011,2011,43861,33547,178,33725,NA,NA,NA,76.89063176854152,NA,src_f428cc11d231,src_f428cc11d231_20261003140401352_79d2bc06db1e,2026-10-03T14:04:01.352Z,2026-10-03T14:04:04.715Z,NA,final
qc-prov-2012-09-04-general,qc-prov-2011-2011-623,623,Jean-Lesage,2011,2011,46448,32563,475,33038,NA,NA,NA,71.12900447812608,NA,src_f428cc11d231,src_f428cc11d231_20261003140401352_79d2bc06db1e,2026-10-03T14:04:01.352Z,2026-10-03T14:04:04.715Z,NA,final
qc-prov-2012-09-04-general,qc-prov-2011-2011-429,429,Jeanne-Mance-Viger,2011,2011,48069,31982,419,32401,NA,NA,NA,67.4051883750442,NA,src_f428cc11d231,src_f428cc11d231_20261003140401352_79d2bc06db1e,2026-10-03T14:04:01.352Z,2026-10-03T14:04:04.715Z,NA,final
qc-prov-2012-09-04-general,qc-prov-2011-2011-643,643,Jean-Talon,2011,2011,45317,36278,397,36675,NA,NA,NA,80.92989385881678,NA,src_f428cc11d231,src_f428cc11d231_20261003140401352_79d2bc06db1e,2026-10-03T14:04:01.352Z,2026-10-03T14:04:04.715Z,NA,final
qc-prov-2012-09-04-general,qc-prov-2011-2011-269,269,Johnson,2011,2011,56357,41500,743,42243,NA,NA,NA,74.95608353886828,NA,src_f428cc11d231,src_f428cc11d231_20261003140401352_79d2bc06db1e,2026-10-03T14:04:01.352Z,2026-10-03T14:04:04.715Z,NA,final
qc-prov-2012-09-04-general,qc-prov-2011-2011-361,361,Joliette,2011,2011,56340,43525,610,44135,NA,NA,NA,78.33688320908769,NA,src_f428cc11d231,src_f428cc11d231_20261003140401352_79d2bc06db1e,2026-10-03T14:04:01.352Z,2026-10-03T14:04:04.715Z,NA,final
qc-prov-2012-09-04-general,qc-prov-2011-2011-773,773,Jonquière,2011,2011,45294,34070,413,34483,NA,NA,NA,76.13149644544531,NA,src_f428cc11d231,src_f428cc11d231_20261003140401352_79d2bc06db1e,2026-10-03T14:04:01.352Z,2026-10-03T14:04:04.715Z,NA,final
qc-prov-2012-09-04-general,qc-prov-2011-2011-545,545,Labelle,2011,2011,47369,33881,401,34282,NA,NA,NA,72.37222656167536,NA,src_f428cc11d231,src_f428cc11d231_20261003140401352_79d2bc06db1e,2026-10-03T14:04:01.352Z,2026-10-03T14:04:04.715Z,NA,final
qc-prov-2012-09-04-general,qc-prov-2011-2011-779,779,Lac-Saint-Jean,2011,2011,42721,31958,310,32268,NA,NA,NA,75.53193979541678,NA,src_f428cc11d231,src_f428cc11d231_20261003140401352_79d2bc06db1e,2026-10-03T14:04:01.352Z,2026-10-03T14:04:04.715Z,NA,final
qc-prov-2012-09-04-general,qc-prov-2011-2011-371,371,LaFontaine,2011,2011,40960,28880,327,29207,NA,NA,NA,71.30615234375,NA,src_f428cc11d231,src_f428cc11d231_20261003140401352_79d2bc06db1e,2026-10-03T14:04:01.352Z,2026-10-03T14:04:04.715Z,NA,final
qc-prov-2012-09-04-general,qc-prov-2011-2011-603,603,La Peltrie,2011,2011,53957,42160,495,42655,NA,NA,NA,79.05369090201457,NA,src_f428cc11d231,src_f428cc11d231_20261003140401352_79d2bc06db1e,2026-10-03T14:04:01.352Z,2026-10-03T14:04:04.715Z,NA,final
qc-prov-2012-09-04-general,qc-prov-2011-2011-203,203,La Pinière,2011,2011,58360,41724,369,42093,NA,NA,NA,72.12645647703907,NA,src_f428cc11d231,src_f428cc11d231_20261003140401352_79d2bc06db1e,2026-10-03T14:04:01.352Z,2026-10-03T14:04:04.715Z,NA,final
qc-prov-2012-09-04-general,qc-prov-2011-2011-209,209,Laporte,2011,2011,45754,34486,440,34926,NA,NA,NA,76.33430956856232,NA,src_f428cc11d231,src_f428cc11d231_20261003140401352_79d2bc06db1e,2026-10-03T14:04:01.352Z,2026-10-03T14:04:04.715Z,NA,final
qc-prov-2012-09-04-general,qc-prov-2011-2011-183,183,La Prairie,2011,2011,41728,33987,419,34406,NA,NA,NA,82.4530291411043,NA,src_f428cc11d231,src_f428cc11d231_20261003140401352_79d2bc06db1e,2026-10-03T14:04:01.352Z,2026-10-03T14:04:04.715Z,NA,final
qc-prov-2012-09-04-general,qc-prov-2011-2011-363,363,L'Assomption,2011,2011,51210,40668,519,41187,NA,NA,NA,80.42765084944347,NA,src_f428cc11d231,src_f428cc11d231_20261003140401352_79d2bc06db1e,2026-10-03T14:04:01.352Z,2026-10-03T14:04:04.715Z,NA,final
qc-prov-2012-09-04-general,qc-prov-2011-2011-423,423,Laurier-Dorion,2011,2011,46419,32236,357,32593,NA,NA,NA,70.21478273982636,NA,src_f428cc11d231,src_f428cc11d231_20261003140401352_79d2bc06db1e,2026-10-03T14:04:01.352Z,2026-10-03T14:04:04.715Z,NA,final
qc-prov-2012-09-04-general,qc-prov-2011-2011-439,439,Laval-des-Rapides,2011,2011,53771,38958,492,39450,NA,NA,NA,73.36668464413903,NA,src_f428cc11d231,src_f428cc11d231_20261003140401352_79d2bc06db1e,2026-10-03T14:04:01.352Z,2026-10-03T14:04:04.715Z,NA,final
qc-prov-2012-09-04-general,qc-prov-2011-2011-583,583,Laviolette,2011,2011,35793,25258,462,25720,NA,NA,NA,71.85762579275277,NA,src_f428cc11d231,src_f428cc11d231_20261003140401352_79d2bc06db1e,2026-10-03T14:04:01.352Z,2026-10-03T14:04:04.715Z,NA,final
qc-prov-2012-09-04-general,qc-prov-2011-2011-663,663,Lévis,2011,2011,46455,36436,426,36862,NA,NA,NA,79.34990851361533,NA,src_f428cc11d231,src_f428cc11d231_20261003140401352_79d2bc06db1e,2026-10-03T14:04:01.352Z,2026-10-03T14:04:04.715Z,NA,final
qc-prov-2012-09-04-general,qc-prov-2011-2011-289,289,Lotbinière-Frontenac,2011,2011,53843,40818,675,41493,NA,NA,NA,77.06294225804655,NA,src_f428cc11d231,src_f428cc11d231_20261003140401352_79d2bc06db1e,2026-10-03T14:04:01.352Z,2026-10-03T14:04:04.715Z,NA,final
qc-prov-2012-09-04-general,qc-prov-2011-2011-653,653,Louis-Hébert,2011,2011,44263,38004,316,38320,NA,NA,NA,86.57343605268508,NA,src_f428cc11d231,src_f428cc11d231_20261003140401352_79d2bc06db1e,2026-10-03T14:04:01.352Z,2026-10-03T14:04:04.715Z,NA,final
qc-prov-2012-09-04-general,qc-prov-2011-2011-399,399,Marguerite-Bourgeoys,2011,2011,51493,35131,423,35554,NA,NA,NA,69.04627813489212,NA,src_f428cc11d231,src_f428cc11d231_20261003140401352_79d2bc06db1e,2026-10-03T14:04:01.352Z,2026-10-03T14:04:04.715Z,NA,final
qc-prov-2012-09-04-general,qc-prov-2011-2011-213,213,Marie-Victorin,2011,2011,46478,32918,489,33407,NA,NA,NA,71.87701708335126,NA,src_f428cc11d231,src_f428cc11d231_20261003140401352_79d2bc06db1e,2026-10-03T14:04:01.352Z,2026-10-03T14:04:04.715Z,NA,final
qc-prov-2012-09-04-general,qc-prov-2011-2011-407,407,Marquette,2011,2011,44812,31187,354,31541,NA,NA,NA,70.38516468802999,NA,src_f428cc11d231,src_f428cc11d231_20261003140401352_79d2bc06db1e,2026-10-03T14:04:01.352Z,2026-10-03T14:04:04.715Z,NA,final
qc-prov-2012-09-04-general,qc-prov-2011-2011-349,349,Maskinongé,2011,2011,47278,36415,450,36865,NA,NA,NA,77.97495663945175,NA,src_f428cc11d231,src_f428cc11d231_20261003140401352_79d2bc06db1e,2026-10-03T14:04:01.352Z,2026-10-03T14:04:04.715Z,NA,final
qc-prov-2012-09-04-general,qc-prov-2011-2011-465,465,Masson,2011,2011,49058,37813,536,38349,NA,NA,NA,78.17073667903298,NA,src_f428cc11d231,src_f428cc11d231_20261003140401352_79d2bc06db1e,2026-10-03T14:04:01.352Z,2026-10-03T14:04:04.715Z,NA,final
qc-prov-2012-09-04-general,qc-prov-2011-2011-711,711,Matane-Matapédia,2011,2011,47613,33508,280,33788,NA,NA,NA,70.96381240417533,NA,src_f428cc11d231,src_f428cc11d231_20261003140401352_79d2bc06db1e,2026-10-03T14:04:01.352Z,2026-10-03T14:04:04.715Z,NA,final
qc-prov-2012-09-04-general,qc-prov-2011-2011-103,103,Mégantic,2011,2011,38548,28341,355,28696,NA,NA,NA,74.44225381342741,NA,src_f428cc11d231,src_f428cc11d231_20261003140401352_79d2bc06db1e,2026-10-03T14:04:01.352Z,2026-10-03T14:04:04.715Z,NA,final
qc-prov-2012-09-04-general,qc-prov-2011-2011-383,383,Mercier,2011,2011,40069,30309,252,30561,NA,NA,NA,76.27093264119394,NA,src_f428cc11d231,src_f428cc11d231_20261003140401352_79d2bc06db1e,2026-10-03T14:04:01.352Z,2026-10-03T14:04:04.715Z,NA,final
qc-prov-2012-09-04-general,qc-prov-2011-2011-451,451,Mille-Îles,2011,2011,41596,31946,342,32288,NA,NA,NA,77.62284835080297,NA,src_f428cc11d231,src_f428cc11d231_20261003140401352_79d2bc06db1e,2026-10-03T14:04:01.352Z,2026-10-03T14:04:04.715Z,NA,final
qc-prov-2012-09-04-general,qc-prov-2011-2011-495,495,Mirabel,2011,2011,57581,44474,664,45138,NA,NA,NA,78.3904412913982,NA,src_f428cc11d231,src_f428cc11d231_20261003140401352_79d2bc06db1e,2026-10-03T14:04:01.352Z,2026-10-03T14:04:04.715Z,NA,final
qc-prov-2012-09-04-general,qc-prov-2011-2011-233,233,Montarville,2011,2011,51772,45003,381,45384,NA,NA,NA,87.66128409178707,NA,src_f428cc11d231,src_f428cc11d231_20261003140401352_79d2bc06db1e,2026-10-03T14:04:01.352Z,2026-10-03T14:04:04.715Z,NA,final
qc-prov-2012-09-04-general,qc-prov-2011-2011-673,673,Montmorency,2011,2011,54942,42495,559,43054,NA,NA,NA,78.36263696261513,NA,src_f428cc11d231,src_f428cc11d231_20261003140401352_79d2bc06db1e,2026-10-03T14:04:01.352Z,2026-10-03T14:04:04.715Z,NA,final
qc-prov-2012-09-04-general,qc-prov-2011-2011-419,419,Mont-Royal,2011,2011,41431,25506,266,25772,NA,NA,NA,62.204629383794746,NA,src_f428cc11d231,src_f428cc11d231_20261003140401352_79d2bc06db1e,2026-10-03T14:04:01.352Z,2026-10-03T14:04:04.715Z,NA,final
qc-prov-2012-09-04-general,qc-prov-2011-2011-411,411,Nelligan,2011,2011,56909,41425,237,41662,NA,NA,NA,73.20810416630059,NA,src_f428cc11d231,src_f428cc11d231_20261003140401352_79d2bc06db1e,2026-10-03T14:04:01.352Z,2026-10-03T14:04:04.715Z,NA,final
qc-prov-2012-09-04-general,qc-prov-2011-2011-329,329,Nicolet-Bécancour,2011,2011,39304,30446,450,30896,NA,NA,NA,78.60777529004682,NA,src_f428cc11d231,src_f428cc11d231_20261003140401352_79d2bc06db1e,2026-10-03T14:04:01.352Z,2026-10-03T14:04:04.715Z,NA,final
qc-prov-2012-09-04-general,qc-prov-2011-2011-401,401,Notre-Dame-de-Grâce,2011,2011,39652,26753,187,26940,NA,NA,NA,67.94108746090991,NA,src_f428cc11d231,src_f428cc11d231_20261003140401352_79d2bc06db1e,2026-10-03T14:04:01.352Z,2026-10-03T14:04:04.715Z,NA,final
qc-prov-2012-09-04-general,qc-prov-2011-2011-123,123,Orford,2011,2011,40443,31297,291,31588,NA,NA,NA,78.10498726602873,NA,src_f428cc11d231,src_f428cc11d231_20261003140401352_79d2bc06db1e,2026-10-03T14:04:01.352Z,2026-10-03T14:04:04.715Z,NA,final
qc-prov-2012-09-04-general,qc-prov-2011-2011-421,421,Outremont,2011,2011,39022,26371,245,26616,NA,NA,NA,68.20767772026036,NA,src_f428cc11d231,src_f428cc11d231_20261003140401352_79d2bc06db1e,2026-10-03T14:04:01.352Z,2026-10-03T14:04:04.715Z,NA,final
qc-prov-2012-09-04-general,qc-prov-2011-2011-553,553,Papineau,2011,2011,56794,37387,399,37786,NA,NA,NA,66.53167588125507,NA,src_f428cc11d231,src_f428cc11d231_20261003140401352_79d2bc06db1e,2026-10-03T14:04:01.352Z,2026-10-03T14:04:04.715Z,NA,final
qc-prov-2012-09-04-general,qc-prov-2011-2011-369,369,Pointe-aux-Trembles,2011,2011,40691,30653,422,31075,NA,NA,NA,76.36823867685729,NA,src_f428cc11d231,src_f428cc11d231_20261003140401352_79d2bc06db1e,2026-10-03T14:04:01.352Z,2026-10-03T14:04:04.715Z,NA,final
qc-prov-2012-09-04-general,qc-prov-2011-2011-563,563,Pontiac,2011,2011,48697,29988,267,30255,NA,NA,NA,62.1290839271413,NA,src_f428cc11d231,src_f428cc11d231_20261003140401352_79d2bc06db1e,2026-10-03T14:04:01.352Z,2026-10-03T14:04:04.715Z,NA,final
qc-prov-2012-09-04-general,qc-prov-2011-2011-599,599,Portneuf,2011,2011,40339,31011,375,31386,NA,NA,NA,77.80559756067329,NA,src_f428cc11d231,src_f428cc11d231_20261003140401352_79d2bc06db1e,2026-10-03T14:04:01.352Z,2026-10-03T14:04:04.715Z,NA,final
qc-prov-2012-09-04-general,qc-prov-2011-2011-753,753,René-Lévesque,2011,2011,34575,22846,204,23050,NA,NA,NA,66.66666666666667,NA,src_f428cc11d231,src_f428cc11d231_20261003140401352_79d2bc06db1e,2026-10-03T14:04:01.352Z,2026-10-03T14:04:04.715Z,NA,final
qc-prov-2012-09-04-general,qc-prov-2011-2011-367,367,Repentigny,2011,2011,50547,41182,500,41682,NA,NA,NA,82.461867173126,NA,src_f428cc11d231,src_f428cc11d231_20261003140401352_79d2bc06db1e,2026-10-03T14:04:01.352Z,2026-10-03T14:04:04.715Z,NA,final
qc-prov-2012-09-04-general,qc-prov-2011-2011-253,253,Richelieu,2011,2011,44088,33624,629,34253,NA,NA,NA,77.69234258755216,NA,src_f428cc11d231,src_f428cc11d231_20261003140401352_79d2bc06db1e,2026-10-03T14:04:01.352Z,2026-10-03T14:04:04.715Z,NA,final
qc-prov-2012-09-04-general,qc-prov-2011-2011-283,283,Richmond,2011,2011,57423,44959,553,45512,NA,NA,NA,79.25744039844662,NA,src_f428cc11d231,src_f428cc11d231_20261003140401352_79d2bc06db1e,2026-10-03T14:04:01.352Z,2026-10-03T14:04:04.715Z,NA,final
qc-prov-2012-09-04-general,qc-prov-2011-2011-703,703,Rimouski,2011,2011,44073,33052,251,33303,NA,NA,NA,75.56327002926962,NA,src_f428cc11d231,src_f428cc11d231_20261003140401352_79d2bc06db1e,2026-10-03T14:04:01.352Z,2026-10-03T14:04:04.715Z,NA,final
qc-prov-2012-09-04-general,qc-prov-2011-2011-699,699,Rivière-du-Loup-Témiscouata,2011,2011,50795,37444,430,37874,NA,NA,NA,74.56245693473767,NA,src_f428cc11d231,src_f428cc11d231_20261003140401352_79d2bc06db1e,2026-10-03T14:04:01.352Z,2026-10-03T14:04:04.715Z,NA,final
qc-prov-2012-09-04-general,qc-prov-2011-2011-413,413,Robert-Baldwin,2011,2011,54033,37102,231,37333,NA,NA,NA,69.09296170858549,NA,src_f428cc11d231,src_f428cc11d231_20261003140401352_79d2bc06db1e,2026-10-03T14:04:01.352Z,2026-10-03T14:04:04.715Z,NA,final
qc-prov-2012-09-04-general,qc-prov-2011-2011-783,783,Roberval,2011,2011,45012,32268,407,32675,NA,NA,NA,72.59175331022838,NA,src_f428cc11d231,src_f428cc11d231_20261003140401352_79d2bc06db1e,2026-10-03T14:04:01.352Z,2026-10-03T14:04:04.715Z,NA,final
qc-prov-2012-09-04-general,qc-prov-2011-2011-379,379,Rosemont,2011,2011,51073,38423,446,38869,NA,NA,NA,76.10479118125036,NA,src_f428cc11d231,src_f428cc11d231_20261003140401352_79d2bc06db1e,2026-10-03T14:04:01.352Z,2026-10-03T14:04:04.715Z,NA,final
qc-prov-2012-09-04-general,qc-prov-2011-2011-515,515,Rousseau,2011,2011,60795,43414,686,44100,NA,NA,NA,72.53886010362694,NA,src_f428cc11d231,src_f428cc11d231_20261003140401352_79d2bc06db1e,2026-10-03T14:04:01.352Z,2026-10-03T14:04:04.715Z,NA,final
qc-prov-2012-09-04-general,qc-prov-2011-2011-567,567,Rouyn-Noranda-Témiscamingue,2011,2011,44179,30131,359,30490,NA,NA,NA,69.01469023744313,NA,src_f428cc11d231,src_f428cc11d231_20261003140401352_79d2bc06db1e,2026-10-03T14:04:01.352Z,2026-10-03T14:04:04.715Z,NA,final
qc-prov-2012-09-04-general,qc-prov-2011-2011-111,111,Saint-François,2011,2011,55274,42116,581,42697,NA,NA,NA,77.24608314940116,NA,src_f428cc11d231,src_f428cc11d231_20261003140401352_79d2bc06db1e,2026-10-03T14:04:01.352Z,2026-10-03T14:04:04.715Z,NA,final
qc-prov-2012-09-04-general,qc-prov-2011-2011-393,393,Saint-Henri-Sainte-Anne,2011,2011,53934,36122,612,36734,NA,NA,NA,68.10917046760856,NA,src_f428cc11d231,src_f428cc11d231_20261003140401352_79d2bc06db1e,2026-10-03T14:04:01.352Z,2026-10-03T14:04:04.715Z,NA,final
qc-prov-2012-09-04-general,qc-prov-2011-2011-263,263,Saint-Hyacinthe,2011,2011,57142,44276,686,44962,NA,NA,NA,78.68468027020405,NA,src_f428cc11d231,src_f428cc11d231_20261003140401352_79d2bc06db1e,2026-10-03T14:04:01.352Z,2026-10-03T14:04:04.715Z,NA,final
qc-prov-2012-09-04-general,qc-prov-2011-2011-189,189,Saint-Jean,2011,2011,58282,44938,718,45656,NA,NA,NA,78.33636457225215,NA,src_f428cc11d231,src_f428cc11d231_20261003140401352_79d2bc06db1e,2026-10-03T14:04:01.352Z,2026-10-03T14:04:04.715Z,NA,final
qc-prov-2012-09-04-general,qc-prov-2011-2011-505,505,Saint-Jérôme,2011,2011,54345,40489,495,40984,NA,NA,NA,75.41448155304076,NA,src_f428cc11d231,src_f428cc11d231_20261003140401352_79d2bc06db1e,2026-10-03T14:04:01.352Z,2026-10-03T14:04:04.715Z,NA,final
qc-prov-2012-09-04-general,qc-prov-2011-2011-417,417,Saint-Laurent,2011,2011,53585,34234,337,34571,NA,NA,NA,64.51618923206121,NA,src_f428cc11d231,src_f428cc11d231_20261003140401352_79d2bc06db1e,2026-10-03T14:04:01.352Z,2026-10-03T14:04:04.715Z,NA,final
qc-prov-2012-09-04-general,qc-prov-2011-2011-389,389,Sainte-Marie-Saint-Jacques,2011,2011,42283,28523,305,28828,NA,NA,NA,68.17870065983965,NA,src_f428cc11d231,src_f428cc11d231_20261003140401352_79d2bc06db1e,2026-10-03T14:04:01.352Z,2026-10-03T14:04:04.715Z,NA,final
qc-prov-2012-09-04-general,qc-prov-2011-2011-343,343,Saint-Maurice,2011,2011,36598,26352,565,26917,NA,NA,NA,73.54773484889884,NA,src_f428cc11d231,src_f428cc11d231_20261003140401352_79d2bc06db1e,2026-10-03T14:04:01.352Z,2026-10-03T14:04:04.715Z,NA,final
qc-prov-2012-09-04-general,qc-prov-2011-2011-447,447,Sainte-Rose,2011,2011,49539,38748,445,39193,NA,NA,NA,79.11544439734351,NA,src_f428cc11d231,src_f428cc11d231_20261003140401352_79d2bc06db1e,2026-10-03T14:04:01.352Z,2026-10-03T14:04:04.715Z,NA,final
qc-prov-2012-09-04-general,qc-prov-2011-2011-177,177,Sanguinet,2011,2011,38464,30440,482,30922,NA,NA,NA,80.39205490848586,NA,src_f428cc11d231,src_f428cc11d231_20261003140401352_79d2bc06db1e,2026-10-03T14:04:01.352Z,2026-10-03T14:04:04.715Z,NA,final
qc-prov-2012-09-04-general,qc-prov-2011-2011-113,113,Sherbrooke,2011,2011,48799,37768,344,38112,NA,NA,NA,78.09996106477591,NA,src_f428cc11d231,src_f428cc11d231_20261003140401352_79d2bc06db1e,2026-10-03T14:04:01.352Z,2026-10-03T14:04:04.715Z,NA,final
qc-prov-2012-09-04-general,qc-prov-2011-2011-163,163,Soulanges,2011,2011,46809,36506,473,36979,NA,NA,NA,78.9997650024568,NA,src_f428cc11d231,src_f428cc11d231_20261003140401352_79d2bc06db1e,2026-10-03T14:04:01.352Z,2026-10-03T14:04:04.715Z,NA,final
qc-prov-2012-09-04-general,qc-prov-2011-2011-223,223,Taillon,2011,2011,50864,38569,476,39045,NA,NA,NA,76.76352626612142,NA,src_f428cc11d231,src_f428cc11d231_20261003140401352_79d2bc06db1e,2026-10-03T14:04:01.352Z,2026-10-03T14:04:04.715Z,NA,final
qc-prov-2012-09-04-general,qc-prov-2011-2011-633,633,Taschereau,2011,2011,49350,37762,418,38180,NA,NA,NA,77.36575481256332,NA,src_f428cc11d231,src_f428cc11d231_20261003140401352_79d2bc06db1e,2026-10-03T14:04:01.352Z,2026-10-03T14:04:04.715Z,NA,final
qc-prov-2012-09-04-general,qc-prov-2011-2011-453,453,Terrebonne,2011,2011,54100,42837,554,43391,NA,NA,NA,80.20517560073937,NA,src_f428cc11d231,src_f428cc11d231_20261003140401352_79d2bc06db1e,2026-10-03T14:04:01.352Z,2026-10-03T14:04:04.715Z,NA,final
qc-prov-2012-09-04-general,qc-prov-2011-2011-333,333,Trois-Rivières,2011,2011,43279,32019,534,32553,NA,NA,NA,75.21661775919037,NA,src_f428cc11d231,src_f428cc11d231_20261003140401352_79d2bc06db1e,2026-10-03T14:04:01.352Z,2026-10-03T14:04:04.715Z,NA,final
qc-prov-2012-09-04-general,qc-prov-2011-2011-793,793,Ungava,2011,2011,26098,10663,198,10861,NA,NA,NA,41.61621580197716,NA,src_f428cc11d231,src_f428cc11d231_20261003140401352_79d2bc06db1e,2026-10-03T14:04:01.352Z,2026-10-03T14:04:04.715Z,NA,final
qc-prov-2012-09-04-general,qc-prov-2011-2011-229,229,Vachon,2011,2011,48326,37450,571,38021,NA,NA,NA,78.67607499068824,NA,src_f428cc11d231,src_f428cc11d231_20261003140401352_79d2bc06db1e,2026-10-03T14:04:01.352Z,2026-10-03T14:04:04.715Z,NA,final
qc-prov-2012-09-04-general,qc-prov-2011-2011-639,639,Vanier-Les Rivières,2011,2011,55380,43067,503,43570,NA,NA,NA,78.67461177320332,NA,src_f428cc11d231,src_f428cc11d231_20261003140401352_79d2bc06db1e,2026-10-03T14:04:01.352Z,2026-10-03T14:04:04.715Z,NA,final
qc-prov-2012-09-04-general,qc-prov-2011-2011-169,169,Vaudreuil,2011,2011,56822,42993,437,43430,NA,NA,NA,76.43166379219316,NA,src_f428cc11d231,src_f428cc11d231_20261003140401352_79d2bc06db1e,2026-10-03T14:04:01.352Z,2026-10-03T14:04:04.715Z,NA,final
qc-prov-2012-09-04-general,qc-prov-2011-2011-249,249,Verchères,2011,2011,56169,46654,608,47262,NA,NA,NA,84.1424985312183,NA,src_f428cc11d231,src_f428cc11d231_20261003140401352_79d2bc06db1e,2026-10-03T14:04:01.352Z,2026-10-03T14:04:04.715Z,NA,final
qc-prov-2012-09-04-general,qc-prov-2011-2011-397,397,Verdun,2011,2011,47694,33650,389,34039,NA,NA,NA,71.3695643057827,NA,src_f428cc11d231,src_f428cc11d231_20261003140401352_79d2bc06db1e,2026-10-03T14:04:01.352Z,2026-10-03T14:04:04.715Z,NA,final
qc-prov-2012-09-04-general,qc-prov-2011-2011-427,427,Viau,2011,2011,40605,24934,384,25318,NA,NA,NA,62.351927102573576,NA,src_f428cc11d231,src_f428cc11d231_20261003140401352_79d2bc06db1e,2026-10-03T14:04:01.352Z,2026-10-03T14:04:04.715Z,NA,final
qc-prov-2012-09-04-general,qc-prov-2011-2011-449,449,Vimont,2011,2011,44122,34614,393,35007,NA,NA,NA,79.3413716513304,NA,src_f428cc11d231,src_f428cc11d231_20261003140401352_79d2bc06db1e,2026-10-03T14:04:01.352Z,2026-10-03T14:04:04.715Z,NA,final
qc-prov-2012-09-04-general,qc-prov-2011-2011-391,391,Westmount-Saint-Louis,2011,2011,39462,23302,154,23456,NA,NA,NA,59.43946074704779,NA,src_f428cc11d231,src_f428cc11d231_20261003140401352_79d2bc06db1e,2026-10-03T14:04:01.352Z,2026-10-03T14:04:04.715Z,NA,final
qc-prov-2026-10-05-general,qc-prov-2026-2026-689,689,Abitibi-Est,2026,2026,33465,20759,422,21181,63.29,120,120,63.292992678918274,1.9923516359000992,src_3bbf709ff718,src_3bbf709ff718_20261007153614665_460975ae47ab,2026-10-07T15:36:14.665Z,2026-10-07T15:36:14.680Z,2026-10-07T15:20:22.593Z,final
qc-prov-2026-10-05-general,qc-prov-2026-2026-681,681,Abitibi-Ouest,2026,2026,35317,22344,364,22708,64.3,132,132,64.2976470255118,1.6029593094944512,src_3bbf709ff718,src_3bbf709ff718_20261007153614665_460975ae47ab,2026-10-07T15:36:14.665Z,2026-10-07T15:36:14.680Z,2026-10-07T15:20:22.593Z,final
qc-prov-2026-10-05-general,qc-prov-2026-2026-299,299,Acadie,2026,2026,50296,26278,451,26729,53.14,149,149,53.14339112454271,1.6873059224063751,src_3bbf709ff718,src_3bbf709ff718_20261007153614665_460975ae47ab,2026-10-07T15:36:14.665Z,2026-10-07T15:36:14.680Z,2026-10-07T15:20:22.593Z,final
qc-prov-2026-10-05-general,qc-prov-2026-2026-833,833,Anjou-Louis-Riel,2026,2026,41546,25574,469,26043,62.68,128,128,62.68473499253839,1.8008677955688668,src_3bbf709ff718,src_3bbf709ff718_20261007153614665_460975ae47ab,2026-10-07T15:36:14.665Z,2026-10-07T15:36:14.680Z,2026-10-07T15:20:22.593Z,final
qc-prov-2026-10-05-general,qc-prov-2026-2026-589,589,Argenteuil,2026,2026,43063,27032,422,27454,63.75,136,136,63.75310591459025,1.537116631456254,src_3bbf709ff718,src_3bbf709ff718_20261007153614665_460975ae47ab,2026-10-07T15:36:14.665Z,2026-10-07T15:36:14.680Z,2026-10-07T15:20:22.593Z,final
qc-prov-2026-10-05-general,qc-prov-2026-2026-147,147,Arthabaska-L'Érable,2026,2026,61921,45459,604,46063,74.39,194,194,74.38994848274415,1.3112476391029677,src_3bbf709ff718,src_3bbf709ff718_20261007153614665_460975ae47ab,2026-10-07T15:36:14.665Z,2026-10-07T15:36:14.680Z,2026-10-07T15:20:22.593Z,final
qc-prov-2026-10-05-general,qc-prov-2026-2026-781,781,Beauce-Nord,2026,2026,46667,35830,367,36197,77.56,150,150,77.56444596824308,1.0138961792413737,src_3bbf709ff718,src_3bbf709ff718_20261007153614665_460975ae47ab,2026-10-07T15:36:14.665Z,2026-10-07T15:36:14.680Z,2026-10-07T15:20:22.593Z,final
qc-prov-2026-10-05-general,qc-prov-2026-2026-777,777,Beauce-Sud,2026,2026,50834,37748,392,38140,75.03,167,167,75.02852421607585,1.027792343995805,src_3bbf709ff718,src_3bbf709ff718_20261007153614665_460975ae47ab,2026-10-07T15:36:14.665Z,2026-10-07T15:36:14.680Z,2026-10-07T15:20:22.593Z,final
qc-prov-2026-10-05-general,qc-prov-2026-2026-179,179,Beauharnois,2026,2026,59965,39922,787,40709,67.89,187,187,67.88793462853332,1.9332334373234419,src_3bbf709ff718,src_3bbf709ff718_20261007153614665_460975ae47ab,2026-10-07T15:36:14.665Z,2026-10-07T15:36:14.680Z,2026-10-07T15:20:22.593Z,final
qc-prov-2026-10-05-general,qc-prov-2026-2026-797,797,Bellechasse,2026,2026,46198,35286,419,35705,77.29,162,162,77.28689553660331,1.1735051113289454,src_3bbf709ff718,src_3bbf709ff718_20261007153614665_460975ae47ab,2026-10-07T15:36:14.665Z,2026-10-07T15:36:14.680Z,2026-10-07T15:20:22.593Z,final
qc-prov-2026-10-05-general,qc-prov-2026-2026-591,591,Bellefeuille,2026,2026,45378,31219,574,31793,70.06,138,138,70.06258539380316,1.8054288679898092,src_3bbf709ff718,src_3bbf709ff718_20261007153614665_460975ae47ab,2026-10-07T15:36:14.665Z,2026-10-07T15:36:14.680Z,2026-10-07T15:20:22.593Z,final
qc-prov-2026-10-05-general,qc-prov-2026-2026-627,627,Berthier,2026,2026,54047,35993,713,36706,67.91,172,172,67.9149629026588,1.9424617228790932,src_3bbf709ff718,src_3bbf709ff718_20261007153614665_460975ae47ab,2026-10-07T15:36:14.665Z,2026-10-07T15:36:14.680Z,2026-10-07T15:20:22.593Z,final
qc-prov-2026-10-05-general,qc-prov-2026-2026-641,641,Bertrand,2026,2026,60079,39535,570,40105,66.75,184,184,66.75377419730688,1.4212691684328638,src_3bbf709ff718,src_3bbf709ff718_20261007153614665_460975ae47ab,2026-10-07T15:36:14.665Z,2026-10-07T15:36:14.680Z,2026-10-07T15:20:22.593Z,final
qc-prov-2026-10-05-general,qc-prov-2026-2026-607,607,Blainville,2026,2026,62470,44523,682,45205,72.36,191,191,72.36273411237394,1.508682667846477,src_3bbf709ff718,src_3bbf709ff718_20261007153614665_460975ae47ab,2026-10-07T15:36:14.665Z,2026-10-07T15:36:14.680Z,2026-10-07T15:20:22.593Z,final
qc-prov-2026-10-05-general,qc-prov-2026-2026-837,837,Bonaventure,2026,2026,35906,21256,316,21572,60.08,127,127,60.07909541580794,1.4648618579640273,src_3bbf709ff718,src_3bbf709ff718_20261007153614665_460975ae47ab,2026-10-07T15:36:14.665Z,2026-10-07T15:36:14.680Z,2026-10-07T15:20:22.593Z,final
qc-prov-2026-10-05-general,qc-prov-2026-2026-237,237,Borduas,2026,2026,58749,45177,545,45722,77.83,178,178,77.82600554903063,1.191986352303049,src_3bbf709ff718,src_3bbf709ff718_20261007153614665_460975ae47ab,2026-10-07T15:36:14.665Z,2026-10-07T15:36:14.680Z,2026-10-07T15:20:22.593Z,final
qc-prov-2026-10-05-general,qc-prov-2026-2026-327,327,Bourassa-Sauvé,2026,2026,44289,22005,574,22579,50.98,149,149,50.98105624421414,2.542185216351477,src_3bbf709ff718,src_3bbf709ff718_20261007153614665_460975ae47ab,2026-10-07T15:36:14.665Z,2026-10-07T15:36:14.680Z,2026-10-07T15:20:22.593Z,final
qc-prov-2026-10-05-general,qc-prov-2026-2026-157,157,Brome-Missisquoi,2026,2026,57556,40053,486,40539,70.43,193,193,70.43401209257071,1.198845556131133,src_3bbf709ff718,src_3bbf709ff718_20261007153614665_460975ae47ab,2026-10-07T15:36:14.665Z,2026-10-07T15:36:14.680Z,2026-10-07T15:20:22.593Z,final
qc-prov-2026-10-05-general,qc-prov-2026-2026-337,337,Camille-Laurin,2026,2026,49429,30835,489,31324,63.37,163,163,63.37170486961096,1.5611033073681522,src_3bbf709ff718,src_3bbf709ff718_20261007153614665_460975ae47ab,2026-10-07T15:36:14.665Z,2026-10-07T15:36:14.680Z,2026-10-07T15:20:22.593Z,final
qc-prov-2026-10-05-general,qc-prov-2026-2026-207,207,Chambly,2026,2026,54555,40510,588,41098,75.33,163,163,75.33315003207773,1.43072655603679,src_3bbf709ff718,src_3bbf709ff718_20261007153614665_460975ae47ab,2026-10-07T15:36:14.665Z,2026-10-07T15:36:14.680Z,2026-10-07T15:20:22.593Z,final
qc-prov-2026-10-05-general,qc-prov-2026-2026-701,701,Champlain,2026,2026,60815,43330,671,44001,72.35,191,191,72.35221573624928,1.5249653416967797,src_3bbf709ff718,src_3bbf709ff718_20261007153614665_460975ae47ab,2026-10-07T15:36:14.665Z,2026-10-07T15:36:14.680Z,2026-10-07T15:20:22.593Z,final
qc-prov-2026-10-05-general,qc-prov-2026-2026-667,667,Chapleau,2026,2026,59230,34216,477,34693,58.57,185,185,58.57335809555968,1.3749171302568242,src_3bbf709ff718,src_3bbf709ff718_20261007153614665_460975ae47ab,2026-10-07T15:36:14.665Z,2026-10-07T15:36:14.680Z,2026-10-07T15:20:22.593Z,final
qc-prov-2026-10-05-general,qc-prov-2026-2026-767,767,Charlesbourg,2026,2026,57745,43865,549,44414,76.91,180,180,76.91401852974283,1.2360967262574865,src_3bbf709ff718,src_3bbf709ff718_20261007153614665_460975ae47ab,2026-10-07T15:36:14.665Z,2026-10-07T15:36:14.680Z,2026-10-07T15:20:22.593Z,final
qc-prov-2026-10-05-general,qc-prov-2026-2026-771,771,Charlevoix-Côte-de-Beaupré,2026,2026,56046,41032,466,41498,74.04,189,189,74.0427505977233,1.1229456841293557,src_3bbf709ff718,src_3bbf709ff718_20261007153614665_460975ae47ab,2026-10-07T15:36:14.665Z,2026-10-07T15:36:14.680Z,2026-10-07T15:20:22.593Z,final
qc-prov-2026-10-05-general,qc-prov-2026-2026-191,191,Châteauguay,2026,2026,57091,34514,575,35089,61.46,160,160,61.461526335149145,1.638690187808145,src_3bbf709ff718,src_3bbf709ff718_20261007153614665_460975ae47ab,2026-10-07T15:36:14.665Z,2026-10-07T15:36:14.680Z,2026-10-07T15:20:22.593Z,final
qc-prov-2026-10-05-general,qc-prov-2026-2026-769,769,Chauveau,2026,2026,60028,46007,526,46533,77.52,193,193,77.51882454854402,1.1303805901188404,src_3bbf709ff718,src_3bbf709ff718_20261007153614665_460975ae47ab,2026-10-07T15:36:14.665Z,2026-10-07T15:36:14.680Z,2026-10-07T15:20:22.593Z,final
qc-prov-2026-10-05-general,qc-prov-2026-2026-821,821,Chicoutimi,2026,2026,45858,30106,370,30476,66.46,147,147,66.45732478520651,1.2140700879380497,src_3bbf709ff718,src_3bbf709ff718_20261007153614665_460975ae47ab,2026-10-07T15:36:14.665Z,2026-10-07T15:36:14.680Z,2026-10-07T15:20:22.593Z,final
qc-prov-2026-10-05-general,qc-prov-2026-2026-351,351,Chomedey,2026,2026,57202,28356,529,28885,50.5,169,169,50.49648613684836,1.831400380820495,src_3bbf709ff718,src_3bbf709ff718_20261007153614665_460975ae47ab,2026-10-07T15:36:14.665Z,2026-10-07T15:36:14.680Z,2026-10-07T15:20:22.593Z,final
qc-prov-2026-10-05-general,qc-prov-2026-2026-789,789,Chutes-de-la-Chaudière,2026,2026,62158,49746,594,50340,80.99,191,191,80.98716174909103,1.1799761620977354,src_3bbf709ff718,src_3bbf709ff718_20261007153614665_460975ae47ab,2026-10-07T15:36:14.665Z,2026-10-07T15:36:14.680Z,2026-10-07T15:20:22.593Z,final
qc-prov-2026-10-05-general,qc-prov-2026-2026-799,799,Côte-du-Sud,2026,2026,50596,35805,490,36295,71.73,175,175,71.73491975650249,1.3500482160077145,src_3bbf709ff718,src_3bbf709ff718_20261007153614665_460975ae47ab,2026-10-07T15:36:14.665Z,2026-10-07T15:36:14.680Z,2026-10-07T15:20:22.593Z,final
qc-prov-2026-10-05-general,qc-prov-2026-2026-131,131,Daniel-Johnson,2026,2026,49485,34529,680,35209,71.15,160,160,71.15085379407901,1.9313243772898974,src_3bbf709ff718,src_3bbf709ff718_20261007153614665_460975ae47ab,2026-10-07T15:36:14.665Z,2026-10-07T15:36:14.680Z,2026-10-07T15:20:22.593Z,final
qc-prov-2026-10-05-general,qc-prov-2026-2026-277,277,D'Arcy-McGee,2026,2026,56919,27071,306,27377,48.1,171,171,48.09817459899155,1.1177265587902254,src_3bbf709ff718,src_3bbf709ff718_20261007153614665_460975ae47ab,2026-10-07T15:36:14.665Z,2026-10-07T15:36:14.680Z,2026-10-07T15:20:22.593Z,final
qc-prov-2026-10-05-general,qc-prov-2026-2026-581,581,Deux-Montagnes,2026,2026,50574,34532,670,35202,69.6,154,154,69.60493534227074,1.9033009488097268,src_3bbf709ff718,src_3bbf709ff718_20261007153614665_460975ae47ab,2026-10-07T15:36:14.665Z,2026-10-07T15:36:14.680Z,2026-10-07T15:20:22.593Z,final
qc-prov-2026-10-05-general,qc-prov-2026-2026-141,141,Drummond-Bois-Francs,2026,2026,53611,37204,725,37929,70.75,173,173,70.74854041148272,1.9114661604576972,src_3bbf709ff718,src_3bbf709ff718_20261007153614665_460975ae47ab,2026-10-07T15:36:14.665Z,2026-10-07T15:36:14.680Z,2026-10-07T15:20:22.593Z,final
qc-prov-2026-10-05-general,qc-prov-2026-2026-819,819,Dubuc,2026,2026,43166,27763,411,28174,65.27,142,142,65.26896168280591,1.4587917938524881,src_3bbf709ff718,src_3bbf709ff718_20261007153614665_460975ae47ab,2026-10-07T15:36:14.665Z,2026-10-07T15:36:14.680Z,2026-10-07T15:20:22.593Z,final
qc-prov-2026-10-05-general,qc-prov-2026-2026-813,813,Duplessis,2026,2026,37124,20013,241,20254,54.56,158,158,54.557698523865966,1.1898884171027946,src_3bbf709ff718,src_3bbf709ff718_20261007153614665_460975ae47ab,2026-10-07T15:36:14.665Z,2026-10-07T15:36:14.680Z,2026-10-07T15:20:22.593Z,final
qc-prov-2026-10-05-general,qc-prov-2026-2026-357,357,Fabre,2026,2026,58674,35198,436,35634,60.73,164,164,60.73218120462215,1.2235505416175563,src_3bbf709ff718,src_3bbf709ff718_20261007153614665_460975ae47ab,2026-10-07T15:36:14.665Z,2026-10-07T15:36:14.680Z,2026-10-07T15:20:22.593Z,final
qc-prov-2026-10-05-general,qc-prov-2026-2026-809,809,Gaspé,2026,2026,30110,17887,233,18120,60.18,118,118,60.179342411159084,1.2858719646799117,src_3bbf709ff718,src_3bbf709ff718_20261007153614665_460975ae47ab,2026-10-07T15:36:14.665Z,2026-10-07T15:36:14.680Z,2026-10-07T15:20:22.593Z,final
qc-prov-2026-10-05-general,qc-prov-2026-2026-661,661,Gatineau,2026,2026,61945,37314,374,37688,60.84,206,206,60.8410686899669,0.992358310337508,src_3bbf709ff718,src_3bbf709ff718_20261007153614665_460975ae47ab,2026-10-07T15:36:14.665Z,2026-10-07T15:36:14.680Z,2026-10-07T15:20:22.593Z,final
qc-prov-2026-10-05-general,qc-prov-2026-2026-311,311,Gouin,2026,2026,43186,31034,326,31360,72.62,130,130,72.61612559625804,1.0395408163265305,src_3bbf709ff718,src_3bbf709ff718_20261007153614665_460975ae47ab,2026-10-07T15:36:14.665Z,2026-10-07T15:36:14.680Z,2026-10-07T15:20:22.593Z,final
qc-prov-2026-10-05-general,qc-prov-2026-2026-159,159,Granby,2026,2026,59146,39974,775,40749,68.9,183,183,68.89561424272141,1.9018871628751626,src_3bbf709ff718,src_3bbf709ff718_20261007153614665_460975ae47ab,2026-10-07T15:36:14.665Z,2026-10-07T15:36:14.680Z,2026-10-07T15:20:22.593Z,final
qc-prov-2026-10-05-general,qc-prov-2026-2026-577,577,Groulx,2026,2026,54278,36504,630,37134,68.41,181,181,68.41445889679059,1.6965584100824043,src_3bbf709ff718,src_3bbf709ff718_20261007153614665_460975ae47ab,2026-10-07T15:36:14.665Z,2026-10-07T15:36:14.680Z,2026-10-07T15:20:22.593Z,final
qc-prov-2026-10-05-general,qc-prov-2026-2026-317,317,Hochelaga-Maisonneuve,2026,2026,40990,26982,389,27371,66.77,139,139,66.7748231275921,1.4212122319242995,src_3bbf709ff718,src_3bbf709ff718_20261007153614665_460975ae47ab,2026-10-07T15:36:14.665Z,2026-10-07T15:36:14.680Z,2026-10-07T15:20:22.593Z,final
qc-prov-2026-10-05-general,qc-prov-2026-2026-651,651,Hull,2026,2026,61050,34308,468,34776,56.96,195,195,56.96314496314496,1.3457556935817805,src_3bbf709ff718,src_3bbf709ff718_20261007153614665_460975ae47ab,2026-10-07T15:36:14.665Z,2026-10-07T15:36:14.680Z,2026-10-07T15:20:22.593Z,final
qc-prov-2026-10-05-general,qc-prov-2026-2026-171,171,Huntingdon,2026,2026,50373,33170,598,33768,67.04,158,158,67.03591209576558,1.7709073679222933,src_3bbf709ff718,src_3bbf709ff718_20261007153614665_460975ae47ab,2026-10-07T15:36:14.665Z,2026-10-07T15:36:14.680Z,2026-10-07T15:20:22.593Z,final
qc-prov-2026-10-05-general,qc-prov-2026-2026-161,161,Iberville,2026,2026,51412,35921,654,36575,71.14,154,154,71.14097875982262,1.7881066302118933,src_3bbf709ff718,src_3bbf709ff718_20261007153614665_460975ae47ab,2026-10-07T15:36:14.665Z,2026-10-07T15:36:14.680Z,2026-10-07T15:20:22.593Z,final
qc-prov-2026-10-05-general,qc-prov-2026-2026-811,811,Îles-de-la-Madeleine,2026,2026,11155,7606,127,7733,69.32,44,44,69.32317346481399,1.642312168627958,src_3bbf709ff718,src_3bbf709ff718_20261007153614665_460975ae47ab,2026-10-07T15:36:14.665Z,2026-10-07T15:36:14.680Z,2026-10-07T15:20:22.593Z,final
qc-prov-2026-10-05-general,qc-prov-2026-2026-259,259,Jacques-Cartier,2026,2026,48505,30675,172,30847,63.6,151,151,63.59550561797753,0.5575906895322074,src_3bbf709ff718,src_3bbf709ff718_20261007153614665_460975ae47ab,2026-10-07T15:36:14.665Z,2026-10-07T15:36:14.680Z,2026-10-07T15:20:22.593Z,final
qc-prov-2026-10-05-general,qc-prov-2026-2026-757,757,Jean-Lesage,2026,2026,44648,30407,449,30856,69.11,144,144,69.10947858806665,1.4551464869069224,src_3bbf709ff718,src_3bbf709ff718_20261007153614665_460975ae47ab,2026-10-07T15:36:14.665Z,2026-10-07T15:36:14.680Z,2026-10-07T15:20:22.593Z,final
qc-prov-2026-10-05-general,qc-prov-2026-2026-331,331,Jeanne-Mance-Viger,2026,2026,50087,27096,613,27709,55.32,144,144,55.32174017210055,2.212277599335956,src_3bbf709ff718,src_3bbf709ff718_20261007153614665_460975ae47ab,2026-10-07T15:36:14.665Z,2026-10-07T15:36:14.680Z,2026-10-07T15:20:22.593Z,final
qc-prov-2026-10-05-general,qc-prov-2026-2026-707,707,Jean-Talon,2026,2026,47798,36282,308,36590,76.55,171,171,76.55132013891794,0.8417600437277944,src_3bbf709ff718,src_3bbf709ff718_20261007153614665_460975ae47ab,2026-10-07T15:36:14.665Z,2026-10-07T15:36:14.680Z,2026-10-07T15:20:22.593Z,final
qc-prov-2026-10-05-general,qc-prov-2026-2026-629,629,Joliette,2026,2026,59404,40783,792,41575,69.99,200,200,69.98686957107266,1.904990980156344,src_3bbf709ff718,src_3bbf709ff718_20261007153614665_460975ae47ab,2026-10-07T15:36:14.665Z,2026-10-07T15:36:14.680Z,2026-10-07T15:20:22.593Z,final
qc-prov-2026-10-05-general,qc-prov-2026-2026-823,823,Jonquière,2026,2026,45408,30551,470,31021,68.32,145,145,68.31615574348133,1.5151026723832242,src_3bbf709ff718,src_3bbf709ff718_20261007153614665_460975ae47ab,2026-10-07T15:36:14.665Z,2026-10-07T15:36:14.680Z,2026-10-07T15:20:22.593Z,final
qc-prov-2026-10-05-general,qc-prov-2026-2026-649,649,Labelle,2026,2026,54450,35172,712,35884,65.9,176,176,65.90266299357208,1.9841712183703044,src_3bbf709ff718,src_3bbf709ff718_20261007153614665_460975ae47ab,2026-10-07T15:36:14.665Z,2026-10-07T15:36:14.680Z,2026-10-07T15:20:22.593Z,final
qc-prov-2026-10-05-general,qc-prov-2026-2026-827,827,Lac-Saint-Jean,2026,2026,44732,29987,453,30440,68.05,144,144,68.04971832245373,1.488173455978975,src_3bbf709ff718,src_3bbf709ff718_20261007153614665_460975ae47ab,2026-10-07T15:36:14.665Z,2026-10-07T15:36:14.680Z,2026-10-07T15:20:22.593Z,final
qc-prov-2026-10-05-general,qc-prov-2026-2026-339,339,LaFontaine,2026,2026,42624,25303,446,25749,60.41,146,146,60.40962837837838,1.7321061012078138,src_3bbf709ff718,src_3bbf709ff718_20261007153614665_460975ae47ab,2026-10-07T15:36:14.665Z,2026-10-07T15:36:14.680Z,2026-10-07T15:20:22.593Z,final
qc-prov-2026-10-05-general,qc-prov-2026-2026-729,729,La Peltrie,2026,2026,59815,45311,512,45823,76.61,183,183,76.607874279027,1.1173428191083081,src_3bbf709ff718,src_3bbf709ff718_20261007153614665_460975ae47ab,2026-10-07T15:36:14.665Z,2026-10-07T15:36:14.680Z,2026-10-07T15:20:22.593Z,final
qc-prov-2026-10-05-general,qc-prov-2026-2026-201,201,La Pinière,2026,2026,58907,34460,382,34842,59.15,172,172,59.14746974043832,1.0963779346765399,src_3bbf709ff718,src_3bbf709ff718_20261007153614665_460975ae47ab,2026-10-07T15:36:14.665Z,2026-10-07T15:36:14.680Z,2026-10-07T15:20:22.593Z,final
qc-prov-2026-10-05-general,qc-prov-2026-2026-199,199,La Prairie,2026,2026,50872,36662,486,37148,73.02,164,164,73.02248781254914,1.3082803919457306,src_3bbf709ff718,src_3bbf709ff718_20261007153614665_460975ae47ab,2026-10-07T15:36:14.665Z,2026-10-07T15:36:14.680Z,2026-10-07T15:20:22.593Z,final
qc-prov-2026-10-05-general,qc-prov-2026-2026-621,621,L'Assomption,2026,2026,57207,39789,724,40513,70.82,181,181,70.81825650707081,1.7870806901488412,src_3bbf709ff718,src_3bbf709ff718_20261007153614665_460975ae47ab,2026-10-07T15:36:14.665Z,2026-10-07T15:36:14.680Z,2026-10-07T15:20:22.593Z,final
qc-prov-2026-10-05-general,qc-prov-2026-2026-307,307,Laurier-Dorion,2026,2026,44455,28776,335,29111,65.48,148,148,65.48419750309301,1.1507677510219505,src_3bbf709ff718,src_3bbf709ff718_20261007153614665_460975ae47ab,2026-10-07T15:36:14.665Z,2026-10-07T15:36:14.680Z,2026-10-07T15:20:22.593Z,final
qc-prov-2026-10-05-general,qc-prov-2026-2026-347,347,Laval-des-Rapides,2026,2026,56746,33075,578,33653,59.3,173,173,59.30462058999753,1.717528897869432,src_3bbf709ff718,src_3bbf709ff718_20261007153614665_460975ae47ab,2026-10-07T15:36:14.665Z,2026-10-07T15:36:14.680Z,2026-10-07T15:20:22.593Z,final
qc-prov-2026-10-05-general,qc-prov-2026-2026-697,697,Laviolette-Saint-Maurice,2026,2026,60890,38733,733,39466,64.82,198,198,64.81524059779932,1.8572948867379517,src_3bbf709ff718,src_3bbf709ff718_20261007153614665_460975ae47ab,2026-10-07T15:36:14.665Z,2026-10-07T15:36:14.680Z,2026-10-07T15:20:22.593Z,final
qc-prov-2026-10-05-general,qc-prov-2026-2026-601,601,Les Plaines,2026,2026,49905,33306,739,34045,68.22,153,153,68.21961727281835,2.1706564840652076,src_3bbf709ff718,src_3bbf709ff718_20261007153614665_460975ae47ab,2026-10-07T15:36:14.665Z,2026-10-07T15:36:14.680Z,2026-10-07T15:20:22.593Z,final
qc-prov-2026-10-05-general,qc-prov-2026-2026-791,791,Lévis,2026,2026,54022,39905,534,40439,74.86,173,173,74.85653992817741,1.3205074309453746,src_3bbf709ff718,src_3bbf709ff718_20261007153614665_460975ae47ab,2026-10-07T15:36:14.665Z,2026-10-07T15:36:14.680Z,2026-10-07T15:20:22.593Z,final
qc-prov-2026-10-05-general,qc-prov-2026-2026-787,787,Lotbinière-Frontenac,2026,2026,59603,44081,616,44697,74.99,194,194,74.99119171853766,1.3781685571738596,src_3bbf709ff718,src_3bbf709ff718_20261007153614665_460975ae47ab,2026-10-07T15:36:14.665Z,2026-10-07T15:36:14.680Z,2026-10-07T15:20:22.593Z,final
qc-prov-2026-10-05-general,qc-prov-2026-2026-709,709,Louis-Hébert,2026,2026,48220,39810,362,40172,83.31,165,165,83.30982994608047,0.9011251618042417,src_3bbf709ff718,src_3bbf709ff718_20261007153614665_460975ae47ab,2026-10-07T15:36:14.665Z,2026-10-07T15:36:14.680Z,2026-10-07T15:20:22.593Z,final
qc-prov-2026-10-05-general,qc-prov-2026-2026-251,251,Marguerite-Bourgeoys,2026,2026,53367,27754,488,28242,52.92,158,158,52.92034403282928,1.7279229516323207,src_3bbf709ff718,src_3bbf709ff718_20261007153614665_460975ae47ab,2026-10-07T15:36:14.665Z,2026-10-07T15:36:14.680Z,2026-10-07T15:20:22.593Z,final
qc-prov-2026-10-05-general,qc-prov-2026-2026-139,139,Marie-Lacoste-Gérin-Lajoie,2026,2026,46362,31338,535,31873,68.75,150,150,68.74811267848669,1.678536692498353,src_3bbf709ff718,src_3bbf709ff718_20261007153614665_460975ae47ab,2026-10-07T15:36:14.665Z,2026-10-07T15:36:14.680Z,2026-10-07T15:20:22.593Z,final
qc-prov-2026-10-05-general,qc-prov-2026-2026-219,219,Marie-Victorin,2026,2026,44666,27606,536,28142,63.01,139,139,63.0054179913133,1.904626536848838,src_3bbf709ff718,src_3bbf709ff718_20261007153614665_460975ae47ab,2026-10-07T15:36:14.665Z,2026-10-07T15:36:14.680Z,2026-10-07T15:20:22.593Z,final
qc-prov-2026-10-05-general,qc-prov-2026-2026-257,257,Marquette,2026,2026,45585,26220,337,26557,58.26,137,137,58.258198968959086,1.2689686335052905,src_3bbf709ff718,src_3bbf709ff718_20261007153614665_460975ae47ab,2026-10-07T15:36:14.665Z,2026-10-07T15:36:14.680Z,2026-10-07T15:20:22.593Z,final
qc-prov-2026-10-05-general,qc-prov-2026-2026-693,693,Maskinongé,2026,2026,48326,34730,475,35205,72.85,151,151,72.84898398377685,1.3492401647493253,src_3bbf709ff718,src_3bbf709ff718_20261007153614665_460975ae47ab,2026-10-07T15:36:14.665Z,2026-10-07T15:36:14.680Z,2026-10-07T15:20:22.593Z,final
qc-prov-2026-10-05-general,qc-prov-2026-2026-611,611,Masson,2026,2026,55418,38757,779,39536,71.34,165,165,71.3414414089285,1.9703561311210036,src_3bbf709ff718,src_3bbf709ff718_20261007153614665_460975ae47ab,2026-10-07T15:36:14.665Z,2026-10-07T15:36:14.680Z,2026-10-07T15:20:22.593Z,final
qc-prov-2026-10-05-general,qc-prov-2026-2026-807,807,Matane-Matapédia-Mitis,2026,2026,46539,29217,324,29541,63.48,158,158,63.47579449493973,1.0967807454046918,src_3bbf709ff718,src_3bbf709ff718_20261007153614665_460975ae47ab,2026-10-07T15:36:14.665Z,2026-10-07T15:36:14.680Z,2026-10-07T15:20:22.593Z,final
qc-prov-2026-10-05-general,qc-prov-2026-2026-301,301,Maurice-Richard,2026,2026,46090,31448,500,31948,69.32,141,141,69.31655456715123,1.5650431951921873,src_3bbf709ff718,src_3bbf709ff718_20261007153614665_460975ae47ab,2026-10-07T15:36:14.665Z,2026-10-07T15:36:14.680Z,2026-10-07T15:20:22.593Z,final
qc-prov-2026-10-05-general,qc-prov-2026-2026-117,117,Mégantic,2026,2026,51921,35844,494,36338,69.99,172,172,69.9870957801275,1.3594584181848204,src_3bbf709ff718,src_3bbf709ff718_20261007153614665_460975ae47ab,2026-10-07T15:36:14.665Z,2026-10-07T15:36:14.680Z,2026-10-07T15:20:22.593Z,final
qc-prov-2026-10-05-general,qc-prov-2026-2026-313,313,Mercier,2026,2026,45620,30001,319,30320,66.46,139,139,66.46207803594915,1.0521108179419525,src_3bbf709ff718,src_3bbf709ff718_20261007153614665_460975ae47ab,2026-10-07T15:36:14.665Z,2026-10-07T15:36:14.680Z,2026-10-07T15:20:22.593Z,final
qc-prov-2026-10-05-general,qc-prov-2026-2026-571,571,Mille-Îles,2026,2026,50119,32746,500,33246,66.33,147,147,66.33412478301642,1.5039403236479576,src_3bbf709ff718,src_3bbf709ff718_20261007153614665_460975ae47ab,2026-10-07T15:36:14.665Z,2026-10-07T15:36:14.680Z,2026-10-07T15:20:22.593Z,final
qc-prov-2026-10-05-general,qc-prov-2026-2026-587,587,Mirabel,2026,2026,55339,38764,702,39466,71.32,168,168,71.31679285856268,1.7787462626057873,src_3bbf709ff718,src_3bbf709ff718_20261007153614665_460975ae47ab,2026-10-07T15:36:14.665Z,2026-10-07T15:36:14.680Z,2026-10-07T15:20:22.593Z,final
qc-prov-2026-10-05-general,qc-prov-2026-2026-227,227,Montarville,2026,2026,53937,43127,422,43549,80.74,161,161,80.74049353875819,0.9690233989299409,src_3bbf709ff718,src_3bbf709ff718_20261007153614665_460975ae47ab,2026-10-07T15:36:14.665Z,2026-10-07T15:36:14.680Z,2026-10-07T15:20:22.593Z,final
qc-prov-2026-10-05-general,qc-prov-2026-2026-761,761,Montmorency,2026,2026,58226,44466,495,44961,77.22,182,182,77.21808126953594,1.100954160272236,src_3bbf709ff718,src_3bbf709ff718_20261007153614665_460975ae47ab,2026-10-07T15:36:14.665Z,2026-10-07T15:36:14.680Z,2026-10-07T15:20:22.593Z,final
qc-prov-2026-10-05-general,qc-prov-2026-2026-297,297,Mont-Royal-Outremont,2026,2026,59033,31797,283,32080,54.34,196,196,54.34248640590856,0.8821695760598504,src_3bbf709ff718,src_3bbf709ff718_20261007153614665_460975ae47ab,2026-10-07T15:36:14.665Z,2026-10-07T15:36:14.680Z,2026-10-07T15:20:22.593Z,final
qc-prov-2026-10-05-general,qc-prov-2026-2026-261,261,Nelligan,2026,2026,58302,34052,327,34379,58.97,178,178,58.96710232925114,0.951162046598214,src_3bbf709ff718,src_3bbf709ff718_20261007153614665_460975ae47ab,2026-10-07T15:36:14.665Z,2026-10-07T15:36:14.680Z,2026-10-07T15:20:22.593Z,final
qc-prov-2026-10-05-general,qc-prov-2026-2026-151,151,Nicolet-Bécancour,2026,2026,41215,30513,481,30994,75.2,143,143,75.20077641635326,1.5519132735368135,src_3bbf709ff718,src_3bbf709ff718_20261007153614665_460975ae47ab,2026-10-07T15:36:14.665Z,2026-10-07T15:36:14.680Z,2026-10-07T15:20:22.593Z,final
qc-prov-2026-10-05-general,qc-prov-2026-2026-279,279,Notre-Dame-de-Grâce,2026,2026,47362,26796,245,27041,57.09,142,142,57.09429500443393,0.9060315816722755,src_3bbf709ff718,src_3bbf709ff718_20261007153614665_460975ae47ab,2026-10-07T15:36:14.665Z,2026-10-07T15:36:14.680Z,2026-10-07T15:20:22.593Z,final
qc-prov-2026-10-05-general,qc-prov-2026-2026-127,127,Orford,2026,2026,47940,34602,371,34973,72.95,148,148,72.95160617438465,1.0608183455808766,src_3bbf709ff718,src_3bbf709ff718_20261007153614665_460975ae47ab,2026-10-07T15:36:14.665Z,2026-10-07T15:36:14.680Z,2026-10-07T15:20:22.593Z,final
qc-prov-2026-10-05-general,qc-prov-2026-2026-669,669,Papineau,2026,2026,60947,37057,518,37575,61.65,204,204,61.6519270841879,1.3785761809713906,src_3bbf709ff718,src_3bbf709ff718_20261007153614665_460975ae47ab,2026-10-07T15:36:14.665Z,2026-10-07T15:36:14.680Z,2026-10-07T15:20:22.593Z,final
qc-prov-2026-10-05-general,qc-prov-2026-2026-217,217,Pierre-Laporte,2026,2026,53216,33892,450,34342,64.53,162,162,64.53322309079977,1.310348843981131,src_3bbf709ff718,src_3bbf709ff718_20261007153614665_460975ae47ab,2026-10-07T15:36:14.665Z,2026-10-07T15:36:14.680Z,2026-10-07T15:20:22.593Z,final
qc-prov-2026-10-05-general,qc-prov-2026-2026-341,341,Pointe-aux-Trembles,2026,2026,40363,25952,526,26478,65.6,130,130,65.59968287788321,1.9865548757459022,src_3bbf709ff718,src_3bbf709ff718_20261007153614665_460975ae47ab,2026-10-07T15:36:14.665Z,2026-10-07T15:36:14.680Z,2026-10-07T15:20:22.593Z,final
qc-prov-2026-10-05-general,qc-prov-2026-2026-657,657,Pontiac,2026,2026,56444,29917,285,30202,53.51,185,185,53.507901637020765,0.9436461161512483,src_3bbf709ff718,src_3bbf709ff718_20261007153614665_460975ae47ab,2026-10-07T15:36:14.665Z,2026-10-07T15:36:14.680Z,2026-10-07T15:20:22.593Z,final
qc-prov-2026-10-05-general,qc-prov-2026-2026-727,727,Portneuf,2026,2026,56234,42294,444,42738,76,184,184,76.0002845253761,1.0388881089428612,src_3bbf709ff718,src_3bbf709ff718_20261007153614665_460975ae47ab,2026-10-07T15:36:14.665Z,2026-10-07T15:36:14.680Z,2026-10-07T15:20:22.593Z,final
qc-prov-2026-10-05-general,qc-prov-2026-2026-637,637,Prévost,2026,2026,53395,37695,589,38284,71.7,159,159,71.69959734057495,1.5385017239577892,src_3bbf709ff718,src_3bbf709ff718_20261007153614665_460975ae47ab,2026-10-07T15:36:14.665Z,2026-10-07T15:36:14.680Z,2026-10-07T15:20:22.593Z,final
qc-prov-2026-10-05-general,qc-prov-2026-2026-817,817,René-Lévesque,2026,2026,32035,18563,309,18872,58.91,118,118,58.91056656781645,1.6373463331920306,src_3bbf709ff718,src_3bbf709ff718_20261007153614665_460975ae47ab,2026-10-07T15:36:14.665Z,2026-10-07T15:36:14.680Z,2026-10-07T15:20:22.593Z,final
qc-prov-2026-10-05-general,qc-prov-2026-2026-617,617,Repentigny,2026,2026,56853,40333,664,40997,72.11,172,172,72.11053066680738,1.6196307046857088,src_3bbf709ff718,src_3bbf709ff718_20261007153614665_460975ae47ab,2026-10-07T15:36:14.665Z,2026-10-07T15:36:14.680Z,2026-10-07T15:20:22.593Z,final
qc-prov-2026-10-05-general,qc-prov-2026-2026-241,241,Richelieu,2026,2026,54251,36535,777,37312,68.78,177,177,68.77661241267442,2.082439965694683,src_3bbf709ff718,src_3bbf709ff718_20261007153614665_460975ae47ab,2026-10-07T15:36:14.665Z,2026-10-07T15:36:14.680Z,2026-10-07T15:20:22.593Z,final
qc-prov-2026-10-05-general,qc-prov-2026-2026-137,137,Richmond,2026,2026,59369,43508,588,44096,74.27,196,196,74.27445299735552,1.333454281567489,src_3bbf709ff718,src_3bbf709ff718_20261007153614665_460975ae47ab,2026-10-07T15:36:14.665Z,2026-10-07T15:36:14.680Z,2026-10-07T15:20:22.593Z,final
qc-prov-2026-10-05-general,qc-prov-2026-2026-803,803,Rimouski,2026,2026,46554,32730,393,33123,71.15,159,159,71.14963268462431,1.186486731274341,src_3bbf709ff718,src_3bbf709ff718_20261007153614665_460975ae47ab,2026-10-07T15:36:14.665Z,2026-10-07T15:36:14.680Z,2026-10-07T15:20:22.593Z,final
qc-prov-2026-10-05-general,qc-prov-2026-2026-801,801,Rivière-du-Loup-Témiscouata-Les Basques,2026,2026,52139,36114,505,36619,70.23,192,192,70.23341452655401,1.3790655124388977,src_3bbf709ff718,src_3bbf709ff718_20261007153614665_460975ae47ab,2026-10-07T15:36:14.665Z,2026-10-07T15:36:14.680Z,2026-10-07T15:20:22.593Z,final
qc-prov-2026-10-05-general,qc-prov-2026-2026-267,267,Robert-Baldwin,2026,2026,55208,30723,345,31068,56.27,164,164,56.2744529778293,1.1104673619157976,src_3bbf709ff718,src_3bbf709ff718_20261007153614665_460975ae47ab,2026-10-07T15:36:14.665Z,2026-10-07T15:36:14.680Z,2026-10-07T15:20:22.593Z,final
qc-prov-2026-10-05-general,qc-prov-2026-2026-829,829,Roberval,2026,2026,44601,27835,439,28274,63.39,152,152,63.39319746194032,1.5526632241635425,src_3bbf709ff718,src_3bbf709ff718_20261007153614665_460975ae47ab,2026-10-07T15:36:14.665Z,2026-10-07T15:36:14.680Z,2026-10-07T15:20:22.593Z,final
qc-prov-2026-10-05-general,qc-prov-2026-2026-319,319,Rosemont,2026,2026,52328,36128,600,36728,70.19,175,175,70.18804464149213,1.63363101720758,src_3bbf709ff718,src_3bbf709ff718_20261007153614665_460975ae47ab,2026-10-07T15:36:14.665Z,2026-10-07T15:36:14.680Z,2026-10-07T15:20:22.593Z,final
qc-prov-2026-10-05-general,qc-prov-2026-2026-631,631,Rousseau,2026,2026,49499,30935,774,31709,64.06,153,153,64.0598799975757,2.440947365101391,src_3bbf709ff718,src_3bbf709ff718_20261007153614665_460975ae47ab,2026-10-07T15:36:14.665Z,2026-10-07T15:36:14.680Z,2026-10-07T15:20:22.593Z,final
qc-prov-2026-10-05-general,qc-prov-2026-2026-671,671,Rouyn-Noranda-Témiscamingue,2026,2026,44506,27994,431,28425,63.87,154,154,63.86779310654743,1.5162708883025506,src_3bbf709ff718,src_3bbf709ff718_20261007153614665_460975ae47ab,2026-10-07T15:36:14.665Z,2026-10-07T15:36:14.680Z,2026-10-07T15:20:22.593Z,final
qc-prov-2026-10-05-general,qc-prov-2026-2026-119,119,Saint-François,2026,2026,55182,37294,598,37892,68.67,186,186,68.66731905331449,1.5781695344663782,src_3bbf709ff718,src_3bbf709ff718_20261007153614665_460975ae47ab,2026-10-07T15:36:14.665Z,2026-10-07T15:36:14.680Z,2026-10-07T15:20:22.593Z,final
qc-prov-2026-10-05-general,qc-prov-2026-2026-281,281,Saint-Henri-Sainte-Anne,2026,2026,60412,35864,460,36324,60.13,186,186,60.127127060848835,1.2663803545864993,src_3bbf709ff718,src_3bbf709ff718_20261007153614665_460975ae47ab,2026-10-07T15:36:14.665Z,2026-10-07T15:36:14.680Z,2026-10-07T15:20:22.593Z,final
qc-prov-2026-10-05-general,qc-prov-2026-2026-239,239,Saint-Hyacinthe,2026,2026,55710,39296,740,40036,71.87,169,169,71.86501525758392,1.8483364971525627,src_3bbf709ff718,src_3bbf709ff718_20261007153614665_460975ae47ab,2026-10-07T15:36:14.665Z,2026-10-07T15:36:14.680Z,2026-10-07T15:20:22.593Z,final
qc-prov-2026-10-05-general,qc-prov-2026-2026-167,167,Saint-Jean,2026,2026,61671,42278,777,43055,69.81,187,187,69.81401306935189,1.8046684473348042,src_3bbf709ff718,src_3bbf709ff718_20261007153614665_460975ae47ab,2026-10-07T15:36:14.665Z,2026-10-07T15:36:14.680Z,2026-10-07T15:20:22.593Z,final
qc-prov-2026-10-05-general,qc-prov-2026-2026-597,597,Saint-Jérôme,2026,2026,46111,28439,637,29076,63.06,150,150,63.0565374856325,2.1908102902737654,src_3bbf709ff718,src_3bbf709ff718_20261007153614665_460975ae47ab,2026-10-07T15:36:14.665Z,2026-10-07T15:36:14.680Z,2026-10-07T15:20:22.593Z,final
qc-prov-2026-10-05-general,qc-prov-2026-2026-271,271,Saint-Laurent,2026,2026,59678,30635,406,31041,52.01,169,169,52.01414256509937,1.3079475532360427,src_3bbf709ff718,src_3bbf709ff718_20261007153614665_460975ae47ab,2026-10-07T15:36:14.665Z,2026-10-07T15:36:14.680Z,2026-10-07T15:20:22.593Z,final
qc-prov-2026-10-05-general,qc-prov-2026-2026-287,287,Sainte-Marie-Saint-Jacques,2026,2026,42949,25310,224,25534,59.45,144,144,59.451908077021585,0.8772616902952926,src_3bbf709ff718,src_3bbf709ff718_20261007153614665_460975ae47ab,2026-10-07T15:36:14.665Z,2026-10-07T15:36:14.680Z,2026-10-07T15:20:22.593Z,final
qc-prov-2026-10-05-general,qc-prov-2026-2026-359,359,Sainte-Rose,2026,2026,58391,37683,592,38275,65.55,181,181,65.54948536589544,1.5467015022860875,src_3bbf709ff718,src_3bbf709ff718_20261007153614665_460975ae47ab,2026-10-07T15:36:14.665Z,2026-10-07T15:36:14.680Z,2026-10-07T15:20:22.593Z,final
qc-prov-2026-10-05-general,qc-prov-2026-2026-197,197,Sanguinet,2026,2026,45528,32053,501,32554,71.5,138,138,71.50325074679319,1.5389813847760643,src_3bbf709ff718,src_3bbf709ff718_20261007153614665_460975ae47ab,2026-10-07T15:36:14.665Z,2026-10-07T15:36:14.680Z,2026-10-07T15:20:22.593Z,final
qc-prov-2026-10-05-general,qc-prov-2026-2026-121,121,Sherbrooke,2026,2026,53681,37115,553,37668,70.17,186,186,70.17007879883013,1.4680896251460125,src_3bbf709ff718,src_3bbf709ff718_20261007153614665_460975ae47ab,2026-10-07T15:36:14.665Z,2026-10-07T15:36:14.680Z,2026-10-07T15:20:22.593Z,final
qc-prov-2026-10-05-general,qc-prov-2026-2026-181,181,Soulanges,2026,2026,59017,39919,571,40490,68.61,176,176,68.60735042445397,1.4102247468510742,src_3bbf709ff718,src_3bbf709ff718_20261007153614665_460975ae47ab,2026-10-07T15:36:14.665Z,2026-10-07T15:36:14.680Z,2026-10-07T15:20:22.593Z,final
qc-prov-2026-10-05-general,qc-prov-2026-2026-221,221,Taillon,2026,2026,52378,35268,561,35829,68.4,161,161,68.4046737179732,1.5657707443690865,src_3bbf709ff718,src_3bbf709ff718_20261007153614665_460975ae47ab,2026-10-07T15:36:14.665Z,2026-10-07T15:36:14.680Z,2026-10-07T15:20:22.593Z,final
qc-prov-2026-10-05-general,qc-prov-2026-2026-751,751,Taschereau,2026,2026,48739,35962,320,36282,74.44,159,159,74.44141242126429,0.8819800452014773,src_3bbf709ff718,src_3bbf709ff718_20261007153614665_460975ae47ab,2026-10-07T15:36:14.665Z,2026-10-07T15:36:14.680Z,2026-10-07T15:20:22.593Z,final
qc-prov-2026-10-05-general,qc-prov-2026-2026-609,609,Terrebonne,2026,2026,55390,38812,630,39442,71.21,170,170,71.20779924174039,1.5972820850869631,src_3bbf709ff718,src_3bbf709ff718_20261007153614665_460975ae47ab,2026-10-07T15:36:14.665Z,2026-10-07T15:36:14.680Z,2026-10-07T15:20:22.593Z,final
qc-prov-2026-10-05-general,qc-prov-2026-2026-691,691,Trois-Rivières,2026,2026,54168,37299,481,37780,69.75,169,169,69.7459754836804,1.2731604023292749,src_3bbf709ff718,src_3bbf709ff718_20261007153614665_460975ae47ab,2026-10-07T15:36:14.665Z,2026-10-07T15:36:14.680Z,2026-10-07T15:20:22.593Z,final
qc-prov-2026-10-05-general,qc-prov-2026-2026-831,831,Ungava,2026,2026,30849,8382,175,8557,27.74,111,111,27.738338357807386,2.0451092672665654,src_3bbf709ff718,src_3bbf709ff718_20261007153614665_460975ae47ab,2026-10-07T15:36:14.665Z,2026-10-07T15:36:14.680Z,2026-10-07T15:20:22.593Z,final
qc-prov-2026-10-05-general,qc-prov-2026-2026-211,211,Vachon,2026,2026,54306,36562,588,37150,68.41,178,178,68.4086472949582,1.5827725437415883,src_3bbf709ff718,src_3bbf709ff718_20261007153614665_460975ae47ab,2026-10-07T15:36:14.665Z,2026-10-07T15:36:14.680Z,2026-10-07T15:20:22.593Z,final
qc-prov-2026-10-05-general,qc-prov-2026-2026-749,749,Vanier-Les Rivières,2026,2026,59730,44633,552,45185,75.65,191,191,75.64875272057593,1.2216443510014385,src_3bbf709ff718,src_3bbf709ff718_20261007153614665_460975ae47ab,2026-10-07T15:36:14.665Z,2026-10-07T15:36:14.680Z,2026-10-07T15:20:22.593Z,final
qc-prov-2026-10-05-general,qc-prov-2026-2026-187,187,Vaudreuil,2026,2026,62539,40177,507,40684,65.05,186,186,65.05380642479093,1.2461901484613116,src_3bbf709ff718,src_3bbf709ff718_20261007153614665_460975ae47ab,2026-10-07T15:36:14.665Z,2026-10-07T15:36:14.680Z,2026-10-07T15:20:22.593Z,final
qc-prov-2026-10-05-general,qc-prov-2026-2026-231,231,Verchères,2026,2026,56437,42873,716,43589,77.23,178,178,77.23479277778762,1.642616256394962,src_3bbf709ff718,src_3bbf709ff718_20261007153614665_460975ae47ab,2026-10-07T15:36:14.665Z,2026-10-07T15:36:14.680Z,2026-10-07T15:20:22.593Z,final
qc-prov-2026-10-05-general,qc-prov-2026-2026-247,247,Verdun,2026,2026,50061,32759,378,33137,66.19,156,156,66.19324424202473,1.1407188339318586,src_3bbf709ff718,src_3bbf709ff718_20261007153614665_460975ae47ab,2026-10-07T15:36:14.665Z,2026-10-07T15:36:14.680Z,2026-10-07T15:20:22.593Z,final
qc-prov-2026-10-05-general,qc-prov-2026-2026-321,321,Viau,2026,2026,39502,20490,416,20906,52.92,121,121,52.923902587210776,1.9898593705156415,src_3bbf709ff718,src_3bbf709ff718_20261007153614665_460975ae47ab,2026-10-07T15:36:14.665Z,2026-10-07T15:36:14.680Z,2026-10-07T15:20:22.593Z,final
qc-prov-2026-10-05-general,qc-prov-2026-2026-569,569,Vimont-Auteuil,2026,2026,47066,31654,481,32135,68.28,144,144,68.276462839417,1.4968103314143457,src_3bbf709ff718,src_3bbf709ff718_20261007153614665_460975ae47ab,2026-10-07T15:36:14.665Z,2026-10-07T15:36:14.680Z,2026-10-07T15:20:22.593Z,final
qc-prov-2026-10-05-general,qc-prov-2026-2026-291,291,Westmount-Saint-Louis,2026,2026,53185,24264,192,24456,45.98,179,179,45.982889912569334,0.7850834151128557,src_3bbf709ff718,src_3bbf709ff718_20261007153614665_460975ae47ab,2026-10-07T15:36:14.665Z,2026-10-07T15:36:14.680Z,2026-10-07T15:20:22.593Z,final
qc-prov-2026-10-05-general,qc-prov-2026-2026-689,689,Abitibi-Est,2026,2026,33465,20759,422,21181,63.29,120,120,63.292992678918274,1.9923516359000992,src_3bbf709ff718,src_3bbf709ff718_20261006060145196_626649ba1833,2026-10-06T06:01:45.196Z,2026-10-06T06:01:45.273Z,2026-10-06T05:49:38.957Z,final
qc-prov-2026-10-05-general,qc-prov-2026-2026-681,681,Abitibi-Ouest,2026,2026,35317,22344,364,22708,64.3,132,132,64.2976470255118,1.6029593094944512,src_3bbf709ff718,src_3bbf709ff718_20261006060145196_626649ba1833,2026-10-06T06:01:45.196Z,2026-10-06T06:01:45.273Z,2026-10-06T05:49:38.957Z,final
qc-prov-2026-10-05-general,qc-prov-2026-2026-299,299,Acadie,2026,2026,50296,26277,451,26728,53.14,149,149,53.141402894862416,1.6873690511822808,src_3bbf709ff718,src_3bbf709ff718_20261006060145196_626649ba1833,2026-10-06T06:01:45.196Z,2026-10-06T06:01:45.273Z,2026-10-06T05:49:38.957Z,final
qc-prov-2026-10-05-general,qc-prov-2026-2026-833,833,Anjou-Louis-Riel,2026,2026,41546,25574,469,26043,62.68,128,128,62.68473499253839,1.8008677955688668,src_3bbf709ff718,src_3bbf709ff718_20261006060145196_626649ba1833,2026-10-06T06:01:45.196Z,2026-10-06T06:01:45.273Z,2026-10-06T05:49:38.957Z,final
qc-prov-2026-10-05-general,qc-prov-2026-2026-589,589,Argenteuil,2026,2026,43063,27028,422,27450,63.74,136,136,63.74381719805866,1.5373406193078325,src_3bbf709ff718,src_3bbf709ff718_20261006060145196_626649ba1833,2026-10-06T06:01:45.196Z,2026-10-06T06:01:45.273Z,2026-10-06T05:49:38.957Z,final
qc-prov-2026-10-05-general,qc-prov-2026-2026-147,147,Arthabaska-L'Érable,2026,2026,61921,45459,604,46063,74.39,194,194,74.38994848274415,1.3112476391029677,src_3bbf709ff718,src_3bbf709ff718_20261006060145196_626649ba1833,2026-10-06T06:01:45.196Z,2026-10-06T06:01:45.273Z,2026-10-06T05:49:38.957Z,final
qc-prov-2026-10-05-general,qc-prov-2026-2026-781,781,Beauce-Nord,2026,2026,46667,35830,367,36197,77.56,150,150,77.56444596824308,1.0138961792413737,src_3bbf709ff718,src_3bbf709ff718_20261006060145196_626649ba1833,2026-10-06T06:01:45.196Z,2026-10-06T06:01:45.273Z,2026-10-06T05:49:38.957Z,final
qc-prov-2026-10-05-general,qc-prov-2026-2026-777,777,Beauce-Sud,2026,2026,50834,37748,392,38140,75.03,167,167,75.02852421607585,1.027792343995805,src_3bbf709ff718,src_3bbf709ff718_20261006060145196_626649ba1833,2026-10-06T06:01:45.196Z,2026-10-06T06:01:45.273Z,2026-10-06T05:49:38.957Z,final
qc-prov-2026-10-05-general,qc-prov-2026-2026-179,179,Beauharnois,2026,2026,59965,39500,782,40282,67.18,187,187,67.17585258067206,1.9413137381460701,src_3bbf709ff718,src_3bbf709ff718_20261006060145196_626649ba1833,2026-10-06T06:01:45.196Z,2026-10-06T06:01:45.273Z,2026-10-06T05:49:38.957Z,final
qc-prov-2026-10-05-general,qc-prov-2026-2026-797,797,Bellechasse,2026,2026,46198,35281,419,35700,77.28,162,162,77.27607255725356,1.173669467787115,src_3bbf709ff718,src_3bbf709ff718_20261006060145196_626649ba1833,2026-10-06T06:01:45.196Z,2026-10-06T06:01:45.273Z,2026-10-06T05:49:38.957Z,final
qc-prov-2026-10-05-general,qc-prov-2026-2026-591,591,Bellefeuille,2026,2026,45378,31218,574,31792,70.06,138,138,70.06038168275376,1.8054856567689985,src_3bbf709ff718,src_3bbf709ff718_20261006060145196_626649ba1833,2026-10-06T06:01:45.196Z,2026-10-06T06:01:45.273Z,2026-10-06T05:49:38.957Z,final
qc-prov-2026-10-05-general,qc-prov-2026-2026-627,627,Berthier,2026,2026,54047,35993,713,36706,67.91,172,172,67.9149629026588,1.9424617228790932,src_3bbf709ff718,src_3bbf709ff718_20261006060145196_626649ba1833,2026-10-06T06:01:45.196Z,2026-10-06T06:01:45.273Z,2026-10-06T05:49:38.957Z,final
qc-prov-2026-10-05-general,qc-prov-2026-2026-641,641,Bertrand,2026,2026,60079,39531,570,40101,66.75,184,184,66.74711629687577,1.4214109373831076,src_3bbf709ff718,src_3bbf709ff718_20261006060145196_626649ba1833,2026-10-06T06:01:45.196Z,2026-10-06T06:01:45.273Z,2026-10-06T05:49:38.957Z,final
qc-prov-2026-10-05-general,qc-prov-2026-2026-607,607,Blainville,2026,2026,62470,44520,684,45204,72.36,191,191,72.36113334400513,1.513140430050438,src_3bbf709ff718,src_3bbf709ff718_20261006060145196_626649ba1833,2026-10-06T06:01:45.196Z,2026-10-06T06:01:45.273Z,2026-10-06T05:49:38.957Z,final
qc-prov-2026-10-05-general,qc-prov-2026-2026-837,837,Bonaventure,2026,2026,35906,21254,316,21570,60.07,127,127,60.07352531610316,1.4649976819656931,src_3bbf709ff718,src_3bbf709ff718_20261006060145196_626649ba1833,2026-10-06T06:01:45.196Z,2026-10-06T06:01:45.273Z,2026-10-06T05:49:38.957Z,final
qc-prov-2026-10-05-general,qc-prov-2026-2026-237,237,Borduas,2026,2026,58749,45177,545,45722,77.83,178,178,77.82600554903063,1.191986352303049,src_3bbf709ff718,src_3bbf709ff718_20261006060145196_626649ba1833,2026-10-06T06:01:45.196Z,2026-10-06T06:01:45.273Z,2026-10-06T05:49:38.957Z,final
qc-prov-2026-10-05-general,qc-prov-2026-2026-327,327,Bourassa-Sauvé,2026,2026,44289,21984,574,22558,50.93,149,149,50.93364040732462,2.5445518219700327,src_3bbf709ff718,src_3bbf709ff718_20261006060145196_626649ba1833,2026-10-06T06:01:45.196Z,2026-10-06T06:01:45.273Z,2026-10-06T05:49:38.957Z,final
qc-prov-2026-10-05-general,qc-prov-2026-2026-157,157,Brome-Missisquoi,2026,2026,57556,40048,486,40534,70.43,193,193,70.42532490096602,1.198993437607934,src_3bbf709ff718,src_3bbf709ff718_20261006060145196_626649ba1833,2026-10-06T06:01:45.196Z,2026-10-06T06:01:45.273Z,2026-10-06T05:49:38.957Z,final
qc-prov-2026-10-05-general,qc-prov-2026-2026-337,337,Camille-Laurin,2026,2026,49429,30835,489,31324,63.37,163,163,63.37170486961096,1.5611033073681522,src_3bbf709ff718,src_3bbf709ff718_20261006060145196_626649ba1833,2026-10-06T06:01:45.196Z,2026-10-06T06:01:45.273Z,2026-10-06T05:49:38.957Z,final
qc-prov-2026-10-05-general,qc-prov-2026-2026-207,207,Chambly,2026,2026,54555,40525,588,41113,75.36,163,163,75.36064522041976,1.430204558168949,src_3bbf709ff718,src_3bbf709ff718_20261006060145196_626649ba1833,2026-10-06T06:01:45.196Z,2026-10-06T06:01:45.273Z,2026-10-06T05:49:38.957Z,final
qc-prov-2026-10-05-general,qc-prov-2026-2026-701,701,Champlain,2026,2026,60815,43330,671,44001,72.35,191,191,72.35221573624928,1.5249653416967797,src_3bbf709ff718,src_3bbf709ff718_20261006060145196_626649ba1833,2026-10-06T06:01:45.196Z,2026-10-06T06:01:45.273Z,2026-10-06T05:49:38.957Z,final
qc-prov-2026-10-05-general,qc-prov-2026-2026-667,667,Chapleau,2026,2026,59230,34216,477,34693,58.57,185,185,58.57335809555968,1.3749171302568242,src_3bbf709ff718,src_3bbf709ff718_20261006060145196_626649ba1833,2026-10-06T06:01:45.196Z,2026-10-06T06:01:45.273Z,2026-10-06T05:49:38.957Z,final
qc-prov-2026-10-05-general,qc-prov-2026-2026-767,767,Charlesbourg,2026,2026,57745,43865,620,44485,77.04,180,180,77.03697289808642,1.3937282229965158,src_3bbf709ff718,src_3bbf709ff718_20261006060145196_626649ba1833,2026-10-06T06:01:45.196Z,2026-10-06T06:01:45.273Z,2026-10-06T05:49:38.957Z,final
qc-prov-2026-10-05-general,qc-prov-2026-2026-771,771,Charlevoix-Côte-de-Beaupré,2026,2026,56046,40763,464,41227,73.56,189,189,73.5592192127895,1.1254760229946394,src_3bbf709ff718,src_3bbf709ff718_20261006060145196_626649ba1833,2026-10-06T06:01:45.196Z,2026-10-06T06:01:45.273Z,2026-10-06T05:49:38.957Z,final
qc-prov-2026-10-05-general,qc-prov-2026-2026-191,191,Châteauguay,2026,2026,57091,34514,575,35089,61.46,160,160,61.461526335149145,1.638690187808145,src_3bbf709ff718,src_3bbf709ff718_20261006060145196_626649ba1833,2026-10-06T06:01:45.196Z,2026-10-06T06:01:45.273Z,2026-10-06T05:49:38.957Z,final
qc-prov-2026-10-05-general,qc-prov-2026-2026-769,769,Chauveau,2026,2026,60028,46181,527,46708,77.81,193,193,77.81035516758845,1.1282863749250664,src_3bbf709ff718,src_3bbf709ff718_20261006060145196_626649ba1833,2026-10-06T06:01:45.196Z,2026-10-06T06:01:45.273Z,2026-10-06T05:49:38.957Z,final
qc-prov-2026-10-05-general,qc-prov-2026-2026-821,821,Chicoutimi,2026,2026,45858,30106,373,30479,66.46,147,147,66.46386671900214,1.2237934315430297,src_3bbf709ff718,src_3bbf709ff718_20261006060145196_626649ba1833,2026-10-06T06:01:45.196Z,2026-10-06T06:01:45.273Z,2026-10-06T05:49:38.957Z,final
qc-prov-2026-10-05-general,qc-prov-2026-2026-351,351,Chomedey,2026,2026,57202,28356,531,28887,50.5,169,169,50.49998251809377,1.8381971128881505,src_3bbf709ff718,src_3bbf709ff718_20261006060145196_626649ba1833,2026-10-06T06:01:45.196Z,2026-10-06T06:01:45.273Z,2026-10-06T05:49:38.957Z,final
qc-prov-2026-10-05-general,qc-prov-2026-2026-789,789,Chutes-de-la-Chaudière,2026,2026,62158,49644,597,50241,80.83,191,191,80.8278902152579,1.1882725264226428,src_3bbf709ff718,src_3bbf709ff718_20261006060145196_626649ba1833,2026-10-06T06:01:45.196Z,2026-10-06T06:01:45.273Z,2026-10-06T05:49:38.957Z,final
qc-prov-2026-10-05-general,qc-prov-2026-2026-799,799,Côte-du-Sud,2026,2026,50596,35804,490,36294,71.73,175,175,71.73294331567713,1.3500854135669809,src_3bbf709ff718,src_3bbf709ff718_20261006060145196_626649ba1833,2026-10-06T06:01:45.196Z,2026-10-06T06:01:45.273Z,2026-10-06T05:49:38.957Z,final
qc-prov-2026-10-05-general,qc-prov-2026-2026-131,131,Daniel-Johnson,2026,2026,49485,34529,680,35209,71.15,160,160,71.15085379407901,1.9313243772898974,src_3bbf709ff718,src_3bbf709ff718_20261006060145196_626649ba1833,2026-10-06T06:01:45.196Z,2026-10-06T06:01:45.273Z,2026-10-06T05:49:38.957Z,final
qc-prov-2026-10-05-general,qc-prov-2026-2026-277,277,D'Arcy-McGee,2026,2026,56919,27068,310,27378,48.1,171,171,48.099931481579084,1.1322960040908758,src_3bbf709ff718,src_3bbf709ff718_20261006060145196_626649ba1833,2026-10-06T06:01:45.196Z,2026-10-06T06:01:45.273Z,2026-10-06T05:49:38.957Z,final
qc-prov-2026-10-05-general,qc-prov-2026-2026-581,581,Deux-Montagnes,2026,2026,50574,34532,670,35202,69.6,154,154,69.60493534227074,1.9033009488097268,src_3bbf709ff718,src_3bbf709ff718_20261006060145196_626649ba1833,2026-10-06T06:01:45.196Z,2026-10-06T06:01:45.273Z,2026-10-06T05:49:38.957Z,final
qc-prov-2026-10-05-general,qc-prov-2026-2026-141,141,Drummond-Bois-Francs,2026,2026,53611,37311,725,38036,70.95,173,173,70.94812631736025,1.9060889683457778,src_3bbf709ff718,src_3bbf709ff718_20261006060145196_626649ba1833,2026-10-06T06:01:45.196Z,2026-10-06T06:01:45.273Z,2026-10-06T05:49:38.957Z,final
qc-prov-2026-10-05-general,qc-prov-2026-2026-819,819,Dubuc,2026,2026,43166,27763,411,28174,65.27,142,142,65.26896168280591,1.4587917938524881,src_3bbf709ff718,src_3bbf709ff718_20261006060145196_626649ba1833,2026-10-06T06:01:45.196Z,2026-10-06T06:01:45.273Z,2026-10-06T05:49:38.957Z,final
qc-prov-2026-10-05-general,qc-prov-2026-2026-813,813,Duplessis,2026,2026,37124,20013,241,20254,54.56,158,158,54.557698523865966,1.1898884171027946,src_3bbf709ff718,src_3bbf709ff718_20261006060145196_626649ba1833,2026-10-06T06:01:45.196Z,2026-10-06T06:01:45.273Z,2026-10-06T05:49:38.957Z,final
qc-prov-2026-10-05-general,qc-prov-2026-2026-357,357,Fabre,2026,2026,58674,35198,436,35634,60.73,164,164,60.73218120462215,1.2235505416175563,src_3bbf709ff718,src_3bbf709ff718_20261006060145196_626649ba1833,2026-10-06T06:01:45.196Z,2026-10-06T06:01:45.273Z,2026-10-06T05:49:38.957Z,final
qc-prov-2026-10-05-general,qc-prov-2026-2026-809,809,Gaspé,2026,2026,30110,17887,233,18120,60.18,118,118,60.179342411159084,1.2858719646799117,src_3bbf709ff718,src_3bbf709ff718_20261006060145196_626649ba1833,2026-10-06T06:01:45.196Z,2026-10-06T06:01:45.273Z,2026-10-06T05:49:38.957Z,final
qc-prov-2026-10-05-general,qc-prov-2026-2026-661,661,Gatineau,2026,2026,61945,37676,374,38050,61.43,206,206,61.42545806764065,0.9829172141918529,src_3bbf709ff718,src_3bbf709ff718_20261006060145196_626649ba1833,2026-10-06T06:01:45.196Z,2026-10-06T06:01:45.273Z,2026-10-06T05:49:38.957Z,final
qc-prov-2026-10-05-general,qc-prov-2026-2026-311,311,Gouin,2026,2026,43186,31029,326,31355,72.6,130,130,72.60454777011068,1.0397065858714718,src_3bbf709ff718,src_3bbf709ff718_20261006060145196_626649ba1833,2026-10-06T06:01:45.196Z,2026-10-06T06:01:45.273Z,2026-10-06T05:49:38.957Z,final
qc-prov-2026-10-05-general,qc-prov-2026-2026-159,159,Granby,2026,2026,59146,39869,739,40608,68.66,183,183,68.65722111385385,1.8198384554767533,src_3bbf709ff718,src_3bbf709ff718_20261006060145196_626649ba1833,2026-10-06T06:01:45.196Z,2026-10-06T06:01:45.273Z,2026-10-06T05:49:38.957Z,final
qc-prov-2026-10-05-general,qc-prov-2026-2026-577,577,Groulx,2026,2026,54278,36505,631,37136,68.42,181,181,68.41814363093702,1.699159844894442,src_3bbf709ff718,src_3bbf709ff718_20261006060145196_626649ba1833,2026-10-06T06:01:45.196Z,2026-10-06T06:01:45.273Z,2026-10-06T05:49:38.957Z,final
qc-prov-2026-10-05-general,qc-prov-2026-2026-317,317,Hochelaga-Maisonneuve,2026,2026,40990,27257,357,27614,67.37,139,139,67.36765064649914,1.2928224813500397,src_3bbf709ff718,src_3bbf709ff718_20261006060145196_626649ba1833,2026-10-06T06:01:45.196Z,2026-10-06T06:01:45.273Z,2026-10-06T05:49:38.957Z,final
qc-prov-2026-10-05-general,qc-prov-2026-2026-651,651,Hull,2026,2026,61050,33832,463,34295,56.18,195,195,56.175266175266174,1.350051027846625,src_3bbf709ff718,src_3bbf709ff718_20261006060145196_626649ba1833,2026-10-06T06:01:45.196Z,2026-10-06T06:01:45.273Z,2026-10-06T05:49:38.957Z,final
qc-prov-2026-10-05-general,qc-prov-2026-2026-171,171,Huntingdon,2026,2026,50373,33220,602,33822,67.14,158,158,67.14311238163302,1.7799065696883685,src_3bbf709ff718,src_3bbf709ff718_20261006060145196_626649ba1833,2026-10-06T06:01:45.196Z,2026-10-06T06:01:45.273Z,2026-10-06T05:49:38.957Z,final
qc-prov-2026-10-05-general,qc-prov-2026-2026-161,161,Iberville,2026,2026,51412,35921,656,36577,71.14,154,154,71.14486890220182,1.793476775022555,src_3bbf709ff718,src_3bbf709ff718_20261006060145196_626649ba1833,2026-10-06T06:01:45.196Z,2026-10-06T06:01:45.273Z,2026-10-06T05:49:38.957Z,final
qc-prov-2026-10-05-general,qc-prov-2026-2026-811,811,Îles-de-la-Madeleine,2026,2026,11155,7606,127,7733,69.32,44,44,69.32317346481399,1.642312168627958,src_3bbf709ff718,src_3bbf709ff718_20261006060145196_626649ba1833,2026-10-06T06:01:45.196Z,2026-10-06T06:01:45.273Z,2026-10-06T05:49:38.957Z,final
qc-prov-2026-10-05-general,qc-prov-2026-2026-259,259,Jacques-Cartier,2026,2026,48505,30675,174,30849,63.6,151,151,63.599628904236674,0.5640377321793251,src_3bbf709ff718,src_3bbf709ff718_20261006060145196_626649ba1833,2026-10-06T06:01:45.196Z,2026-10-06T06:01:45.273Z,2026-10-06T05:49:38.957Z,final
qc-prov-2026-10-05-general,qc-prov-2026-2026-757,757,Jean-Lesage,2026,2026,44648,30407,449,30856,69.11,144,144,69.10947858806665,1.4551464869069224,src_3bbf709ff718,src_3bbf709ff718_20261006060145196_626649ba1833,2026-10-06T06:01:45.196Z,2026-10-06T06:01:45.273Z,2026-10-06T05:49:38.957Z,final
qc-prov-2026-10-05-general,qc-prov-2026-2026-331,331,Jeanne-Mance-Viger,2026,2026,50087,27095,598,27693,55.29,144,144,55.289795755385626,2.1593904596829523,src_3bbf709ff718,src_3bbf709ff718_20261006060145196_626649ba1833,2026-10-06T06:01:45.196Z,2026-10-06T06:01:45.273Z,2026-10-06T05:49:38.957Z,final
qc-prov-2026-10-05-general,qc-prov-2026-2026-707,707,Jean-Talon,2026,2026,47798,36282,309,36591,76.55,171,171,76.55341227666429,0.8444699516274494,src_3bbf709ff718,src_3bbf709ff718_20261006060145196_626649ba1833,2026-10-06T06:01:45.196Z,2026-10-06T06:01:45.273Z,2026-10-06T05:49:38.957Z,final
qc-prov-2026-10-05-general,qc-prov-2026-2026-629,629,Joliette,2026,2026,59404,40777,786,41563,69.97,200,200,69.96666891118443,1.8911050694126987,src_3bbf709ff718,src_3bbf709ff718_20261006060145196_626649ba1833,2026-10-06T06:01:45.196Z,2026-10-06T06:01:45.273Z,2026-10-06T05:49:38.957Z,final
qc-prov-2026-10-05-general,qc-prov-2026-2026-823,823,Jonquière,2026,2026,45408,30551,475,31026,68.33,145,145,68.32716701902748,1.5309740217881778,src_3bbf709ff718,src_3bbf709ff718_20261006060145196_626649ba1833,2026-10-06T06:01:45.196Z,2026-10-06T06:01:45.273Z,2026-10-06T05:49:38.957Z,final
qc-prov-2026-10-05-general,qc-prov-2026-2026-649,649,Labelle,2026,2026,54450,35015,705,35720,65.6,176,176,65.60146923783287,1.9736842105263157,src_3bbf709ff718,src_3bbf709ff718_20261006060145196_626649ba1833,2026-10-06T06:01:45.196Z,2026-10-06T06:01:45.273Z,2026-10-06T05:49:38.957Z,final
qc-prov-2026-10-05-general,qc-prov-2026-2026-827,827,Lac-Saint-Jean,2026,2026,44732,29987,456,30443,68.06,144,144,68.05642493069838,1.497881286338403,src_3bbf709ff718,src_3bbf709ff718_20261006060145196_626649ba1833,2026-10-06T06:01:45.196Z,2026-10-06T06:01:45.273Z,2026-10-06T05:49:38.957Z,final
qc-prov-2026-10-05-general,qc-prov-2026-2026-339,339,LaFontaine,2026,2026,42624,25303,451,25754,60.42,146,146,60.42135885885886,1.7511842820532733,src_3bbf709ff718,src_3bbf709ff718_20261006060145196_626649ba1833,2026-10-06T06:01:45.196Z,2026-10-06T06:01:45.273Z,2026-10-06T05:49:38.957Z,final
qc-prov-2026-10-05-general,qc-prov-2026-2026-729,729,La Peltrie,2026,2026,59815,45317,512,45829,76.62,183,183,76.61790520772381,1.117196534945122,src_3bbf709ff718,src_3bbf709ff718_20261006060145196_626649ba1833,2026-10-06T06:01:45.196Z,2026-10-06T06:01:45.273Z,2026-10-06T05:49:38.957Z,final
qc-prov-2026-10-05-general,qc-prov-2026-2026-201,201,La Pinière,2026,2026,58907,33954,375,34329,58.28,172,172,58.27660549680004,1.0923708817617757,src_3bbf709ff718,src_3bbf709ff718_20261006060145196_626649ba1833,2026-10-06T06:01:45.196Z,2026-10-06T06:01:45.273Z,2026-10-06T05:49:38.957Z,final
qc-prov-2026-10-05-general,qc-prov-2026-2026-199,199,La Prairie,2026,2026,50872,36662,486,37148,73.02,164,164,73.02248781254914,1.3082803919457306,src_3bbf709ff718,src_3bbf709ff718_20261006060145196_626649ba1833,2026-10-06T06:01:45.196Z,2026-10-06T06:01:45.273Z,2026-10-06T05:49:38.957Z,final
qc-prov-2026-10-05-general,qc-prov-2026-2026-621,621,L'Assomption,2026,2026,57207,39724,722,40446,70.7,181,181,70.70113797262573,1.7850961776195422,src_3bbf709ff718,src_3bbf709ff718_20261006060145196_626649ba1833,2026-10-06T06:01:45.196Z,2026-10-06T06:01:45.273Z,2026-10-06T05:49:38.957Z,final
qc-prov-2026-10-05-general,qc-prov-2026-2026-307,307,Laurier-Dorion,2026,2026,44455,28772,335,29107,65.48,148,148,65.47519964008548,1.1509258941148177,src_3bbf709ff718,src_3bbf709ff718_20261006060145196_626649ba1833,2026-10-06T06:01:45.196Z,2026-10-06T06:01:45.273Z,2026-10-06T05:49:38.957Z,final
qc-prov-2026-10-05-general,qc-prov-2026-2026-347,347,Laval-des-Rapides,2026,2026,56746,33075,578,33653,59.3,173,173,59.30462058999753,1.717528897869432,src_3bbf709ff718,src_3bbf709ff718_20261006060145196_626649ba1833,2026-10-06T06:01:45.196Z,2026-10-06T06:01:45.273Z,2026-10-06T05:49:38.957Z,final
qc-prov-2026-10-05-general,qc-prov-2026-2026-697,697,Laviolette-Saint-Maurice,2026,2026,60890,38733,733,39466,64.82,198,198,64.81524059779932,1.8572948867379517,src_3bbf709ff718,src_3bbf709ff718_20261006060145196_626649ba1833,2026-10-06T06:01:45.196Z,2026-10-06T06:01:45.273Z,2026-10-06T05:49:38.957Z,final
qc-prov-2026-10-05-general,qc-prov-2026-2026-601,601,Les Plaines,2026,2026,49905,33306,753,34059,68.25,153,153,68.24767057409078,2.2108693737338148,src_3bbf709ff718,src_3bbf709ff718_20261006060145196_626649ba1833,2026-10-06T06:01:45.196Z,2026-10-06T06:01:45.273Z,2026-10-06T05:49:38.957Z,final
qc-prov-2026-10-05-general,qc-prov-2026-2026-791,791,Lévis,2026,2026,54022,39905,528,40433,74.85,173,173,74.84543334197178,1.3058640219622586,src_3bbf709ff718,src_3bbf709ff718_20261006060145196_626649ba1833,2026-10-06T06:01:45.196Z,2026-10-06T06:01:45.273Z,2026-10-06T05:49:38.957Z,final
qc-prov-2026-10-05-general,qc-prov-2026-2026-787,787,Lotbinière-Frontenac,2026,2026,59603,44079,616,44695,74.99,194,194,74.98783618274248,1.3782302270947533,src_3bbf709ff718,src_3bbf709ff718_20261006060145196_626649ba1833,2026-10-06T06:01:45.196Z,2026-10-06T06:01:45.273Z,2026-10-06T05:49:38.957Z,final
qc-prov-2026-10-05-general,qc-prov-2026-2026-709,709,Louis-Hébert,2026,2026,48220,39587,361,39948,82.85,165,165,82.84529240978847,0.9036747772103735,src_3bbf709ff718,src_3bbf709ff718_20261006060145196_626649ba1833,2026-10-06T06:01:45.196Z,2026-10-06T06:01:45.273Z,2026-10-06T05:49:38.957Z,final
qc-prov-2026-10-05-general,qc-prov-2026-2026-251,251,Marguerite-Bourgeoys,2026,2026,53367,27754,546,28300,53.03,158,158,53.02902542769876,1.9293286219081272,src_3bbf709ff718,src_3bbf709ff718_20261006060145196_626649ba1833,2026-10-06T06:01:45.196Z,2026-10-06T06:01:45.273Z,2026-10-06T05:49:38.957Z,final
qc-prov-2026-10-05-general,qc-prov-2026-2026-139,139,Marie-Lacoste-Gérin-Lajoie,2026,2026,46362,31327,535,31862,68.72,150,150,68.72438635089081,1.6791161885631787,src_3bbf709ff718,src_3bbf709ff718_20261006060145196_626649ba1833,2026-10-06T06:01:45.196Z,2026-10-06T06:01:45.273Z,2026-10-06T05:49:38.957Z,final
qc-prov-2026-10-05-general,qc-prov-2026-2026-219,219,Marie-Victorin,2026,2026,44666,27606,535,28141,63,139,139,63.00317915192764,1.9011406844106464,src_3bbf709ff718,src_3bbf709ff718_20261006060145196_626649ba1833,2026-10-06T06:01:45.196Z,2026-10-06T06:01:45.273Z,2026-10-06T05:49:38.957Z,final
qc-prov-2026-10-05-general,qc-prov-2026-2026-257,257,Marquette,2026,2026,45585,26220,337,26557,58.26,137,137,58.258198968959086,1.2689686335052905,src_3bbf709ff718,src_3bbf709ff718_20261006060145196_626649ba1833,2026-10-06T06:01:45.196Z,2026-10-06T06:01:45.273Z,2026-10-06T05:49:38.957Z,final
qc-prov-2026-10-05-general,qc-prov-2026-2026-693,693,Maskinongé,2026,2026,48326,34782,490,35272,72.99,151,151,72.98762570872822,1.389203901111363,src_3bbf709ff718,src_3bbf709ff718_20261006060145196_626649ba1833,2026-10-06T06:01:45.196Z,2026-10-06T06:01:45.273Z,2026-10-06T05:49:38.957Z,final
qc-prov-2026-10-05-general,qc-prov-2026-2026-611,611,Masson,2026,2026,55418,38425,778,39203,70.74,165,165,70.74055361074019,1.9845419993367854,src_3bbf709ff718,src_3bbf709ff718_20261006060145196_626649ba1833,2026-10-06T06:01:45.196Z,2026-10-06T06:01:45.273Z,2026-10-06T05:49:38.957Z,final
qc-prov-2026-10-05-general,qc-prov-2026-2026-807,807,Matane-Matapédia-Mitis,2026,2026,46539,29193,324,29517,63.42,158,158,63.4242248436795,1.097672527695904,src_3bbf709ff718,src_3bbf709ff718_20261006060145196_626649ba1833,2026-10-06T06:01:45.196Z,2026-10-06T06:01:45.273Z,2026-10-06T05:49:38.957Z,final
qc-prov-2026-10-05-general,qc-prov-2026-2026-301,301,Maurice-Richard,2026,2026,46090,31446,500,31946,69.31,141,141,69.31221523106964,1.5651411757340512,src_3bbf709ff718,src_3bbf709ff718_20261006060145196_626649ba1833,2026-10-06T06:01:45.196Z,2026-10-06T06:01:45.273Z,2026-10-06T05:49:38.957Z,final
qc-prov-2026-10-05-general,qc-prov-2026-2026-117,117,Mégantic,2026,2026,51921,35844,490,36334,69.98,172,172,69.97939176826333,1.3485991082732427,src_3bbf709ff718,src_3bbf709ff718_20261006060145196_626649ba1833,2026-10-06T06:01:45.196Z,2026-10-06T06:01:45.273Z,2026-10-06T05:49:38.957Z,final
qc-prov-2026-10-05-general,qc-prov-2026-2026-313,313,Mercier,2026,2026,45620,30001,323,30324,66.47,139,139,66.47084612012276,1.0651629072681705,src_3bbf709ff718,src_3bbf709ff718_20261006060145196_626649ba1833,2026-10-06T06:01:45.196Z,2026-10-06T06:01:45.273Z,2026-10-06T05:49:38.957Z,final
qc-prov-2026-10-05-general,qc-prov-2026-2026-571,571,Mille-Îles,2026,2026,50119,32765,500,33265,66.37,147,147,66.37203455775254,1.5030813166992334,src_3bbf709ff718,src_3bbf709ff718_20261006060145196_626649ba1833,2026-10-06T06:01:45.196Z,2026-10-06T06:01:45.273Z,2026-10-06T05:49:38.957Z,final
qc-prov-2026-10-05-general,qc-prov-2026-2026-587,587,Mirabel,2026,2026,55339,38764,703,39467,71.32,168,168,71.31859990241963,1.7812349557858465,src_3bbf709ff718,src_3bbf709ff718_20261006060145196_626649ba1833,2026-10-06T06:01:45.196Z,2026-10-06T06:01:45.273Z,2026-10-06T05:49:38.957Z,final
qc-prov-2026-10-05-general,qc-prov-2026-2026-227,227,Montarville,2026,2026,53937,43098,422,43520,80.69,161,161,80.6867271075514,0.9696691176470589,src_3bbf709ff718,src_3bbf709ff718_20261006060145196_626649ba1833,2026-10-06T06:01:45.196Z,2026-10-06T06:01:45.273Z,2026-10-06T05:49:38.957Z,final
qc-prov-2026-10-05-general,qc-prov-2026-2026-761,761,Montmorency,2026,2026,58226,43903,488,44391,76.24,182,182,76.23913715522275,1.0993219346263883,src_3bbf709ff718,src_3bbf709ff718_20261006060145196_626649ba1833,2026-10-06T06:01:45.196Z,2026-10-06T06:01:45.273Z,2026-10-06T05:49:38.957Z,final
qc-prov-2026-10-05-general,qc-prov-2026-2026-297,297,Mont-Royal-Outremont,2026,2026,59033,31655,283,31938,54.1,196,196,54.1019429810445,0.8860918028680569,src_3bbf709ff718,src_3bbf709ff718_20261006060145196_626649ba1833,2026-10-06T06:01:45.196Z,2026-10-06T06:01:45.273Z,2026-10-06T05:49:38.957Z,final
qc-prov-2026-10-05-general,qc-prov-2026-2026-261,261,Nelligan,2026,2026,58302,34290,326,34616,59.37,178,178,59.37360639429179,0.9417610353593714,src_3bbf709ff718,src_3bbf709ff718_20261006060145196_626649ba1833,2026-10-06T06:01:45.196Z,2026-10-06T06:01:45.273Z,2026-10-06T05:49:38.957Z,final
qc-prov-2026-10-05-general,qc-prov-2026-2026-151,151,Nicolet-Bécancour,2026,2026,41215,30513,482,30995,75.2,143,143,75.20320271745723,1.5550895305694468,src_3bbf709ff718,src_3bbf709ff718_20261006060145196_626649ba1833,2026-10-06T06:01:45.196Z,2026-10-06T06:01:45.273Z,2026-10-06T05:49:38.957Z,final
qc-prov-2026-10-05-general,qc-prov-2026-2026-279,279,Notre-Dame-de-Grâce,2026,2026,47362,26786,245,27031,57.07,142,142,57.07318103120645,0.9063667640856794,src_3bbf709ff718,src_3bbf709ff718_20261006060145196_626649ba1833,2026-10-06T06:01:45.196Z,2026-10-06T06:01:45.273Z,2026-10-06T05:49:38.957Z,final
qc-prov-2026-10-05-general,qc-prov-2026-2026-127,127,Orford,2026,2026,47940,34602,371,34973,72.95,148,148,72.95160617438465,1.0608183455808766,src_3bbf709ff718,src_3bbf709ff718_20261006060145196_626649ba1833,2026-10-06T06:01:45.196Z,2026-10-06T06:01:45.273Z,2026-10-06T05:49:38.957Z,final
qc-prov-2026-10-05-general,qc-prov-2026-2026-669,669,Papineau,2026,2026,60947,37053,516,37569,61.64,204,204,61.64208246509262,1.3734728100295457,src_3bbf709ff718,src_3bbf709ff718_20261006060145196_626649ba1833,2026-10-06T06:01:45.196Z,2026-10-06T06:01:45.273Z,2026-10-06T05:49:38.957Z,final
qc-prov-2026-10-05-general,qc-prov-2026-2026-217,217,Pierre-Laporte,2026,2026,53216,33886,450,34336,64.52,162,162,64.5219482862297,1.310577819198509,src_3bbf709ff718,src_3bbf709ff718_20261006060145196_626649ba1833,2026-10-06T06:01:45.196Z,2026-10-06T06:01:45.273Z,2026-10-06T05:49:38.957Z,final
qc-prov-2026-10-05-general,qc-prov-2026-2026-341,341,Pointe-aux-Trembles,2026,2026,40363,25729,524,26253,65.04,130,130,65.04224165696306,1.995962366205767,src_3bbf709ff718,src_3bbf709ff718_20261006060145196_626649ba1833,2026-10-06T06:01:45.196Z,2026-10-06T06:01:45.273Z,2026-10-06T05:49:38.957Z,final
qc-prov-2026-10-05-general,qc-prov-2026-2026-657,657,Pontiac,2026,2026,56444,29901,285,30186,53.48,185,185,53.47955495712565,0.9441462929835023,src_3bbf709ff718,src_3bbf709ff718_20261006060145196_626649ba1833,2026-10-06T06:01:45.196Z,2026-10-06T06:01:45.273Z,2026-10-06T05:49:38.957Z,final
qc-prov-2026-10-05-general,qc-prov-2026-2026-727,727,Portneuf,2026,2026,56234,42294,444,42738,76,184,184,76.0002845253761,1.0388881089428612,src_3bbf709ff718,src_3bbf709ff718_20261006060145196_626649ba1833,2026-10-06T06:01:45.196Z,2026-10-06T06:01:45.273Z,2026-10-06T05:49:38.957Z,final
qc-prov-2026-10-05-general,qc-prov-2026-2026-637,637,Prévost,2026,2026,53395,37695,589,38284,71.7,159,159,71.69959734057495,1.5385017239577892,src_3bbf709ff718,src_3bbf709ff718_20261006060145196_626649ba1833,2026-10-06T06:01:45.196Z,2026-10-06T06:01:45.273Z,2026-10-06T05:49:38.957Z,final
qc-prov-2026-10-05-general,qc-prov-2026-2026-817,817,René-Lévesque,2026,2026,32035,18562,309,18871,58.91,118,118,58.90744498205088,1.63743309840496,src_3bbf709ff718,src_3bbf709ff718_20261006060145196_626649ba1833,2026-10-06T06:01:45.196Z,2026-10-06T06:01:45.273Z,2026-10-06T05:49:38.957Z,final
qc-prov-2026-10-05-general,qc-prov-2026-2026-617,617,Repentigny,2026,2026,56853,40333,672,41005,72.12,172,172,72.12460204386751,1.6388245335934641,src_3bbf709ff718,src_3bbf709ff718_20261006060145196_626649ba1833,2026-10-06T06:01:45.196Z,2026-10-06T06:01:45.273Z,2026-10-06T05:49:38.957Z,final
qc-prov-2026-10-05-general,qc-prov-2026-2026-241,241,Richelieu,2026,2026,54251,36535,779,37314,68.78,177,177,68.78029898066396,2.0876882671383394,src_3bbf709ff718,src_3bbf709ff718_20261006060145196_626649ba1833,2026-10-06T06:01:45.196Z,2026-10-06T06:01:45.273Z,2026-10-06T05:49:38.957Z,final
qc-prov-2026-10-05-general,qc-prov-2026-2026-137,137,Richmond,2026,2026,59369,43512,587,44099,74.28,196,196,74.27950613956779,1.331095943218667,src_3bbf709ff718,src_3bbf709ff718_20261006060145196_626649ba1833,2026-10-06T06:01:45.196Z,2026-10-06T06:01:45.273Z,2026-10-06T05:49:38.957Z,final
qc-prov-2026-10-05-general,qc-prov-2026-2026-803,803,Rimouski,2026,2026,46554,32730,393,33123,71.15,159,159,71.14963268462431,1.186486731274341,src_3bbf709ff718,src_3bbf709ff718_20261006060145196_626649ba1833,2026-10-06T06:01:45.196Z,2026-10-06T06:01:45.273Z,2026-10-06T05:49:38.957Z,final
qc-prov-2026-10-05-general,qc-prov-2026-2026-801,801,Rivière-du-Loup-Témiscouata-Les Basques,2026,2026,52139,36113,505,36618,70.23,192,192,70.23149657645908,1.3791031733027472,src_3bbf709ff718,src_3bbf709ff718_20261006060145196_626649ba1833,2026-10-06T06:01:45.196Z,2026-10-06T06:01:45.273Z,2026-10-06T05:49:38.957Z,final
qc-prov-2026-10-05-general,qc-prov-2026-2026-267,267,Robert-Baldwin,2026,2026,55208,30722,344,31066,56.27,164,164,56.27083031444718,1.1073198995686602,src_3bbf709ff718,src_3bbf709ff718_20261006060145196_626649ba1833,2026-10-06T06:01:45.196Z,2026-10-06T06:01:45.273Z,2026-10-06T05:49:38.957Z,final
qc-prov-2026-10-05-general,qc-prov-2026-2026-829,829,Roberval,2026,2026,44601,27835,439,28274,63.39,152,152,63.39319746194032,1.5526632241635425,src_3bbf709ff718,src_3bbf709ff718_20261006060145196_626649ba1833,2026-10-06T06:01:45.196Z,2026-10-06T06:01:45.273Z,2026-10-06T05:49:38.957Z,final
qc-prov-2026-10-05-general,qc-prov-2026-2026-319,319,Rosemont,2026,2026,52328,36131,601,36732,70.2,175,175,70.1956887326097,1.6361755417619515,src_3bbf709ff718,src_3bbf709ff718_20261006060145196_626649ba1833,2026-10-06T06:01:45.196Z,2026-10-06T06:01:45.273Z,2026-10-06T05:49:38.957Z,final
qc-prov-2026-10-05-general,qc-prov-2026-2026-631,631,Rousseau,2026,2026,49499,30935,774,31709,64.06,153,153,64.0598799975757,2.440947365101391,src_3bbf709ff718,src_3bbf709ff718_20261006060145196_626649ba1833,2026-10-06T06:01:45.196Z,2026-10-06T06:01:45.273Z,2026-10-06T05:49:38.957Z,final
qc-prov-2026-10-05-general,qc-prov-2026-2026-671,671,Rouyn-Noranda-Témiscamingue,2026,2026,44506,27994,431,28425,63.87,154,154,63.86779310654743,1.5162708883025506,src_3bbf709ff718,src_3bbf709ff718_20261006060145196_626649ba1833,2026-10-06T06:01:45.196Z,2026-10-06T06:01:45.273Z,2026-10-06T05:49:38.957Z,final
qc-prov-2026-10-05-general,qc-prov-2026-2026-119,119,Saint-François,2026,2026,55182,37300,599,37899,68.68,186,186,68.68000434924431,1.5805166363228582,src_3bbf709ff718,src_3bbf709ff718_20261006060145196_626649ba1833,2026-10-06T06:01:45.196Z,2026-10-06T06:01:45.273Z,2026-10-06T05:49:38.957Z,final
qc-prov-2026-10-05-general,qc-prov-2026-2026-281,281,Saint-Henri-Sainte-Anne,2026,2026,60412,36097,460,36557,60.51,186,186,60.51281202410117,1.2583089421998523,src_3bbf709ff718,src_3bbf709ff718_20261006060145196_626649ba1833,2026-10-06T06:01:45.196Z,2026-10-06T06:01:45.273Z,2026-10-06T05:49:38.957Z,final
qc-prov-2026-10-05-general,qc-prov-2026-2026-239,239,Saint-Hyacinthe,2026,2026,55710,39296,740,40036,71.87,169,169,71.86501525758392,1.8483364971525627,src_3bbf709ff718,src_3bbf709ff718_20261006060145196_626649ba1833,2026-10-06T06:01:45.196Z,2026-10-06T06:01:45.273Z,2026-10-06T05:49:38.957Z,final
qc-prov-2026-10-05-general,qc-prov-2026-2026-167,167,Saint-Jean,2026,2026,61671,42278,777,43055,69.81,187,187,69.81401306935189,1.8046684473348042,src_3bbf709ff718,src_3bbf709ff718_20261006060145196_626649ba1833,2026-10-06T06:01:45.196Z,2026-10-06T06:01:45.273Z,2026-10-06T05:49:38.957Z,final
qc-prov-2026-10-05-general,qc-prov-2026-2026-597,597,Saint-Jérôme,2026,2026,46111,28419,637,29056,63.01,150,150,63.0131638871419,2.192318281938326,src_3bbf709ff718,src_3bbf709ff718_20261006060145196_626649ba1833,2026-10-06T06:01:45.196Z,2026-10-06T06:01:45.273Z,2026-10-06T05:49:38.957Z,final
qc-prov-2026-10-05-general,qc-prov-2026-2026-271,271,Saint-Laurent,2026,2026,59678,30635,406,31041,52.01,169,169,52.01414256509937,1.3079475532360427,src_3bbf709ff718,src_3bbf709ff718_20261006060145196_626649ba1833,2026-10-06T06:01:45.196Z,2026-10-06T06:01:45.273Z,2026-10-06T05:49:38.957Z,final
qc-prov-2026-10-05-general,qc-prov-2026-2026-287,287,Sainte-Marie-Saint-Jacques,2026,2026,42949,24034,207,24241,60.46,140,144,56.44136068360148,0.8539251681036261,src_3bbf709ff718,src_3bbf709ff718_20261006060145196_626649ba1833,2026-10-06T06:01:45.196Z,2026-10-06T06:01:45.273Z,2026-10-06T05:49:38.957Z,preliminary
qc-prov-2026-10-05-general,qc-prov-2026-2026-359,359,Sainte-Rose,2026,2026,58391,37566,582,38148,65.33,181,181,65.33198609374732,1.5256369927650204,src_3bbf709ff718,src_3bbf709ff718_20261006060145196_626649ba1833,2026-10-06T06:01:45.196Z,2026-10-06T06:01:45.273Z,2026-10-06T05:49:38.957Z,final
qc-prov-2026-10-05-general,qc-prov-2026-2026-197,197,Sanguinet,2026,2026,45528,32053,501,32554,71.5,138,138,71.50325074679319,1.5389813847760643,src_3bbf709ff718,src_3bbf709ff718_20261006060145196_626649ba1833,2026-10-06T06:01:45.196Z,2026-10-06T06:01:45.273Z,2026-10-06T05:49:38.957Z,final
qc-prov-2026-10-05-general,qc-prov-2026-2026-121,121,Sherbrooke,2026,2026,53681,37169,554,37723,70.27,186,186,70.27253590655911,1.468600058319858,src_3bbf709ff718,src_3bbf709ff718_20261006060145196_626649ba1833,2026-10-06T06:01:45.196Z,2026-10-06T06:01:45.273Z,2026-10-06T05:49:38.957Z,final
qc-prov-2026-10-05-general,qc-prov-2026-2026-181,181,Soulanges,2026,2026,59017,40017,571,40588,68.77,176,176,68.77340427334497,1.4068197496797084,src_3bbf709ff718,src_3bbf709ff718_20261006060145196_626649ba1833,2026-10-06T06:01:45.196Z,2026-10-06T06:01:45.273Z,2026-10-06T05:49:38.957Z,final
qc-prov-2026-10-05-general,qc-prov-2026-2026-221,221,Taillon,2026,2026,52378,35256,559,35815,68.38,161,161,68.37794493871473,1.5607985480943738,src_3bbf709ff718,src_3bbf709ff718_20261006060145196_626649ba1833,2026-10-06T06:01:45.196Z,2026-10-06T06:01:45.273Z,2026-10-06T05:49:38.957Z,final
qc-prov-2026-10-05-general,qc-prov-2026-2026-751,751,Taschereau,2026,2026,48739,35962,320,36282,74.44,159,159,74.44141242126429,0.8819800452014773,src_3bbf709ff718,src_3bbf709ff718_20261006060145196_626649ba1833,2026-10-06T06:01:45.196Z,2026-10-06T06:01:45.273Z,2026-10-06T05:49:38.957Z,final
qc-prov-2026-10-05-general,qc-prov-2026-2026-609,609,Terrebonne,2026,2026,55390,38921,631,39552,71.41,170,170,71.40639104531503,1.5953681229773462,src_3bbf709ff718,src_3bbf709ff718_20261006060145196_626649ba1833,2026-10-06T06:01:45.196Z,2026-10-06T06:01:45.273Z,2026-10-06T05:49:38.957Z,final
qc-prov-2026-10-05-general,qc-prov-2026-2026-691,691,Trois-Rivières,2026,2026,54168,37299,481,37780,69.75,169,169,69.7459754836804,1.2731604023292749,src_3bbf709ff718,src_3bbf709ff718_20261006060145196_626649ba1833,2026-10-06T06:01:45.196Z,2026-10-06T06:01:45.273Z,2026-10-06T05:49:38.957Z,final
qc-prov-2026-10-05-general,qc-prov-2026-2026-831,831,Ungava,2026,2026,30849,8382,175,8557,27.74,111,111,27.738338357807386,2.0451092672665654,src_3bbf709ff718,src_3bbf709ff718_20261006060145196_626649ba1833,2026-10-06T06:01:45.196Z,2026-10-06T06:01:45.273Z,2026-10-06T05:49:38.957Z,final
qc-prov-2026-10-05-general,qc-prov-2026-2026-211,211,Vachon,2026,2026,54306,36559,588,37147,68.4,178,178,68.40312304349428,1.5829003688050178,src_3bbf709ff718,src_3bbf709ff718_20261006060145196_626649ba1833,2026-10-06T06:01:45.196Z,2026-10-06T06:01:45.273Z,2026-10-06T05:49:38.957Z,final
qc-prov-2026-10-05-general,qc-prov-2026-2026-749,749,Vanier-Les Rivières,2026,2026,59730,44633,553,45186,75.65,191,191,75.65042692114515,1.223830389943788,src_3bbf709ff718,src_3bbf709ff718_20261006060145196_626649ba1833,2026-10-06T06:01:45.196Z,2026-10-06T06:01:45.273Z,2026-10-06T05:49:38.957Z,final
qc-prov-2026-10-05-general,qc-prov-2026-2026-187,187,Vaudreuil,2026,2026,62539,40177,507,40684,65.05,186,186,65.05380642479093,1.2461901484613116,src_3bbf709ff718,src_3bbf709ff718_20261006060145196_626649ba1833,2026-10-06T06:01:45.196Z,2026-10-06T06:01:45.273Z,2026-10-06T05:49:38.957Z,final
qc-prov-2026-10-05-general,qc-prov-2026-2026-231,231,Verchères,2026,2026,56437,42931,714,43645,77.33,178,178,77.33401846306501,1.6359262229350442,src_3bbf709ff718,src_3bbf709ff718_20261006060145196_626649ba1833,2026-10-06T06:01:45.196Z,2026-10-06T06:01:45.273Z,2026-10-06T05:49:38.957Z,final
qc-prov-2026-10-05-general,qc-prov-2026-2026-247,247,Verdun,2026,2026,50061,32759,378,33137,66.19,156,156,66.19324424202473,1.1407188339318586,src_3bbf709ff718,src_3bbf709ff718_20261006060145196_626649ba1833,2026-10-06T06:01:45.196Z,2026-10-06T06:01:45.273Z,2026-10-06T05:49:38.957Z,final
qc-prov-2026-10-05-general,qc-prov-2026-2026-321,321,Viau,2026,2026,39502,20489,416,20905,52.92,121,121,52.92137106981925,1.9899545563262377,src_3bbf709ff718,src_3bbf709ff718_20261006060145196_626649ba1833,2026-10-06T06:01:45.196Z,2026-10-06T06:01:45.273Z,2026-10-06T05:49:38.957Z,final
qc-prov-2026-10-05-general,qc-prov-2026-2026-569,569,Vimont-Auteuil,2026,2026,47066,31754,482,32236,68.49,144,144,68.4910551140951,1.4952227323489267,src_3bbf709ff718,src_3bbf709ff718_20261006060145196_626649ba1833,2026-10-06T06:01:45.196Z,2026-10-06T06:01:45.273Z,2026-10-06T05:49:38.957Z,final
qc-prov-2026-10-05-general,qc-prov-2026-2026-291,291,Westmount-Saint-Louis,2026,2026,53185,24270,192,24462,45.99,179,179,45.99417128889725,0.7848908511160166,src_3bbf709ff718,src_3bbf709ff718_20261006060145196_626649ba1833,2026-10-06T06:01:45.196Z,2026-10-06T06:01:45.273Z,2026-10-06T05:49:38.957Z,final
qc-prov-2026-10-05-general,qc-prov-2026-2026-689,689,Abitibi-Est,2026,2026,33465,20759,422,21181,63.29,120,120,63.292992678918274,1.9923516359000992,src_3bbf709ff718,src_3bbf709ff718_20261006132431492_0b9bc8ab9d4a,2026-10-06T13:24:31.492Z,2026-10-06T13:24:32.003Z,2026-10-06T13:10:08.959Z,final
qc-prov-2026-10-05-general,qc-prov-2026-2026-681,681,Abitibi-Ouest,2026,2026,35317,22344,364,22708,64.3,132,132,64.2976470255118,1.6029593094944512,src_3bbf709ff718,src_3bbf709ff718_20261006132431492_0b9bc8ab9d4a,2026-10-06T13:24:31.492Z,2026-10-06T13:24:32.003Z,2026-10-06T13:10:08.959Z,final
qc-prov-2026-10-05-general,qc-prov-2026-2026-299,299,Acadie,2026,2026,50296,26277,451,26728,53.14,149,149,53.141402894862416,1.6873690511822808,src_3bbf709ff718,src_3bbf709ff718_20261006132431492_0b9bc8ab9d4a,2026-10-06T13:24:31.492Z,2026-10-06T13:24:32.003Z,2026-10-06T13:10:08.959Z,final
qc-prov-2026-10-05-general,qc-prov-2026-2026-833,833,Anjou-Louis-Riel,2026,2026,41546,25574,469,26043,62.68,128,128,62.68473499253839,1.8008677955688668,src_3bbf709ff718,src_3bbf709ff718_20261006132431492_0b9bc8ab9d4a,2026-10-06T13:24:31.492Z,2026-10-06T13:24:32.003Z,2026-10-06T13:10:08.959Z,final
qc-prov-2026-10-05-general,qc-prov-2026-2026-589,589,Argenteuil,2026,2026,43063,27028,422,27450,63.74,136,136,63.74381719805866,1.5373406193078325,src_3bbf709ff718,src_3bbf709ff718_20261006132431492_0b9bc8ab9d4a,2026-10-06T13:24:31.492Z,2026-10-06T13:24:32.003Z,2026-10-06T13:10:08.959Z,final
qc-prov-2026-10-05-general,qc-prov-2026-2026-147,147,Arthabaska-L'Érable,2026,2026,61921,45459,604,46063,74.39,194,194,74.38994848274415,1.3112476391029677,src_3bbf709ff718,src_3bbf709ff718_20261006132431492_0b9bc8ab9d4a,2026-10-06T13:24:31.492Z,2026-10-06T13:24:32.003Z,2026-10-06T13:10:08.959Z,final
qc-prov-2026-10-05-general,qc-prov-2026-2026-781,781,Beauce-Nord,2026,2026,46667,35830,367,36197,77.56,150,150,77.56444596824308,1.0138961792413737,src_3bbf709ff718,src_3bbf709ff718_20261006132431492_0b9bc8ab9d4a,2026-10-06T13:24:31.492Z,2026-10-06T13:24:32.003Z,2026-10-06T13:10:08.959Z,final
qc-prov-2026-10-05-general,qc-prov-2026-2026-777,777,Beauce-Sud,2026,2026,50834,37748,392,38140,75.03,167,167,75.02852421607585,1.027792343995805,src_3bbf709ff718,src_3bbf709ff718_20261006132431492_0b9bc8ab9d4a,2026-10-06T13:24:31.492Z,2026-10-06T13:24:32.003Z,2026-10-06T13:10:08.959Z,final
qc-prov-2026-10-05-general,qc-prov-2026-2026-179,179,Beauharnois,2026,2026,59965,39500,782,40282,67.18,187,187,67.17585258067206,1.9413137381460701,src_3bbf709ff718,src_3bbf709ff718_20261006132431492_0b9bc8ab9d4a,2026-10-06T13:24:31.492Z,2026-10-06T13:24:32.003Z,2026-10-06T13:10:08.959Z,final
qc-prov-2026-10-05-general,qc-prov-2026-2026-797,797,Bellechasse,2026,2026,46198,35281,419,35700,77.28,162,162,77.27607255725356,1.173669467787115,src_3bbf709ff718,src_3bbf709ff718_20261006132431492_0b9bc8ab9d4a,2026-10-06T13:24:31.492Z,2026-10-06T13:24:32.003Z,2026-10-06T13:10:08.959Z,final
qc-prov-2026-10-05-general,qc-prov-2026-2026-591,591,Bellefeuille,2026,2026,45378,31218,574,31792,70.06,138,138,70.06038168275376,1.8054856567689985,src_3bbf709ff718,src_3bbf709ff718_20261006132431492_0b9bc8ab9d4a,2026-10-06T13:24:31.492Z,2026-10-06T13:24:32.003Z,2026-10-06T13:10:08.959Z,final
qc-prov-2026-10-05-general,qc-prov-2026-2026-627,627,Berthier,2026,2026,54047,35993,713,36706,67.91,172,172,67.9149629026588,1.9424617228790932,src_3bbf709ff718,src_3bbf709ff718_20261006132431492_0b9bc8ab9d4a,2026-10-06T13:24:31.492Z,2026-10-06T13:24:32.003Z,2026-10-06T13:10:08.959Z,final
qc-prov-2026-10-05-general,qc-prov-2026-2026-641,641,Bertrand,2026,2026,60079,39531,570,40101,66.75,184,184,66.74711629687577,1.4214109373831076,src_3bbf709ff718,src_3bbf709ff718_20261006132431492_0b9bc8ab9d4a,2026-10-06T13:24:31.492Z,2026-10-06T13:24:32.003Z,2026-10-06T13:10:08.959Z,final
qc-prov-2026-10-05-general,qc-prov-2026-2026-607,607,Blainville,2026,2026,62470,44520,684,45204,72.36,191,191,72.36113334400513,1.513140430050438,src_3bbf709ff718,src_3bbf709ff718_20261006132431492_0b9bc8ab9d4a,2026-10-06T13:24:31.492Z,2026-10-06T13:24:32.003Z,2026-10-06T13:10:08.959Z,final
qc-prov-2026-10-05-general,qc-prov-2026-2026-837,837,Bonaventure,2026,2026,35906,21254,316,21570,60.07,127,127,60.07352531610316,1.4649976819656931,src_3bbf709ff718,src_3bbf709ff718_20261006132431492_0b9bc8ab9d4a,2026-10-06T13:24:31.492Z,2026-10-06T13:24:32.003Z,2026-10-06T13:10:08.959Z,final
qc-prov-2026-10-05-general,qc-prov-2026-2026-237,237,Borduas,2026,2026,58749,45177,545,45722,77.83,178,178,77.82600554903063,1.191986352303049,src_3bbf709ff718,src_3bbf709ff718_20261006132431492_0b9bc8ab9d4a,2026-10-06T13:24:31.492Z,2026-10-06T13:24:32.003Z,2026-10-06T13:10:08.959Z,final
qc-prov-2026-10-05-general,qc-prov-2026-2026-327,327,Bourassa-Sauvé,2026,2026,44289,21984,574,22558,50.93,149,149,50.93364040732462,2.5445518219700327,src_3bbf709ff718,src_3bbf709ff718_20261006132431492_0b9bc8ab9d4a,2026-10-06T13:24:31.492Z,2026-10-06T13:24:32.003Z,2026-10-06T13:10:08.959Z,final
qc-prov-2026-10-05-general,qc-prov-2026-2026-157,157,Brome-Missisquoi,2026,2026,57556,40048,486,40534,70.43,193,193,70.42532490096602,1.198993437607934,src_3bbf709ff718,src_3bbf709ff718_20261006132431492_0b9bc8ab9d4a,2026-10-06T13:24:31.492Z,2026-10-06T13:24:32.003Z,2026-10-06T13:10:08.959Z,final
qc-prov-2026-10-05-general,qc-prov-2026-2026-337,337,Camille-Laurin,2026,2026,49429,30835,489,31324,63.37,163,163,63.37170486961096,1.5611033073681522,src_3bbf709ff718,src_3bbf709ff718_20261006132431492_0b9bc8ab9d4a,2026-10-06T13:24:31.492Z,2026-10-06T13:24:32.003Z,2026-10-06T13:10:08.959Z,final
qc-prov-2026-10-05-general,qc-prov-2026-2026-207,207,Chambly,2026,2026,54555,40525,588,41113,75.36,163,163,75.36064522041976,1.430204558168949,src_3bbf709ff718,src_3bbf709ff718_20261006132431492_0b9bc8ab9d4a,2026-10-06T13:24:31.492Z,2026-10-06T13:24:32.003Z,2026-10-06T13:10:08.959Z,final
qc-prov-2026-10-05-general,qc-prov-2026-2026-701,701,Champlain,2026,2026,60815,43330,671,44001,72.35,191,191,72.35221573624928,1.5249653416967797,src_3bbf709ff718,src_3bbf709ff718_20261006132431492_0b9bc8ab9d4a,2026-10-06T13:24:31.492Z,2026-10-06T13:24:32.003Z,2026-10-06T13:10:08.959Z,final
qc-prov-2026-10-05-general,qc-prov-2026-2026-667,667,Chapleau,2026,2026,59230,34216,477,34693,58.57,185,185,58.57335809555968,1.3749171302568242,src_3bbf709ff718,src_3bbf709ff718_20261006132431492_0b9bc8ab9d4a,2026-10-06T13:24:31.492Z,2026-10-06T13:24:32.003Z,2026-10-06T13:10:08.959Z,final
qc-prov-2026-10-05-general,qc-prov-2026-2026-767,767,Charlesbourg,2026,2026,57745,43865,620,44485,77.04,180,180,77.03697289808642,1.3937282229965158,src_3bbf709ff718,src_3bbf709ff718_20261006132431492_0b9bc8ab9d4a,2026-10-06T13:24:31.492Z,2026-10-06T13:24:32.003Z,2026-10-06T13:10:08.959Z,final
qc-prov-2026-10-05-general,qc-prov-2026-2026-771,771,Charlevoix-Côte-de-Beaupré,2026,2026,56046,40763,464,41227,73.56,189,189,73.5592192127895,1.1254760229946394,src_3bbf709ff718,src_3bbf709ff718_20261006132431492_0b9bc8ab9d4a,2026-10-06T13:24:31.492Z,2026-10-06T13:24:32.003Z,2026-10-06T13:10:08.959Z,final
qc-prov-2026-10-05-general,qc-prov-2026-2026-191,191,Châteauguay,2026,2026,57091,34514,575,35089,61.46,160,160,61.461526335149145,1.638690187808145,src_3bbf709ff718,src_3bbf709ff718_20261006132431492_0b9bc8ab9d4a,2026-10-06T13:24:31.492Z,2026-10-06T13:24:32.003Z,2026-10-06T13:10:08.959Z,final
qc-prov-2026-10-05-general,qc-prov-2026-2026-769,769,Chauveau,2026,2026,60028,46181,527,46708,77.81,193,193,77.81035516758845,1.1282863749250664,src_3bbf709ff718,src_3bbf709ff718_20261006132431492_0b9bc8ab9d4a,2026-10-06T13:24:31.492Z,2026-10-06T13:24:32.003Z,2026-10-06T13:10:08.959Z,final
qc-prov-2026-10-05-general,qc-prov-2026-2026-821,821,Chicoutimi,2026,2026,45858,30106,373,30479,66.46,147,147,66.46386671900214,1.2237934315430297,src_3bbf709ff718,src_3bbf709ff718_20261006132431492_0b9bc8ab9d4a,2026-10-06T13:24:31.492Z,2026-10-06T13:24:32.003Z,2026-10-06T13:10:08.959Z,final
qc-prov-2026-10-05-general,qc-prov-2026-2026-351,351,Chomedey,2026,2026,57202,28356,531,28887,50.5,169,169,50.49998251809377,1.8381971128881505,src_3bbf709ff718,src_3bbf709ff718_20261006132431492_0b9bc8ab9d4a,2026-10-06T13:24:31.492Z,2026-10-06T13:24:32.003Z,2026-10-06T13:10:08.959Z,final
qc-prov-2026-10-05-general,qc-prov-2026-2026-789,789,Chutes-de-la-Chaudière,2026,2026,62158,49644,597,50241,80.83,191,191,80.8278902152579,1.1882725264226428,src_3bbf709ff718,src_3bbf709ff718_20261006132431492_0b9bc8ab9d4a,2026-10-06T13:24:31.492Z,2026-10-06T13:24:32.003Z,2026-10-06T13:10:08.959Z,final
qc-prov-2026-10-05-general,qc-prov-2026-2026-799,799,Côte-du-Sud,2026,2026,50596,35804,490,36294,71.73,175,175,71.73294331567713,1.3500854135669809,src_3bbf709ff718,src_3bbf709ff718_20261006132431492_0b9bc8ab9d4a,2026-10-06T13:24:31.492Z,2026-10-06T13:24:32.003Z,2026-10-06T13:10:08.959Z,final
qc-prov-2026-10-05-general,qc-prov-2026-2026-131,131,Daniel-Johnson,2026,2026,49485,34529,680,35209,71.15,160,160,71.15085379407901,1.9313243772898974,src_3bbf709ff718,src_3bbf709ff718_20261006132431492_0b9bc8ab9d4a,2026-10-06T13:24:31.492Z,2026-10-06T13:24:32.003Z,2026-10-06T13:10:08.959Z,final
qc-prov-2026-10-05-general,qc-prov-2026-2026-277,277,D'Arcy-McGee,2026,2026,56919,27068,310,27378,48.1,171,171,48.099931481579084,1.1322960040908758,src_3bbf709ff718,src_3bbf709ff718_20261006132431492_0b9bc8ab9d4a,2026-10-06T13:24:31.492Z,2026-10-06T13:24:32.003Z,2026-10-06T13:10:08.959Z,final
qc-prov-2026-10-05-general,qc-prov-2026-2026-581,581,Deux-Montagnes,2026,2026,50574,34532,670,35202,69.6,154,154,69.60493534227074,1.9033009488097268,src_3bbf709ff718,src_3bbf709ff718_20261006132431492_0b9bc8ab9d4a,2026-10-06T13:24:31.492Z,2026-10-06T13:24:32.003Z,2026-10-06T13:10:08.959Z,final
qc-prov-2026-10-05-general,qc-prov-2026-2026-141,141,Drummond-Bois-Francs,2026,2026,53611,37311,725,38036,70.95,173,173,70.94812631736025,1.9060889683457778,src_3bbf709ff718,src_3bbf709ff718_20261006132431492_0b9bc8ab9d4a,2026-10-06T13:24:31.492Z,2026-10-06T13:24:32.003Z,2026-10-06T13:10:08.959Z,final
qc-prov-2026-10-05-general,qc-prov-2026-2026-819,819,Dubuc,2026,2026,43166,27763,411,28174,65.27,142,142,65.26896168280591,1.4587917938524881,src_3bbf709ff718,src_3bbf709ff718_20261006132431492_0b9bc8ab9d4a,2026-10-06T13:24:31.492Z,2026-10-06T13:24:32.003Z,2026-10-06T13:10:08.959Z,final
qc-prov-2026-10-05-general,qc-prov-2026-2026-813,813,Duplessis,2026,2026,37124,20013,241,20254,54.56,158,158,54.557698523865966,1.1898884171027946,src_3bbf709ff718,src_3bbf709ff718_20261006132431492_0b9bc8ab9d4a,2026-10-06T13:24:31.492Z,2026-10-06T13:24:32.003Z,2026-10-06T13:10:08.959Z,final
qc-prov-2026-10-05-general,qc-prov-2026-2026-357,357,Fabre,2026,2026,58674,35198,436,35634,60.73,164,164,60.73218120462215,1.2235505416175563,src_3bbf709ff718,src_3bbf709ff718_20261006132431492_0b9bc8ab9d4a,2026-10-06T13:24:31.492Z,2026-10-06T13:24:32.003Z,2026-10-06T13:10:08.959Z,final
qc-prov-2026-10-05-general,qc-prov-2026-2026-809,809,Gaspé,2026,2026,30110,17887,233,18120,60.18,118,118,60.179342411159084,1.2858719646799117,src_3bbf709ff718,src_3bbf709ff718_20261006132431492_0b9bc8ab9d4a,2026-10-06T13:24:31.492Z,2026-10-06T13:24:32.003Z,2026-10-06T13:10:08.959Z,final
qc-prov-2026-10-05-general,qc-prov-2026-2026-661,661,Gatineau,2026,2026,61945,37676,374,38050,61.43,206,206,61.42545806764065,0.9829172141918529,src_3bbf709ff718,src_3bbf709ff718_20261006132431492_0b9bc8ab9d4a,2026-10-06T13:24:31.492Z,2026-10-06T13:24:32.003Z,2026-10-06T13:10:08.959Z,final
qc-prov-2026-10-05-general,qc-prov-2026-2026-311,311,Gouin,2026,2026,43186,31029,326,31355,72.6,130,130,72.60454777011068,1.0397065858714718,src_3bbf709ff718,src_3bbf709ff718_20261006132431492_0b9bc8ab9d4a,2026-10-06T13:24:31.492Z,2026-10-06T13:24:32.003Z,2026-10-06T13:10:08.959Z,final
qc-prov-2026-10-05-general,qc-prov-2026-2026-159,159,Granby,2026,2026,59146,39869,739,40608,68.66,183,183,68.65722111385385,1.8198384554767533,src_3bbf709ff718,src_3bbf709ff718_20261006132431492_0b9bc8ab9d4a,2026-10-06T13:24:31.492Z,2026-10-06T13:24:32.003Z,2026-10-06T13:10:08.959Z,final
qc-prov-2026-10-05-general,qc-prov-2026-2026-577,577,Groulx,2026,2026,54278,36505,631,37136,68.42,181,181,68.41814363093702,1.699159844894442,src_3bbf709ff718,src_3bbf709ff718_20261006132431492_0b9bc8ab9d4a,2026-10-06T13:24:31.492Z,2026-10-06T13:24:32.003Z,2026-10-06T13:10:08.959Z,final
qc-prov-2026-10-05-general,qc-prov-2026-2026-317,317,Hochelaga-Maisonneuve,2026,2026,40990,27257,357,27614,67.37,139,139,67.36765064649914,1.2928224813500397,src_3bbf709ff718,src_3bbf709ff718_20261006132431492_0b9bc8ab9d4a,2026-10-06T13:24:31.492Z,2026-10-06T13:24:32.003Z,2026-10-06T13:10:08.959Z,final
qc-prov-2026-10-05-general,qc-prov-2026-2026-651,651,Hull,2026,2026,61050,33832,463,34295,56.18,195,195,56.175266175266174,1.350051027846625,src_3bbf709ff718,src_3bbf709ff718_20261006132431492_0b9bc8ab9d4a,2026-10-06T13:24:31.492Z,2026-10-06T13:24:32.003Z,2026-10-06T13:10:08.959Z,final
qc-prov-2026-10-05-general,qc-prov-2026-2026-171,171,Huntingdon,2026,2026,50373,33220,602,33822,67.14,158,158,67.14311238163302,1.7799065696883685,src_3bbf709ff718,src_3bbf709ff718_20261006132431492_0b9bc8ab9d4a,2026-10-06T13:24:31.492Z,2026-10-06T13:24:32.003Z,2026-10-06T13:10:08.959Z,final
qc-prov-2026-10-05-general,qc-prov-2026-2026-161,161,Iberville,2026,2026,51412,35921,656,36577,71.14,154,154,71.14486890220182,1.793476775022555,src_3bbf709ff718,src_3bbf709ff718_20261006132431492_0b9bc8ab9d4a,2026-10-06T13:24:31.492Z,2026-10-06T13:24:32.003Z,2026-10-06T13:10:08.959Z,final
qc-prov-2026-10-05-general,qc-prov-2026-2026-811,811,Îles-de-la-Madeleine,2026,2026,11155,7606,127,7733,69.32,44,44,69.32317346481399,1.642312168627958,src_3bbf709ff718,src_3bbf709ff718_20261006132431492_0b9bc8ab9d4a,2026-10-06T13:24:31.492Z,2026-10-06T13:24:32.003Z,2026-10-06T13:10:08.959Z,final
qc-prov-2026-10-05-general,qc-prov-2026-2026-259,259,Jacques-Cartier,2026,2026,48505,30675,174,30849,63.6,151,151,63.599628904236674,0.5640377321793251,src_3bbf709ff718,src_3bbf709ff718_20261006132431492_0b9bc8ab9d4a,2026-10-06T13:24:31.492Z,2026-10-06T13:24:32.003Z,2026-10-06T13:10:08.959Z,final
qc-prov-2026-10-05-general,qc-prov-2026-2026-757,757,Jean-Lesage,2026,2026,44648,30407,449,30856,69.11,144,144,69.10947858806665,1.4551464869069224,src_3bbf709ff718,src_3bbf709ff718_20261006132431492_0b9bc8ab9d4a,2026-10-06T13:24:31.492Z,2026-10-06T13:24:32.003Z,2026-10-06T13:10:08.959Z,final
qc-prov-2026-10-05-general,qc-prov-2026-2026-331,331,Jeanne-Mance-Viger,2026,2026,50087,27095,598,27693,55.29,144,144,55.289795755385626,2.1593904596829523,src_3bbf709ff718,src_3bbf709ff718_20261006132431492_0b9bc8ab9d4a,2026-10-06T13:24:31.492Z,2026-10-06T13:24:32.003Z,2026-10-06T13:10:08.959Z,final
qc-prov-2026-10-05-general,qc-prov-2026-2026-707,707,Jean-Talon,2026,2026,47798,36282,309,36591,76.55,171,171,76.55341227666429,0.8444699516274494,src_3bbf709ff718,src_3bbf709ff718_20261006132431492_0b9bc8ab9d4a,2026-10-06T13:24:31.492Z,2026-10-06T13:24:32.003Z,2026-10-06T13:10:08.959Z,final
qc-prov-2026-10-05-general,qc-prov-2026-2026-629,629,Joliette,2026,2026,59404,40777,786,41563,69.97,200,200,69.96666891118443,1.8911050694126987,src_3bbf709ff718,src_3bbf709ff718_20261006132431492_0b9bc8ab9d4a,2026-10-06T13:24:31.492Z,2026-10-06T13:24:32.003Z,2026-10-06T13:10:08.959Z,final
qc-prov-2026-10-05-general,qc-prov-2026-2026-823,823,Jonquière,2026,2026,45408,30551,475,31026,68.33,145,145,68.32716701902748,1.5309740217881778,src_3bbf709ff718,src_3bbf709ff718_20261006132431492_0b9bc8ab9d4a,2026-10-06T13:24:31.492Z,2026-10-06T13:24:32.003Z,2026-10-06T13:10:08.959Z,final
qc-prov-2026-10-05-general,qc-prov-2026-2026-649,649,Labelle,2026,2026,54450,35015,705,35720,65.6,176,176,65.60146923783287,1.9736842105263157,src_3bbf709ff718,src_3bbf709ff718_20261006132431492_0b9bc8ab9d4a,2026-10-06T13:24:31.492Z,2026-10-06T13:24:32.003Z,2026-10-06T13:10:08.959Z,final
qc-prov-2026-10-05-general,qc-prov-2026-2026-827,827,Lac-Saint-Jean,2026,2026,44732,29987,456,30443,68.06,144,144,68.05642493069838,1.497881286338403,src_3bbf709ff718,src_3bbf709ff718_20261006132431492_0b9bc8ab9d4a,2026-10-06T13:24:31.492Z,2026-10-06T13:24:32.003Z,2026-10-06T13:10:08.959Z,final
qc-prov-2026-10-05-general,qc-prov-2026-2026-339,339,LaFontaine,2026,2026,42624,25303,451,25754,60.42,146,146,60.42135885885886,1.7511842820532733,src_3bbf709ff718,src_3bbf709ff718_20261006132431492_0b9bc8ab9d4a,2026-10-06T13:24:31.492Z,2026-10-06T13:24:32.003Z,2026-10-06T13:10:08.959Z,final
qc-prov-2026-10-05-general,qc-prov-2026-2026-729,729,La Peltrie,2026,2026,59815,45317,512,45829,76.62,183,183,76.61790520772381,1.117196534945122,src_3bbf709ff718,src_3bbf709ff718_20261006132431492_0b9bc8ab9d4a,2026-10-06T13:24:31.492Z,2026-10-06T13:24:32.003Z,2026-10-06T13:10:08.959Z,final
qc-prov-2026-10-05-general,qc-prov-2026-2026-201,201,La Pinière,2026,2026,58907,33954,375,34329,58.28,172,172,58.27660549680004,1.0923708817617757,src_3bbf709ff718,src_3bbf709ff718_20261006132431492_0b9bc8ab9d4a,2026-10-06T13:24:31.492Z,2026-10-06T13:24:32.003Z,2026-10-06T13:10:08.959Z,final
qc-prov-2026-10-05-general,qc-prov-2026-2026-199,199,La Prairie,2026,2026,50872,36662,486,37148,73.02,164,164,73.02248781254914,1.3082803919457306,src_3bbf709ff718,src_3bbf709ff718_20261006132431492_0b9bc8ab9d4a,2026-10-06T13:24:31.492Z,2026-10-06T13:24:32.003Z,2026-10-06T13:10:08.959Z,final
qc-prov-2026-10-05-general,qc-prov-2026-2026-621,621,L'Assomption,2026,2026,57207,39724,722,40446,70.7,181,181,70.70113797262573,1.7850961776195422,src_3bbf709ff718,src_3bbf709ff718_20261006132431492_0b9bc8ab9d4a,2026-10-06T13:24:31.492Z,2026-10-06T13:24:32.003Z,2026-10-06T13:10:08.959Z,final
qc-prov-2026-10-05-general,qc-prov-2026-2026-307,307,Laurier-Dorion,2026,2026,44455,28772,335,29107,65.48,148,148,65.47519964008548,1.1509258941148177,src_3bbf709ff718,src_3bbf709ff718_20261006132431492_0b9bc8ab9d4a,2026-10-06T13:24:31.492Z,2026-10-06T13:24:32.003Z,2026-10-06T13:10:08.959Z,final
qc-prov-2026-10-05-general,qc-prov-2026-2026-347,347,Laval-des-Rapides,2026,2026,56746,33075,578,33653,59.3,173,173,59.30462058999753,1.717528897869432,src_3bbf709ff718,src_3bbf709ff718_20261006132431492_0b9bc8ab9d4a,2026-10-06T13:24:31.492Z,2026-10-06T13:24:32.003Z,2026-10-06T13:10:08.959Z,final
qc-prov-2026-10-05-general,qc-prov-2026-2026-697,697,Laviolette-Saint-Maurice,2026,2026,60890,38733,733,39466,64.82,198,198,64.81524059779932,1.8572948867379517,src_3bbf709ff718,src_3bbf709ff718_20261006132431492_0b9bc8ab9d4a,2026-10-06T13:24:31.492Z,2026-10-06T13:24:32.003Z,2026-10-06T13:10:08.959Z,final
qc-prov-2026-10-05-general,qc-prov-2026-2026-601,601,Les Plaines,2026,2026,49905,33306,753,34059,68.25,153,153,68.24767057409078,2.2108693737338148,src_3bbf709ff718,src_3bbf709ff718_20261006132431492_0b9bc8ab9d4a,2026-10-06T13:24:31.492Z,2026-10-06T13:24:32.003Z,2026-10-06T13:10:08.959Z,final
qc-prov-2026-10-05-general,qc-prov-2026-2026-791,791,Lévis,2026,2026,54022,39905,528,40433,74.85,173,173,74.84543334197178,1.3058640219622586,src_3bbf709ff718,src_3bbf709ff718_20261006132431492_0b9bc8ab9d4a,2026-10-06T13:24:31.492Z,2026-10-06T13:24:32.003Z,2026-10-06T13:10:08.959Z,final
qc-prov-2026-10-05-general,qc-prov-2026-2026-787,787,Lotbinière-Frontenac,2026,2026,59603,44079,616,44695,74.99,194,194,74.98783618274248,1.3782302270947533,src_3bbf709ff718,src_3bbf709ff718_20261006132431492_0b9bc8ab9d4a,2026-10-06T13:24:31.492Z,2026-10-06T13:24:32.003Z,2026-10-06T13:10:08.959Z,final
qc-prov-2026-10-05-general,qc-prov-2026-2026-709,709,Louis-Hébert,2026,2026,48220,39587,361,39948,82.85,165,165,82.84529240978847,0.9036747772103735,src_3bbf709ff718,src_3bbf709ff718_20261006132431492_0b9bc8ab9d4a,2026-10-06T13:24:31.492Z,2026-10-06T13:24:32.003Z,2026-10-06T13:10:08.959Z,final
qc-prov-2026-10-05-general,qc-prov-2026-2026-251,251,Marguerite-Bourgeoys,2026,2026,53367,27754,546,28300,53.03,158,158,53.02902542769876,1.9293286219081272,src_3bbf709ff718,src_3bbf709ff718_20261006132431492_0b9bc8ab9d4a,2026-10-06T13:24:31.492Z,2026-10-06T13:24:32.003Z,2026-10-06T13:10:08.959Z,final
qc-prov-2026-10-05-general,qc-prov-2026-2026-139,139,Marie-Lacoste-Gérin-Lajoie,2026,2026,46362,31327,535,31862,68.72,150,150,68.72438635089081,1.6791161885631787,src_3bbf709ff718,src_3bbf709ff718_20261006132431492_0b9bc8ab9d4a,2026-10-06T13:24:31.492Z,2026-10-06T13:24:32.003Z,2026-10-06T13:10:08.959Z,final
qc-prov-2026-10-05-general,qc-prov-2026-2026-219,219,Marie-Victorin,2026,2026,44666,27606,535,28141,63,139,139,63.00317915192764,1.9011406844106464,src_3bbf709ff718,src_3bbf709ff718_20261006132431492_0b9bc8ab9d4a,2026-10-06T13:24:31.492Z,2026-10-06T13:24:32.003Z,2026-10-06T13:10:08.959Z,final
qc-prov-2026-10-05-general,qc-prov-2026-2026-257,257,Marquette,2026,2026,45585,26220,337,26557,58.26,137,137,58.258198968959086,1.2689686335052905,src_3bbf709ff718,src_3bbf709ff718_20261006132431492_0b9bc8ab9d4a,2026-10-06T13:24:31.492Z,2026-10-06T13:24:32.003Z,2026-10-06T13:10:08.959Z,final
qc-prov-2026-10-05-general,qc-prov-2026-2026-693,693,Maskinongé,2026,2026,48326,34782,490,35272,72.99,151,151,72.98762570872822,1.389203901111363,src_3bbf709ff718,src_3bbf709ff718_20261006132431492_0b9bc8ab9d4a,2026-10-06T13:24:31.492Z,2026-10-06T13:24:32.003Z,2026-10-06T13:10:08.959Z,final
qc-prov-2026-10-05-general,qc-prov-2026-2026-611,611,Masson,2026,2026,55418,38425,778,39203,70.74,165,165,70.74055361074019,1.9845419993367854,src_3bbf709ff718,src_3bbf709ff718_20261006132431492_0b9bc8ab9d4a,2026-10-06T13:24:31.492Z,2026-10-06T13:24:32.003Z,2026-10-06T13:10:08.959Z,final
qc-prov-2026-10-05-general,qc-prov-2026-2026-807,807,Matane-Matapédia-Mitis,2026,2026,46539,29193,324,29517,63.42,158,158,63.4242248436795,1.097672527695904,src_3bbf709ff718,src_3bbf709ff718_20261006132431492_0b9bc8ab9d4a,2026-10-06T13:24:31.492Z,2026-10-06T13:24:32.003Z,2026-10-06T13:10:08.959Z,final
qc-prov-2026-10-05-general,qc-prov-2026-2026-301,301,Maurice-Richard,2026,2026,46090,31446,500,31946,69.31,141,141,69.31221523106964,1.5651411757340512,src_3bbf709ff718,src_3bbf709ff718_20261006132431492_0b9bc8ab9d4a,2026-10-06T13:24:31.492Z,2026-10-06T13:24:32.003Z,2026-10-06T13:10:08.959Z,final
qc-prov-2026-10-05-general,qc-prov-2026-2026-117,117,Mégantic,2026,2026,51921,35844,490,36334,69.98,172,172,69.97939176826333,1.3485991082732427,src_3bbf709ff718,src_3bbf709ff718_20261006132431492_0b9bc8ab9d4a,2026-10-06T13:24:31.492Z,2026-10-06T13:24:32.003Z,2026-10-06T13:10:08.959Z,final
qc-prov-2026-10-05-general,qc-prov-2026-2026-313,313,Mercier,2026,2026,45620,30001,323,30324,66.47,139,139,66.47084612012276,1.0651629072681705,src_3bbf709ff718,src_3bbf709ff718_20261006132431492_0b9bc8ab9d4a,2026-10-06T13:24:31.492Z,2026-10-06T13:24:32.003Z,2026-10-06T13:10:08.959Z,final
qc-prov-2026-10-05-general,qc-prov-2026-2026-571,571,Mille-Îles,2026,2026,50119,32765,500,33265,66.37,147,147,66.37203455775254,1.5030813166992334,src_3bbf709ff718,src_3bbf709ff718_20261006132431492_0b9bc8ab9d4a,2026-10-06T13:24:31.492Z,2026-10-06T13:24:32.003Z,2026-10-06T13:10:08.959Z,final
qc-prov-2026-10-05-general,qc-prov-2026-2026-587,587,Mirabel,2026,2026,55339,38764,703,39467,71.32,168,168,71.31859990241963,1.7812349557858465,src_3bbf709ff718,src_3bbf709ff718_20261006132431492_0b9bc8ab9d4a,2026-10-06T13:24:31.492Z,2026-10-06T13:24:32.003Z,2026-10-06T13:10:08.959Z,final
qc-prov-2026-10-05-general,qc-prov-2026-2026-227,227,Montarville,2026,2026,53937,43098,422,43520,80.69,161,161,80.6867271075514,0.9696691176470589,src_3bbf709ff718,src_3bbf709ff718_20261006132431492_0b9bc8ab9d4a,2026-10-06T13:24:31.492Z,2026-10-06T13:24:32.003Z,2026-10-06T13:10:08.959Z,final
qc-prov-2026-10-05-general,qc-prov-2026-2026-761,761,Montmorency,2026,2026,58226,43903,488,44391,76.24,182,182,76.23913715522275,1.0993219346263883,src_3bbf709ff718,src_3bbf709ff718_20261006132431492_0b9bc8ab9d4a,2026-10-06T13:24:31.492Z,2026-10-06T13:24:32.003Z,2026-10-06T13:10:08.959Z,final
qc-prov-2026-10-05-general,qc-prov-2026-2026-297,297,Mont-Royal-Outremont,2026,2026,59033,31655,283,31938,54.1,196,196,54.1019429810445,0.8860918028680569,src_3bbf709ff718,src_3bbf709ff718_20261006132431492_0b9bc8ab9d4a,2026-10-06T13:24:31.492Z,2026-10-06T13:24:32.003Z,2026-10-06T13:10:08.959Z,final
qc-prov-2026-10-05-general,qc-prov-2026-2026-261,261,Nelligan,2026,2026,58302,34290,326,34616,59.37,178,178,59.37360639429179,0.9417610353593714,src_3bbf709ff718,src_3bbf709ff718_20261006132431492_0b9bc8ab9d4a,2026-10-06T13:24:31.492Z,2026-10-06T13:24:32.003Z,2026-10-06T13:10:08.959Z,final
qc-prov-2026-10-05-general,qc-prov-2026-2026-151,151,Nicolet-Bécancour,2026,2026,41215,30513,482,30995,75.2,143,143,75.20320271745723,1.5550895305694468,src_3bbf709ff718,src_3bbf709ff718_20261006132431492_0b9bc8ab9d4a,2026-10-06T13:24:31.492Z,2026-10-06T13:24:32.003Z,2026-10-06T13:10:08.959Z,final
qc-prov-2026-10-05-general,qc-prov-2026-2026-279,279,Notre-Dame-de-Grâce,2026,2026,47362,26786,245,27031,57.07,142,142,57.07318103120645,0.9063667640856794,src_3bbf709ff718,src_3bbf709ff718_20261006132431492_0b9bc8ab9d4a,2026-10-06T13:24:31.492Z,2026-10-06T13:24:32.003Z,2026-10-06T13:10:08.959Z,final
qc-prov-2026-10-05-general,qc-prov-2026-2026-127,127,Orford,2026,2026,47940,34602,371,34973,72.95,148,148,72.95160617438465,1.0608183455808766,src_3bbf709ff718,src_3bbf709ff718_20261006132431492_0b9bc8ab9d4a,2026-10-06T13:24:31.492Z,2026-10-06T13:24:32.003Z,2026-10-06T13:10:08.959Z,final
qc-prov-2026-10-05-general,qc-prov-2026-2026-669,669,Papineau,2026,2026,60947,37053,516,37569,61.64,204,204,61.64208246509262,1.3734728100295457,src_3bbf709ff718,src_3bbf709ff718_20261006132431492_0b9bc8ab9d4a,2026-10-06T13:24:31.492Z,2026-10-06T13:24:32.003Z,2026-10-06T13:10:08.959Z,final
qc-prov-2026-10-05-general,qc-prov-2026-2026-217,217,Pierre-Laporte,2026,2026,53216,33886,450,34336,64.52,162,162,64.5219482862297,1.310577819198509,src_3bbf709ff718,src_3bbf709ff718_20261006132431492_0b9bc8ab9d4a,2026-10-06T13:24:31.492Z,2026-10-06T13:24:32.003Z,2026-10-06T13:10:08.959Z,final
qc-prov-2026-10-05-general,qc-prov-2026-2026-341,341,Pointe-aux-Trembles,2026,2026,40363,25729,524,26253,65.04,130,130,65.04224165696306,1.995962366205767,src_3bbf709ff718,src_3bbf709ff718_20261006132431492_0b9bc8ab9d4a,2026-10-06T13:24:31.492Z,2026-10-06T13:24:32.003Z,2026-10-06T13:10:08.959Z,final
qc-prov-2026-10-05-general,qc-prov-2026-2026-657,657,Pontiac,2026,2026,56444,29901,285,30186,53.48,185,185,53.47955495712565,0.9441462929835023,src_3bbf709ff718,src_3bbf709ff718_20261006132431492_0b9bc8ab9d4a,2026-10-06T13:24:31.492Z,2026-10-06T13:24:32.003Z,2026-10-06T13:10:08.959Z,final
qc-prov-2026-10-05-general,qc-prov-2026-2026-727,727,Portneuf,2026,2026,56234,42294,444,42738,76,184,184,76.0002845253761,1.0388881089428612,src_3bbf709ff718,src_3bbf709ff718_20261006132431492_0b9bc8ab9d4a,2026-10-06T13:24:31.492Z,2026-10-06T13:24:32.003Z,2026-10-06T13:10:08.959Z,final
qc-prov-2026-10-05-general,qc-prov-2026-2026-637,637,Prévost,2026,2026,53395,37695,589,38284,71.7,159,159,71.69959734057495,1.5385017239577892,src_3bbf709ff718,src_3bbf709ff718_20261006132431492_0b9bc8ab9d4a,2026-10-06T13:24:31.492Z,2026-10-06T13:24:32.003Z,2026-10-06T13:10:08.959Z,final
qc-prov-2026-10-05-general,qc-prov-2026-2026-817,817,René-Lévesque,2026,2026,32035,18562,309,18871,58.91,118,118,58.90744498205088,1.63743309840496,src_3bbf709ff718,src_3bbf709ff718_20261006132431492_0b9bc8ab9d4a,2026-10-06T13:24:31.492Z,2026-10-06T13:24:32.003Z,2026-10-06T13:10:08.959Z,final
qc-prov-2026-10-05-general,qc-prov-2026-2026-617,617,Repentigny,2026,2026,56853,40333,672,41005,72.12,172,172,72.12460204386751,1.6388245335934641,src_3bbf709ff718,src_3bbf709ff718_20261006132431492_0b9bc8ab9d4a,2026-10-06T13:24:31.492Z,2026-10-06T13:24:32.003Z,2026-10-06T13:10:08.959Z,final
qc-prov-2026-10-05-general,qc-prov-2026-2026-241,241,Richelieu,2026,2026,54251,36535,779,37314,68.78,177,177,68.78029898066396,2.0876882671383394,src_3bbf709ff718,src_3bbf709ff718_20261006132431492_0b9bc8ab9d4a,2026-10-06T13:24:31.492Z,2026-10-06T13:24:32.003Z,2026-10-06T13:10:08.959Z,final
qc-prov-2026-10-05-general,qc-prov-2026-2026-137,137,Richmond,2026,2026,59369,43512,587,44099,74.28,196,196,74.27950613956779,1.331095943218667,src_3bbf709ff718,src_3bbf709ff718_20261006132431492_0b9bc8ab9d4a,2026-10-06T13:24:31.492Z,2026-10-06T13:24:32.003Z,2026-10-06T13:10:08.959Z,final
qc-prov-2026-10-05-general,qc-prov-2026-2026-803,803,Rimouski,2026,2026,46554,32730,393,33123,71.15,159,159,71.14963268462431,1.186486731274341,src_3bbf709ff718,src_3bbf709ff718_20261006132431492_0b9bc8ab9d4a,2026-10-06T13:24:31.492Z,2026-10-06T13:24:32.003Z,2026-10-06T13:10:08.959Z,final
qc-prov-2026-10-05-general,qc-prov-2026-2026-801,801,Rivière-du-Loup-Témiscouata-Les Basques,2026,2026,52139,36113,505,36618,70.23,192,192,70.23149657645908,1.3791031733027472,src_3bbf709ff718,src_3bbf709ff718_20261006132431492_0b9bc8ab9d4a,2026-10-06T13:24:31.492Z,2026-10-06T13:24:32.003Z,2026-10-06T13:10:08.959Z,final
qc-prov-2026-10-05-general,qc-prov-2026-2026-267,267,Robert-Baldwin,2026,2026,55208,30722,344,31066,56.27,164,164,56.27083031444718,1.1073198995686602,src_3bbf709ff718,src_3bbf709ff718_20261006132431492_0b9bc8ab9d4a,2026-10-06T13:24:31.492Z,2026-10-06T13:24:32.003Z,2026-10-06T13:10:08.959Z,final
qc-prov-2026-10-05-general,qc-prov-2026-2026-829,829,Roberval,2026,2026,44601,27835,439,28274,63.39,152,152,63.39319746194032,1.5526632241635425,src_3bbf709ff718,src_3bbf709ff718_20261006132431492_0b9bc8ab9d4a,2026-10-06T13:24:31.492Z,2026-10-06T13:24:32.003Z,2026-10-06T13:10:08.959Z,final
qc-prov-2026-10-05-general,qc-prov-2026-2026-319,319,Rosemont,2026,2026,52328,36131,601,36732,70.2,175,175,70.1956887326097,1.6361755417619515,src_3bbf709ff718,src_3bbf709ff718_20261006132431492_0b9bc8ab9d4a,2026-10-06T13:24:31.492Z,2026-10-06T13:24:32.003Z,2026-10-06T13:10:08.959Z,final
qc-prov-2026-10-05-general,qc-prov-2026-2026-631,631,Rousseau,2026,2026,49499,30935,774,31709,64.06,153,153,64.0598799975757,2.440947365101391,src_3bbf709ff718,src_3bbf709ff718_20261006132431492_0b9bc8ab9d4a,2026-10-06T13:24:31.492Z,2026-10-06T13:24:32.003Z,2026-10-06T13:10:08.959Z,final
qc-prov-2026-10-05-general,qc-prov-2026-2026-671,671,Rouyn-Noranda-Témiscamingue,2026,2026,44506,27994,431,28425,63.87,154,154,63.86779310654743,1.5162708883025506,src_3bbf709ff718,src_3bbf709ff718_20261006132431492_0b9bc8ab9d4a,2026-10-06T13:24:31.492Z,2026-10-06T13:24:32.003Z,2026-10-06T13:10:08.959Z,final
qc-prov-2026-10-05-general,qc-prov-2026-2026-119,119,Saint-François,2026,2026,55182,37300,599,37899,68.68,186,186,68.68000434924431,1.5805166363228582,src_3bbf709ff718,src_3bbf709ff718_20261006132431492_0b9bc8ab9d4a,2026-10-06T13:24:31.492Z,2026-10-06T13:24:32.003Z,2026-10-06T13:10:08.959Z,final
qc-prov-2026-10-05-general,qc-prov-2026-2026-281,281,Saint-Henri-Sainte-Anne,2026,2026,60412,36097,460,36557,60.51,186,186,60.51281202410117,1.2583089421998523,src_3bbf709ff718,src_3bbf709ff718_20261006132431492_0b9bc8ab9d4a,2026-10-06T13:24:31.492Z,2026-10-06T13:24:32.003Z,2026-10-06T13:10:08.959Z,final
qc-prov-2026-10-05-general,qc-prov-2026-2026-239,239,Saint-Hyacinthe,2026,2026,55710,39296,740,40036,71.87,169,169,71.86501525758392,1.8483364971525627,src_3bbf709ff718,src_3bbf709ff718_20261006132431492_0b9bc8ab9d4a,2026-10-06T13:24:31.492Z,2026-10-06T13:24:32.003Z,2026-10-06T13:10:08.959Z,final
qc-prov-2026-10-05-general,qc-prov-2026-2026-167,167,Saint-Jean,2026,2026,61671,42278,777,43055,69.81,187,187,69.81401306935189,1.8046684473348042,src_3bbf709ff718,src_3bbf709ff718_20261006132431492_0b9bc8ab9d4a,2026-10-06T13:24:31.492Z,2026-10-06T13:24:32.003Z,2026-10-06T13:10:08.959Z,final
qc-prov-2026-10-05-general,qc-prov-2026-2026-597,597,Saint-Jérôme,2026,2026,46111,28419,637,29056,63.01,150,150,63.0131638871419,2.192318281938326,src_3bbf709ff718,src_3bbf709ff718_20261006132431492_0b9bc8ab9d4a,2026-10-06T13:24:31.492Z,2026-10-06T13:24:32.003Z,2026-10-06T13:10:08.959Z,final
qc-prov-2026-10-05-general,qc-prov-2026-2026-271,271,Saint-Laurent,2026,2026,59678,30635,406,31041,52.01,169,169,52.01414256509937,1.3079475532360427,src_3bbf709ff718,src_3bbf709ff718_20261006132431492_0b9bc8ab9d4a,2026-10-06T13:24:31.492Z,2026-10-06T13:24:32.003Z,2026-10-06T13:10:08.959Z,final
qc-prov-2026-10-05-general,qc-prov-2026-2026-287,287,Sainte-Marie-Saint-Jacques,2026,2026,42949,25309,224,25533,59.45,144,144,59.44957973410324,0.8772960482512826,src_3bbf709ff718,src_3bbf709ff718_20261006132431492_0b9bc8ab9d4a,2026-10-06T13:24:31.492Z,2026-10-06T13:24:32.003Z,2026-10-06T13:10:08.959Z,final
qc-prov-2026-10-05-general,qc-prov-2026-2026-359,359,Sainte-Rose,2026,2026,58391,37566,582,38148,65.33,181,181,65.33198609374732,1.5256369927650204,src_3bbf709ff718,src_3bbf709ff718_20261006132431492_0b9bc8ab9d4a,2026-10-06T13:24:31.492Z,2026-10-06T13:24:32.003Z,2026-10-06T13:10:08.959Z,final
qc-prov-2026-10-05-general,qc-prov-2026-2026-197,197,Sanguinet,2026,2026,45528,32053,501,32554,71.5,138,138,71.50325074679319,1.5389813847760643,src_3bbf709ff718,src_3bbf709ff718_20261006132431492_0b9bc8ab9d4a,2026-10-06T13:24:31.492Z,2026-10-06T13:24:32.003Z,2026-10-06T13:10:08.959Z,final
qc-prov-2026-10-05-general,qc-prov-2026-2026-121,121,Sherbrooke,2026,2026,53681,37169,554,37723,70.27,186,186,70.27253590655911,1.468600058319858,src_3bbf709ff718,src_3bbf709ff718_20261006132431492_0b9bc8ab9d4a,2026-10-06T13:24:31.492Z,2026-10-06T13:24:32.003Z,2026-10-06T13:10:08.959Z,final
qc-prov-2026-10-05-general,qc-prov-2026-2026-181,181,Soulanges,2026,2026,59017,40017,571,40588,68.77,176,176,68.77340427334497,1.4068197496797084,src_3bbf709ff718,src_3bbf709ff718_20261006132431492_0b9bc8ab9d4a,2026-10-06T13:24:31.492Z,2026-10-06T13:24:32.003Z,2026-10-06T13:10:08.959Z,final
qc-prov-2026-10-05-general,qc-prov-2026-2026-221,221,Taillon,2026,2026,52378,35256,559,35815,68.38,161,161,68.37794493871473,1.5607985480943738,src_3bbf709ff718,src_3bbf709ff718_20261006132431492_0b9bc8ab9d4a,2026-10-06T13:24:31.492Z,2026-10-06T13:24:32.003Z,2026-10-06T13:10:08.959Z,final
qc-prov-2026-10-05-general,qc-prov-2026-2026-751,751,Taschereau,2026,2026,48739,35962,320,36282,74.44,159,159,74.44141242126429,0.8819800452014773,src_3bbf709ff718,src_3bbf709ff718_20261006132431492_0b9bc8ab9d4a,2026-10-06T13:24:31.492Z,2026-10-06T13:24:32.003Z,2026-10-06T13:10:08.959Z,final
qc-prov-2026-10-05-general,qc-prov-2026-2026-609,609,Terrebonne,2026,2026,55390,38921,631,39552,71.41,170,170,71.40639104531503,1.5953681229773462,src_3bbf709ff718,src_3bbf709ff718_20261006132431492_0b9bc8ab9d4a,2026-10-06T13:24:31.492Z,2026-10-06T13:24:32.003Z,2026-10-06T13:10:08.959Z,final
qc-prov-2026-10-05-general,qc-prov-2026-2026-691,691,Trois-Rivières,2026,2026,54168,37299,481,37780,69.75,169,169,69.7459754836804,1.2731604023292749,src_3bbf709ff718,src_3bbf709ff718_20261006132431492_0b9bc8ab9d4a,2026-10-06T13:24:31.492Z,2026-10-06T13:24:32.003Z,2026-10-06T13:10:08.959Z,final
qc-prov-2026-10-05-general,qc-prov-2026-2026-831,831,Ungava,2026,2026,30849,8382,175,8557,27.74,111,111,27.738338357807386,2.0451092672665654,src_3bbf709ff718,src_3bbf709ff718_20261006132431492_0b9bc8ab9d4a,2026-10-06T13:24:31.492Z,2026-10-06T13:24:32.003Z,2026-10-06T13:10:08.959Z,final
qc-prov-2026-10-05-general,qc-prov-2026-2026-211,211,Vachon,2026,2026,54306,36559,588,37147,68.4,178,178,68.40312304349428,1.5829003688050178,src_3bbf709ff718,src_3bbf709ff718_20261006132431492_0b9bc8ab9d4a,2026-10-06T13:24:31.492Z,2026-10-06T13:24:32.003Z,2026-10-06T13:10:08.959Z,final
qc-prov-2026-10-05-general,qc-prov-2026-2026-749,749,Vanier-Les Rivières,2026,2026,59730,44633,553,45186,75.65,191,191,75.65042692114515,1.223830389943788,src_3bbf709ff718,src_3bbf709ff718_20261006132431492_0b9bc8ab9d4a,2026-10-06T13:24:31.492Z,2026-10-06T13:24:32.003Z,2026-10-06T13:10:08.959Z,final
qc-prov-2026-10-05-general,qc-prov-2026-2026-187,187,Vaudreuil,2026,2026,62539,40177,507,40684,65.05,186,186,65.05380642479093,1.2461901484613116,src_3bbf709ff718,src_3bbf709ff718_20261006132431492_0b9bc8ab9d4a,2026-10-06T13:24:31.492Z,2026-10-06T13:24:32.003Z,2026-10-06T13:10:08.959Z,final
qc-prov-2026-10-05-general,qc-prov-2026-2026-231,231,Verchères,2026,2026,56437,42931,714,43645,77.33,178,178,77.33401846306501,1.6359262229350442,src_3bbf709ff718,src_3bbf709ff718_20261006132431492_0b9bc8ab9d4a,2026-10-06T13:24:31.492Z,2026-10-06T13:24:32.003Z,2026-10-06T13:10:08.959Z,final
qc-prov-2026-10-05-general,qc-prov-2026-2026-247,247,Verdun,2026,2026,50061,32759,378,33137,66.19,156,156,66.19324424202473,1.1407188339318586,src_3bbf709ff718,src_3bbf709ff718_20261006132431492_0b9bc8ab9d4a,2026-10-06T13:24:31.492Z,2026-10-06T13:24:32.003Z,2026-10-06T13:10:08.959Z,final
qc-prov-2026-10-05-general,qc-prov-2026-2026-321,321,Viau,2026,2026,39502,20489,416,20905,52.92,121,121,52.92137106981925,1.9899545563262377,src_3bbf709ff718,src_3bbf709ff718_20261006132431492_0b9bc8ab9d4a,2026-10-06T13:24:31.492Z,2026-10-06T13:24:32.003Z,2026-10-06T13:10:08.959Z,final
qc-prov-2026-10-05-general,qc-prov-2026-2026-569,569,Vimont-Auteuil,2026,2026,47066,31754,482,32236,68.49,144,144,68.4910551140951,1.4952227323489267,src_3bbf709ff718,src_3bbf709ff718_20261006132431492_0b9bc8ab9d4a,2026-10-06T13:24:31.492Z,2026-10-06T13:24:32.003Z,2026-10-06T13:10:08.959Z,final
qc-prov-2026-10-05-general,qc-prov-2026-2026-291,291,Westmount-Saint-Louis,2026,2026,53185,24270,192,24462,45.99,179,179,45.99417128889725,0.7848908511160166,src_3bbf709ff718,src_3bbf709ff718_20261006132431492_0b9bc8ab9d4a,2026-10-06T13:24:31.492Z,2026-10-06T13:24:32.003Z,2026-10-06T13:10:08.959Z,final
qc-prov-2026-10-05-general,qc-prov-2026-2026-689,689,Abitibi-Est,2026,2026,33465,20759,422,21181,63.29,120,120,63.292992678918274,1.9923516359000992,src_3bbf709ff718,src_3bbf709ff718_20261006141046208_ab667d6040b8,2026-10-06T14:10:46.208Z,2026-10-06T14:10:47.285Z,2026-10-06T13:55:38.958Z,final
qc-prov-2026-10-05-general,qc-prov-2026-2026-681,681,Abitibi-Ouest,2026,2026,35317,22344,364,22708,64.3,132,132,64.2976470255118,1.6029593094944512,src_3bbf709ff718,src_3bbf709ff718_20261006141046208_ab667d6040b8,2026-10-06T14:10:46.208Z,2026-10-06T14:10:47.285Z,2026-10-06T13:55:38.958Z,final
qc-prov-2026-10-05-general,qc-prov-2026-2026-299,299,Acadie,2026,2026,50296,26277,451,26728,53.14,149,149,53.141402894862416,1.6873690511822808,src_3bbf709ff718,src_3bbf709ff718_20261006141046208_ab667d6040b8,2026-10-06T14:10:46.208Z,2026-10-06T14:10:47.285Z,2026-10-06T13:55:38.958Z,final
qc-prov-2026-10-05-general,qc-prov-2026-2026-833,833,Anjou-Louis-Riel,2026,2026,41546,25574,469,26043,62.68,128,128,62.68473499253839,1.8008677955688668,src_3bbf709ff718,src_3bbf709ff718_20261006141046208_ab667d6040b8,2026-10-06T14:10:46.208Z,2026-10-06T14:10:47.285Z,2026-10-06T13:55:38.958Z,final
qc-prov-2026-10-05-general,qc-prov-2026-2026-589,589,Argenteuil,2026,2026,43063,27028,422,27450,63.74,136,136,63.74381719805866,1.5373406193078325,src_3bbf709ff718,src_3bbf709ff718_20261006141046208_ab667d6040b8,2026-10-06T14:10:46.208Z,2026-10-06T14:10:47.285Z,2026-10-06T13:55:38.958Z,final
qc-prov-2026-10-05-general,qc-prov-2026-2026-147,147,Arthabaska-L'Érable,2026,2026,61921,45459,604,46063,74.39,194,194,74.38994848274415,1.3112476391029677,src_3bbf709ff718,src_3bbf709ff718_20261006141046208_ab667d6040b8,2026-10-06T14:10:46.208Z,2026-10-06T14:10:47.285Z,2026-10-06T13:55:38.958Z,final
qc-prov-2026-10-05-general,qc-prov-2026-2026-781,781,Beauce-Nord,2026,2026,46667,35830,367,36197,77.56,150,150,77.56444596824308,1.0138961792413737,src_3bbf709ff718,src_3bbf709ff718_20261006141046208_ab667d6040b8,2026-10-06T14:10:46.208Z,2026-10-06T14:10:47.285Z,2026-10-06T13:55:38.958Z,final
qc-prov-2026-10-05-general,qc-prov-2026-2026-777,777,Beauce-Sud,2026,2026,50834,37748,392,38140,75.03,167,167,75.02852421607585,1.027792343995805,src_3bbf709ff718,src_3bbf709ff718_20261006141046208_ab667d6040b8,2026-10-06T14:10:46.208Z,2026-10-06T14:10:47.285Z,2026-10-06T13:55:38.958Z,final
qc-prov-2026-10-05-general,qc-prov-2026-2026-179,179,Beauharnois,2026,2026,59965,39500,782,40282,67.18,187,187,67.17585258067206,1.9413137381460701,src_3bbf709ff718,src_3bbf709ff718_20261006141046208_ab667d6040b8,2026-10-06T14:10:46.208Z,2026-10-06T14:10:47.285Z,2026-10-06T13:55:38.958Z,final
qc-prov-2026-10-05-general,qc-prov-2026-2026-797,797,Bellechasse,2026,2026,46198,35281,419,35700,77.28,162,162,77.27607255725356,1.173669467787115,src_3bbf709ff718,src_3bbf709ff718_20261006141046208_ab667d6040b8,2026-10-06T14:10:46.208Z,2026-10-06T14:10:47.285Z,2026-10-06T13:55:38.958Z,final
qc-prov-2026-10-05-general,qc-prov-2026-2026-591,591,Bellefeuille,2026,2026,45378,31218,574,31792,70.06,138,138,70.06038168275376,1.8054856567689985,src_3bbf709ff718,src_3bbf709ff718_20261006141046208_ab667d6040b8,2026-10-06T14:10:46.208Z,2026-10-06T14:10:47.285Z,2026-10-06T13:55:38.958Z,final
qc-prov-2026-10-05-general,qc-prov-2026-2026-627,627,Berthier,2026,2026,54047,35993,713,36706,67.91,172,172,67.9149629026588,1.9424617228790932,src_3bbf709ff718,src_3bbf709ff718_20261006141046208_ab667d6040b8,2026-10-06T14:10:46.208Z,2026-10-06T14:10:47.285Z,2026-10-06T13:55:38.958Z,final
qc-prov-2026-10-05-general,qc-prov-2026-2026-641,641,Bertrand,2026,2026,60079,39531,570,40101,66.75,184,184,66.74711629687577,1.4214109373831076,src_3bbf709ff718,src_3bbf709ff718_20261006141046208_ab667d6040b8,2026-10-06T14:10:46.208Z,2026-10-06T14:10:47.285Z,2026-10-06T13:55:38.958Z,final
qc-prov-2026-10-05-general,qc-prov-2026-2026-607,607,Blainville,2026,2026,62470,44520,684,45204,72.36,191,191,72.36113334400513,1.513140430050438,src_3bbf709ff718,src_3bbf709ff718_20261006141046208_ab667d6040b8,2026-10-06T14:10:46.208Z,2026-10-06T14:10:47.285Z,2026-10-06T13:55:38.958Z,final
qc-prov-2026-10-05-general,qc-prov-2026-2026-837,837,Bonaventure,2026,2026,35906,21254,316,21570,60.07,127,127,60.07352531610316,1.4649976819656931,src_3bbf709ff718,src_3bbf709ff718_20261006141046208_ab667d6040b8,2026-10-06T14:10:46.208Z,2026-10-06T14:10:47.285Z,2026-10-06T13:55:38.958Z,final
qc-prov-2026-10-05-general,qc-prov-2026-2026-237,237,Borduas,2026,2026,58749,45177,545,45722,77.83,178,178,77.82600554903063,1.191986352303049,src_3bbf709ff718,src_3bbf709ff718_20261006141046208_ab667d6040b8,2026-10-06T14:10:46.208Z,2026-10-06T14:10:47.285Z,2026-10-06T13:55:38.958Z,final
qc-prov-2026-10-05-general,qc-prov-2026-2026-327,327,Bourassa-Sauvé,2026,2026,44289,21984,574,22558,50.93,149,149,50.93364040732462,2.5445518219700327,src_3bbf709ff718,src_3bbf709ff718_20261006141046208_ab667d6040b8,2026-10-06T14:10:46.208Z,2026-10-06T14:10:47.285Z,2026-10-06T13:55:38.958Z,final
qc-prov-2026-10-05-general,qc-prov-2026-2026-157,157,Brome-Missisquoi,2026,2026,57556,40048,486,40534,70.43,193,193,70.42532490096602,1.198993437607934,src_3bbf709ff718,src_3bbf709ff718_20261006141046208_ab667d6040b8,2026-10-06T14:10:46.208Z,2026-10-06T14:10:47.285Z,2026-10-06T13:55:38.958Z,final
qc-prov-2026-10-05-general,qc-prov-2026-2026-337,337,Camille-Laurin,2026,2026,49429,30835,489,31324,63.37,163,163,63.37170486961096,1.5611033073681522,src_3bbf709ff718,src_3bbf709ff718_20261006141046208_ab667d6040b8,2026-10-06T14:10:46.208Z,2026-10-06T14:10:47.285Z,2026-10-06T13:55:38.958Z,final
qc-prov-2026-10-05-general,qc-prov-2026-2026-207,207,Chambly,2026,2026,54555,40525,588,41113,75.36,163,163,75.36064522041976,1.430204558168949,src_3bbf709ff718,src_3bbf709ff718_20261006141046208_ab667d6040b8,2026-10-06T14:10:46.208Z,2026-10-06T14:10:47.285Z,2026-10-06T13:55:38.958Z,final
qc-prov-2026-10-05-general,qc-prov-2026-2026-701,701,Champlain,2026,2026,60815,43330,671,44001,72.35,191,191,72.35221573624928,1.5249653416967797,src_3bbf709ff718,src_3bbf709ff718_20261006141046208_ab667d6040b8,2026-10-06T14:10:46.208Z,2026-10-06T14:10:47.285Z,2026-10-06T13:55:38.958Z,final
qc-prov-2026-10-05-general,qc-prov-2026-2026-667,667,Chapleau,2026,2026,59230,34216,477,34693,58.57,185,185,58.57335809555968,1.3749171302568242,src_3bbf709ff718,src_3bbf709ff718_20261006141046208_ab667d6040b8,2026-10-06T14:10:46.208Z,2026-10-06T14:10:47.285Z,2026-10-06T13:55:38.958Z,final
qc-prov-2026-10-05-general,qc-prov-2026-2026-767,767,Charlesbourg,2026,2026,57745,43865,620,44485,77.04,180,180,77.03697289808642,1.3937282229965158,src_3bbf709ff718,src_3bbf709ff718_20261006141046208_ab667d6040b8,2026-10-06T14:10:46.208Z,2026-10-06T14:10:47.285Z,2026-10-06T13:55:38.958Z,final
qc-prov-2026-10-05-general,qc-prov-2026-2026-771,771,Charlevoix-Côte-de-Beaupré,2026,2026,56046,40763,464,41227,73.56,189,189,73.5592192127895,1.1254760229946394,src_3bbf709ff718,src_3bbf709ff718_20261006141046208_ab667d6040b8,2026-10-06T14:10:46.208Z,2026-10-06T14:10:47.285Z,2026-10-06T13:55:38.958Z,final
qc-prov-2026-10-05-general,qc-prov-2026-2026-191,191,Châteauguay,2026,2026,57091,34514,575,35089,61.46,160,160,61.461526335149145,1.638690187808145,src_3bbf709ff718,src_3bbf709ff718_20261006141046208_ab667d6040b8,2026-10-06T14:10:46.208Z,2026-10-06T14:10:47.285Z,2026-10-06T13:55:38.958Z,final
qc-prov-2026-10-05-general,qc-prov-2026-2026-769,769,Chauveau,2026,2026,60028,46181,527,46708,77.81,193,193,77.81035516758845,1.1282863749250664,src_3bbf709ff718,src_3bbf709ff718_20261006141046208_ab667d6040b8,2026-10-06T14:10:46.208Z,2026-10-06T14:10:47.285Z,2026-10-06T13:55:38.958Z,final
qc-prov-2026-10-05-general,qc-prov-2026-2026-821,821,Chicoutimi,2026,2026,45858,30106,370,30476,66.46,147,147,66.45732478520651,1.2140700879380497,src_3bbf709ff718,src_3bbf709ff718_20261006141046208_ab667d6040b8,2026-10-06T14:10:46.208Z,2026-10-06T14:10:47.285Z,2026-10-06T13:55:38.958Z,final
qc-prov-2026-10-05-general,qc-prov-2026-2026-351,351,Chomedey,2026,2026,57202,28356,531,28887,50.5,169,169,50.49998251809377,1.8381971128881505,src_3bbf709ff718,src_3bbf709ff718_20261006141046208_ab667d6040b8,2026-10-06T14:10:46.208Z,2026-10-06T14:10:47.285Z,2026-10-06T13:55:38.958Z,final
qc-prov-2026-10-05-general,qc-prov-2026-2026-789,789,Chutes-de-la-Chaudière,2026,2026,62158,49644,597,50241,80.83,191,191,80.8278902152579,1.1882725264226428,src_3bbf709ff718,src_3bbf709ff718_20261006141046208_ab667d6040b8,2026-10-06T14:10:46.208Z,2026-10-06T14:10:47.285Z,2026-10-06T13:55:38.958Z,final
qc-prov-2026-10-05-general,qc-prov-2026-2026-799,799,Côte-du-Sud,2026,2026,50596,35804,490,36294,71.73,175,175,71.73294331567713,1.3500854135669809,src_3bbf709ff718,src_3bbf709ff718_20261006141046208_ab667d6040b8,2026-10-06T14:10:46.208Z,2026-10-06T14:10:47.285Z,2026-10-06T13:55:38.958Z,final
qc-prov-2026-10-05-general,qc-prov-2026-2026-131,131,Daniel-Johnson,2026,2026,49485,34529,680,35209,71.15,160,160,71.15085379407901,1.9313243772898974,src_3bbf709ff718,src_3bbf709ff718_20261006141046208_ab667d6040b8,2026-10-06T14:10:46.208Z,2026-10-06T14:10:47.285Z,2026-10-06T13:55:38.958Z,final
qc-prov-2026-10-05-general,qc-prov-2026-2026-277,277,D'Arcy-McGee,2026,2026,56919,27068,310,27378,48.1,171,171,48.099931481579084,1.1322960040908758,src_3bbf709ff718,src_3bbf709ff718_20261006141046208_ab667d6040b8,2026-10-06T14:10:46.208Z,2026-10-06T14:10:47.285Z,2026-10-06T13:55:38.958Z,final
qc-prov-2026-10-05-general,qc-prov-2026-2026-581,581,Deux-Montagnes,2026,2026,50574,34532,670,35202,69.6,154,154,69.60493534227074,1.9033009488097268,src_3bbf709ff718,src_3bbf709ff718_20261006141046208_ab667d6040b8,2026-10-06T14:10:46.208Z,2026-10-06T14:10:47.285Z,2026-10-06T13:55:38.958Z,final
qc-prov-2026-10-05-general,qc-prov-2026-2026-141,141,Drummond-Bois-Francs,2026,2026,53611,37311,725,38036,70.95,173,173,70.94812631736025,1.9060889683457778,src_3bbf709ff718,src_3bbf709ff718_20261006141046208_ab667d6040b8,2026-10-06T14:10:46.208Z,2026-10-06T14:10:47.285Z,2026-10-06T13:55:38.958Z,final
qc-prov-2026-10-05-general,qc-prov-2026-2026-819,819,Dubuc,2026,2026,43166,27763,411,28174,65.27,142,142,65.26896168280591,1.4587917938524881,src_3bbf709ff718,src_3bbf709ff718_20261006141046208_ab667d6040b8,2026-10-06T14:10:46.208Z,2026-10-06T14:10:47.285Z,2026-10-06T13:55:38.958Z,final
qc-prov-2026-10-05-general,qc-prov-2026-2026-813,813,Duplessis,2026,2026,37124,20013,241,20254,54.56,158,158,54.557698523865966,1.1898884171027946,src_3bbf709ff718,src_3bbf709ff718_20261006141046208_ab667d6040b8,2026-10-06T14:10:46.208Z,2026-10-06T14:10:47.285Z,2026-10-06T13:55:38.958Z,final
qc-prov-2026-10-05-general,qc-prov-2026-2026-357,357,Fabre,2026,2026,58674,35198,436,35634,60.73,164,164,60.73218120462215,1.2235505416175563,src_3bbf709ff718,src_3bbf709ff718_20261006141046208_ab667d6040b8,2026-10-06T14:10:46.208Z,2026-10-06T14:10:47.285Z,2026-10-06T13:55:38.958Z,final
qc-prov-2026-10-05-general,qc-prov-2026-2026-809,809,Gaspé,2026,2026,30110,17887,233,18120,60.18,118,118,60.179342411159084,1.2858719646799117,src_3bbf709ff718,src_3bbf709ff718_20261006141046208_ab667d6040b8,2026-10-06T14:10:46.208Z,2026-10-06T14:10:47.285Z,2026-10-06T13:55:38.958Z,final
qc-prov-2026-10-05-general,qc-prov-2026-2026-661,661,Gatineau,2026,2026,61945,37676,374,38050,61.43,206,206,61.42545806764065,0.9829172141918529,src_3bbf709ff718,src_3bbf709ff718_20261006141046208_ab667d6040b8,2026-10-06T14:10:46.208Z,2026-10-06T14:10:47.285Z,2026-10-06T13:55:38.958Z,final
qc-prov-2026-10-05-general,qc-prov-2026-2026-311,311,Gouin,2026,2026,43186,31029,326,31355,72.6,130,130,72.60454777011068,1.0397065858714718,src_3bbf709ff718,src_3bbf709ff718_20261006141046208_ab667d6040b8,2026-10-06T14:10:46.208Z,2026-10-06T14:10:47.285Z,2026-10-06T13:55:38.958Z,final
qc-prov-2026-10-05-general,qc-prov-2026-2026-159,159,Granby,2026,2026,59146,39869,739,40608,68.66,183,183,68.65722111385385,1.8198384554767533,src_3bbf709ff718,src_3bbf709ff718_20261006141046208_ab667d6040b8,2026-10-06T14:10:46.208Z,2026-10-06T14:10:47.285Z,2026-10-06T13:55:38.958Z,final
qc-prov-2026-10-05-general,qc-prov-2026-2026-577,577,Groulx,2026,2026,54278,36505,631,37136,68.42,181,181,68.41814363093702,1.699159844894442,src_3bbf709ff718,src_3bbf709ff718_20261006141046208_ab667d6040b8,2026-10-06T14:10:46.208Z,2026-10-06T14:10:47.285Z,2026-10-06T13:55:38.958Z,final
qc-prov-2026-10-05-general,qc-prov-2026-2026-317,317,Hochelaga-Maisonneuve,2026,2026,40990,27257,357,27614,67.37,139,139,67.36765064649914,1.2928224813500397,src_3bbf709ff718,src_3bbf709ff718_20261006141046208_ab667d6040b8,2026-10-06T14:10:46.208Z,2026-10-06T14:10:47.285Z,2026-10-06T13:55:38.958Z,final
qc-prov-2026-10-05-general,qc-prov-2026-2026-651,651,Hull,2026,2026,61050,33832,463,34295,56.18,195,195,56.175266175266174,1.350051027846625,src_3bbf709ff718,src_3bbf709ff718_20261006141046208_ab667d6040b8,2026-10-06T14:10:46.208Z,2026-10-06T14:10:47.285Z,2026-10-06T13:55:38.958Z,final
qc-prov-2026-10-05-general,qc-prov-2026-2026-171,171,Huntingdon,2026,2026,50373,33220,602,33822,67.14,158,158,67.14311238163302,1.7799065696883685,src_3bbf709ff718,src_3bbf709ff718_20261006141046208_ab667d6040b8,2026-10-06T14:10:46.208Z,2026-10-06T14:10:47.285Z,2026-10-06T13:55:38.958Z,final
qc-prov-2026-10-05-general,qc-prov-2026-2026-161,161,Iberville,2026,2026,51412,35921,656,36577,71.14,154,154,71.14486890220182,1.793476775022555,src_3bbf709ff718,src_3bbf709ff718_20261006141046208_ab667d6040b8,2026-10-06T14:10:46.208Z,2026-10-06T14:10:47.285Z,2026-10-06T13:55:38.958Z,final
qc-prov-2026-10-05-general,qc-prov-2026-2026-811,811,Îles-de-la-Madeleine,2026,2026,11155,7606,127,7733,69.32,44,44,69.32317346481399,1.642312168627958,src_3bbf709ff718,src_3bbf709ff718_20261006141046208_ab667d6040b8,2026-10-06T14:10:46.208Z,2026-10-06T14:10:47.285Z,2026-10-06T13:55:38.958Z,final
qc-prov-2026-10-05-general,qc-prov-2026-2026-259,259,Jacques-Cartier,2026,2026,48505,30675,174,30849,63.6,151,151,63.599628904236674,0.5640377321793251,src_3bbf709ff718,src_3bbf709ff718_20261006141046208_ab667d6040b8,2026-10-06T14:10:46.208Z,2026-10-06T14:10:47.285Z,2026-10-06T13:55:38.958Z,final
qc-prov-2026-10-05-general,qc-prov-2026-2026-757,757,Jean-Lesage,2026,2026,44648,30407,449,30856,69.11,144,144,69.10947858806665,1.4551464869069224,src_3bbf709ff718,src_3bbf709ff718_20261006141046208_ab667d6040b8,2026-10-06T14:10:46.208Z,2026-10-06T14:10:47.285Z,2026-10-06T13:55:38.958Z,final
qc-prov-2026-10-05-general,qc-prov-2026-2026-331,331,Jeanne-Mance-Viger,2026,2026,50087,27095,598,27693,55.29,144,144,55.289795755385626,2.1593904596829523,src_3bbf709ff718,src_3bbf709ff718_20261006141046208_ab667d6040b8,2026-10-06T14:10:46.208Z,2026-10-06T14:10:47.285Z,2026-10-06T13:55:38.958Z,final
qc-prov-2026-10-05-general,qc-prov-2026-2026-707,707,Jean-Talon,2026,2026,47798,36282,309,36591,76.55,171,171,76.55341227666429,0.8444699516274494,src_3bbf709ff718,src_3bbf709ff718_20261006141046208_ab667d6040b8,2026-10-06T14:10:46.208Z,2026-10-06T14:10:47.285Z,2026-10-06T13:55:38.958Z,final
qc-prov-2026-10-05-general,qc-prov-2026-2026-629,629,Joliette,2026,2026,59404,40777,786,41563,69.97,200,200,69.96666891118443,1.8911050694126987,src_3bbf709ff718,src_3bbf709ff718_20261006141046208_ab667d6040b8,2026-10-06T14:10:46.208Z,2026-10-06T14:10:47.285Z,2026-10-06T13:55:38.958Z,final
qc-prov-2026-10-05-general,qc-prov-2026-2026-823,823,Jonquière,2026,2026,45408,30551,475,31026,68.33,145,145,68.32716701902748,1.5309740217881778,src_3bbf709ff718,src_3bbf709ff718_20261006141046208_ab667d6040b8,2026-10-06T14:10:46.208Z,2026-10-06T14:10:47.285Z,2026-10-06T13:55:38.958Z,final
qc-prov-2026-10-05-general,qc-prov-2026-2026-649,649,Labelle,2026,2026,54450,35015,705,35720,65.6,176,176,65.60146923783287,1.9736842105263157,src_3bbf709ff718,src_3bbf709ff718_20261006141046208_ab667d6040b8,2026-10-06T14:10:46.208Z,2026-10-06T14:10:47.285Z,2026-10-06T13:55:38.958Z,final
qc-prov-2026-10-05-general,qc-prov-2026-2026-827,827,Lac-Saint-Jean,2026,2026,44732,29987,456,30443,68.06,144,144,68.05642493069838,1.497881286338403,src_3bbf709ff718,src_3bbf709ff718_20261006141046208_ab667d6040b8,2026-10-06T14:10:46.208Z,2026-10-06T14:10:47.285Z,2026-10-06T13:55:38.958Z,final
qc-prov-2026-10-05-general,qc-prov-2026-2026-339,339,LaFontaine,2026,2026,42624,25303,451,25754,60.42,146,146,60.42135885885886,1.7511842820532733,src_3bbf709ff718,src_3bbf709ff718_20261006141046208_ab667d6040b8,2026-10-06T14:10:46.208Z,2026-10-06T14:10:47.285Z,2026-10-06T13:55:38.958Z,final
qc-prov-2026-10-05-general,qc-prov-2026-2026-729,729,La Peltrie,2026,2026,59815,45317,512,45829,76.62,183,183,76.61790520772381,1.117196534945122,src_3bbf709ff718,src_3bbf709ff718_20261006141046208_ab667d6040b8,2026-10-06T14:10:46.208Z,2026-10-06T14:10:47.285Z,2026-10-06T13:55:38.958Z,final
qc-prov-2026-10-05-general,qc-prov-2026-2026-201,201,La Pinière,2026,2026,58907,33954,375,34329,58.28,172,172,58.27660549680004,1.0923708817617757,src_3bbf709ff718,src_3bbf709ff718_20261006141046208_ab667d6040b8,2026-10-06T14:10:46.208Z,2026-10-06T14:10:47.285Z,2026-10-06T13:55:38.958Z,final
qc-prov-2026-10-05-general,qc-prov-2026-2026-199,199,La Prairie,2026,2026,50872,36662,486,37148,73.02,164,164,73.02248781254914,1.3082803919457306,src_3bbf709ff718,src_3bbf709ff718_20261006141046208_ab667d6040b8,2026-10-06T14:10:46.208Z,2026-10-06T14:10:47.285Z,2026-10-06T13:55:38.958Z,final
qc-prov-2026-10-05-general,qc-prov-2026-2026-621,621,L'Assomption,2026,2026,57207,39724,722,40446,70.7,181,181,70.70113797262573,1.7850961776195422,src_3bbf709ff718,src_3bbf709ff718_20261006141046208_ab667d6040b8,2026-10-06T14:10:46.208Z,2026-10-06T14:10:47.285Z,2026-10-06T13:55:38.958Z,final
qc-prov-2026-10-05-general,qc-prov-2026-2026-307,307,Laurier-Dorion,2026,2026,44455,28772,335,29107,65.48,148,148,65.47519964008548,1.1509258941148177,src_3bbf709ff718,src_3bbf709ff718_20261006141046208_ab667d6040b8,2026-10-06T14:10:46.208Z,2026-10-06T14:10:47.285Z,2026-10-06T13:55:38.958Z,final
qc-prov-2026-10-05-general,qc-prov-2026-2026-347,347,Laval-des-Rapides,2026,2026,56746,33075,578,33653,59.3,173,173,59.30462058999753,1.717528897869432,src_3bbf709ff718,src_3bbf709ff718_20261006141046208_ab667d6040b8,2026-10-06T14:10:46.208Z,2026-10-06T14:10:47.285Z,2026-10-06T13:55:38.958Z,final
qc-prov-2026-10-05-general,qc-prov-2026-2026-697,697,Laviolette-Saint-Maurice,2026,2026,60890,38733,733,39466,64.82,198,198,64.81524059779932,1.8572948867379517,src_3bbf709ff718,src_3bbf709ff718_20261006141046208_ab667d6040b8,2026-10-06T14:10:46.208Z,2026-10-06T14:10:47.285Z,2026-10-06T13:55:38.958Z,final
qc-prov-2026-10-05-general,qc-prov-2026-2026-601,601,Les Plaines,2026,2026,49905,33306,753,34059,68.25,153,153,68.24767057409078,2.2108693737338148,src_3bbf709ff718,src_3bbf709ff718_20261006141046208_ab667d6040b8,2026-10-06T14:10:46.208Z,2026-10-06T14:10:47.285Z,2026-10-06T13:55:38.958Z,final
qc-prov-2026-10-05-general,qc-prov-2026-2026-791,791,Lévis,2026,2026,54022,39905,528,40433,74.85,173,173,74.84543334197178,1.3058640219622586,src_3bbf709ff718,src_3bbf709ff718_20261006141046208_ab667d6040b8,2026-10-06T14:10:46.208Z,2026-10-06T14:10:47.285Z,2026-10-06T13:55:38.958Z,final
qc-prov-2026-10-05-general,qc-prov-2026-2026-787,787,Lotbinière-Frontenac,2026,2026,59603,44079,616,44695,74.99,194,194,74.98783618274248,1.3782302270947533,src_3bbf709ff718,src_3bbf709ff718_20261006141046208_ab667d6040b8,2026-10-06T14:10:46.208Z,2026-10-06T14:10:47.285Z,2026-10-06T13:55:38.958Z,final
qc-prov-2026-10-05-general,qc-prov-2026-2026-709,709,Louis-Hébert,2026,2026,48220,39587,361,39948,82.85,165,165,82.84529240978847,0.9036747772103735,src_3bbf709ff718,src_3bbf709ff718_20261006141046208_ab667d6040b8,2026-10-06T14:10:46.208Z,2026-10-06T14:10:47.285Z,2026-10-06T13:55:38.958Z,final
qc-prov-2026-10-05-general,qc-prov-2026-2026-251,251,Marguerite-Bourgeoys,2026,2026,53367,27754,546,28300,53.03,158,158,53.02902542769876,1.9293286219081272,src_3bbf709ff718,src_3bbf709ff718_20261006141046208_ab667d6040b8,2026-10-06T14:10:46.208Z,2026-10-06T14:10:47.285Z,2026-10-06T13:55:38.958Z,final
qc-prov-2026-10-05-general,qc-prov-2026-2026-139,139,Marie-Lacoste-Gérin-Lajoie,2026,2026,46362,31327,535,31862,68.72,150,150,68.72438635089081,1.6791161885631787,src_3bbf709ff718,src_3bbf709ff718_20261006141046208_ab667d6040b8,2026-10-06T14:10:46.208Z,2026-10-06T14:10:47.285Z,2026-10-06T13:55:38.958Z,final
qc-prov-2026-10-05-general,qc-prov-2026-2026-219,219,Marie-Victorin,2026,2026,44666,27606,535,28141,63,139,139,63.00317915192764,1.9011406844106464,src_3bbf709ff718,src_3bbf709ff718_20261006141046208_ab667d6040b8,2026-10-06T14:10:46.208Z,2026-10-06T14:10:47.285Z,2026-10-06T13:55:38.958Z,final
qc-prov-2026-10-05-general,qc-prov-2026-2026-257,257,Marquette,2026,2026,45585,26220,337,26557,58.26,137,137,58.258198968959086,1.2689686335052905,src_3bbf709ff718,src_3bbf709ff718_20261006141046208_ab667d6040b8,2026-10-06T14:10:46.208Z,2026-10-06T14:10:47.285Z,2026-10-06T13:55:38.958Z,final
qc-prov-2026-10-05-general,qc-prov-2026-2026-693,693,Maskinongé,2026,2026,48326,34782,490,35272,72.99,151,151,72.98762570872822,1.389203901111363,src_3bbf709ff718,src_3bbf709ff718_20261006141046208_ab667d6040b8,2026-10-06T14:10:46.208Z,2026-10-06T14:10:47.285Z,2026-10-06T13:55:38.958Z,final
qc-prov-2026-10-05-general,qc-prov-2026-2026-611,611,Masson,2026,2026,55418,38425,778,39203,70.74,165,165,70.74055361074019,1.9845419993367854,src_3bbf709ff718,src_3bbf709ff718_20261006141046208_ab667d6040b8,2026-10-06T14:10:46.208Z,2026-10-06T14:10:47.285Z,2026-10-06T13:55:38.958Z,final
qc-prov-2026-10-05-general,qc-prov-2026-2026-807,807,Matane-Matapédia-Mitis,2026,2026,46539,29193,324,29517,63.42,158,158,63.4242248436795,1.097672527695904,src_3bbf709ff718,src_3bbf709ff718_20261006141046208_ab667d6040b8,2026-10-06T14:10:46.208Z,2026-10-06T14:10:47.285Z,2026-10-06T13:55:38.958Z,final
qc-prov-2026-10-05-general,qc-prov-2026-2026-301,301,Maurice-Richard,2026,2026,46090,31446,500,31946,69.31,141,141,69.31221523106964,1.5651411757340512,src_3bbf709ff718,src_3bbf709ff718_20261006141046208_ab667d6040b8,2026-10-06T14:10:46.208Z,2026-10-06T14:10:47.285Z,2026-10-06T13:55:38.958Z,final
qc-prov-2026-10-05-general,qc-prov-2026-2026-117,117,Mégantic,2026,2026,51921,35844,490,36334,69.98,172,172,69.97939176826333,1.3485991082732427,src_3bbf709ff718,src_3bbf709ff718_20261006141046208_ab667d6040b8,2026-10-06T14:10:46.208Z,2026-10-06T14:10:47.285Z,2026-10-06T13:55:38.958Z,final
qc-prov-2026-10-05-general,qc-prov-2026-2026-313,313,Mercier,2026,2026,45620,30001,323,30324,66.47,139,139,66.47084612012276,1.0651629072681705,src_3bbf709ff718,src_3bbf709ff718_20261006141046208_ab667d6040b8,2026-10-06T14:10:46.208Z,2026-10-06T14:10:47.285Z,2026-10-06T13:55:38.958Z,final
qc-prov-2026-10-05-general,qc-prov-2026-2026-571,571,Mille-Îles,2026,2026,50119,32765,500,33265,66.37,147,147,66.37203455775254,1.5030813166992334,src_3bbf709ff718,src_3bbf709ff718_20261006141046208_ab667d6040b8,2026-10-06T14:10:46.208Z,2026-10-06T14:10:47.285Z,2026-10-06T13:55:38.958Z,final
qc-prov-2026-10-05-general,qc-prov-2026-2026-587,587,Mirabel,2026,2026,55339,38764,703,39467,71.32,168,168,71.31859990241963,1.7812349557858465,src_3bbf709ff718,src_3bbf709ff718_20261006141046208_ab667d6040b8,2026-10-06T14:10:46.208Z,2026-10-06T14:10:47.285Z,2026-10-06T13:55:38.958Z,final
qc-prov-2026-10-05-general,qc-prov-2026-2026-227,227,Montarville,2026,2026,53937,43098,422,43520,80.69,161,161,80.6867271075514,0.9696691176470589,src_3bbf709ff718,src_3bbf709ff718_20261006141046208_ab667d6040b8,2026-10-06T14:10:46.208Z,2026-10-06T14:10:47.285Z,2026-10-06T13:55:38.958Z,final
qc-prov-2026-10-05-general,qc-prov-2026-2026-761,761,Montmorency,2026,2026,58226,43903,488,44391,76.24,182,182,76.23913715522275,1.0993219346263883,src_3bbf709ff718,src_3bbf709ff718_20261006141046208_ab667d6040b8,2026-10-06T14:10:46.208Z,2026-10-06T14:10:47.285Z,2026-10-06T13:55:38.958Z,final
qc-prov-2026-10-05-general,qc-prov-2026-2026-297,297,Mont-Royal-Outremont,2026,2026,59033,31655,283,31938,54.1,196,196,54.1019429810445,0.8860918028680569,src_3bbf709ff718,src_3bbf709ff718_20261006141046208_ab667d6040b8,2026-10-06T14:10:46.208Z,2026-10-06T14:10:47.285Z,2026-10-06T13:55:38.958Z,final
qc-prov-2026-10-05-general,qc-prov-2026-2026-261,261,Nelligan,2026,2026,58302,34290,326,34616,59.37,178,178,59.37360639429179,0.9417610353593714,src_3bbf709ff718,src_3bbf709ff718_20261006141046208_ab667d6040b8,2026-10-06T14:10:46.208Z,2026-10-06T14:10:47.285Z,2026-10-06T13:55:38.958Z,final
qc-prov-2026-10-05-general,qc-prov-2026-2026-151,151,Nicolet-Bécancour,2026,2026,41215,30513,482,30995,75.2,143,143,75.20320271745723,1.5550895305694468,src_3bbf709ff718,src_3bbf709ff718_20261006141046208_ab667d6040b8,2026-10-06T14:10:46.208Z,2026-10-06T14:10:47.285Z,2026-10-06T13:55:38.958Z,final
qc-prov-2026-10-05-general,qc-prov-2026-2026-279,279,Notre-Dame-de-Grâce,2026,2026,47362,26786,245,27031,57.07,142,142,57.07318103120645,0.9063667640856794,src_3bbf709ff718,src_3bbf709ff718_20261006141046208_ab667d6040b8,2026-10-06T14:10:46.208Z,2026-10-06T14:10:47.285Z,2026-10-06T13:55:38.958Z,final
qc-prov-2026-10-05-general,qc-prov-2026-2026-127,127,Orford,2026,2026,47940,34602,371,34973,72.95,148,148,72.95160617438465,1.0608183455808766,src_3bbf709ff718,src_3bbf709ff718_20261006141046208_ab667d6040b8,2026-10-06T14:10:46.208Z,2026-10-06T14:10:47.285Z,2026-10-06T13:55:38.958Z,final
qc-prov-2026-10-05-general,qc-prov-2026-2026-669,669,Papineau,2026,2026,60947,37053,516,37569,61.64,204,204,61.64208246509262,1.3734728100295457,src_3bbf709ff718,src_3bbf709ff718_20261006141046208_ab667d6040b8,2026-10-06T14:10:46.208Z,2026-10-06T14:10:47.285Z,2026-10-06T13:55:38.958Z,final
qc-prov-2026-10-05-general,qc-prov-2026-2026-217,217,Pierre-Laporte,2026,2026,53216,33886,450,34336,64.52,162,162,64.5219482862297,1.310577819198509,src_3bbf709ff718,src_3bbf709ff718_20261006141046208_ab667d6040b8,2026-10-06T14:10:46.208Z,2026-10-06T14:10:47.285Z,2026-10-06T13:55:38.958Z,final
qc-prov-2026-10-05-general,qc-prov-2026-2026-341,341,Pointe-aux-Trembles,2026,2026,40363,25729,524,26253,65.04,130,130,65.04224165696306,1.995962366205767,src_3bbf709ff718,src_3bbf709ff718_20261006141046208_ab667d6040b8,2026-10-06T14:10:46.208Z,2026-10-06T14:10:47.285Z,2026-10-06T13:55:38.958Z,final
qc-prov-2026-10-05-general,qc-prov-2026-2026-657,657,Pontiac,2026,2026,56444,29901,285,30186,53.48,185,185,53.47955495712565,0.9441462929835023,src_3bbf709ff718,src_3bbf709ff718_20261006141046208_ab667d6040b8,2026-10-06T14:10:46.208Z,2026-10-06T14:10:47.285Z,2026-10-06T13:55:38.958Z,final
qc-prov-2026-10-05-general,qc-prov-2026-2026-727,727,Portneuf,2026,2026,56234,42294,444,42738,76,184,184,76.0002845253761,1.0388881089428612,src_3bbf709ff718,src_3bbf709ff718_20261006141046208_ab667d6040b8,2026-10-06T14:10:46.208Z,2026-10-06T14:10:47.285Z,2026-10-06T13:55:38.958Z,final
qc-prov-2026-10-05-general,qc-prov-2026-2026-637,637,Prévost,2026,2026,53395,37695,589,38284,71.7,159,159,71.69959734057495,1.5385017239577892,src_3bbf709ff718,src_3bbf709ff718_20261006141046208_ab667d6040b8,2026-10-06T14:10:46.208Z,2026-10-06T14:10:47.285Z,2026-10-06T13:55:38.958Z,final
qc-prov-2026-10-05-general,qc-prov-2026-2026-817,817,René-Lévesque,2026,2026,32035,18562,309,18871,58.91,118,118,58.90744498205088,1.63743309840496,src_3bbf709ff718,src_3bbf709ff718_20261006141046208_ab667d6040b8,2026-10-06T14:10:46.208Z,2026-10-06T14:10:47.285Z,2026-10-06T13:55:38.958Z,final
qc-prov-2026-10-05-general,qc-prov-2026-2026-617,617,Repentigny,2026,2026,56853,40333,672,41005,72.12,172,172,72.12460204386751,1.6388245335934641,src_3bbf709ff718,src_3bbf709ff718_20261006141046208_ab667d6040b8,2026-10-06T14:10:46.208Z,2026-10-06T14:10:47.285Z,2026-10-06T13:55:38.958Z,final
qc-prov-2026-10-05-general,qc-prov-2026-2026-241,241,Richelieu,2026,2026,54251,36535,779,37314,68.78,177,177,68.78029898066396,2.0876882671383394,src_3bbf709ff718,src_3bbf709ff718_20261006141046208_ab667d6040b8,2026-10-06T14:10:46.208Z,2026-10-06T14:10:47.285Z,2026-10-06T13:55:38.958Z,final
qc-prov-2026-10-05-general,qc-prov-2026-2026-137,137,Richmond,2026,2026,59369,43512,587,44099,74.28,196,196,74.27950613956779,1.331095943218667,src_3bbf709ff718,src_3bbf709ff718_20261006141046208_ab667d6040b8,2026-10-06T14:10:46.208Z,2026-10-06T14:10:47.285Z,2026-10-06T13:55:38.958Z,final
qc-prov-2026-10-05-general,qc-prov-2026-2026-803,803,Rimouski,2026,2026,46554,32730,393,33123,71.15,159,159,71.14963268462431,1.186486731274341,src_3bbf709ff718,src_3bbf709ff718_20261006141046208_ab667d6040b8,2026-10-06T14:10:46.208Z,2026-10-06T14:10:47.285Z,2026-10-06T13:55:38.958Z,final
qc-prov-2026-10-05-general,qc-prov-2026-2026-801,801,Rivière-du-Loup-Témiscouata-Les Basques,2026,2026,52139,36113,505,36618,70.23,192,192,70.23149657645908,1.3791031733027472,src_3bbf709ff718,src_3bbf709ff718_20261006141046208_ab667d6040b8,2026-10-06T14:10:46.208Z,2026-10-06T14:10:47.285Z,2026-10-06T13:55:38.958Z,final
qc-prov-2026-10-05-general,qc-prov-2026-2026-267,267,Robert-Baldwin,2026,2026,55208,30722,344,31066,56.27,164,164,56.27083031444718,1.1073198995686602,src_3bbf709ff718,src_3bbf709ff718_20261006141046208_ab667d6040b8,2026-10-06T14:10:46.208Z,2026-10-06T14:10:47.285Z,2026-10-06T13:55:38.958Z,final
qc-prov-2026-10-05-general,qc-prov-2026-2026-829,829,Roberval,2026,2026,44601,27835,439,28274,63.39,152,152,63.39319746194032,1.5526632241635425,src_3bbf709ff718,src_3bbf709ff718_20261006141046208_ab667d6040b8,2026-10-06T14:10:46.208Z,2026-10-06T14:10:47.285Z,2026-10-06T13:55:38.958Z,final
qc-prov-2026-10-05-general,qc-prov-2026-2026-319,319,Rosemont,2026,2026,52328,36131,601,36732,70.2,175,175,70.1956887326097,1.6361755417619515,src_3bbf709ff718,src_3bbf709ff718_20261006141046208_ab667d6040b8,2026-10-06T14:10:46.208Z,2026-10-06T14:10:47.285Z,2026-10-06T13:55:38.958Z,final
qc-prov-2026-10-05-general,qc-prov-2026-2026-631,631,Rousseau,2026,2026,49499,30935,774,31709,64.06,153,153,64.0598799975757,2.440947365101391,src_3bbf709ff718,src_3bbf709ff718_20261006141046208_ab667d6040b8,2026-10-06T14:10:46.208Z,2026-10-06T14:10:47.285Z,2026-10-06T13:55:38.958Z,final
qc-prov-2026-10-05-general,qc-prov-2026-2026-671,671,Rouyn-Noranda-Témiscamingue,2026,2026,44506,27994,431,28425,63.87,154,154,63.86779310654743,1.5162708883025506,src_3bbf709ff718,src_3bbf709ff718_20261006141046208_ab667d6040b8,2026-10-06T14:10:46.208Z,2026-10-06T14:10:47.285Z,2026-10-06T13:55:38.958Z,final
qc-prov-2026-10-05-general,qc-prov-2026-2026-119,119,Saint-François,2026,2026,55182,37300,599,37899,68.68,186,186,68.68000434924431,1.5805166363228582,src_3bbf709ff718,src_3bbf709ff718_20261006141046208_ab667d6040b8,2026-10-06T14:10:46.208Z,2026-10-06T14:10:47.285Z,2026-10-06T13:55:38.958Z,final
qc-prov-2026-10-05-general,qc-prov-2026-2026-281,281,Saint-Henri-Sainte-Anne,2026,2026,60412,36097,460,36557,60.51,186,186,60.51281202410117,1.2583089421998523,src_3bbf709ff718,src_3bbf709ff718_20261006141046208_ab667d6040b8,2026-10-06T14:10:46.208Z,2026-10-06T14:10:47.285Z,2026-10-06T13:55:38.958Z,final
qc-prov-2026-10-05-general,qc-prov-2026-2026-239,239,Saint-Hyacinthe,2026,2026,55710,39296,740,40036,71.87,169,169,71.86501525758392,1.8483364971525627,src_3bbf709ff718,src_3bbf709ff718_20261006141046208_ab667d6040b8,2026-10-06T14:10:46.208Z,2026-10-06T14:10:47.285Z,2026-10-06T13:55:38.958Z,final
qc-prov-2026-10-05-general,qc-prov-2026-2026-167,167,Saint-Jean,2026,2026,61671,42278,777,43055,69.81,187,187,69.81401306935189,1.8046684473348042,src_3bbf709ff718,src_3bbf709ff718_20261006141046208_ab667d6040b8,2026-10-06T14:10:46.208Z,2026-10-06T14:10:47.285Z,2026-10-06T13:55:38.958Z,final
qc-prov-2026-10-05-general,qc-prov-2026-2026-597,597,Saint-Jérôme,2026,2026,46111,28419,637,29056,63.01,150,150,63.0131638871419,2.192318281938326,src_3bbf709ff718,src_3bbf709ff718_20261006141046208_ab667d6040b8,2026-10-06T14:10:46.208Z,2026-10-06T14:10:47.285Z,2026-10-06T13:55:38.958Z,final
qc-prov-2026-10-05-general,qc-prov-2026-2026-271,271,Saint-Laurent,2026,2026,59678,30635,406,31041,52.01,169,169,52.01414256509937,1.3079475532360427,src_3bbf709ff718,src_3bbf709ff718_20261006141046208_ab667d6040b8,2026-10-06T14:10:46.208Z,2026-10-06T14:10:47.285Z,2026-10-06T13:55:38.958Z,final
qc-prov-2026-10-05-general,qc-prov-2026-2026-287,287,Sainte-Marie-Saint-Jacques,2026,2026,42949,25309,224,25533,59.45,144,144,59.44957973410324,0.8772960482512826,src_3bbf709ff718,src_3bbf709ff718_20261006141046208_ab667d6040b8,2026-10-06T14:10:46.208Z,2026-10-06T14:10:47.285Z,2026-10-06T13:55:38.958Z,final
qc-prov-2026-10-05-general,qc-prov-2026-2026-359,359,Sainte-Rose,2026,2026,58391,37566,582,38148,65.33,181,181,65.33198609374732,1.5256369927650204,src_3bbf709ff718,src_3bbf709ff718_20261006141046208_ab667d6040b8,2026-10-06T14:10:46.208Z,2026-10-06T14:10:47.285Z,2026-10-06T13:55:38.958Z,final
qc-prov-2026-10-05-general,qc-prov-2026-2026-197,197,Sanguinet,2026,2026,45528,32053,501,32554,71.5,138,138,71.50325074679319,1.5389813847760643,src_3bbf709ff718,src_3bbf709ff718_20261006141046208_ab667d6040b8,2026-10-06T14:10:46.208Z,2026-10-06T14:10:47.285Z,2026-10-06T13:55:38.958Z,final
qc-prov-2026-10-05-general,qc-prov-2026-2026-121,121,Sherbrooke,2026,2026,53681,37169,554,37723,70.27,186,186,70.27253590655911,1.468600058319858,src_3bbf709ff718,src_3bbf709ff718_20261006141046208_ab667d6040b8,2026-10-06T14:10:46.208Z,2026-10-06T14:10:47.285Z,2026-10-06T13:55:38.958Z,final
qc-prov-2026-10-05-general,qc-prov-2026-2026-181,181,Soulanges,2026,2026,59017,40017,571,40588,68.77,176,176,68.77340427334497,1.4068197496797084,src_3bbf709ff718,src_3bbf709ff718_20261006141046208_ab667d6040b8,2026-10-06T14:10:46.208Z,2026-10-06T14:10:47.285Z,2026-10-06T13:55:38.958Z,final
qc-prov-2026-10-05-general,qc-prov-2026-2026-221,221,Taillon,2026,2026,52378,35256,559,35815,68.38,161,161,68.37794493871473,1.5607985480943738,src_3bbf709ff718,src_3bbf709ff718_20261006141046208_ab667d6040b8,2026-10-06T14:10:46.208Z,2026-10-06T14:10:47.285Z,2026-10-06T13:55:38.958Z,final
qc-prov-2026-10-05-general,qc-prov-2026-2026-751,751,Taschereau,2026,2026,48739,35962,320,36282,74.44,159,159,74.44141242126429,0.8819800452014773,src_3bbf709ff718,src_3bbf709ff718_20261006141046208_ab667d6040b8,2026-10-06T14:10:46.208Z,2026-10-06T14:10:47.285Z,2026-10-06T13:55:38.958Z,final
qc-prov-2026-10-05-general,qc-prov-2026-2026-609,609,Terrebonne,2026,2026,55390,38921,631,39552,71.41,170,170,71.40639104531503,1.5953681229773462,src_3bbf709ff718,src_3bbf709ff718_20261006141046208_ab667d6040b8,2026-10-06T14:10:46.208Z,2026-10-06T14:10:47.285Z,2026-10-06T13:55:38.958Z,final
qc-prov-2026-10-05-general,qc-prov-2026-2026-691,691,Trois-Rivières,2026,2026,54168,37299,481,37780,69.75,169,169,69.7459754836804,1.2731604023292749,src_3bbf709ff718,src_3bbf709ff718_20261006141046208_ab667d6040b8,2026-10-06T14:10:46.208Z,2026-10-06T14:10:47.285Z,2026-10-06T13:55:38.958Z,final
qc-prov-2026-10-05-general,qc-prov-2026-2026-831,831,Ungava,2026,2026,30849,8382,175,8557,27.74,111,111,27.738338357807386,2.0451092672665654,src_3bbf709ff718,src_3bbf709ff718_20261006141046208_ab667d6040b8,2026-10-06T14:10:46.208Z,2026-10-06T14:10:47.285Z,2026-10-06T13:55:38.958Z,final
qc-prov-2026-10-05-general,qc-prov-2026-2026-211,211,Vachon,2026,2026,54306,36559,588,37147,68.4,178,178,68.40312304349428,1.5829003688050178,src_3bbf709ff718,src_3bbf709ff718_20261006141046208_ab667d6040b8,2026-10-06T14:10:46.208Z,2026-10-06T14:10:47.285Z,2026-10-06T13:55:38.958Z,final
qc-prov-2026-10-05-general,qc-prov-2026-2026-749,749,Vanier-Les Rivières,2026,2026,59730,44633,553,45186,75.65,191,191,75.65042692114515,1.223830389943788,src_3bbf709ff718,src_3bbf709ff718_20261006141046208_ab667d6040b8,2026-10-06T14:10:46.208Z,2026-10-06T14:10:47.285Z,2026-10-06T13:55:38.958Z,final
qc-prov-2026-10-05-general,qc-prov-2026-2026-187,187,Vaudreuil,2026,2026,62539,40177,507,40684,65.05,186,186,65.05380642479093,1.2461901484613116,src_3bbf709ff718,src_3bbf709ff718_20261006141046208_ab667d6040b8,2026-10-06T14:10:46.208Z,2026-10-06T14:10:47.285Z,2026-10-06T13:55:38.958Z,final
qc-prov-2026-10-05-general,qc-prov-2026-2026-231,231,Verchères,2026,2026,56437,42931,714,43645,77.33,178,178,77.33401846306501,1.6359262229350442,src_3bbf709ff718,src_3bbf709ff718_20261006141046208_ab667d6040b8,2026-10-06T14:10:46.208Z,2026-10-06T14:10:47.285Z,2026-10-06T13:55:38.958Z,final
qc-prov-2026-10-05-general,qc-prov-2026-2026-247,247,Verdun,2026,2026,50061,32759,378,33137,66.19,156,156,66.19324424202473,1.1407188339318586,src_3bbf709ff718,src_3bbf709ff718_20261006141046208_ab667d6040b8,2026-10-06T14:10:46.208Z,2026-10-06T14:10:47.285Z,2026-10-06T13:55:38.958Z,final
qc-prov-2026-10-05-general,qc-prov-2026-2026-321,321,Viau,2026,2026,39502,20489,416,20905,52.92,121,121,52.92137106981925,1.9899545563262377,src_3bbf709ff718,src_3bbf709ff718_20261006141046208_ab667d6040b8,2026-10-06T14:10:46.208Z,2026-10-06T14:10:47.285Z,2026-10-06T13:55:38.958Z,final
qc-prov-2026-10-05-general,qc-prov-2026-2026-569,569,Vimont-Auteuil,2026,2026,47066,31754,482,32236,68.49,144,144,68.4910551140951,1.4952227323489267,src_3bbf709ff718,src_3bbf709ff718_20261006141046208_ab667d6040b8,2026-10-06T14:10:46.208Z,2026-10-06T14:10:47.285Z,2026-10-06T13:55:38.958Z,final
qc-prov-2026-10-05-general,qc-prov-2026-2026-291,291,Westmount-Saint-Louis,2026,2026,53185,24270,192,24462,45.99,179,179,45.99417128889725,0.7848908511160166,src_3bbf709ff718,src_3bbf709ff718_20261006141046208_ab667d6040b8,2026-10-06T14:10:46.208Z,2026-10-06T14:10:47.285Z,2026-10-06T13:55:38.958Z,final
qc-prov-2026-10-05-general,qc-prov-2026-2026-689,689,Abitibi-Est,2026,2026,33465,20759,422,21181,63.29,120,120,63.292992678918274,1.9923516359000992,src_3bbf709ff718,src_3bbf709ff718_20261006150515586_f23cf0de219b,2026-10-06T15:05:15.586Z,2026-10-06T15:05:15.672Z,2026-10-06T14:57:08.957Z,final
qc-prov-2026-10-05-general,qc-prov-2026-2026-681,681,Abitibi-Ouest,2026,2026,35317,22344,364,22708,64.3,132,132,64.2976470255118,1.6029593094944512,src_3bbf709ff718,src_3bbf709ff718_20261006150515586_f23cf0de219b,2026-10-06T15:05:15.586Z,2026-10-06T15:05:15.672Z,2026-10-06T14:57:08.957Z,final
qc-prov-2026-10-05-general,qc-prov-2026-2026-299,299,Acadie,2026,2026,50296,26277,451,26728,53.14,149,149,53.141402894862416,1.6873690511822808,src_3bbf709ff718,src_3bbf709ff718_20261006150515586_f23cf0de219b,2026-10-06T15:05:15.586Z,2026-10-06T15:05:15.672Z,2026-10-06T14:57:08.957Z,final
qc-prov-2026-10-05-general,qc-prov-2026-2026-833,833,Anjou-Louis-Riel,2026,2026,41546,25574,469,26043,62.68,128,128,62.68473499253839,1.8008677955688668,src_3bbf709ff718,src_3bbf709ff718_20261006150515586_f23cf0de219b,2026-10-06T15:05:15.586Z,2026-10-06T15:05:15.672Z,2026-10-06T14:57:08.957Z,final
qc-prov-2026-10-05-general,qc-prov-2026-2026-589,589,Argenteuil,2026,2026,43063,27028,422,27450,63.74,136,136,63.74381719805866,1.5373406193078325,src_3bbf709ff718,src_3bbf709ff718_20261006150515586_f23cf0de219b,2026-10-06T15:05:15.586Z,2026-10-06T15:05:15.672Z,2026-10-06T14:57:08.957Z,final
qc-prov-2026-10-05-general,qc-prov-2026-2026-147,147,Arthabaska-L'Érable,2026,2026,61921,45459,604,46063,74.39,194,194,74.38994848274415,1.3112476391029677,src_3bbf709ff718,src_3bbf709ff718_20261006150515586_f23cf0de219b,2026-10-06T15:05:15.586Z,2026-10-06T15:05:15.672Z,2026-10-06T14:57:08.957Z,final
qc-prov-2026-10-05-general,qc-prov-2026-2026-781,781,Beauce-Nord,2026,2026,46667,35830,367,36197,77.56,150,150,77.56444596824308,1.0138961792413737,src_3bbf709ff718,src_3bbf709ff718_20261006150515586_f23cf0de219b,2026-10-06T15:05:15.586Z,2026-10-06T15:05:15.672Z,2026-10-06T14:57:08.957Z,final
qc-prov-2026-10-05-general,qc-prov-2026-2026-777,777,Beauce-Sud,2026,2026,50834,37748,392,38140,75.03,167,167,75.02852421607585,1.027792343995805,src_3bbf709ff718,src_3bbf709ff718_20261006150515586_f23cf0de219b,2026-10-06T15:05:15.586Z,2026-10-06T15:05:15.672Z,2026-10-06T14:57:08.957Z,final
qc-prov-2026-10-05-general,qc-prov-2026-2026-179,179,Beauharnois,2026,2026,59965,39500,782,40282,67.18,187,187,67.17585258067206,1.9413137381460701,src_3bbf709ff718,src_3bbf709ff718_20261006150515586_f23cf0de219b,2026-10-06T15:05:15.586Z,2026-10-06T15:05:15.672Z,2026-10-06T14:57:08.957Z,final
qc-prov-2026-10-05-general,qc-prov-2026-2026-797,797,Bellechasse,2026,2026,46198,35281,419,35700,77.28,162,162,77.27607255725356,1.173669467787115,src_3bbf709ff718,src_3bbf709ff718_20261006150515586_f23cf0de219b,2026-10-06T15:05:15.586Z,2026-10-06T15:05:15.672Z,2026-10-06T14:57:08.957Z,final
qc-prov-2026-10-05-general,qc-prov-2026-2026-591,591,Bellefeuille,2026,2026,45378,31218,574,31792,70.06,138,138,70.06038168275376,1.8054856567689985,src_3bbf709ff718,src_3bbf709ff718_20261006150515586_f23cf0de219b,2026-10-06T15:05:15.586Z,2026-10-06T15:05:15.672Z,2026-10-06T14:57:08.957Z,final
qc-prov-2026-10-05-general,qc-prov-2026-2026-627,627,Berthier,2026,2026,54047,35993,713,36706,67.91,172,172,67.9149629026588,1.9424617228790932,src_3bbf709ff718,src_3bbf709ff718_20261006150515586_f23cf0de219b,2026-10-06T15:05:15.586Z,2026-10-06T15:05:15.672Z,2026-10-06T14:57:08.957Z,final
qc-prov-2026-10-05-general,qc-prov-2026-2026-641,641,Bertrand,2026,2026,60079,39531,570,40101,66.75,184,184,66.74711629687577,1.4214109373831076,src_3bbf709ff718,src_3bbf709ff718_20261006150515586_f23cf0de219b,2026-10-06T15:05:15.586Z,2026-10-06T15:05:15.672Z,2026-10-06T14:57:08.957Z,final
qc-prov-2026-10-05-general,qc-prov-2026-2026-607,607,Blainville,2026,2026,62470,44520,684,45204,72.36,191,191,72.36113334400513,1.513140430050438,src_3bbf709ff718,src_3bbf709ff718_20261006150515586_f23cf0de219b,2026-10-06T15:05:15.586Z,2026-10-06T15:05:15.672Z,2026-10-06T14:57:08.957Z,final
qc-prov-2026-10-05-general,qc-prov-2026-2026-837,837,Bonaventure,2026,2026,35906,21254,316,21570,60.07,127,127,60.07352531610316,1.4649976819656931,src_3bbf709ff718,src_3bbf709ff718_20261006150515586_f23cf0de219b,2026-10-06T15:05:15.586Z,2026-10-06T15:05:15.672Z,2026-10-06T14:57:08.957Z,final
qc-prov-2026-10-05-general,qc-prov-2026-2026-237,237,Borduas,2026,2026,58749,45177,545,45722,77.83,178,178,77.82600554903063,1.191986352303049,src_3bbf709ff718,src_3bbf709ff718_20261006150515586_f23cf0de219b,2026-10-06T15:05:15.586Z,2026-10-06T15:05:15.672Z,2026-10-06T14:57:08.957Z,final
qc-prov-2026-10-05-general,qc-prov-2026-2026-327,327,Bourassa-Sauvé,2026,2026,44289,21984,574,22558,50.93,149,149,50.93364040732462,2.5445518219700327,src_3bbf709ff718,src_3bbf709ff718_20261006150515586_f23cf0de219b,2026-10-06T15:05:15.586Z,2026-10-06T15:05:15.672Z,2026-10-06T14:57:08.957Z,final
qc-prov-2026-10-05-general,qc-prov-2026-2026-157,157,Brome-Missisquoi,2026,2026,57556,40048,486,40534,70.43,193,193,70.42532490096602,1.198993437607934,src_3bbf709ff718,src_3bbf709ff718_20261006150515586_f23cf0de219b,2026-10-06T15:05:15.586Z,2026-10-06T15:05:15.672Z,2026-10-06T14:57:08.957Z,final
qc-prov-2026-10-05-general,qc-prov-2026-2026-337,337,Camille-Laurin,2026,2026,49429,30835,489,31324,63.37,163,163,63.37170486961096,1.5611033073681522,src_3bbf709ff718,src_3bbf709ff718_20261006150515586_f23cf0de219b,2026-10-06T15:05:15.586Z,2026-10-06T15:05:15.672Z,2026-10-06T14:57:08.957Z,final
qc-prov-2026-10-05-general,qc-prov-2026-2026-207,207,Chambly,2026,2026,54555,40510,588,41098,75.33,163,163,75.33315003207773,1.43072655603679,src_3bbf709ff718,src_3bbf709ff718_20261006150515586_f23cf0de219b,2026-10-06T15:05:15.586Z,2026-10-06T15:05:15.672Z,2026-10-06T14:57:08.957Z,final
qc-prov-2026-10-05-general,qc-prov-2026-2026-701,701,Champlain,2026,2026,60815,43330,671,44001,72.35,191,191,72.35221573624928,1.5249653416967797,src_3bbf709ff718,src_3bbf709ff718_20261006150515586_f23cf0de219b,2026-10-06T15:05:15.586Z,2026-10-06T15:05:15.672Z,2026-10-06T14:57:08.957Z,final
qc-prov-2026-10-05-general,qc-prov-2026-2026-667,667,Chapleau,2026,2026,59230,34216,477,34693,58.57,185,185,58.57335809555968,1.3749171302568242,src_3bbf709ff718,src_3bbf709ff718_20261006150515586_f23cf0de219b,2026-10-06T15:05:15.586Z,2026-10-06T15:05:15.672Z,2026-10-06T14:57:08.957Z,final
qc-prov-2026-10-05-general,qc-prov-2026-2026-767,767,Charlesbourg,2026,2026,57745,43865,620,44485,77.04,180,180,77.03697289808642,1.3937282229965158,src_3bbf709ff718,src_3bbf709ff718_20261006150515586_f23cf0de219b,2026-10-06T15:05:15.586Z,2026-10-06T15:05:15.672Z,2026-10-06T14:57:08.957Z,final
qc-prov-2026-10-05-general,qc-prov-2026-2026-771,771,Charlevoix-Côte-de-Beaupré,2026,2026,56046,40763,464,41227,73.56,189,189,73.5592192127895,1.1254760229946394,src_3bbf709ff718,src_3bbf709ff718_20261006150515586_f23cf0de219b,2026-10-06T15:05:15.586Z,2026-10-06T15:05:15.672Z,2026-10-06T14:57:08.957Z,final
qc-prov-2026-10-05-general,qc-prov-2026-2026-191,191,Châteauguay,2026,2026,57091,34514,575,35089,61.46,160,160,61.461526335149145,1.638690187808145,src_3bbf709ff718,src_3bbf709ff718_20261006150515586_f23cf0de219b,2026-10-06T15:05:15.586Z,2026-10-06T15:05:15.672Z,2026-10-06T14:57:08.957Z,final
qc-prov-2026-10-05-general,qc-prov-2026-2026-769,769,Chauveau,2026,2026,60028,46181,527,46708,77.81,193,193,77.81035516758845,1.1282863749250664,src_3bbf709ff718,src_3bbf709ff718_20261006150515586_f23cf0de219b,2026-10-06T15:05:15.586Z,2026-10-06T15:05:15.672Z,2026-10-06T14:57:08.957Z,final
qc-prov-2026-10-05-general,qc-prov-2026-2026-821,821,Chicoutimi,2026,2026,45858,30106,370,30476,66.46,147,147,66.45732478520651,1.2140700879380497,src_3bbf709ff718,src_3bbf709ff718_20261006150515586_f23cf0de219b,2026-10-06T15:05:15.586Z,2026-10-06T15:05:15.672Z,2026-10-06T14:57:08.957Z,final
qc-prov-2026-10-05-general,qc-prov-2026-2026-351,351,Chomedey,2026,2026,57202,28356,531,28887,50.5,169,169,50.49998251809377,1.8381971128881505,src_3bbf709ff718,src_3bbf709ff718_20261006150515586_f23cf0de219b,2026-10-06T15:05:15.586Z,2026-10-06T15:05:15.672Z,2026-10-06T14:57:08.957Z,final
qc-prov-2026-10-05-general,qc-prov-2026-2026-789,789,Chutes-de-la-Chaudière,2026,2026,62158,49644,597,50241,80.83,191,191,80.8278902152579,1.1882725264226428,src_3bbf709ff718,src_3bbf709ff718_20261006150515586_f23cf0de219b,2026-10-06T15:05:15.586Z,2026-10-06T15:05:15.672Z,2026-10-06T14:57:08.957Z,final
qc-prov-2026-10-05-general,qc-prov-2026-2026-799,799,Côte-du-Sud,2026,2026,50596,35804,490,36294,71.73,175,175,71.73294331567713,1.3500854135669809,src_3bbf709ff718,src_3bbf709ff718_20261006150515586_f23cf0de219b,2026-10-06T15:05:15.586Z,2026-10-06T15:05:15.672Z,2026-10-06T14:57:08.957Z,final
qc-prov-2026-10-05-general,qc-prov-2026-2026-131,131,Daniel-Johnson,2026,2026,49485,34529,680,35209,71.15,160,160,71.15085379407901,1.9313243772898974,src_3bbf709ff718,src_3bbf709ff718_20261006150515586_f23cf0de219b,2026-10-06T15:05:15.586Z,2026-10-06T15:05:15.672Z,2026-10-06T14:57:08.957Z,final
qc-prov-2026-10-05-general,qc-prov-2026-2026-277,277,D'Arcy-McGee,2026,2026,56919,27068,310,27378,48.1,171,171,48.099931481579084,1.1322960040908758,src_3bbf709ff718,src_3bbf709ff718_20261006150515586_f23cf0de219b,2026-10-06T15:05:15.586Z,2026-10-06T15:05:15.672Z,2026-10-06T14:57:08.957Z,final
qc-prov-2026-10-05-general,qc-prov-2026-2026-581,581,Deux-Montagnes,2026,2026,50574,34532,670,35202,69.6,154,154,69.60493534227074,1.9033009488097268,src_3bbf709ff718,src_3bbf709ff718_20261006150515586_f23cf0de219b,2026-10-06T15:05:15.586Z,2026-10-06T15:05:15.672Z,2026-10-06T14:57:08.957Z,final
qc-prov-2026-10-05-general,qc-prov-2026-2026-141,141,Drummond-Bois-Francs,2026,2026,53611,37311,725,38036,70.95,173,173,70.94812631736025,1.9060889683457778,src_3bbf709ff718,src_3bbf709ff718_20261006150515586_f23cf0de219b,2026-10-06T15:05:15.586Z,2026-10-06T15:05:15.672Z,2026-10-06T14:57:08.957Z,final
qc-prov-2026-10-05-general,qc-prov-2026-2026-819,819,Dubuc,2026,2026,43166,27763,411,28174,65.27,142,142,65.26896168280591,1.4587917938524881,src_3bbf709ff718,src_3bbf709ff718_20261006150515586_f23cf0de219b,2026-10-06T15:05:15.586Z,2026-10-06T15:05:15.672Z,2026-10-06T14:57:08.957Z,final
qc-prov-2026-10-05-general,qc-prov-2026-2026-813,813,Duplessis,2026,2026,37124,20013,241,20254,54.56,158,158,54.557698523865966,1.1898884171027946,src_3bbf709ff718,src_3bbf709ff718_20261006150515586_f23cf0de219b,2026-10-06T15:05:15.586Z,2026-10-06T15:05:15.672Z,2026-10-06T14:57:08.957Z,final
qc-prov-2026-10-05-general,qc-prov-2026-2026-357,357,Fabre,2026,2026,58674,35198,436,35634,60.73,164,164,60.73218120462215,1.2235505416175563,src_3bbf709ff718,src_3bbf709ff718_20261006150515586_f23cf0de219b,2026-10-06T15:05:15.586Z,2026-10-06T15:05:15.672Z,2026-10-06T14:57:08.957Z,final
qc-prov-2026-10-05-general,qc-prov-2026-2026-809,809,Gaspé,2026,2026,30110,17887,233,18120,60.18,118,118,60.179342411159084,1.2858719646799117,src_3bbf709ff718,src_3bbf709ff718_20261006150515586_f23cf0de219b,2026-10-06T15:05:15.586Z,2026-10-06T15:05:15.672Z,2026-10-06T14:57:08.957Z,final
qc-prov-2026-10-05-general,qc-prov-2026-2026-661,661,Gatineau,2026,2026,61945,37676,374,38050,61.43,206,206,61.42545806764065,0.9829172141918529,src_3bbf709ff718,src_3bbf709ff718_20261006150515586_f23cf0de219b,2026-10-06T15:05:15.586Z,2026-10-06T15:05:15.672Z,2026-10-06T14:57:08.957Z,final
qc-prov-2026-10-05-general,qc-prov-2026-2026-311,311,Gouin,2026,2026,43186,31029,326,31355,72.6,130,130,72.60454777011068,1.0397065858714718,src_3bbf709ff718,src_3bbf709ff718_20261006150515586_f23cf0de219b,2026-10-06T15:05:15.586Z,2026-10-06T15:05:15.672Z,2026-10-06T14:57:08.957Z,final
qc-prov-2026-10-05-general,qc-prov-2026-2026-159,159,Granby,2026,2026,59146,39869,739,40608,68.66,183,183,68.65722111385385,1.8198384554767533,src_3bbf709ff718,src_3bbf709ff718_20261006150515586_f23cf0de219b,2026-10-06T15:05:15.586Z,2026-10-06T15:05:15.672Z,2026-10-06T14:57:08.957Z,final
qc-prov-2026-10-05-general,qc-prov-2026-2026-577,577,Groulx,2026,2026,54278,36505,631,37136,68.42,181,181,68.41814363093702,1.699159844894442,src_3bbf709ff718,src_3bbf709ff718_20261006150515586_f23cf0de219b,2026-10-06T15:05:15.586Z,2026-10-06T15:05:15.672Z,2026-10-06T14:57:08.957Z,final
qc-prov-2026-10-05-general,qc-prov-2026-2026-317,317,Hochelaga-Maisonneuve,2026,2026,40990,27257,357,27614,67.37,139,139,67.36765064649914,1.2928224813500397,src_3bbf709ff718,src_3bbf709ff718_20261006150515586_f23cf0de219b,2026-10-06T15:05:15.586Z,2026-10-06T15:05:15.672Z,2026-10-06T14:57:08.957Z,final
qc-prov-2026-10-05-general,qc-prov-2026-2026-651,651,Hull,2026,2026,61050,33832,463,34295,56.18,195,195,56.175266175266174,1.350051027846625,src_3bbf709ff718,src_3bbf709ff718_20261006150515586_f23cf0de219b,2026-10-06T15:05:15.586Z,2026-10-06T15:05:15.672Z,2026-10-06T14:57:08.957Z,final
qc-prov-2026-10-05-general,qc-prov-2026-2026-171,171,Huntingdon,2026,2026,50373,33220,602,33822,67.14,158,158,67.14311238163302,1.7799065696883685,src_3bbf709ff718,src_3bbf709ff718_20261006150515586_f23cf0de219b,2026-10-06T15:05:15.586Z,2026-10-06T15:05:15.672Z,2026-10-06T14:57:08.957Z,final
qc-prov-2026-10-05-general,qc-prov-2026-2026-161,161,Iberville,2026,2026,51412,35921,656,36577,71.14,154,154,71.14486890220182,1.793476775022555,src_3bbf709ff718,src_3bbf709ff718_20261006150515586_f23cf0de219b,2026-10-06T15:05:15.586Z,2026-10-06T15:05:15.672Z,2026-10-06T14:57:08.957Z,final
qc-prov-2026-10-05-general,qc-prov-2026-2026-811,811,Îles-de-la-Madeleine,2026,2026,11155,7606,127,7733,69.32,44,44,69.32317346481399,1.642312168627958,src_3bbf709ff718,src_3bbf709ff718_20261006150515586_f23cf0de219b,2026-10-06T15:05:15.586Z,2026-10-06T15:05:15.672Z,2026-10-06T14:57:08.957Z,final
qc-prov-2026-10-05-general,qc-prov-2026-2026-259,259,Jacques-Cartier,2026,2026,48505,30675,174,30849,63.6,151,151,63.599628904236674,0.5640377321793251,src_3bbf709ff718,src_3bbf709ff718_20261006150515586_f23cf0de219b,2026-10-06T15:05:15.586Z,2026-10-06T15:05:15.672Z,2026-10-06T14:57:08.957Z,final
qc-prov-2026-10-05-general,qc-prov-2026-2026-757,757,Jean-Lesage,2026,2026,44648,30407,449,30856,69.11,144,144,69.10947858806665,1.4551464869069224,src_3bbf709ff718,src_3bbf709ff718_20261006150515586_f23cf0de219b,2026-10-06T15:05:15.586Z,2026-10-06T15:05:15.672Z,2026-10-06T14:57:08.957Z,final
qc-prov-2026-10-05-general,qc-prov-2026-2026-331,331,Jeanne-Mance-Viger,2026,2026,50087,27095,598,27693,55.29,144,144,55.289795755385626,2.1593904596829523,src_3bbf709ff718,src_3bbf709ff718_20261006150515586_f23cf0de219b,2026-10-06T15:05:15.586Z,2026-10-06T15:05:15.672Z,2026-10-06T14:57:08.957Z,final
qc-prov-2026-10-05-general,qc-prov-2026-2026-707,707,Jean-Talon,2026,2026,47798,36282,309,36591,76.55,171,171,76.55341227666429,0.8444699516274494,src_3bbf709ff718,src_3bbf709ff718_20261006150515586_f23cf0de219b,2026-10-06T15:05:15.586Z,2026-10-06T15:05:15.672Z,2026-10-06T14:57:08.957Z,final
qc-prov-2026-10-05-general,qc-prov-2026-2026-629,629,Joliette,2026,2026,59404,40777,786,41563,69.97,200,200,69.96666891118443,1.8911050694126987,src_3bbf709ff718,src_3bbf709ff718_20261006150515586_f23cf0de219b,2026-10-06T15:05:15.586Z,2026-10-06T15:05:15.672Z,2026-10-06T14:57:08.957Z,final
qc-prov-2026-10-05-general,qc-prov-2026-2026-823,823,Jonquière,2026,2026,45408,30551,475,31026,68.33,145,145,68.32716701902748,1.5309740217881778,src_3bbf709ff718,src_3bbf709ff718_20261006150515586_f23cf0de219b,2026-10-06T15:05:15.586Z,2026-10-06T15:05:15.672Z,2026-10-06T14:57:08.957Z,final
qc-prov-2026-10-05-general,qc-prov-2026-2026-649,649,Labelle,2026,2026,54450,35015,705,35720,65.6,176,176,65.60146923783287,1.9736842105263157,src_3bbf709ff718,src_3bbf709ff718_20261006150515586_f23cf0de219b,2026-10-06T15:05:15.586Z,2026-10-06T15:05:15.672Z,2026-10-06T14:57:08.957Z,final
qc-prov-2026-10-05-general,qc-prov-2026-2026-827,827,Lac-Saint-Jean,2026,2026,44732,29987,456,30443,68.06,144,144,68.05642493069838,1.497881286338403,src_3bbf709ff718,src_3bbf709ff718_20261006150515586_f23cf0de219b,2026-10-06T15:05:15.586Z,2026-10-06T15:05:15.672Z,2026-10-06T14:57:08.957Z,final
qc-prov-2026-10-05-general,qc-prov-2026-2026-339,339,LaFontaine,2026,2026,42624,25303,451,25754,60.42,146,146,60.42135885885886,1.7511842820532733,src_3bbf709ff718,src_3bbf709ff718_20261006150515586_f23cf0de219b,2026-10-06T15:05:15.586Z,2026-10-06T15:05:15.672Z,2026-10-06T14:57:08.957Z,final
qc-prov-2026-10-05-general,qc-prov-2026-2026-729,729,La Peltrie,2026,2026,59815,45317,512,45829,76.62,183,183,76.61790520772381,1.117196534945122,src_3bbf709ff718,src_3bbf709ff718_20261006150515586_f23cf0de219b,2026-10-06T15:05:15.586Z,2026-10-06T15:05:15.672Z,2026-10-06T14:57:08.957Z,final
qc-prov-2026-10-05-general,qc-prov-2026-2026-201,201,La Pinière,2026,2026,58907,33954,375,34329,58.28,172,172,58.27660549680004,1.0923708817617757,src_3bbf709ff718,src_3bbf709ff718_20261006150515586_f23cf0de219b,2026-10-06T15:05:15.586Z,2026-10-06T15:05:15.672Z,2026-10-06T14:57:08.957Z,final
qc-prov-2026-10-05-general,qc-prov-2026-2026-199,199,La Prairie,2026,2026,50872,36662,486,37148,73.02,164,164,73.02248781254914,1.3082803919457306,src_3bbf709ff718,src_3bbf709ff718_20261006150515586_f23cf0de219b,2026-10-06T15:05:15.586Z,2026-10-06T15:05:15.672Z,2026-10-06T14:57:08.957Z,final
qc-prov-2026-10-05-general,qc-prov-2026-2026-621,621,L'Assomption,2026,2026,57207,39724,722,40446,70.7,181,181,70.70113797262573,1.7850961776195422,src_3bbf709ff718,src_3bbf709ff718_20261006150515586_f23cf0de219b,2026-10-06T15:05:15.586Z,2026-10-06T15:05:15.672Z,2026-10-06T14:57:08.957Z,final
qc-prov-2026-10-05-general,qc-prov-2026-2026-307,307,Laurier-Dorion,2026,2026,44455,28772,335,29107,65.48,148,148,65.47519964008548,1.1509258941148177,src_3bbf709ff718,src_3bbf709ff718_20261006150515586_f23cf0de219b,2026-10-06T15:05:15.586Z,2026-10-06T15:05:15.672Z,2026-10-06T14:57:08.957Z,final
qc-prov-2026-10-05-general,qc-prov-2026-2026-347,347,Laval-des-Rapides,2026,2026,56746,33075,578,33653,59.3,173,173,59.30462058999753,1.717528897869432,src_3bbf709ff718,src_3bbf709ff718_20261006150515586_f23cf0de219b,2026-10-06T15:05:15.586Z,2026-10-06T15:05:15.672Z,2026-10-06T14:57:08.957Z,final
qc-prov-2026-10-05-general,qc-prov-2026-2026-697,697,Laviolette-Saint-Maurice,2026,2026,60890,38733,733,39466,64.82,198,198,64.81524059779932,1.8572948867379517,src_3bbf709ff718,src_3bbf709ff718_20261006150515586_f23cf0de219b,2026-10-06T15:05:15.586Z,2026-10-06T15:05:15.672Z,2026-10-06T14:57:08.957Z,final
qc-prov-2026-10-05-general,qc-prov-2026-2026-601,601,Les Plaines,2026,2026,49905,33306,753,34059,68.25,153,153,68.24767057409078,2.2108693737338148,src_3bbf709ff718,src_3bbf709ff718_20261006150515586_f23cf0de219b,2026-10-06T15:05:15.586Z,2026-10-06T15:05:15.672Z,2026-10-06T14:57:08.957Z,final
qc-prov-2026-10-05-general,qc-prov-2026-2026-791,791,Lévis,2026,2026,54022,39905,528,40433,74.85,173,173,74.84543334197178,1.3058640219622586,src_3bbf709ff718,src_3bbf709ff718_20261006150515586_f23cf0de219b,2026-10-06T15:05:15.586Z,2026-10-06T15:05:15.672Z,2026-10-06T14:57:08.957Z,final
qc-prov-2026-10-05-general,qc-prov-2026-2026-787,787,Lotbinière-Frontenac,2026,2026,59603,44079,616,44695,74.99,194,194,74.98783618274248,1.3782302270947533,src_3bbf709ff718,src_3bbf709ff718_20261006150515586_f23cf0de219b,2026-10-06T15:05:15.586Z,2026-10-06T15:05:15.672Z,2026-10-06T14:57:08.957Z,final
qc-prov-2026-10-05-general,qc-prov-2026-2026-709,709,Louis-Hébert,2026,2026,48220,39587,361,39948,82.85,165,165,82.84529240978847,0.9036747772103735,src_3bbf709ff718,src_3bbf709ff718_20261006150515586_f23cf0de219b,2026-10-06T15:05:15.586Z,2026-10-06T15:05:15.672Z,2026-10-06T14:57:08.957Z,final
qc-prov-2026-10-05-general,qc-prov-2026-2026-251,251,Marguerite-Bourgeoys,2026,2026,53367,27754,546,28300,53.03,158,158,53.02902542769876,1.9293286219081272,src_3bbf709ff718,src_3bbf709ff718_20261006150515586_f23cf0de219b,2026-10-06T15:05:15.586Z,2026-10-06T15:05:15.672Z,2026-10-06T14:57:08.957Z,final
qc-prov-2026-10-05-general,qc-prov-2026-2026-139,139,Marie-Lacoste-Gérin-Lajoie,2026,2026,46362,31327,535,31862,68.72,150,150,68.72438635089081,1.6791161885631787,src_3bbf709ff718,src_3bbf709ff718_20261006150515586_f23cf0de219b,2026-10-06T15:05:15.586Z,2026-10-06T15:05:15.672Z,2026-10-06T14:57:08.957Z,final
qc-prov-2026-10-05-general,qc-prov-2026-2026-219,219,Marie-Victorin,2026,2026,44666,27606,535,28141,63,139,139,63.00317915192764,1.9011406844106464,src_3bbf709ff718,src_3bbf709ff718_20261006150515586_f23cf0de219b,2026-10-06T15:05:15.586Z,2026-10-06T15:05:15.672Z,2026-10-06T14:57:08.957Z,final
qc-prov-2026-10-05-general,qc-prov-2026-2026-257,257,Marquette,2026,2026,45585,26220,337,26557,58.26,137,137,58.258198968959086,1.2689686335052905,src_3bbf709ff718,src_3bbf709ff718_20261006150515586_f23cf0de219b,2026-10-06T15:05:15.586Z,2026-10-06T15:05:15.672Z,2026-10-06T14:57:08.957Z,final
qc-prov-2026-10-05-general,qc-prov-2026-2026-693,693,Maskinongé,2026,2026,48326,34730,475,35205,72.85,151,151,72.84898398377685,1.3492401647493253,src_3bbf709ff718,src_3bbf709ff718_20261006150515586_f23cf0de219b,2026-10-06T15:05:15.586Z,2026-10-06T15:05:15.672Z,2026-10-06T14:57:08.957Z,final
qc-prov-2026-10-05-general,qc-prov-2026-2026-611,611,Masson,2026,2026,55418,38425,778,39203,70.74,165,165,70.74055361074019,1.9845419993367854,src_3bbf709ff718,src_3bbf709ff718_20261006150515586_f23cf0de219b,2026-10-06T15:05:15.586Z,2026-10-06T15:05:15.672Z,2026-10-06T14:57:08.957Z,final
qc-prov-2026-10-05-general,qc-prov-2026-2026-807,807,Matane-Matapédia-Mitis,2026,2026,46539,29193,324,29517,63.42,158,158,63.4242248436795,1.097672527695904,src_3bbf709ff718,src_3bbf709ff718_20261006150515586_f23cf0de219b,2026-10-06T15:05:15.586Z,2026-10-06T15:05:15.672Z,2026-10-06T14:57:08.957Z,final
qc-prov-2026-10-05-general,qc-prov-2026-2026-301,301,Maurice-Richard,2026,2026,46090,31446,500,31946,69.31,141,141,69.31221523106964,1.5651411757340512,src_3bbf709ff718,src_3bbf709ff718_20261006150515586_f23cf0de219b,2026-10-06T15:05:15.586Z,2026-10-06T15:05:15.672Z,2026-10-06T14:57:08.957Z,final
qc-prov-2026-10-05-general,qc-prov-2026-2026-117,117,Mégantic,2026,2026,51921,35844,490,36334,69.98,172,172,69.97939176826333,1.3485991082732427,src_3bbf709ff718,src_3bbf709ff718_20261006150515586_f23cf0de219b,2026-10-06T15:05:15.586Z,2026-10-06T15:05:15.672Z,2026-10-06T14:57:08.957Z,final
qc-prov-2026-10-05-general,qc-prov-2026-2026-313,313,Mercier,2026,2026,45620,30001,323,30324,66.47,139,139,66.47084612012276,1.0651629072681705,src_3bbf709ff718,src_3bbf709ff718_20261006150515586_f23cf0de219b,2026-10-06T15:05:15.586Z,2026-10-06T15:05:15.672Z,2026-10-06T14:57:08.957Z,final
qc-prov-2026-10-05-general,qc-prov-2026-2026-571,571,Mille-Îles,2026,2026,50119,32765,500,33265,66.37,147,147,66.37203455775254,1.5030813166992334,src_3bbf709ff718,src_3bbf709ff718_20261006150515586_f23cf0de219b,2026-10-06T15:05:15.586Z,2026-10-06T15:05:15.672Z,2026-10-06T14:57:08.957Z,final
qc-prov-2026-10-05-general,qc-prov-2026-2026-587,587,Mirabel,2026,2026,55339,38764,703,39467,71.32,168,168,71.31859990241963,1.7812349557858465,src_3bbf709ff718,src_3bbf709ff718_20261006150515586_f23cf0de219b,2026-10-06T15:05:15.586Z,2026-10-06T15:05:15.672Z,2026-10-06T14:57:08.957Z,final
qc-prov-2026-10-05-general,qc-prov-2026-2026-227,227,Montarville,2026,2026,53937,43098,422,43520,80.69,161,161,80.6867271075514,0.9696691176470589,src_3bbf709ff718,src_3bbf709ff718_20261006150515586_f23cf0de219b,2026-10-06T15:05:15.586Z,2026-10-06T15:05:15.672Z,2026-10-06T14:57:08.957Z,final
qc-prov-2026-10-05-general,qc-prov-2026-2026-761,761,Montmorency,2026,2026,58226,43903,488,44391,76.24,182,182,76.23913715522275,1.0993219346263883,src_3bbf709ff718,src_3bbf709ff718_20261006150515586_f23cf0de219b,2026-10-06T15:05:15.586Z,2026-10-06T15:05:15.672Z,2026-10-06T14:57:08.957Z,final
qc-prov-2026-10-05-general,qc-prov-2026-2026-297,297,Mont-Royal-Outremont,2026,2026,59033,31655,283,31938,54.1,196,196,54.1019429810445,0.8860918028680569,src_3bbf709ff718,src_3bbf709ff718_20261006150515586_f23cf0de219b,2026-10-06T15:05:15.586Z,2026-10-06T15:05:15.672Z,2026-10-06T14:57:08.957Z,final
qc-prov-2026-10-05-general,qc-prov-2026-2026-261,261,Nelligan,2026,2026,58302,34290,326,34616,59.37,178,178,59.37360639429179,0.9417610353593714,src_3bbf709ff718,src_3bbf709ff718_20261006150515586_f23cf0de219b,2026-10-06T15:05:15.586Z,2026-10-06T15:05:15.672Z,2026-10-06T14:57:08.957Z,final
qc-prov-2026-10-05-general,qc-prov-2026-2026-151,151,Nicolet-Bécancour,2026,2026,41215,30513,482,30995,75.2,143,143,75.20320271745723,1.5550895305694468,src_3bbf709ff718,src_3bbf709ff718_20261006150515586_f23cf0de219b,2026-10-06T15:05:15.586Z,2026-10-06T15:05:15.672Z,2026-10-06T14:57:08.957Z,final
qc-prov-2026-10-05-general,qc-prov-2026-2026-279,279,Notre-Dame-de-Grâce,2026,2026,47362,26786,245,27031,57.07,142,142,57.07318103120645,0.9063667640856794,src_3bbf709ff718,src_3bbf709ff718_20261006150515586_f23cf0de219b,2026-10-06T15:05:15.586Z,2026-10-06T15:05:15.672Z,2026-10-06T14:57:08.957Z,final
qc-prov-2026-10-05-general,qc-prov-2026-2026-127,127,Orford,2026,2026,47940,34602,371,34973,72.95,148,148,72.95160617438465,1.0608183455808766,src_3bbf709ff718,src_3bbf709ff718_20261006150515586_f23cf0de219b,2026-10-06T15:05:15.586Z,2026-10-06T15:05:15.672Z,2026-10-06T14:57:08.957Z,final
qc-prov-2026-10-05-general,qc-prov-2026-2026-669,669,Papineau,2026,2026,60947,37053,516,37569,61.64,204,204,61.64208246509262,1.3734728100295457,src_3bbf709ff718,src_3bbf709ff718_20261006150515586_f23cf0de219b,2026-10-06T15:05:15.586Z,2026-10-06T15:05:15.672Z,2026-10-06T14:57:08.957Z,final
qc-prov-2026-10-05-general,qc-prov-2026-2026-217,217,Pierre-Laporte,2026,2026,53216,33886,450,34336,64.52,162,162,64.5219482862297,1.310577819198509,src_3bbf709ff718,src_3bbf709ff718_20261006150515586_f23cf0de219b,2026-10-06T15:05:15.586Z,2026-10-06T15:05:15.672Z,2026-10-06T14:57:08.957Z,final
qc-prov-2026-10-05-general,qc-prov-2026-2026-341,341,Pointe-aux-Trembles,2026,2026,40363,25729,524,26253,65.04,130,130,65.04224165696306,1.995962366205767,src_3bbf709ff718,src_3bbf709ff718_20261006150515586_f23cf0de219b,2026-10-06T15:05:15.586Z,2026-10-06T15:05:15.672Z,2026-10-06T14:57:08.957Z,final
qc-prov-2026-10-05-general,qc-prov-2026-2026-657,657,Pontiac,2026,2026,56444,29901,285,30186,53.48,185,185,53.47955495712565,0.9441462929835023,src_3bbf709ff718,src_3bbf709ff718_20261006150515586_f23cf0de219b,2026-10-06T15:05:15.586Z,2026-10-06T15:05:15.672Z,2026-10-06T14:57:08.957Z,final
qc-prov-2026-10-05-general,qc-prov-2026-2026-727,727,Portneuf,2026,2026,56234,42294,444,42738,76,184,184,76.0002845253761,1.0388881089428612,src_3bbf709ff718,src_3bbf709ff718_20261006150515586_f23cf0de219b,2026-10-06T15:05:15.586Z,2026-10-06T15:05:15.672Z,2026-10-06T14:57:08.957Z,final
qc-prov-2026-10-05-general,qc-prov-2026-2026-637,637,Prévost,2026,2026,53395,37695,589,38284,71.7,159,159,71.69959734057495,1.5385017239577892,src_3bbf709ff718,src_3bbf709ff718_20261006150515586_f23cf0de219b,2026-10-06T15:05:15.586Z,2026-10-06T15:05:15.672Z,2026-10-06T14:57:08.957Z,final
qc-prov-2026-10-05-general,qc-prov-2026-2026-817,817,René-Lévesque,2026,2026,32035,18562,309,18871,58.91,118,118,58.90744498205088,1.63743309840496,src_3bbf709ff718,src_3bbf709ff718_20261006150515586_f23cf0de219b,2026-10-06T15:05:15.586Z,2026-10-06T15:05:15.672Z,2026-10-06T14:57:08.957Z,final
qc-prov-2026-10-05-general,qc-prov-2026-2026-617,617,Repentigny,2026,2026,56853,40333,672,41005,72.12,172,172,72.12460204386751,1.6388245335934641,src_3bbf709ff718,src_3bbf709ff718_20261006150515586_f23cf0de219b,2026-10-06T15:05:15.586Z,2026-10-06T15:05:15.672Z,2026-10-06T14:57:08.957Z,final
qc-prov-2026-10-05-general,qc-prov-2026-2026-241,241,Richelieu,2026,2026,54251,36535,779,37314,68.78,177,177,68.78029898066396,2.0876882671383394,src_3bbf709ff718,src_3bbf709ff718_20261006150515586_f23cf0de219b,2026-10-06T15:05:15.586Z,2026-10-06T15:05:15.672Z,2026-10-06T14:57:08.957Z,final
qc-prov-2026-10-05-general,qc-prov-2026-2026-137,137,Richmond,2026,2026,59369,43512,587,44099,74.28,196,196,74.27950613956779,1.331095943218667,src_3bbf709ff718,src_3bbf709ff718_20261006150515586_f23cf0de219b,2026-10-06T15:05:15.586Z,2026-10-06T15:05:15.672Z,2026-10-06T14:57:08.957Z,final
qc-prov-2026-10-05-general,qc-prov-2026-2026-803,803,Rimouski,2026,2026,46554,32730,393,33123,71.15,159,159,71.14963268462431,1.186486731274341,src_3bbf709ff718,src_3bbf709ff718_20261006150515586_f23cf0de219b,2026-10-06T15:05:15.586Z,2026-10-06T15:05:15.672Z,2026-10-06T14:57:08.957Z,final
qc-prov-2026-10-05-general,qc-prov-2026-2026-801,801,Rivière-du-Loup-Témiscouata-Les Basques,2026,2026,52139,36113,505,36618,70.23,192,192,70.23149657645908,1.3791031733027472,src_3bbf709ff718,src_3bbf709ff718_20261006150515586_f23cf0de219b,2026-10-06T15:05:15.586Z,2026-10-06T15:05:15.672Z,2026-10-06T14:57:08.957Z,final
qc-prov-2026-10-05-general,qc-prov-2026-2026-267,267,Robert-Baldwin,2026,2026,55208,30722,344,31066,56.27,164,164,56.27083031444718,1.1073198995686602,src_3bbf709ff718,src_3bbf709ff718_20261006150515586_f23cf0de219b,2026-10-06T15:05:15.586Z,2026-10-06T15:05:15.672Z,2026-10-06T14:57:08.957Z,final
qc-prov-2026-10-05-general,qc-prov-2026-2026-829,829,Roberval,2026,2026,44601,27835,439,28274,63.39,152,152,63.39319746194032,1.5526632241635425,src_3bbf709ff718,src_3bbf709ff718_20261006150515586_f23cf0de219b,2026-10-06T15:05:15.586Z,2026-10-06T15:05:15.672Z,2026-10-06T14:57:08.957Z,final
qc-prov-2026-10-05-general,qc-prov-2026-2026-319,319,Rosemont,2026,2026,52328,36131,601,36732,70.2,175,175,70.1956887326097,1.6361755417619515,src_3bbf709ff718,src_3bbf709ff718_20261006150515586_f23cf0de219b,2026-10-06T15:05:15.586Z,2026-10-06T15:05:15.672Z,2026-10-06T14:57:08.957Z,final
qc-prov-2026-10-05-general,qc-prov-2026-2026-631,631,Rousseau,2026,2026,49499,30935,774,31709,64.06,153,153,64.0598799975757,2.440947365101391,src_3bbf709ff718,src_3bbf709ff718_20261006150515586_f23cf0de219b,2026-10-06T15:05:15.586Z,2026-10-06T15:05:15.672Z,2026-10-06T14:57:08.957Z,final
qc-prov-2026-10-05-general,qc-prov-2026-2026-671,671,Rouyn-Noranda-Témiscamingue,2026,2026,44506,27994,431,28425,63.87,154,154,63.86779310654743,1.5162708883025506,src_3bbf709ff718,src_3bbf709ff718_20261006150515586_f23cf0de219b,2026-10-06T15:05:15.586Z,2026-10-06T15:05:15.672Z,2026-10-06T14:57:08.957Z,final
qc-prov-2026-10-05-general,qc-prov-2026-2026-119,119,Saint-François,2026,2026,55182,37300,599,37899,68.68,186,186,68.68000434924431,1.5805166363228582,src_3bbf709ff718,src_3bbf709ff718_20261006150515586_f23cf0de219b,2026-10-06T15:05:15.586Z,2026-10-06T15:05:15.672Z,2026-10-06T14:57:08.957Z,final
qc-prov-2026-10-05-general,qc-prov-2026-2026-281,281,Saint-Henri-Sainte-Anne,2026,2026,60412,36097,460,36557,60.51,186,186,60.51281202410117,1.2583089421998523,src_3bbf709ff718,src_3bbf709ff718_20261006150515586_f23cf0de219b,2026-10-06T15:05:15.586Z,2026-10-06T15:05:15.672Z,2026-10-06T14:57:08.957Z,final
qc-prov-2026-10-05-general,qc-prov-2026-2026-239,239,Saint-Hyacinthe,2026,2026,55710,39296,740,40036,71.87,169,169,71.86501525758392,1.8483364971525627,src_3bbf709ff718,src_3bbf709ff718_20261006150515586_f23cf0de219b,2026-10-06T15:05:15.586Z,2026-10-06T15:05:15.672Z,2026-10-06T14:57:08.957Z,final
qc-prov-2026-10-05-general,qc-prov-2026-2026-167,167,Saint-Jean,2026,2026,61671,42278,777,43055,69.81,187,187,69.81401306935189,1.8046684473348042,src_3bbf709ff718,src_3bbf709ff718_20261006150515586_f23cf0de219b,2026-10-06T15:05:15.586Z,2026-10-06T15:05:15.672Z,2026-10-06T14:57:08.957Z,final
qc-prov-2026-10-05-general,qc-prov-2026-2026-597,597,Saint-Jérôme,2026,2026,46111,28419,637,29056,63.01,150,150,63.0131638871419,2.192318281938326,src_3bbf709ff718,src_3bbf709ff718_20261006150515586_f23cf0de219b,2026-10-06T15:05:15.586Z,2026-10-06T15:05:15.672Z,2026-10-06T14:57:08.957Z,final
qc-prov-2026-10-05-general,qc-prov-2026-2026-271,271,Saint-Laurent,2026,2026,59678,30635,406,31041,52.01,169,169,52.01414256509937,1.3079475532360427,src_3bbf709ff718,src_3bbf709ff718_20261006150515586_f23cf0de219b,2026-10-06T15:05:15.586Z,2026-10-06T15:05:15.672Z,2026-10-06T14:57:08.957Z,final
qc-prov-2026-10-05-general,qc-prov-2026-2026-287,287,Sainte-Marie-Saint-Jacques,2026,2026,42949,25310,224,25534,59.45,144,144,59.451908077021585,0.8772616902952926,src_3bbf709ff718,src_3bbf709ff718_20261006150515586_f23cf0de219b,2026-10-06T15:05:15.586Z,2026-10-06T15:05:15.672Z,2026-10-06T14:57:08.957Z,final
qc-prov-2026-10-05-general,qc-prov-2026-2026-359,359,Sainte-Rose,2026,2026,58391,37566,582,38148,65.33,181,181,65.33198609374732,1.5256369927650204,src_3bbf709ff718,src_3bbf709ff718_20261006150515586_f23cf0de219b,2026-10-06T15:05:15.586Z,2026-10-06T15:05:15.672Z,2026-10-06T14:57:08.957Z,final
qc-prov-2026-10-05-general,qc-prov-2026-2026-197,197,Sanguinet,2026,2026,45528,32053,501,32554,71.5,138,138,71.50325074679319,1.5389813847760643,src_3bbf709ff718,src_3bbf709ff718_20261006150515586_f23cf0de219b,2026-10-06T15:05:15.586Z,2026-10-06T15:05:15.672Z,2026-10-06T14:57:08.957Z,final
qc-prov-2026-10-05-general,qc-prov-2026-2026-121,121,Sherbrooke,2026,2026,53681,37169,554,37723,70.27,186,186,70.27253590655911,1.468600058319858,src_3bbf709ff718,src_3bbf709ff718_20261006150515586_f23cf0de219b,2026-10-06T15:05:15.586Z,2026-10-06T15:05:15.672Z,2026-10-06T14:57:08.957Z,final
qc-prov-2026-10-05-general,qc-prov-2026-2026-181,181,Soulanges,2026,2026,59017,40017,571,40588,68.77,176,176,68.77340427334497,1.4068197496797084,src_3bbf709ff718,src_3bbf709ff718_20261006150515586_f23cf0de219b,2026-10-06T15:05:15.586Z,2026-10-06T15:05:15.672Z,2026-10-06T14:57:08.957Z,final
qc-prov-2026-10-05-general,qc-prov-2026-2026-221,221,Taillon,2026,2026,52378,35256,559,35815,68.38,161,161,68.37794493871473,1.5607985480943738,src_3bbf709ff718,src_3bbf709ff718_20261006150515586_f23cf0de219b,2026-10-06T15:05:15.586Z,2026-10-06T15:05:15.672Z,2026-10-06T14:57:08.957Z,final
qc-prov-2026-10-05-general,qc-prov-2026-2026-751,751,Taschereau,2026,2026,48739,35962,320,36282,74.44,159,159,74.44141242126429,0.8819800452014773,src_3bbf709ff718,src_3bbf709ff718_20261006150515586_f23cf0de219b,2026-10-06T15:05:15.586Z,2026-10-06T15:05:15.672Z,2026-10-06T14:57:08.957Z,final
qc-prov-2026-10-05-general,qc-prov-2026-2026-609,609,Terrebonne,2026,2026,55390,38921,631,39552,71.41,170,170,71.40639104531503,1.5953681229773462,src_3bbf709ff718,src_3bbf709ff718_20261006150515586_f23cf0de219b,2026-10-06T15:05:15.586Z,2026-10-06T15:05:15.672Z,2026-10-06T14:57:08.957Z,final
qc-prov-2026-10-05-general,qc-prov-2026-2026-691,691,Trois-Rivières,2026,2026,54168,37299,481,37780,69.75,169,169,69.7459754836804,1.2731604023292749,src_3bbf709ff718,src_3bbf709ff718_20261006150515586_f23cf0de219b,2026-10-06T15:05:15.586Z,2026-10-06T15:05:15.672Z,2026-10-06T14:57:08.957Z,final
qc-prov-2026-10-05-general,qc-prov-2026-2026-831,831,Ungava,2026,2026,30849,8382,175,8557,27.74,111,111,27.738338357807386,2.0451092672665654,src_3bbf709ff718,src_3bbf709ff718_20261006150515586_f23cf0de219b,2026-10-06T15:05:15.586Z,2026-10-06T15:05:15.672Z,2026-10-06T14:57:08.957Z,final
qc-prov-2026-10-05-general,qc-prov-2026-2026-211,211,Vachon,2026,2026,54306,36559,588,37147,68.4,178,178,68.40312304349428,1.5829003688050178,src_3bbf709ff718,src_3bbf709ff718_20261006150515586_f23cf0de219b,2026-10-06T15:05:15.586Z,2026-10-06T15:05:15.672Z,2026-10-06T14:57:08.957Z,final
qc-prov-2026-10-05-general,qc-prov-2026-2026-749,749,Vanier-Les Rivières,2026,2026,59730,44633,552,45185,75.65,191,191,75.64875272057593,1.2216443510014385,src_3bbf709ff718,src_3bbf709ff718_20261006150515586_f23cf0de219b,2026-10-06T15:05:15.586Z,2026-10-06T15:05:15.672Z,2026-10-06T14:57:08.957Z,final
qc-prov-2026-10-05-general,qc-prov-2026-2026-187,187,Vaudreuil,2026,2026,62539,40177,507,40684,65.05,186,186,65.05380642479093,1.2461901484613116,src_3bbf709ff718,src_3bbf709ff718_20261006150515586_f23cf0de219b,2026-10-06T15:05:15.586Z,2026-10-06T15:05:15.672Z,2026-10-06T14:57:08.957Z,final
qc-prov-2026-10-05-general,qc-prov-2026-2026-231,231,Verchères,2026,2026,56437,42931,714,43645,77.33,178,178,77.33401846306501,1.6359262229350442,src_3bbf709ff718,src_3bbf709ff718_20261006150515586_f23cf0de219b,2026-10-06T15:05:15.586Z,2026-10-06T15:05:15.672Z,2026-10-06T14:57:08.957Z,final
qc-prov-2026-10-05-general,qc-prov-2026-2026-247,247,Verdun,2026,2026,50061,32759,378,33137,66.19,156,156,66.19324424202473,1.1407188339318586,src_3bbf709ff718,src_3bbf709ff718_20261006150515586_f23cf0de219b,2026-10-06T15:05:15.586Z,2026-10-06T15:05:15.672Z,2026-10-06T14:57:08.957Z,final
qc-prov-2026-10-05-general,qc-prov-2026-2026-321,321,Viau,2026,2026,39502,20489,416,20905,52.92,121,121,52.92137106981925,1.9899545563262377,src_3bbf709ff718,src_3bbf709ff718_20261006150515586_f23cf0de219b,2026-10-06T15:05:15.586Z,2026-10-06T15:05:15.672Z,2026-10-06T14:57:08.957Z,final
qc-prov-2026-10-05-general,qc-prov-2026-2026-569,569,Vimont-Auteuil,2026,2026,47066,31754,482,32236,68.49,144,144,68.4910551140951,1.4952227323489267,src_3bbf709ff718,src_3bbf709ff718_20261006150515586_f23cf0de219b,2026-10-06T15:05:15.586Z,2026-10-06T15:05:15.672Z,2026-10-06T14:57:08.957Z,final
qc-prov-2026-10-05-general,qc-prov-2026-2026-291,291,Westmount-Saint-Louis,2026,2026,53185,24270,192,24462,45.99,179,179,45.99417128889725,0.7848908511160166,src_3bbf709ff718,src_3bbf709ff718_20261006150515586_f23cf0de219b,2026-10-06T15:05:15.586Z,2026-10-06T15:05:15.672Z,2026-10-06T14:57:08.957Z,final
qc-prov-2026-10-05-general,qc-prov-2026-2026-689,689,Abitibi-Est,2026,2026,33465,20759,422,21181,63.29,120,120,63.292992678918274,1.9923516359000992,src_3bbf709ff718,src_3bbf709ff718_20261006151238356_5c01752fbd90,2026-10-06T15:12:38.356Z,2026-10-06T15:12:38.413Z,2026-10-06T15:10:38.958Z,final
qc-prov-2026-10-05-general,qc-prov-2026-2026-681,681,Abitibi-Ouest,2026,2026,35317,22344,364,22708,64.3,132,132,64.2976470255118,1.6029593094944512,src_3bbf709ff718,src_3bbf709ff718_20261006151238356_5c01752fbd90,2026-10-06T15:12:38.356Z,2026-10-06T15:12:38.413Z,2026-10-06T15:10:38.958Z,final
qc-prov-2026-10-05-general,qc-prov-2026-2026-299,299,Acadie,2026,2026,50296,26277,451,26728,53.14,149,149,53.141402894862416,1.6873690511822808,src_3bbf709ff718,src_3bbf709ff718_20261006151238356_5c01752fbd90,2026-10-06T15:12:38.356Z,2026-10-06T15:12:38.413Z,2026-10-06T15:10:38.958Z,final
qc-prov-2026-10-05-general,qc-prov-2026-2026-833,833,Anjou-Louis-Riel,2026,2026,41546,25574,469,26043,62.68,128,128,62.68473499253839,1.8008677955688668,src_3bbf709ff718,src_3bbf709ff718_20261006151238356_5c01752fbd90,2026-10-06T15:12:38.356Z,2026-10-06T15:12:38.413Z,2026-10-06T15:10:38.958Z,final
qc-prov-2026-10-05-general,qc-prov-2026-2026-589,589,Argenteuil,2026,2026,43063,27028,422,27450,63.74,136,136,63.74381719805866,1.5373406193078325,src_3bbf709ff718,src_3bbf709ff718_20261006151238356_5c01752fbd90,2026-10-06T15:12:38.356Z,2026-10-06T15:12:38.413Z,2026-10-06T15:10:38.958Z,final
qc-prov-2026-10-05-general,qc-prov-2026-2026-147,147,Arthabaska-L'Érable,2026,2026,61921,45459,604,46063,74.39,194,194,74.38994848274415,1.3112476391029677,src_3bbf709ff718,src_3bbf709ff718_20261006151238356_5c01752fbd90,2026-10-06T15:12:38.356Z,2026-10-06T15:12:38.413Z,2026-10-06T15:10:38.958Z,final
qc-prov-2026-10-05-general,qc-prov-2026-2026-781,781,Beauce-Nord,2026,2026,46667,35830,367,36197,77.56,150,150,77.56444596824308,1.0138961792413737,src_3bbf709ff718,src_3bbf709ff718_20261006151238356_5c01752fbd90,2026-10-06T15:12:38.356Z,2026-10-06T15:12:38.413Z,2026-10-06T15:10:38.958Z,final
qc-prov-2026-10-05-general,qc-prov-2026-2026-777,777,Beauce-Sud,2026,2026,50834,37748,392,38140,75.03,167,167,75.02852421607585,1.027792343995805,src_3bbf709ff718,src_3bbf709ff718_20261006151238356_5c01752fbd90,2026-10-06T15:12:38.356Z,2026-10-06T15:12:38.413Z,2026-10-06T15:10:38.958Z,final
qc-prov-2026-10-05-general,qc-prov-2026-2026-179,179,Beauharnois,2026,2026,59965,39500,782,40282,67.18,187,187,67.17585258067206,1.9413137381460701,src_3bbf709ff718,src_3bbf709ff718_20261006151238356_5c01752fbd90,2026-10-06T15:12:38.356Z,2026-10-06T15:12:38.413Z,2026-10-06T15:10:38.958Z,final
qc-prov-2026-10-05-general,qc-prov-2026-2026-797,797,Bellechasse,2026,2026,46198,35281,419,35700,77.28,162,162,77.27607255725356,1.173669467787115,src_3bbf709ff718,src_3bbf709ff718_20261006151238356_5c01752fbd90,2026-10-06T15:12:38.356Z,2026-10-06T15:12:38.413Z,2026-10-06T15:10:38.958Z,final
qc-prov-2026-10-05-general,qc-prov-2026-2026-591,591,Bellefeuille,2026,2026,45378,31218,574,31792,70.06,138,138,70.06038168275376,1.8054856567689985,src_3bbf709ff718,src_3bbf709ff718_20261006151238356_5c01752fbd90,2026-10-06T15:12:38.356Z,2026-10-06T15:12:38.413Z,2026-10-06T15:10:38.958Z,final
qc-prov-2026-10-05-general,qc-prov-2026-2026-627,627,Berthier,2026,2026,54047,35993,713,36706,67.91,172,172,67.9149629026588,1.9424617228790932,src_3bbf709ff718,src_3bbf709ff718_20261006151238356_5c01752fbd90,2026-10-06T15:12:38.356Z,2026-10-06T15:12:38.413Z,2026-10-06T15:10:38.958Z,final
qc-prov-2026-10-05-general,qc-prov-2026-2026-641,641,Bertrand,2026,2026,60079,39531,570,40101,66.75,184,184,66.74711629687577,1.4214109373831076,src_3bbf709ff718,src_3bbf709ff718_20261006151238356_5c01752fbd90,2026-10-06T15:12:38.356Z,2026-10-06T15:12:38.413Z,2026-10-06T15:10:38.958Z,final
qc-prov-2026-10-05-general,qc-prov-2026-2026-607,607,Blainville,2026,2026,62470,44520,684,45204,72.36,191,191,72.36113334400513,1.513140430050438,src_3bbf709ff718,src_3bbf709ff718_20261006151238356_5c01752fbd90,2026-10-06T15:12:38.356Z,2026-10-06T15:12:38.413Z,2026-10-06T15:10:38.958Z,final
qc-prov-2026-10-05-general,qc-prov-2026-2026-837,837,Bonaventure,2026,2026,35906,21254,316,21570,60.07,127,127,60.07352531610316,1.4649976819656931,src_3bbf709ff718,src_3bbf709ff718_20261006151238356_5c01752fbd90,2026-10-06T15:12:38.356Z,2026-10-06T15:12:38.413Z,2026-10-06T15:10:38.958Z,final
qc-prov-2026-10-05-general,qc-prov-2026-2026-237,237,Borduas,2026,2026,58749,45177,545,45722,77.83,178,178,77.82600554903063,1.191986352303049,src_3bbf709ff718,src_3bbf709ff718_20261006151238356_5c01752fbd90,2026-10-06T15:12:38.356Z,2026-10-06T15:12:38.413Z,2026-10-06T15:10:38.958Z,final
qc-prov-2026-10-05-general,qc-prov-2026-2026-327,327,Bourassa-Sauvé,2026,2026,44289,21984,574,22558,50.93,149,149,50.93364040732462,2.5445518219700327,src_3bbf709ff718,src_3bbf709ff718_20261006151238356_5c01752fbd90,2026-10-06T15:12:38.356Z,2026-10-06T15:12:38.413Z,2026-10-06T15:10:38.958Z,final
qc-prov-2026-10-05-general,qc-prov-2026-2026-157,157,Brome-Missisquoi,2026,2026,57556,40048,486,40534,70.43,193,193,70.42532490096602,1.198993437607934,src_3bbf709ff718,src_3bbf709ff718_20261006151238356_5c01752fbd90,2026-10-06T15:12:38.356Z,2026-10-06T15:12:38.413Z,2026-10-06T15:10:38.958Z,final
qc-prov-2026-10-05-general,qc-prov-2026-2026-337,337,Camille-Laurin,2026,2026,49429,30835,489,31324,63.37,163,163,63.37170486961096,1.5611033073681522,src_3bbf709ff718,src_3bbf709ff718_20261006151238356_5c01752fbd90,2026-10-06T15:12:38.356Z,2026-10-06T15:12:38.413Z,2026-10-06T15:10:38.958Z,final
qc-prov-2026-10-05-general,qc-prov-2026-2026-207,207,Chambly,2026,2026,54555,40510,588,41098,75.33,163,163,75.33315003207773,1.43072655603679,src_3bbf709ff718,src_3bbf709ff718_20261006151238356_5c01752fbd90,2026-10-06T15:12:38.356Z,2026-10-06T15:12:38.413Z,2026-10-06T15:10:38.958Z,final
qc-prov-2026-10-05-general,qc-prov-2026-2026-701,701,Champlain,2026,2026,60815,43330,671,44001,72.35,191,191,72.35221573624928,1.5249653416967797,src_3bbf709ff718,src_3bbf709ff718_20261006151238356_5c01752fbd90,2026-10-06T15:12:38.356Z,2026-10-06T15:12:38.413Z,2026-10-06T15:10:38.958Z,final
qc-prov-2026-10-05-general,qc-prov-2026-2026-667,667,Chapleau,2026,2026,59230,34216,477,34693,58.57,185,185,58.57335809555968,1.3749171302568242,src_3bbf709ff718,src_3bbf709ff718_20261006151238356_5c01752fbd90,2026-10-06T15:12:38.356Z,2026-10-06T15:12:38.413Z,2026-10-06T15:10:38.958Z,final
qc-prov-2026-10-05-general,qc-prov-2026-2026-767,767,Charlesbourg,2026,2026,57745,43865,620,44485,77.04,180,180,77.03697289808642,1.3937282229965158,src_3bbf709ff718,src_3bbf709ff718_20261006151238356_5c01752fbd90,2026-10-06T15:12:38.356Z,2026-10-06T15:12:38.413Z,2026-10-06T15:10:38.958Z,final
qc-prov-2026-10-05-general,qc-prov-2026-2026-771,771,Charlevoix-Côte-de-Beaupré,2026,2026,56046,40763,464,41227,73.56,189,189,73.5592192127895,1.1254760229946394,src_3bbf709ff718,src_3bbf709ff718_20261006151238356_5c01752fbd90,2026-10-06T15:12:38.356Z,2026-10-06T15:12:38.413Z,2026-10-06T15:10:38.958Z,final
qc-prov-2026-10-05-general,qc-prov-2026-2026-191,191,Châteauguay,2026,2026,57091,34514,575,35089,61.46,160,160,61.461526335149145,1.638690187808145,src_3bbf709ff718,src_3bbf709ff718_20261006151238356_5c01752fbd90,2026-10-06T15:12:38.356Z,2026-10-06T15:12:38.413Z,2026-10-06T15:10:38.958Z,final
qc-prov-2026-10-05-general,qc-prov-2026-2026-769,769,Chauveau,2026,2026,60028,46181,527,46708,77.81,193,193,77.81035516758845,1.1282863749250664,src_3bbf709ff718,src_3bbf709ff718_20261006151238356_5c01752fbd90,2026-10-06T15:12:38.356Z,2026-10-06T15:12:38.413Z,2026-10-06T15:10:38.958Z,final
qc-prov-2026-10-05-general,qc-prov-2026-2026-821,821,Chicoutimi,2026,2026,45858,30106,370,30476,66.46,147,147,66.45732478520651,1.2140700879380497,src_3bbf709ff718,src_3bbf709ff718_20261006151238356_5c01752fbd90,2026-10-06T15:12:38.356Z,2026-10-06T15:12:38.413Z,2026-10-06T15:10:38.958Z,final
qc-prov-2026-10-05-general,qc-prov-2026-2026-351,351,Chomedey,2026,2026,57202,28356,531,28887,50.5,169,169,50.49998251809377,1.8381971128881505,src_3bbf709ff718,src_3bbf709ff718_20261006151238356_5c01752fbd90,2026-10-06T15:12:38.356Z,2026-10-06T15:12:38.413Z,2026-10-06T15:10:38.958Z,final
qc-prov-2026-10-05-general,qc-prov-2026-2026-789,789,Chutes-de-la-Chaudière,2026,2026,62158,49644,597,50241,80.83,191,191,80.8278902152579,1.1882725264226428,src_3bbf709ff718,src_3bbf709ff718_20261006151238356_5c01752fbd90,2026-10-06T15:12:38.356Z,2026-10-06T15:12:38.413Z,2026-10-06T15:10:38.958Z,final
qc-prov-2026-10-05-general,qc-prov-2026-2026-799,799,Côte-du-Sud,2026,2026,50596,35804,490,36294,71.73,175,175,71.73294331567713,1.3500854135669809,src_3bbf709ff718,src_3bbf709ff718_20261006151238356_5c01752fbd90,2026-10-06T15:12:38.356Z,2026-10-06T15:12:38.413Z,2026-10-06T15:10:38.958Z,final
qc-prov-2026-10-05-general,qc-prov-2026-2026-131,131,Daniel-Johnson,2026,2026,49485,34529,680,35209,71.15,160,160,71.15085379407901,1.9313243772898974,src_3bbf709ff718,src_3bbf709ff718_20261006151238356_5c01752fbd90,2026-10-06T15:12:38.356Z,2026-10-06T15:12:38.413Z,2026-10-06T15:10:38.958Z,final
qc-prov-2026-10-05-general,qc-prov-2026-2026-277,277,D'Arcy-McGee,2026,2026,56919,27068,310,27378,48.1,171,171,48.099931481579084,1.1322960040908758,src_3bbf709ff718,src_3bbf709ff718_20261006151238356_5c01752fbd90,2026-10-06T15:12:38.356Z,2026-10-06T15:12:38.413Z,2026-10-06T15:10:38.958Z,final
qc-prov-2026-10-05-general,qc-prov-2026-2026-581,581,Deux-Montagnes,2026,2026,50574,34532,670,35202,69.6,154,154,69.60493534227074,1.9033009488097268,src_3bbf709ff718,src_3bbf709ff718_20261006151238356_5c01752fbd90,2026-10-06T15:12:38.356Z,2026-10-06T15:12:38.413Z,2026-10-06T15:10:38.958Z,final
qc-prov-2026-10-05-general,qc-prov-2026-2026-141,141,Drummond-Bois-Francs,2026,2026,53611,37311,725,38036,70.95,173,173,70.94812631736025,1.9060889683457778,src_3bbf709ff718,src_3bbf709ff718_20261006151238356_5c01752fbd90,2026-10-06T15:12:38.356Z,2026-10-06T15:12:38.413Z,2026-10-06T15:10:38.958Z,final
qc-prov-2026-10-05-general,qc-prov-2026-2026-819,819,Dubuc,2026,2026,43166,27763,411,28174,65.27,142,142,65.26896168280591,1.4587917938524881,src_3bbf709ff718,src_3bbf709ff718_20261006151238356_5c01752fbd90,2026-10-06T15:12:38.356Z,2026-10-06T15:12:38.413Z,2026-10-06T15:10:38.958Z,final
qc-prov-2026-10-05-general,qc-prov-2026-2026-813,813,Duplessis,2026,2026,37124,20013,241,20254,54.56,158,158,54.557698523865966,1.1898884171027946,src_3bbf709ff718,src_3bbf709ff718_20261006151238356_5c01752fbd90,2026-10-06T15:12:38.356Z,2026-10-06T15:12:38.413Z,2026-10-06T15:10:38.958Z,final
qc-prov-2026-10-05-general,qc-prov-2026-2026-357,357,Fabre,2026,2026,58674,35198,436,35634,60.73,164,164,60.73218120462215,1.2235505416175563,src_3bbf709ff718,src_3bbf709ff718_20261006151238356_5c01752fbd90,2026-10-06T15:12:38.356Z,2026-10-06T15:12:38.413Z,2026-10-06T15:10:38.958Z,final
qc-prov-2026-10-05-general,qc-prov-2026-2026-809,809,Gaspé,2026,2026,30110,17887,233,18120,60.18,118,118,60.179342411159084,1.2858719646799117,src_3bbf709ff718,src_3bbf709ff718_20261006151238356_5c01752fbd90,2026-10-06T15:12:38.356Z,2026-10-06T15:12:38.413Z,2026-10-06T15:10:38.958Z,final
qc-prov-2026-10-05-general,qc-prov-2026-2026-661,661,Gatineau,2026,2026,61945,37676,374,38050,61.43,206,206,61.42545806764065,0.9829172141918529,src_3bbf709ff718,src_3bbf709ff718_20261006151238356_5c01752fbd90,2026-10-06T15:12:38.356Z,2026-10-06T15:12:38.413Z,2026-10-06T15:10:38.958Z,final
qc-prov-2026-10-05-general,qc-prov-2026-2026-311,311,Gouin,2026,2026,43186,31029,326,31355,72.6,130,130,72.60454777011068,1.0397065858714718,src_3bbf709ff718,src_3bbf709ff718_20261006151238356_5c01752fbd90,2026-10-06T15:12:38.356Z,2026-10-06T15:12:38.413Z,2026-10-06T15:10:38.958Z,final
qc-prov-2026-10-05-general,qc-prov-2026-2026-159,159,Granby,2026,2026,59146,39869,739,40608,68.66,183,183,68.65722111385385,1.8198384554767533,src_3bbf709ff718,src_3bbf709ff718_20261006151238356_5c01752fbd90,2026-10-06T15:12:38.356Z,2026-10-06T15:12:38.413Z,2026-10-06T15:10:38.958Z,final
qc-prov-2026-10-05-general,qc-prov-2026-2026-577,577,Groulx,2026,2026,54278,36505,631,37136,68.42,181,181,68.41814363093702,1.699159844894442,src_3bbf709ff718,src_3bbf709ff718_20261006151238356_5c01752fbd90,2026-10-06T15:12:38.356Z,2026-10-06T15:12:38.413Z,2026-10-06T15:10:38.958Z,final
qc-prov-2026-10-05-general,qc-prov-2026-2026-317,317,Hochelaga-Maisonneuve,2026,2026,40990,27257,357,27614,67.37,139,139,67.36765064649914,1.2928224813500397,src_3bbf709ff718,src_3bbf709ff718_20261006151238356_5c01752fbd90,2026-10-06T15:12:38.356Z,2026-10-06T15:12:38.413Z,2026-10-06T15:10:38.958Z,final
qc-prov-2026-10-05-general,qc-prov-2026-2026-651,651,Hull,2026,2026,61050,33832,463,34295,56.18,195,195,56.175266175266174,1.350051027846625,src_3bbf709ff718,src_3bbf709ff718_20261006151238356_5c01752fbd90,2026-10-06T15:12:38.356Z,2026-10-06T15:12:38.413Z,2026-10-06T15:10:38.958Z,final
qc-prov-2026-10-05-general,qc-prov-2026-2026-171,171,Huntingdon,2026,2026,50373,33220,602,33822,67.14,158,158,67.14311238163302,1.7799065696883685,src_3bbf709ff718,src_3bbf709ff718_20261006151238356_5c01752fbd90,2026-10-06T15:12:38.356Z,2026-10-06T15:12:38.413Z,2026-10-06T15:10:38.958Z,final
qc-prov-2026-10-05-general,qc-prov-2026-2026-161,161,Iberville,2026,2026,51412,35921,656,36577,71.14,154,154,71.14486890220182,1.793476775022555,src_3bbf709ff718,src_3bbf709ff718_20261006151238356_5c01752fbd90,2026-10-06T15:12:38.356Z,2026-10-06T15:12:38.413Z,2026-10-06T15:10:38.958Z,final
qc-prov-2026-10-05-general,qc-prov-2026-2026-811,811,Îles-de-la-Madeleine,2026,2026,11155,7606,127,7733,69.32,44,44,69.32317346481399,1.642312168627958,src_3bbf709ff718,src_3bbf709ff718_20261006151238356_5c01752fbd90,2026-10-06T15:12:38.356Z,2026-10-06T15:12:38.413Z,2026-10-06T15:10:38.958Z,final
qc-prov-2026-10-05-general,qc-prov-2026-2026-259,259,Jacques-Cartier,2026,2026,48505,30675,174,30849,63.6,151,151,63.599628904236674,0.5640377321793251,src_3bbf709ff718,src_3bbf709ff718_20261006151238356_5c01752fbd90,2026-10-06T15:12:38.356Z,2026-10-06T15:12:38.413Z,2026-10-06T15:10:38.958Z,final
qc-prov-2026-10-05-general,qc-prov-2026-2026-757,757,Jean-Lesage,2026,2026,44648,30407,449,30856,69.11,144,144,69.10947858806665,1.4551464869069224,src_3bbf709ff718,src_3bbf709ff718_20261006151238356_5c01752fbd90,2026-10-06T15:12:38.356Z,2026-10-06T15:12:38.413Z,2026-10-06T15:10:38.958Z,final
qc-prov-2026-10-05-general,qc-prov-2026-2026-331,331,Jeanne-Mance-Viger,2026,2026,50087,27095,598,27693,55.29,144,144,55.289795755385626,2.1593904596829523,src_3bbf709ff718,src_3bbf709ff718_20261006151238356_5c01752fbd90,2026-10-06T15:12:38.356Z,2026-10-06T15:12:38.413Z,2026-10-06T15:10:38.958Z,final
qc-prov-2026-10-05-general,qc-prov-2026-2026-707,707,Jean-Talon,2026,2026,47798,36282,309,36591,76.55,171,171,76.55341227666429,0.8444699516274494,src_3bbf709ff718,src_3bbf709ff718_20261006151238356_5c01752fbd90,2026-10-06T15:12:38.356Z,2026-10-06T15:12:38.413Z,2026-10-06T15:10:38.958Z,final
qc-prov-2026-10-05-general,qc-prov-2026-2026-629,629,Joliette,2026,2026,59404,40777,786,41563,69.97,200,200,69.96666891118443,1.8911050694126987,src_3bbf709ff718,src_3bbf709ff718_20261006151238356_5c01752fbd90,2026-10-06T15:12:38.356Z,2026-10-06T15:12:38.413Z,2026-10-06T15:10:38.958Z,final
qc-prov-2026-10-05-general,qc-prov-2026-2026-823,823,Jonquière,2026,2026,45408,30551,475,31026,68.33,145,145,68.32716701902748,1.5309740217881778,src_3bbf709ff718,src_3bbf709ff718_20261006151238356_5c01752fbd90,2026-10-06T15:12:38.356Z,2026-10-06T15:12:38.413Z,2026-10-06T15:10:38.958Z,final
qc-prov-2026-10-05-general,qc-prov-2026-2026-649,649,Labelle,2026,2026,54450,35015,705,35720,65.6,176,176,65.60146923783287,1.9736842105263157,src_3bbf709ff718,src_3bbf709ff718_20261006151238356_5c01752fbd90,2026-10-06T15:12:38.356Z,2026-10-06T15:12:38.413Z,2026-10-06T15:10:38.958Z,final
qc-prov-2026-10-05-general,qc-prov-2026-2026-827,827,Lac-Saint-Jean,2026,2026,44732,29987,456,30443,68.06,144,144,68.05642493069838,1.497881286338403,src_3bbf709ff718,src_3bbf709ff718_20261006151238356_5c01752fbd90,2026-10-06T15:12:38.356Z,2026-10-06T15:12:38.413Z,2026-10-06T15:10:38.958Z,final
qc-prov-2026-10-05-general,qc-prov-2026-2026-339,339,LaFontaine,2026,2026,42624,25303,451,25754,60.42,146,146,60.42135885885886,1.7511842820532733,src_3bbf709ff718,src_3bbf709ff718_20261006151238356_5c01752fbd90,2026-10-06T15:12:38.356Z,2026-10-06T15:12:38.413Z,2026-10-06T15:10:38.958Z,final
qc-prov-2026-10-05-general,qc-prov-2026-2026-729,729,La Peltrie,2026,2026,59815,45317,512,45829,76.62,183,183,76.61790520772381,1.117196534945122,src_3bbf709ff718,src_3bbf709ff718_20261006151238356_5c01752fbd90,2026-10-06T15:12:38.356Z,2026-10-06T15:12:38.413Z,2026-10-06T15:10:38.958Z,final
qc-prov-2026-10-05-general,qc-prov-2026-2026-201,201,La Pinière,2026,2026,58907,33954,375,34329,58.28,172,172,58.27660549680004,1.0923708817617757,src_3bbf709ff718,src_3bbf709ff718_20261006151238356_5c01752fbd90,2026-10-06T15:12:38.356Z,2026-10-06T15:12:38.413Z,2026-10-06T15:10:38.958Z,final
qc-prov-2026-10-05-general,qc-prov-2026-2026-199,199,La Prairie,2026,2026,50872,36662,486,37148,73.02,164,164,73.02248781254914,1.3082803919457306,src_3bbf709ff718,src_3bbf709ff718_20261006151238356_5c01752fbd90,2026-10-06T15:12:38.356Z,2026-10-06T15:12:38.413Z,2026-10-06T15:10:38.958Z,final
qc-prov-2026-10-05-general,qc-prov-2026-2026-621,621,L'Assomption,2026,2026,57207,39724,722,40446,70.7,181,181,70.70113797262573,1.7850961776195422,src_3bbf709ff718,src_3bbf709ff718_20261006151238356_5c01752fbd90,2026-10-06T15:12:38.356Z,2026-10-06T15:12:38.413Z,2026-10-06T15:10:38.958Z,final
qc-prov-2026-10-05-general,qc-prov-2026-2026-307,307,Laurier-Dorion,2026,2026,44455,28772,335,29107,65.48,148,148,65.47519964008548,1.1509258941148177,src_3bbf709ff718,src_3bbf709ff718_20261006151238356_5c01752fbd90,2026-10-06T15:12:38.356Z,2026-10-06T15:12:38.413Z,2026-10-06T15:10:38.958Z,final
qc-prov-2026-10-05-general,qc-prov-2026-2026-347,347,Laval-des-Rapides,2026,2026,56746,33075,578,33653,59.3,173,173,59.30462058999753,1.717528897869432,src_3bbf709ff718,src_3bbf709ff718_20261006151238356_5c01752fbd90,2026-10-06T15:12:38.356Z,2026-10-06T15:12:38.413Z,2026-10-06T15:10:38.958Z,final
qc-prov-2026-10-05-general,qc-prov-2026-2026-697,697,Laviolette-Saint-Maurice,2026,2026,60890,38733,733,39466,64.82,198,198,64.81524059779932,1.8572948867379517,src_3bbf709ff718,src_3bbf709ff718_20261006151238356_5c01752fbd90,2026-10-06T15:12:38.356Z,2026-10-06T15:12:38.413Z,2026-10-06T15:10:38.958Z,final
qc-prov-2026-10-05-general,qc-prov-2026-2026-601,601,Les Plaines,2026,2026,49905,33306,753,34059,68.25,153,153,68.24767057409078,2.2108693737338148,src_3bbf709ff718,src_3bbf709ff718_20261006151238356_5c01752fbd90,2026-10-06T15:12:38.356Z,2026-10-06T15:12:38.413Z,2026-10-06T15:10:38.958Z,final
qc-prov-2026-10-05-general,qc-prov-2026-2026-791,791,Lévis,2026,2026,54022,39905,528,40433,74.85,173,173,74.84543334197178,1.3058640219622586,src_3bbf709ff718,src_3bbf709ff718_20261006151238356_5c01752fbd90,2026-10-06T15:12:38.356Z,2026-10-06T15:12:38.413Z,2026-10-06T15:10:38.958Z,final
qc-prov-2026-10-05-general,qc-prov-2026-2026-787,787,Lotbinière-Frontenac,2026,2026,59603,44079,616,44695,74.99,194,194,74.98783618274248,1.3782302270947533,src_3bbf709ff718,src_3bbf709ff718_20261006151238356_5c01752fbd90,2026-10-06T15:12:38.356Z,2026-10-06T15:12:38.413Z,2026-10-06T15:10:38.958Z,final
qc-prov-2026-10-05-general,qc-prov-2026-2026-709,709,Louis-Hébert,2026,2026,48220,39587,361,39948,82.85,165,165,82.84529240978847,0.9036747772103735,src_3bbf709ff718,src_3bbf709ff718_20261006151238356_5c01752fbd90,2026-10-06T15:12:38.356Z,2026-10-06T15:12:38.413Z,2026-10-06T15:10:38.958Z,final
qc-prov-2026-10-05-general,qc-prov-2026-2026-251,251,Marguerite-Bourgeoys,2026,2026,53367,27754,546,28300,53.03,158,158,53.02902542769876,1.9293286219081272,src_3bbf709ff718,src_3bbf709ff718_20261006151238356_5c01752fbd90,2026-10-06T15:12:38.356Z,2026-10-06T15:12:38.413Z,2026-10-06T15:10:38.958Z,final
qc-prov-2026-10-05-general,qc-prov-2026-2026-139,139,Marie-Lacoste-Gérin-Lajoie,2026,2026,46362,31327,535,31862,68.72,150,150,68.72438635089081,1.6791161885631787,src_3bbf709ff718,src_3bbf709ff718_20261006151238356_5c01752fbd90,2026-10-06T15:12:38.356Z,2026-10-06T15:12:38.413Z,2026-10-06T15:10:38.958Z,final
qc-prov-2026-10-05-general,qc-prov-2026-2026-219,219,Marie-Victorin,2026,2026,44666,27606,535,28141,63,139,139,63.00317915192764,1.9011406844106464,src_3bbf709ff718,src_3bbf709ff718_20261006151238356_5c01752fbd90,2026-10-06T15:12:38.356Z,2026-10-06T15:12:38.413Z,2026-10-06T15:10:38.958Z,final
qc-prov-2026-10-05-general,qc-prov-2026-2026-257,257,Marquette,2026,2026,45585,26220,337,26557,58.26,137,137,58.258198968959086,1.2689686335052905,src_3bbf709ff718,src_3bbf709ff718_20261006151238356_5c01752fbd90,2026-10-06T15:12:38.356Z,2026-10-06T15:12:38.413Z,2026-10-06T15:10:38.958Z,final
qc-prov-2026-10-05-general,qc-prov-2026-2026-693,693,Maskinongé,2026,2026,48326,34730,475,35205,72.85,151,151,72.84898398377685,1.3492401647493253,src_3bbf709ff718,src_3bbf709ff718_20261006151238356_5c01752fbd90,2026-10-06T15:12:38.356Z,2026-10-06T15:12:38.413Z,2026-10-06T15:10:38.958Z,final
qc-prov-2026-10-05-general,qc-prov-2026-2026-611,611,Masson,2026,2026,55418,38425,778,39203,70.74,165,165,70.74055361074019,1.9845419993367854,src_3bbf709ff718,src_3bbf709ff718_20261006151238356_5c01752fbd90,2026-10-06T15:12:38.356Z,2026-10-06T15:12:38.413Z,2026-10-06T15:10:38.958Z,final
qc-prov-2026-10-05-general,qc-prov-2026-2026-807,807,Matane-Matapédia-Mitis,2026,2026,46539,29193,324,29517,63.42,158,158,63.4242248436795,1.097672527695904,src_3bbf709ff718,src_3bbf709ff718_20261006151238356_5c01752fbd90,2026-10-06T15:12:38.356Z,2026-10-06T15:12:38.413Z,2026-10-06T15:10:38.958Z,final
qc-prov-2026-10-05-general,qc-prov-2026-2026-301,301,Maurice-Richard,2026,2026,46090,31446,500,31946,69.31,141,141,69.31221523106964,1.5651411757340512,src_3bbf709ff718,src_3bbf709ff718_20261006151238356_5c01752fbd90,2026-10-06T15:12:38.356Z,2026-10-06T15:12:38.413Z,2026-10-06T15:10:38.958Z,final
qc-prov-2026-10-05-general,qc-prov-2026-2026-117,117,Mégantic,2026,2026,51921,35844,490,36334,69.98,172,172,69.97939176826333,1.3485991082732427,src_3bbf709ff718,src_3bbf709ff718_20261006151238356_5c01752fbd90,2026-10-06T15:12:38.356Z,2026-10-06T15:12:38.413Z,2026-10-06T15:10:38.958Z,final
qc-prov-2026-10-05-general,qc-prov-2026-2026-313,313,Mercier,2026,2026,45620,30001,323,30324,66.47,139,139,66.47084612012276,1.0651629072681705,src_3bbf709ff718,src_3bbf709ff718_20261006151238356_5c01752fbd90,2026-10-06T15:12:38.356Z,2026-10-06T15:12:38.413Z,2026-10-06T15:10:38.958Z,final
qc-prov-2026-10-05-general,qc-prov-2026-2026-571,571,Mille-Îles,2026,2026,50119,32765,500,33265,66.37,147,147,66.37203455775254,1.5030813166992334,src_3bbf709ff718,src_3bbf709ff718_20261006151238356_5c01752fbd90,2026-10-06T15:12:38.356Z,2026-10-06T15:12:38.413Z,2026-10-06T15:10:38.958Z,final
qc-prov-2026-10-05-general,qc-prov-2026-2026-587,587,Mirabel,2026,2026,55339,38764,703,39467,71.32,168,168,71.31859990241963,1.7812349557858465,src_3bbf709ff718,src_3bbf709ff718_20261006151238356_5c01752fbd90,2026-10-06T15:12:38.356Z,2026-10-06T15:12:38.413Z,2026-10-06T15:10:38.958Z,final
qc-prov-2026-10-05-general,qc-prov-2026-2026-227,227,Montarville,2026,2026,53937,43098,422,43520,80.69,161,161,80.6867271075514,0.9696691176470589,src_3bbf709ff718,src_3bbf709ff718_20261006151238356_5c01752fbd90,2026-10-06T15:12:38.356Z,2026-10-06T15:12:38.413Z,2026-10-06T15:10:38.958Z,final
qc-prov-2026-10-05-general,qc-prov-2026-2026-761,761,Montmorency,2026,2026,58226,43903,488,44391,76.24,182,182,76.23913715522275,1.0993219346263883,src_3bbf709ff718,src_3bbf709ff718_20261006151238356_5c01752fbd90,2026-10-06T15:12:38.356Z,2026-10-06T15:12:38.413Z,2026-10-06T15:10:38.958Z,final
qc-prov-2026-10-05-general,qc-prov-2026-2026-297,297,Mont-Royal-Outremont,2026,2026,59033,31655,283,31938,54.1,196,196,54.1019429810445,0.8860918028680569,src_3bbf709ff718,src_3bbf709ff718_20261006151238356_5c01752fbd90,2026-10-06T15:12:38.356Z,2026-10-06T15:12:38.413Z,2026-10-06T15:10:38.958Z,final
qc-prov-2026-10-05-general,qc-prov-2026-2026-261,261,Nelligan,2026,2026,58302,34290,326,34616,59.37,178,178,59.37360639429179,0.9417610353593714,src_3bbf709ff718,src_3bbf709ff718_20261006151238356_5c01752fbd90,2026-10-06T15:12:38.356Z,2026-10-06T15:12:38.413Z,2026-10-06T15:10:38.958Z,final
qc-prov-2026-10-05-general,qc-prov-2026-2026-151,151,Nicolet-Bécancour,2026,2026,41215,30513,482,30995,75.2,143,143,75.20320271745723,1.5550895305694468,src_3bbf709ff718,src_3bbf709ff718_20261006151238356_5c01752fbd90,2026-10-06T15:12:38.356Z,2026-10-06T15:12:38.413Z,2026-10-06T15:10:38.958Z,final
qc-prov-2026-10-05-general,qc-prov-2026-2026-279,279,Notre-Dame-de-Grâce,2026,2026,47362,26786,245,27031,57.07,142,142,57.07318103120645,0.9063667640856794,src_3bbf709ff718,src_3bbf709ff718_20261006151238356_5c01752fbd90,2026-10-06T15:12:38.356Z,2026-10-06T15:12:38.413Z,2026-10-06T15:10:38.958Z,final
qc-prov-2026-10-05-general,qc-prov-2026-2026-127,127,Orford,2026,2026,47940,34602,371,34973,72.95,148,148,72.95160617438465,1.0608183455808766,src_3bbf709ff718,src_3bbf709ff718_20261006151238356_5c01752fbd90,2026-10-06T15:12:38.356Z,2026-10-06T15:12:38.413Z,2026-10-06T15:10:38.958Z,final
qc-prov-2026-10-05-general,qc-prov-2026-2026-669,669,Papineau,2026,2026,60947,37053,516,37569,61.64,204,204,61.64208246509262,1.3734728100295457,src_3bbf709ff718,src_3bbf709ff718_20261006151238356_5c01752fbd90,2026-10-06T15:12:38.356Z,2026-10-06T15:12:38.413Z,2026-10-06T15:10:38.958Z,final
qc-prov-2026-10-05-general,qc-prov-2026-2026-217,217,Pierre-Laporte,2026,2026,53216,33886,450,34336,64.52,162,162,64.5219482862297,1.310577819198509,src_3bbf709ff718,src_3bbf709ff718_20261006151238356_5c01752fbd90,2026-10-06T15:12:38.356Z,2026-10-06T15:12:38.413Z,2026-10-06T15:10:38.958Z,final
qc-prov-2026-10-05-general,qc-prov-2026-2026-341,341,Pointe-aux-Trembles,2026,2026,40363,25729,524,26253,65.04,130,130,65.04224165696306,1.995962366205767,src_3bbf709ff718,src_3bbf709ff718_20261006151238356_5c01752fbd90,2026-10-06T15:12:38.356Z,2026-10-06T15:12:38.413Z,2026-10-06T15:10:38.958Z,final
qc-prov-2026-10-05-general,qc-prov-2026-2026-657,657,Pontiac,2026,2026,56444,29901,285,30186,53.48,185,185,53.47955495712565,0.9441462929835023,src_3bbf709ff718,src_3bbf709ff718_20261006151238356_5c01752fbd90,2026-10-06T15:12:38.356Z,2026-10-06T15:12:38.413Z,2026-10-06T15:10:38.958Z,final
qc-prov-2026-10-05-general,qc-prov-2026-2026-727,727,Portneuf,2026,2026,56234,42294,444,42738,76,184,184,76.0002845253761,1.0388881089428612,src_3bbf709ff718,src_3bbf709ff718_20261006151238356_5c01752fbd90,2026-10-06T15:12:38.356Z,2026-10-06T15:12:38.413Z,2026-10-06T15:10:38.958Z,final
qc-prov-2026-10-05-general,qc-prov-2026-2026-637,637,Prévost,2026,2026,53395,37695,589,38284,71.7,159,159,71.69959734057495,1.5385017239577892,src_3bbf709ff718,src_3bbf709ff718_20261006151238356_5c01752fbd90,2026-10-06T15:12:38.356Z,2026-10-06T15:12:38.413Z,2026-10-06T15:10:38.958Z,final
qc-prov-2026-10-05-general,qc-prov-2026-2026-817,817,René-Lévesque,2026,2026,32035,18562,309,18871,58.91,118,118,58.90744498205088,1.63743309840496,src_3bbf709ff718,src_3bbf709ff718_20261006151238356_5c01752fbd90,2026-10-06T15:12:38.356Z,2026-10-06T15:12:38.413Z,2026-10-06T15:10:38.958Z,final
qc-prov-2026-10-05-general,qc-prov-2026-2026-617,617,Repentigny,2026,2026,56853,40333,672,41005,72.12,172,172,72.12460204386751,1.6388245335934641,src_3bbf709ff718,src_3bbf709ff718_20261006151238356_5c01752fbd90,2026-10-06T15:12:38.356Z,2026-10-06T15:12:38.413Z,2026-10-06T15:10:38.958Z,final
qc-prov-2026-10-05-general,qc-prov-2026-2026-241,241,Richelieu,2026,2026,54251,36535,779,37314,68.78,177,177,68.78029898066396,2.0876882671383394,src_3bbf709ff718,src_3bbf709ff718_20261006151238356_5c01752fbd90,2026-10-06T15:12:38.356Z,2026-10-06T15:12:38.413Z,2026-10-06T15:10:38.958Z,final
qc-prov-2026-10-05-general,qc-prov-2026-2026-137,137,Richmond,2026,2026,59369,43512,587,44099,74.28,196,196,74.27950613956779,1.331095943218667,src_3bbf709ff718,src_3bbf709ff718_20261006151238356_5c01752fbd90,2026-10-06T15:12:38.356Z,2026-10-06T15:12:38.413Z,2026-10-06T15:10:38.958Z,final
qc-prov-2026-10-05-general,qc-prov-2026-2026-803,803,Rimouski,2026,2026,46554,32730,393,33123,71.15,159,159,71.14963268462431,1.186486731274341,src_3bbf709ff718,src_3bbf709ff718_20261006151238356_5c01752fbd90,2026-10-06T15:12:38.356Z,2026-10-06T15:12:38.413Z,2026-10-06T15:10:38.958Z,final
qc-prov-2026-10-05-general,qc-prov-2026-2026-801,801,Rivière-du-Loup-Témiscouata-Les Basques,2026,2026,52139,36113,505,36618,70.23,192,192,70.23149657645908,1.3791031733027472,src_3bbf709ff718,src_3bbf709ff718_20261006151238356_5c01752fbd90,2026-10-06T15:12:38.356Z,2026-10-06T15:12:38.413Z,2026-10-06T15:10:38.958Z,final
qc-prov-2026-10-05-general,qc-prov-2026-2026-267,267,Robert-Baldwin,2026,2026,55208,30722,344,31066,56.27,164,164,56.27083031444718,1.1073198995686602,src_3bbf709ff718,src_3bbf709ff718_20261006151238356_5c01752fbd90,2026-10-06T15:12:38.356Z,2026-10-06T15:12:38.413Z,2026-10-06T15:10:38.958Z,final
qc-prov-2026-10-05-general,qc-prov-2026-2026-829,829,Roberval,2026,2026,44601,27835,439,28274,63.39,152,152,63.39319746194032,1.5526632241635425,src_3bbf709ff718,src_3bbf709ff718_20261006151238356_5c01752fbd90,2026-10-06T15:12:38.356Z,2026-10-06T15:12:38.413Z,2026-10-06T15:10:38.958Z,final
qc-prov-2026-10-05-general,qc-prov-2026-2026-319,319,Rosemont,2026,2026,52328,36131,601,36732,70.2,175,175,70.1956887326097,1.6361755417619515,src_3bbf709ff718,src_3bbf709ff718_20261006151238356_5c01752fbd90,2026-10-06T15:12:38.356Z,2026-10-06T15:12:38.413Z,2026-10-06T15:10:38.958Z,final
qc-prov-2026-10-05-general,qc-prov-2026-2026-631,631,Rousseau,2026,2026,49499,30935,774,31709,64.06,153,153,64.0598799975757,2.440947365101391,src_3bbf709ff718,src_3bbf709ff718_20261006151238356_5c01752fbd90,2026-10-06T15:12:38.356Z,2026-10-06T15:12:38.413Z,2026-10-06T15:10:38.958Z,final
qc-prov-2026-10-05-general,qc-prov-2026-2026-671,671,Rouyn-Noranda-Témiscamingue,2026,2026,44506,27994,431,28425,63.87,154,154,63.86779310654743,1.5162708883025506,src_3bbf709ff718,src_3bbf709ff718_20261006151238356_5c01752fbd90,2026-10-06T15:12:38.356Z,2026-10-06T15:12:38.413Z,2026-10-06T15:10:38.958Z,final
qc-prov-2026-10-05-general,qc-prov-2026-2026-119,119,Saint-François,2026,2026,55182,37300,599,37899,68.68,186,186,68.68000434924431,1.5805166363228582,src_3bbf709ff718,src_3bbf709ff718_20261006151238356_5c01752fbd90,2026-10-06T15:12:38.356Z,2026-10-06T15:12:38.413Z,2026-10-06T15:10:38.958Z,final
qc-prov-2026-10-05-general,qc-prov-2026-2026-281,281,Saint-Henri-Sainte-Anne,2026,2026,60412,36097,460,36557,60.51,186,186,60.51281202410117,1.2583089421998523,src_3bbf709ff718,src_3bbf709ff718_20261006151238356_5c01752fbd90,2026-10-06T15:12:38.356Z,2026-10-06T15:12:38.413Z,2026-10-06T15:10:38.958Z,final
qc-prov-2026-10-05-general,qc-prov-2026-2026-239,239,Saint-Hyacinthe,2026,2026,55710,39296,740,40036,71.87,169,169,71.86501525758392,1.8483364971525627,src_3bbf709ff718,src_3bbf709ff718_20261006151238356_5c01752fbd90,2026-10-06T15:12:38.356Z,2026-10-06T15:12:38.413Z,2026-10-06T15:10:38.958Z,final
qc-prov-2026-10-05-general,qc-prov-2026-2026-167,167,Saint-Jean,2026,2026,61671,42278,777,43055,69.81,187,187,69.81401306935189,1.8046684473348042,src_3bbf709ff718,src_3bbf709ff718_20261006151238356_5c01752fbd90,2026-10-06T15:12:38.356Z,2026-10-06T15:12:38.413Z,2026-10-06T15:10:38.958Z,final
qc-prov-2026-10-05-general,qc-prov-2026-2026-597,597,Saint-Jérôme,2026,2026,46111,28419,637,29056,63.01,150,150,63.0131638871419,2.192318281938326,src_3bbf709ff718,src_3bbf709ff718_20261006151238356_5c01752fbd90,2026-10-06T15:12:38.356Z,2026-10-06T15:12:38.413Z,2026-10-06T15:10:38.958Z,final
qc-prov-2026-10-05-general,qc-prov-2026-2026-271,271,Saint-Laurent,2026,2026,59678,30635,406,31041,52.01,169,169,52.01414256509937,1.3079475532360427,src_3bbf709ff718,src_3bbf709ff718_20261006151238356_5c01752fbd90,2026-10-06T15:12:38.356Z,2026-10-06T15:12:38.413Z,2026-10-06T15:10:38.958Z,final
qc-prov-2026-10-05-general,qc-prov-2026-2026-287,287,Sainte-Marie-Saint-Jacques,2026,2026,42949,25310,224,25534,59.45,144,144,59.451908077021585,0.8772616902952926,src_3bbf709ff718,src_3bbf709ff718_20261006151238356_5c01752fbd90,2026-10-06T15:12:38.356Z,2026-10-06T15:12:38.413Z,2026-10-06T15:10:38.958Z,final
qc-prov-2026-10-05-general,qc-prov-2026-2026-359,359,Sainte-Rose,2026,2026,58391,37566,582,38148,65.33,181,181,65.33198609374732,1.5256369927650204,src_3bbf709ff718,src_3bbf709ff718_20261006151238356_5c01752fbd90,2026-10-06T15:12:38.356Z,2026-10-06T15:12:38.413Z,2026-10-06T15:10:38.958Z,final
qc-prov-2026-10-05-general,qc-prov-2026-2026-197,197,Sanguinet,2026,2026,45528,32053,501,32554,71.5,138,138,71.50325074679319,1.5389813847760643,src_3bbf709ff718,src_3bbf709ff718_20261006151238356_5c01752fbd90,2026-10-06T15:12:38.356Z,2026-10-06T15:12:38.413Z,2026-10-06T15:10:38.958Z,final
qc-prov-2026-10-05-general,qc-prov-2026-2026-121,121,Sherbrooke,2026,2026,53681,37169,554,37723,70.27,186,186,70.27253590655911,1.468600058319858,src_3bbf709ff718,src_3bbf709ff718_20261006151238356_5c01752fbd90,2026-10-06T15:12:38.356Z,2026-10-06T15:12:38.413Z,2026-10-06T15:10:38.958Z,final
qc-prov-2026-10-05-general,qc-prov-2026-2026-181,181,Soulanges,2026,2026,59017,40017,571,40588,68.77,176,176,68.77340427334497,1.4068197496797084,src_3bbf709ff718,src_3bbf709ff718_20261006151238356_5c01752fbd90,2026-10-06T15:12:38.356Z,2026-10-06T15:12:38.413Z,2026-10-06T15:10:38.958Z,final
qc-prov-2026-10-05-general,qc-prov-2026-2026-221,221,Taillon,2026,2026,52378,35256,559,35815,68.38,161,161,68.37794493871473,1.5607985480943738,src_3bbf709ff718,src_3bbf709ff718_20261006151238356_5c01752fbd90,2026-10-06T15:12:38.356Z,2026-10-06T15:12:38.413Z,2026-10-06T15:10:38.958Z,final
qc-prov-2026-10-05-general,qc-prov-2026-2026-751,751,Taschereau,2026,2026,48739,35962,320,36282,74.44,159,159,74.44141242126429,0.8819800452014773,src_3bbf709ff718,src_3bbf709ff718_20261006151238356_5c01752fbd90,2026-10-06T15:12:38.356Z,2026-10-06T15:12:38.413Z,2026-10-06T15:10:38.958Z,final
qc-prov-2026-10-05-general,qc-prov-2026-2026-609,609,Terrebonne,2026,2026,55390,38926,631,39557,71.42,170,170,71.41541794547753,1.59516646864019,src_3bbf709ff718,src_3bbf709ff718_20261006151238356_5c01752fbd90,2026-10-06T15:12:38.356Z,2026-10-06T15:12:38.413Z,2026-10-06T15:10:38.958Z,final
qc-prov-2026-10-05-general,qc-prov-2026-2026-691,691,Trois-Rivières,2026,2026,54168,37299,481,37780,69.75,169,169,69.7459754836804,1.2731604023292749,src_3bbf709ff718,src_3bbf709ff718_20261006151238356_5c01752fbd90,2026-10-06T15:12:38.356Z,2026-10-06T15:12:38.413Z,2026-10-06T15:10:38.958Z,final
qc-prov-2026-10-05-general,qc-prov-2026-2026-831,831,Ungava,2026,2026,30849,8382,175,8557,27.74,111,111,27.738338357807386,2.0451092672665654,src_3bbf709ff718,src_3bbf709ff718_20261006151238356_5c01752fbd90,2026-10-06T15:12:38.356Z,2026-10-06T15:12:38.413Z,2026-10-06T15:10:38.958Z,final
qc-prov-2026-10-05-general,qc-prov-2026-2026-211,211,Vachon,2026,2026,54306,36559,588,37147,68.4,178,178,68.40312304349428,1.5829003688050178,src_3bbf709ff718,src_3bbf709ff718_20261006151238356_5c01752fbd90,2026-10-06T15:12:38.356Z,2026-10-06T15:12:38.413Z,2026-10-06T15:10:38.958Z,final
qc-prov-2026-10-05-general,qc-prov-2026-2026-749,749,Vanier-Les Rivières,2026,2026,59730,44633,552,45185,75.65,191,191,75.64875272057593,1.2216443510014385,src_3bbf709ff718,src_3bbf709ff718_20261006151238356_5c01752fbd90,2026-10-06T15:12:38.356Z,2026-10-06T15:12:38.413Z,2026-10-06T15:10:38.958Z,final
qc-prov-2026-10-05-general,qc-prov-2026-2026-187,187,Vaudreuil,2026,2026,62539,40177,507,40684,65.05,186,186,65.05380642479093,1.2461901484613116,src_3bbf709ff718,src_3bbf709ff718_20261006151238356_5c01752fbd90,2026-10-06T15:12:38.356Z,2026-10-06T15:12:38.413Z,2026-10-06T15:10:38.958Z,final
qc-prov-2026-10-05-general,qc-prov-2026-2026-231,231,Verchères,2026,2026,56437,42931,714,43645,77.33,178,178,77.33401846306501,1.6359262229350442,src_3bbf709ff718,src_3bbf709ff718_20261006151238356_5c01752fbd90,2026-10-06T15:12:38.356Z,2026-10-06T15:12:38.413Z,2026-10-06T15:10:38.958Z,final
qc-prov-2026-10-05-general,qc-prov-2026-2026-247,247,Verdun,2026,2026,50061,32759,378,33137,66.19,156,156,66.19324424202473,1.1407188339318586,src_3bbf709ff718,src_3bbf709ff718_20261006151238356_5c01752fbd90,2026-10-06T15:12:38.356Z,2026-10-06T15:12:38.413Z,2026-10-06T15:10:38.958Z,final
qc-prov-2026-10-05-general,qc-prov-2026-2026-321,321,Viau,2026,2026,39502,20489,416,20905,52.92,121,121,52.92137106981925,1.9899545563262377,src_3bbf709ff718,src_3bbf709ff718_20261006151238356_5c01752fbd90,2026-10-06T15:12:38.356Z,2026-10-06T15:12:38.413Z,2026-10-06T15:10:38.958Z,final
qc-prov-2026-10-05-general,qc-prov-2026-2026-569,569,Vimont-Auteuil,2026,2026,47066,31754,482,32236,68.49,144,144,68.4910551140951,1.4952227323489267,src_3bbf709ff718,src_3bbf709ff718_20261006151238356_5c01752fbd90,2026-10-06T15:12:38.356Z,2026-10-06T15:12:38.413Z,2026-10-06T15:10:38.958Z,final
qc-prov-2026-10-05-general,qc-prov-2026-2026-291,291,Westmount-Saint-Louis,2026,2026,53185,24270,192,24462,45.99,179,179,45.99417128889725,0.7848908511160166,src_3bbf709ff718,src_3bbf709ff718_20261006151238356_5c01752fbd90,2026-10-06T15:12:38.356Z,2026-10-06T15:12:38.413Z,2026-10-06T15:10:38.958Z,final
qc-prov-2026-10-05-general,qc-prov-2026-2026-689,689,Abitibi-Est,2026,2026,33465,20759,422,21181,63.29,120,120,63.292992678918274,1.9923516359000992,src_3bbf709ff718,src_3bbf709ff718_20261006151623925_5c01752fbd90,2026-10-06T15:16:23.925Z,2026-10-06T15:16:23.953Z,2026-10-06T15:10:38.958Z,final
qc-prov-2026-10-05-general,qc-prov-2026-2026-681,681,Abitibi-Ouest,2026,2026,35317,22344,364,22708,64.3,132,132,64.2976470255118,1.6029593094944512,src_3bbf709ff718,src_3bbf709ff718_20261006151623925_5c01752fbd90,2026-10-06T15:16:23.925Z,2026-10-06T15:16:23.953Z,2026-10-06T15:10:38.958Z,final
qc-prov-2026-10-05-general,qc-prov-2026-2026-299,299,Acadie,2026,2026,50296,26277,451,26728,53.14,149,149,53.141402894862416,1.6873690511822808,src_3bbf709ff718,src_3bbf709ff718_20261006151623925_5c01752fbd90,2026-10-06T15:16:23.925Z,2026-10-06T15:16:23.953Z,2026-10-06T15:10:38.958Z,final
qc-prov-2026-10-05-general,qc-prov-2026-2026-833,833,Anjou-Louis-Riel,2026,2026,41546,25574,469,26043,62.68,128,128,62.68473499253839,1.8008677955688668,src_3bbf709ff718,src_3bbf709ff718_20261006151623925_5c01752fbd90,2026-10-06T15:16:23.925Z,2026-10-06T15:16:23.953Z,2026-10-06T15:10:38.958Z,final
qc-prov-2026-10-05-general,qc-prov-2026-2026-589,589,Argenteuil,2026,2026,43063,27028,422,27450,63.74,136,136,63.74381719805866,1.5373406193078325,src_3bbf709ff718,src_3bbf709ff718_20261006151623925_5c01752fbd90,2026-10-06T15:16:23.925Z,2026-10-06T15:16:23.953Z,2026-10-06T15:10:38.958Z,final
qc-prov-2026-10-05-general,qc-prov-2026-2026-147,147,Arthabaska-L'Érable,2026,2026,61921,45459,604,46063,74.39,194,194,74.38994848274415,1.3112476391029677,src_3bbf709ff718,src_3bbf709ff718_20261006151623925_5c01752fbd90,2026-10-06T15:16:23.925Z,2026-10-06T15:16:23.953Z,2026-10-06T15:10:38.958Z,final
qc-prov-2026-10-05-general,qc-prov-2026-2026-781,781,Beauce-Nord,2026,2026,46667,35830,367,36197,77.56,150,150,77.56444596824308,1.0138961792413737,src_3bbf709ff718,src_3bbf709ff718_20261006151623925_5c01752fbd90,2026-10-06T15:16:23.925Z,2026-10-06T15:16:23.953Z,2026-10-06T15:10:38.958Z,final
qc-prov-2026-10-05-general,qc-prov-2026-2026-777,777,Beauce-Sud,2026,2026,50834,37748,392,38140,75.03,167,167,75.02852421607585,1.027792343995805,src_3bbf709ff718,src_3bbf709ff718_20261006151623925_5c01752fbd90,2026-10-06T15:16:23.925Z,2026-10-06T15:16:23.953Z,2026-10-06T15:10:38.958Z,final
qc-prov-2026-10-05-general,qc-prov-2026-2026-179,179,Beauharnois,2026,2026,59965,39500,782,40282,67.18,187,187,67.17585258067206,1.9413137381460701,src_3bbf709ff718,src_3bbf709ff718_20261006151623925_5c01752fbd90,2026-10-06T15:16:23.925Z,2026-10-06T15:16:23.953Z,2026-10-06T15:10:38.958Z,final
qc-prov-2026-10-05-general,qc-prov-2026-2026-797,797,Bellechasse,2026,2026,46198,35281,419,35700,77.28,162,162,77.27607255725356,1.173669467787115,src_3bbf709ff718,src_3bbf709ff718_20261006151623925_5c01752fbd90,2026-10-06T15:16:23.925Z,2026-10-06T15:16:23.953Z,2026-10-06T15:10:38.958Z,final
qc-prov-2026-10-05-general,qc-prov-2026-2026-591,591,Bellefeuille,2026,2026,45378,31218,574,31792,70.06,138,138,70.06038168275376,1.8054856567689985,src_3bbf709ff718,src_3bbf709ff718_20261006151623925_5c01752fbd90,2026-10-06T15:16:23.925Z,2026-10-06T15:16:23.953Z,2026-10-06T15:10:38.958Z,final
qc-prov-2026-10-05-general,qc-prov-2026-2026-627,627,Berthier,2026,2026,54047,35993,713,36706,67.91,172,172,67.9149629026588,1.9424617228790932,src_3bbf709ff718,src_3bbf709ff718_20261006151623925_5c01752fbd90,2026-10-06T15:16:23.925Z,2026-10-06T15:16:23.953Z,2026-10-06T15:10:38.958Z,final
qc-prov-2026-10-05-general,qc-prov-2026-2026-641,641,Bertrand,2026,2026,60079,39531,570,40101,66.75,184,184,66.74711629687577,1.4214109373831076,src_3bbf709ff718,src_3bbf709ff718_20261006151623925_5c01752fbd90,2026-10-06T15:16:23.925Z,2026-10-06T15:16:23.953Z,2026-10-06T15:10:38.958Z,final
qc-prov-2026-10-05-general,qc-prov-2026-2026-607,607,Blainville,2026,2026,62470,44520,684,45204,72.36,191,191,72.36113334400513,1.513140430050438,src_3bbf709ff718,src_3bbf709ff718_20261006151623925_5c01752fbd90,2026-10-06T15:16:23.925Z,2026-10-06T15:16:23.953Z,2026-10-06T15:10:38.958Z,final
qc-prov-2026-10-05-general,qc-prov-2026-2026-837,837,Bonaventure,2026,2026,35906,21254,316,21570,60.07,127,127,60.07352531610316,1.4649976819656931,src_3bbf709ff718,src_3bbf709ff718_20261006151623925_5c01752fbd90,2026-10-06T15:16:23.925Z,2026-10-06T15:16:23.953Z,2026-10-06T15:10:38.958Z,final
qc-prov-2026-10-05-general,qc-prov-2026-2026-237,237,Borduas,2026,2026,58749,45177,545,45722,77.83,178,178,77.82600554903063,1.191986352303049,src_3bbf709ff718,src_3bbf709ff718_20261006151623925_5c01752fbd90,2026-10-06T15:16:23.925Z,2026-10-06T15:16:23.953Z,2026-10-06T15:10:38.958Z,final
qc-prov-2026-10-05-general,qc-prov-2026-2026-327,327,Bourassa-Sauvé,2026,2026,44289,21984,574,22558,50.93,149,149,50.93364040732462,2.5445518219700327,src_3bbf709ff718,src_3bbf709ff718_20261006151623925_5c01752fbd90,2026-10-06T15:16:23.925Z,2026-10-06T15:16:23.953Z,2026-10-06T15:10:38.958Z,final
qc-prov-2026-10-05-general,qc-prov-2026-2026-157,157,Brome-Missisquoi,2026,2026,57556,40048,486,40534,70.43,193,193,70.42532490096602,1.198993437607934,src_3bbf709ff718,src_3bbf709ff718_20261006151623925_5c01752fbd90,2026-10-06T15:16:23.925Z,2026-10-06T15:16:23.953Z,2026-10-06T15:10:38.958Z,final
qc-prov-2026-10-05-general,qc-prov-2026-2026-337,337,Camille-Laurin,2026,2026,49429,30835,489,31324,63.37,163,163,63.37170486961096,1.5611033073681522,src_3bbf709ff718,src_3bbf709ff718_20261006151623925_5c01752fbd90,2026-10-06T15:16:23.925Z,2026-10-06T15:16:23.953Z,2026-10-06T15:10:38.958Z,final
qc-prov-2026-10-05-general,qc-prov-2026-2026-207,207,Chambly,2026,2026,54555,40510,588,41098,75.33,163,163,75.33315003207773,1.43072655603679,src_3bbf709ff718,src_3bbf709ff718_20261006151623925_5c01752fbd90,2026-10-06T15:16:23.925Z,2026-10-06T15:16:23.953Z,2026-10-06T15:10:38.958Z,final
qc-prov-2026-10-05-general,qc-prov-2026-2026-701,701,Champlain,2026,2026,60815,43330,671,44001,72.35,191,191,72.35221573624928,1.5249653416967797,src_3bbf709ff718,src_3bbf709ff718_20261006151623925_5c01752fbd90,2026-10-06T15:16:23.925Z,2026-10-06T15:16:23.953Z,2026-10-06T15:10:38.958Z,final
qc-prov-2026-10-05-general,qc-prov-2026-2026-667,667,Chapleau,2026,2026,59230,34216,477,34693,58.57,185,185,58.57335809555968,1.3749171302568242,src_3bbf709ff718,src_3bbf709ff718_20261006151623925_5c01752fbd90,2026-10-06T15:16:23.925Z,2026-10-06T15:16:23.953Z,2026-10-06T15:10:38.958Z,final
qc-prov-2026-10-05-general,qc-prov-2026-2026-767,767,Charlesbourg,2026,2026,57745,43865,620,44485,77.04,180,180,77.03697289808642,1.3937282229965158,src_3bbf709ff718,src_3bbf709ff718_20261006151623925_5c01752fbd90,2026-10-06T15:16:23.925Z,2026-10-06T15:16:23.953Z,2026-10-06T15:10:38.958Z,final
qc-prov-2026-10-05-general,qc-prov-2026-2026-771,771,Charlevoix-Côte-de-Beaupré,2026,2026,56046,40763,464,41227,73.56,189,189,73.5592192127895,1.1254760229946394,src_3bbf709ff718,src_3bbf709ff718_20261006151623925_5c01752fbd90,2026-10-06T15:16:23.925Z,2026-10-06T15:16:23.953Z,2026-10-06T15:10:38.958Z,final
qc-prov-2026-10-05-general,qc-prov-2026-2026-191,191,Châteauguay,2026,2026,57091,34514,575,35089,61.46,160,160,61.461526335149145,1.638690187808145,src_3bbf709ff718,src_3bbf709ff718_20261006151623925_5c01752fbd90,2026-10-06T15:16:23.925Z,2026-10-06T15:16:23.953Z,2026-10-06T15:10:38.958Z,final
qc-prov-2026-10-05-general,qc-prov-2026-2026-769,769,Chauveau,2026,2026,60028,46181,527,46708,77.81,193,193,77.81035516758845,1.1282863749250664,src_3bbf709ff718,src_3bbf709ff718_20261006151623925_5c01752fbd90,2026-10-06T15:16:23.925Z,2026-10-06T15:16:23.953Z,2026-10-06T15:10:38.958Z,final
qc-prov-2026-10-05-general,qc-prov-2026-2026-821,821,Chicoutimi,2026,2026,45858,30106,370,30476,66.46,147,147,66.45732478520651,1.2140700879380497,src_3bbf709ff718,src_3bbf709ff718_20261006151623925_5c01752fbd90,2026-10-06T15:16:23.925Z,2026-10-06T15:16:23.953Z,2026-10-06T15:10:38.958Z,final
qc-prov-2026-10-05-general,qc-prov-2026-2026-351,351,Chomedey,2026,2026,57202,28356,531,28887,50.5,169,169,50.49998251809377,1.8381971128881505,src_3bbf709ff718,src_3bbf709ff718_20261006151623925_5c01752fbd90,2026-10-06T15:16:23.925Z,2026-10-06T15:16:23.953Z,2026-10-06T15:10:38.958Z,final
qc-prov-2026-10-05-general,qc-prov-2026-2026-789,789,Chutes-de-la-Chaudière,2026,2026,62158,49644,597,50241,80.83,191,191,80.8278902152579,1.1882725264226428,src_3bbf709ff718,src_3bbf709ff718_20261006151623925_5c01752fbd90,2026-10-06T15:16:23.925Z,2026-10-06T15:16:23.953Z,2026-10-06T15:10:38.958Z,final
qc-prov-2026-10-05-general,qc-prov-2026-2026-799,799,Côte-du-Sud,2026,2026,50596,35804,490,36294,71.73,175,175,71.73294331567713,1.3500854135669809,src_3bbf709ff718,src_3bbf709ff718_20261006151623925_5c01752fbd90,2026-10-06T15:16:23.925Z,2026-10-06T15:16:23.953Z,2026-10-06T15:10:38.958Z,final
qc-prov-2026-10-05-general,qc-prov-2026-2026-131,131,Daniel-Johnson,2026,2026,49485,34529,680,35209,71.15,160,160,71.15085379407901,1.9313243772898974,src_3bbf709ff718,src_3bbf709ff718_20261006151623925_5c01752fbd90,2026-10-06T15:16:23.925Z,2026-10-06T15:16:23.953Z,2026-10-06T15:10:38.958Z,final
qc-prov-2026-10-05-general,qc-prov-2026-2026-277,277,D'Arcy-McGee,2026,2026,56919,27068,310,27378,48.1,171,171,48.099931481579084,1.1322960040908758,src_3bbf709ff718,src_3bbf709ff718_20261006151623925_5c01752fbd90,2026-10-06T15:16:23.925Z,2026-10-06T15:16:23.953Z,2026-10-06T15:10:38.958Z,final
qc-prov-2026-10-05-general,qc-prov-2026-2026-581,581,Deux-Montagnes,2026,2026,50574,34532,670,35202,69.6,154,154,69.60493534227074,1.9033009488097268,src_3bbf709ff718,src_3bbf709ff718_20261006151623925_5c01752fbd90,2026-10-06T15:16:23.925Z,2026-10-06T15:16:23.953Z,2026-10-06T15:10:38.958Z,final
qc-prov-2026-10-05-general,qc-prov-2026-2026-141,141,Drummond-Bois-Francs,2026,2026,53611,37311,725,38036,70.95,173,173,70.94812631736025,1.9060889683457778,src_3bbf709ff718,src_3bbf709ff718_20261006151623925_5c01752fbd90,2026-10-06T15:16:23.925Z,2026-10-06T15:16:23.953Z,2026-10-06T15:10:38.958Z,final
qc-prov-2026-10-05-general,qc-prov-2026-2026-819,819,Dubuc,2026,2026,43166,27763,411,28174,65.27,142,142,65.26896168280591,1.4587917938524881,src_3bbf709ff718,src_3bbf709ff718_20261006151623925_5c01752fbd90,2026-10-06T15:16:23.925Z,2026-10-06T15:16:23.953Z,2026-10-06T15:10:38.958Z,final
qc-prov-2026-10-05-general,qc-prov-2026-2026-813,813,Duplessis,2026,2026,37124,20013,241,20254,54.56,158,158,54.557698523865966,1.1898884171027946,src_3bbf709ff718,src_3bbf709ff718_20261006151623925_5c01752fbd90,2026-10-06T15:16:23.925Z,2026-10-06T15:16:23.953Z,2026-10-06T15:10:38.958Z,final
qc-prov-2026-10-05-general,qc-prov-2026-2026-357,357,Fabre,2026,2026,58674,35198,436,35634,60.73,164,164,60.73218120462215,1.2235505416175563,src_3bbf709ff718,src_3bbf709ff718_20261006151623925_5c01752fbd90,2026-10-06T15:16:23.925Z,2026-10-06T15:16:23.953Z,2026-10-06T15:10:38.958Z,final
qc-prov-2026-10-05-general,qc-prov-2026-2026-809,809,Gaspé,2026,2026,30110,17887,233,18120,60.18,118,118,60.179342411159084,1.2858719646799117,src_3bbf709ff718,src_3bbf709ff718_20261006151623925_5c01752fbd90,2026-10-06T15:16:23.925Z,2026-10-06T15:16:23.953Z,2026-10-06T15:10:38.958Z,final
qc-prov-2026-10-05-general,qc-prov-2026-2026-661,661,Gatineau,2026,2026,61945,37676,374,38050,61.43,206,206,61.42545806764065,0.9829172141918529,src_3bbf709ff718,src_3bbf709ff718_20261006151623925_5c01752fbd90,2026-10-06T15:16:23.925Z,2026-10-06T15:16:23.953Z,2026-10-06T15:10:38.958Z,final
qc-prov-2026-10-05-general,qc-prov-2026-2026-311,311,Gouin,2026,2026,43186,31029,326,31355,72.6,130,130,72.60454777011068,1.0397065858714718,src_3bbf709ff718,src_3bbf709ff718_20261006151623925_5c01752fbd90,2026-10-06T15:16:23.925Z,2026-10-06T15:16:23.953Z,2026-10-06T15:10:38.958Z,final
qc-prov-2026-10-05-general,qc-prov-2026-2026-159,159,Granby,2026,2026,59146,39869,739,40608,68.66,183,183,68.65722111385385,1.8198384554767533,src_3bbf709ff718,src_3bbf709ff718_20261006151623925_5c01752fbd90,2026-10-06T15:16:23.925Z,2026-10-06T15:16:23.953Z,2026-10-06T15:10:38.958Z,final
qc-prov-2026-10-05-general,qc-prov-2026-2026-577,577,Groulx,2026,2026,54278,36505,631,37136,68.42,181,181,68.41814363093702,1.699159844894442,src_3bbf709ff718,src_3bbf709ff718_20261006151623925_5c01752fbd90,2026-10-06T15:16:23.925Z,2026-10-06T15:16:23.953Z,2026-10-06T15:10:38.958Z,final
qc-prov-2026-10-05-general,qc-prov-2026-2026-317,317,Hochelaga-Maisonneuve,2026,2026,40990,27257,357,27614,67.37,139,139,67.36765064649914,1.2928224813500397,src_3bbf709ff718,src_3bbf709ff718_20261006151623925_5c01752fbd90,2026-10-06T15:16:23.925Z,2026-10-06T15:16:23.953Z,2026-10-06T15:10:38.958Z,final
qc-prov-2026-10-05-general,qc-prov-2026-2026-651,651,Hull,2026,2026,61050,33832,463,34295,56.18,195,195,56.175266175266174,1.350051027846625,src_3bbf709ff718,src_3bbf709ff718_20261006151623925_5c01752fbd90,2026-10-06T15:16:23.925Z,2026-10-06T15:16:23.953Z,2026-10-06T15:10:38.958Z,final
qc-prov-2026-10-05-general,qc-prov-2026-2026-171,171,Huntingdon,2026,2026,50373,33220,602,33822,67.14,158,158,67.14311238163302,1.7799065696883685,src_3bbf709ff718,src_3bbf709ff718_20261006151623925_5c01752fbd90,2026-10-06T15:16:23.925Z,2026-10-06T15:16:23.953Z,2026-10-06T15:10:38.958Z,final
qc-prov-2026-10-05-general,qc-prov-2026-2026-161,161,Iberville,2026,2026,51412,35921,656,36577,71.14,154,154,71.14486890220182,1.793476775022555,src_3bbf709ff718,src_3bbf709ff718_20261006151623925_5c01752fbd90,2026-10-06T15:16:23.925Z,2026-10-06T15:16:23.953Z,2026-10-06T15:10:38.958Z,final
qc-prov-2026-10-05-general,qc-prov-2026-2026-811,811,Îles-de-la-Madeleine,2026,2026,11155,7606,127,7733,69.32,44,44,69.32317346481399,1.642312168627958,src_3bbf709ff718,src_3bbf709ff718_20261006151623925_5c01752fbd90,2026-10-06T15:16:23.925Z,2026-10-06T15:16:23.953Z,2026-10-06T15:10:38.958Z,final
qc-prov-2026-10-05-general,qc-prov-2026-2026-259,259,Jacques-Cartier,2026,2026,48505,30675,174,30849,63.6,151,151,63.599628904236674,0.5640377321793251,src_3bbf709ff718,src_3bbf709ff718_20261006151623925_5c01752fbd90,2026-10-06T15:16:23.925Z,2026-10-06T15:16:23.953Z,2026-10-06T15:10:38.958Z,final
qc-prov-2026-10-05-general,qc-prov-2026-2026-757,757,Jean-Lesage,2026,2026,44648,30407,449,30856,69.11,144,144,69.10947858806665,1.4551464869069224,src_3bbf709ff718,src_3bbf709ff718_20261006151623925_5c01752fbd90,2026-10-06T15:16:23.925Z,2026-10-06T15:16:23.953Z,2026-10-06T15:10:38.958Z,final
qc-prov-2026-10-05-general,qc-prov-2026-2026-331,331,Jeanne-Mance-Viger,2026,2026,50087,27095,598,27693,55.29,144,144,55.289795755385626,2.1593904596829523,src_3bbf709ff718,src_3bbf709ff718_20261006151623925_5c01752fbd90,2026-10-06T15:16:23.925Z,2026-10-06T15:16:23.953Z,2026-10-06T15:10:38.958Z,final
qc-prov-2026-10-05-general,qc-prov-2026-2026-707,707,Jean-Talon,2026,2026,47798,36282,309,36591,76.55,171,171,76.55341227666429,0.8444699516274494,src_3bbf709ff718,src_3bbf709ff718_20261006151623925_5c01752fbd90,2026-10-06T15:16:23.925Z,2026-10-06T15:16:23.953Z,2026-10-06T15:10:38.958Z,final
qc-prov-2026-10-05-general,qc-prov-2026-2026-629,629,Joliette,2026,2026,59404,40777,786,41563,69.97,200,200,69.96666891118443,1.8911050694126987,src_3bbf709ff718,src_3bbf709ff718_20261006151623925_5c01752fbd90,2026-10-06T15:16:23.925Z,2026-10-06T15:16:23.953Z,2026-10-06T15:10:38.958Z,final
qc-prov-2026-10-05-general,qc-prov-2026-2026-823,823,Jonquière,2026,2026,45408,30551,475,31026,68.33,145,145,68.32716701902748,1.5309740217881778,src_3bbf709ff718,src_3bbf709ff718_20261006151623925_5c01752fbd90,2026-10-06T15:16:23.925Z,2026-10-06T15:16:23.953Z,2026-10-06T15:10:38.958Z,final
qc-prov-2026-10-05-general,qc-prov-2026-2026-649,649,Labelle,2026,2026,54450,35015,705,35720,65.6,176,176,65.60146923783287,1.9736842105263157,src_3bbf709ff718,src_3bbf709ff718_20261006151623925_5c01752fbd90,2026-10-06T15:16:23.925Z,2026-10-06T15:16:23.953Z,2026-10-06T15:10:38.958Z,final
qc-prov-2026-10-05-general,qc-prov-2026-2026-827,827,Lac-Saint-Jean,2026,2026,44732,29987,456,30443,68.06,144,144,68.05642493069838,1.497881286338403,src_3bbf709ff718,src_3bbf709ff718_20261006151623925_5c01752fbd90,2026-10-06T15:16:23.925Z,2026-10-06T15:16:23.953Z,2026-10-06T15:10:38.958Z,final
qc-prov-2026-10-05-general,qc-prov-2026-2026-339,339,LaFontaine,2026,2026,42624,25303,451,25754,60.42,146,146,60.42135885885886,1.7511842820532733,src_3bbf709ff718,src_3bbf709ff718_20261006151623925_5c01752fbd90,2026-10-06T15:16:23.925Z,2026-10-06T15:16:23.953Z,2026-10-06T15:10:38.958Z,final
qc-prov-2026-10-05-general,qc-prov-2026-2026-729,729,La Peltrie,2026,2026,59815,45317,512,45829,76.62,183,183,76.61790520772381,1.117196534945122,src_3bbf709ff718,src_3bbf709ff718_20261006151623925_5c01752fbd90,2026-10-06T15:16:23.925Z,2026-10-06T15:16:23.953Z,2026-10-06T15:10:38.958Z,final
qc-prov-2026-10-05-general,qc-prov-2026-2026-201,201,La Pinière,2026,2026,58907,33954,375,34329,58.28,172,172,58.27660549680004,1.0923708817617757,src_3bbf709ff718,src_3bbf709ff718_20261006151623925_5c01752fbd90,2026-10-06T15:16:23.925Z,2026-10-06T15:16:23.953Z,2026-10-06T15:10:38.958Z,final
qc-prov-2026-10-05-general,qc-prov-2026-2026-199,199,La Prairie,2026,2026,50872,36662,486,37148,73.02,164,164,73.02248781254914,1.3082803919457306,src_3bbf709ff718,src_3bbf709ff718_20261006151623925_5c01752fbd90,2026-10-06T15:16:23.925Z,2026-10-06T15:16:23.953Z,2026-10-06T15:10:38.958Z,final
qc-prov-2026-10-05-general,qc-prov-2026-2026-621,621,L'Assomption,2026,2026,57207,39724,722,40446,70.7,181,181,70.70113797262573,1.7850961776195422,src_3bbf709ff718,src_3bbf709ff718_20261006151623925_5c01752fbd90,2026-10-06T15:16:23.925Z,2026-10-06T15:16:23.953Z,2026-10-06T15:10:38.958Z,final
qc-prov-2026-10-05-general,qc-prov-2026-2026-307,307,Laurier-Dorion,2026,2026,44455,28772,335,29107,65.48,148,148,65.47519964008548,1.1509258941148177,src_3bbf709ff718,src_3bbf709ff718_20261006151623925_5c01752fbd90,2026-10-06T15:16:23.925Z,2026-10-06T15:16:23.953Z,2026-10-06T15:10:38.958Z,final
qc-prov-2026-10-05-general,qc-prov-2026-2026-347,347,Laval-des-Rapides,2026,2026,56746,33075,578,33653,59.3,173,173,59.30462058999753,1.717528897869432,src_3bbf709ff718,src_3bbf709ff718_20261006151623925_5c01752fbd90,2026-10-06T15:16:23.925Z,2026-10-06T15:16:23.953Z,2026-10-06T15:10:38.958Z,final
qc-prov-2026-10-05-general,qc-prov-2026-2026-697,697,Laviolette-Saint-Maurice,2026,2026,60890,38733,733,39466,64.82,198,198,64.81524059779932,1.8572948867379517,src_3bbf709ff718,src_3bbf709ff718_20261006151623925_5c01752fbd90,2026-10-06T15:16:23.925Z,2026-10-06T15:16:23.953Z,2026-10-06T15:10:38.958Z,final
qc-prov-2026-10-05-general,qc-prov-2026-2026-601,601,Les Plaines,2026,2026,49905,33306,753,34059,68.25,153,153,68.24767057409078,2.2108693737338148,src_3bbf709ff718,src_3bbf709ff718_20261006151623925_5c01752fbd90,2026-10-06T15:16:23.925Z,2026-10-06T15:16:23.953Z,2026-10-06T15:10:38.958Z,final
qc-prov-2026-10-05-general,qc-prov-2026-2026-791,791,Lévis,2026,2026,54022,39905,528,40433,74.85,173,173,74.84543334197178,1.3058640219622586,src_3bbf709ff718,src_3bbf709ff718_20261006151623925_5c01752fbd90,2026-10-06T15:16:23.925Z,2026-10-06T15:16:23.953Z,2026-10-06T15:10:38.958Z,final
qc-prov-2026-10-05-general,qc-prov-2026-2026-787,787,Lotbinière-Frontenac,2026,2026,59603,44079,616,44695,74.99,194,194,74.98783618274248,1.3782302270947533,src_3bbf709ff718,src_3bbf709ff718_20261006151623925_5c01752fbd90,2026-10-06T15:16:23.925Z,2026-10-06T15:16:23.953Z,2026-10-06T15:10:38.958Z,final
qc-prov-2026-10-05-general,qc-prov-2026-2026-709,709,Louis-Hébert,2026,2026,48220,39587,361,39948,82.85,165,165,82.84529240978847,0.9036747772103735,src_3bbf709ff718,src_3bbf709ff718_20261006151623925_5c01752fbd90,2026-10-06T15:16:23.925Z,2026-10-06T15:16:23.953Z,2026-10-06T15:10:38.958Z,final
qc-prov-2026-10-05-general,qc-prov-2026-2026-251,251,Marguerite-Bourgeoys,2026,2026,53367,27754,546,28300,53.03,158,158,53.02902542769876,1.9293286219081272,src_3bbf709ff718,src_3bbf709ff718_20261006151623925_5c01752fbd90,2026-10-06T15:16:23.925Z,2026-10-06T15:16:23.953Z,2026-10-06T15:10:38.958Z,final
qc-prov-2026-10-05-general,qc-prov-2026-2026-139,139,Marie-Lacoste-Gérin-Lajoie,2026,2026,46362,31327,535,31862,68.72,150,150,68.72438635089081,1.6791161885631787,src_3bbf709ff718,src_3bbf709ff718_20261006151623925_5c01752fbd90,2026-10-06T15:16:23.925Z,2026-10-06T15:16:23.953Z,2026-10-06T15:10:38.958Z,final
qc-prov-2026-10-05-general,qc-prov-2026-2026-219,219,Marie-Victorin,2026,2026,44666,27606,535,28141,63,139,139,63.00317915192764,1.9011406844106464,src_3bbf709ff718,src_3bbf709ff718_20261006151623925_5c01752fbd90,2026-10-06T15:16:23.925Z,2026-10-06T15:16:23.953Z,2026-10-06T15:10:38.958Z,final
qc-prov-2026-10-05-general,qc-prov-2026-2026-257,257,Marquette,2026,2026,45585,26220,337,26557,58.26,137,137,58.258198968959086,1.2689686335052905,src_3bbf709ff718,src_3bbf709ff718_20261006151623925_5c01752fbd90,2026-10-06T15:16:23.925Z,2026-10-06T15:16:23.953Z,2026-10-06T15:10:38.958Z,final
qc-prov-2026-10-05-general,qc-prov-2026-2026-693,693,Maskinongé,2026,2026,48326,34730,475,35205,72.85,151,151,72.84898398377685,1.3492401647493253,src_3bbf709ff718,src_3bbf709ff718_20261006151623925_5c01752fbd90,2026-10-06T15:16:23.925Z,2026-10-06T15:16:23.953Z,2026-10-06T15:10:38.958Z,final
qc-prov-2026-10-05-general,qc-prov-2026-2026-611,611,Masson,2026,2026,55418,38425,778,39203,70.74,165,165,70.74055361074019,1.9845419993367854,src_3bbf709ff718,src_3bbf709ff718_20261006151623925_5c01752fbd90,2026-10-06T15:16:23.925Z,2026-10-06T15:16:23.953Z,2026-10-06T15:10:38.958Z,final
qc-prov-2026-10-05-general,qc-prov-2026-2026-807,807,Matane-Matapédia-Mitis,2026,2026,46539,29193,324,29517,63.42,158,158,63.4242248436795,1.097672527695904,src_3bbf709ff718,src_3bbf709ff718_20261006151623925_5c01752fbd90,2026-10-06T15:16:23.925Z,2026-10-06T15:16:23.953Z,2026-10-06T15:10:38.958Z,final
qc-prov-2026-10-05-general,qc-prov-2026-2026-301,301,Maurice-Richard,2026,2026,46090,31446,500,31946,69.31,141,141,69.31221523106964,1.5651411757340512,src_3bbf709ff718,src_3bbf709ff718_20261006151623925_5c01752fbd90,2026-10-06T15:16:23.925Z,2026-10-06T15:16:23.953Z,2026-10-06T15:10:38.958Z,final
qc-prov-2026-10-05-general,qc-prov-2026-2026-117,117,Mégantic,2026,2026,51921,35844,490,36334,69.98,172,172,69.97939176826333,1.3485991082732427,src_3bbf709ff718,src_3bbf709ff718_20261006151623925_5c01752fbd90,2026-10-06T15:16:23.925Z,2026-10-06T15:16:23.953Z,2026-10-06T15:10:38.958Z,final
qc-prov-2026-10-05-general,qc-prov-2026-2026-313,313,Mercier,2026,2026,45620,30001,323,30324,66.47,139,139,66.47084612012276,1.0651629072681705,src_3bbf709ff718,src_3bbf709ff718_20261006151623925_5c01752fbd90,2026-10-06T15:16:23.925Z,2026-10-06T15:16:23.953Z,2026-10-06T15:10:38.958Z,final
qc-prov-2026-10-05-general,qc-prov-2026-2026-571,571,Mille-Îles,2026,2026,50119,32765,500,33265,66.37,147,147,66.37203455775254,1.5030813166992334,src_3bbf709ff718,src_3bbf709ff718_20261006151623925_5c01752fbd90,2026-10-06T15:16:23.925Z,2026-10-06T15:16:23.953Z,2026-10-06T15:10:38.958Z,final
qc-prov-2026-10-05-general,qc-prov-2026-2026-587,587,Mirabel,2026,2026,55339,38764,703,39467,71.32,168,168,71.31859990241963,1.7812349557858465,src_3bbf709ff718,src_3bbf709ff718_20261006151623925_5c01752fbd90,2026-10-06T15:16:23.925Z,2026-10-06T15:16:23.953Z,2026-10-06T15:10:38.958Z,final
qc-prov-2026-10-05-general,qc-prov-2026-2026-227,227,Montarville,2026,2026,53937,43098,422,43520,80.69,161,161,80.6867271075514,0.9696691176470589,src_3bbf709ff718,src_3bbf709ff718_20261006151623925_5c01752fbd90,2026-10-06T15:16:23.925Z,2026-10-06T15:16:23.953Z,2026-10-06T15:10:38.958Z,final
qc-prov-2026-10-05-general,qc-prov-2026-2026-761,761,Montmorency,2026,2026,58226,43903,488,44391,76.24,182,182,76.23913715522275,1.0993219346263883,src_3bbf709ff718,src_3bbf709ff718_20261006151623925_5c01752fbd90,2026-10-06T15:16:23.925Z,2026-10-06T15:16:23.953Z,2026-10-06T15:10:38.958Z,final
qc-prov-2026-10-05-general,qc-prov-2026-2026-297,297,Mont-Royal-Outremont,2026,2026,59033,31655,283,31938,54.1,196,196,54.1019429810445,0.8860918028680569,src_3bbf709ff718,src_3bbf709ff718_20261006151623925_5c01752fbd90,2026-10-06T15:16:23.925Z,2026-10-06T15:16:23.953Z,2026-10-06T15:10:38.958Z,final
qc-prov-2026-10-05-general,qc-prov-2026-2026-261,261,Nelligan,2026,2026,58302,34290,326,34616,59.37,178,178,59.37360639429179,0.9417610353593714,src_3bbf709ff718,src_3bbf709ff718_20261006151623925_5c01752fbd90,2026-10-06T15:16:23.925Z,2026-10-06T15:16:23.953Z,2026-10-06T15:10:38.958Z,final
qc-prov-2026-10-05-general,qc-prov-2026-2026-151,151,Nicolet-Bécancour,2026,2026,41215,30513,482,30995,75.2,143,143,75.20320271745723,1.5550895305694468,src_3bbf709ff718,src_3bbf709ff718_20261006151623925_5c01752fbd90,2026-10-06T15:16:23.925Z,2026-10-06T15:16:23.953Z,2026-10-06T15:10:38.958Z,final
qc-prov-2026-10-05-general,qc-prov-2026-2026-279,279,Notre-Dame-de-Grâce,2026,2026,47362,26786,245,27031,57.07,142,142,57.07318103120645,0.9063667640856794,src_3bbf709ff718,src_3bbf709ff718_20261006151623925_5c01752fbd90,2026-10-06T15:16:23.925Z,2026-10-06T15:16:23.953Z,2026-10-06T15:10:38.958Z,final
qc-prov-2026-10-05-general,qc-prov-2026-2026-127,127,Orford,2026,2026,47940,34602,371,34973,72.95,148,148,72.95160617438465,1.0608183455808766,src_3bbf709ff718,src_3bbf709ff718_20261006151623925_5c01752fbd90,2026-10-06T15:16:23.925Z,2026-10-06T15:16:23.953Z,2026-10-06T15:10:38.958Z,final
qc-prov-2026-10-05-general,qc-prov-2026-2026-669,669,Papineau,2026,2026,60947,37053,516,37569,61.64,204,204,61.64208246509262,1.3734728100295457,src_3bbf709ff718,src_3bbf709ff718_20261006151623925_5c01752fbd90,2026-10-06T15:16:23.925Z,2026-10-06T15:16:23.953Z,2026-10-06T15:10:38.958Z,final
qc-prov-2026-10-05-general,qc-prov-2026-2026-217,217,Pierre-Laporte,2026,2026,53216,33886,450,34336,64.52,162,162,64.5219482862297,1.310577819198509,src_3bbf709ff718,src_3bbf709ff718_20261006151623925_5c01752fbd90,2026-10-06T15:16:23.925Z,2026-10-06T15:16:23.953Z,2026-10-06T15:10:38.958Z,final
qc-prov-2026-10-05-general,qc-prov-2026-2026-341,341,Pointe-aux-Trembles,2026,2026,40363,25729,524,26253,65.04,130,130,65.04224165696306,1.995962366205767,src_3bbf709ff718,src_3bbf709ff718_20261006151623925_5c01752fbd90,2026-10-06T15:16:23.925Z,2026-10-06T15:16:23.953Z,2026-10-06T15:10:38.958Z,final
qc-prov-2026-10-05-general,qc-prov-2026-2026-657,657,Pontiac,2026,2026,56444,29901,285,30186,53.48,185,185,53.47955495712565,0.9441462929835023,src_3bbf709ff718,src_3bbf709ff718_20261006151623925_5c01752fbd90,2026-10-06T15:16:23.925Z,2026-10-06T15:16:23.953Z,2026-10-06T15:10:38.958Z,final
qc-prov-2026-10-05-general,qc-prov-2026-2026-727,727,Portneuf,2026,2026,56234,42294,444,42738,76,184,184,76.0002845253761,1.0388881089428612,src_3bbf709ff718,src_3bbf709ff718_20261006151623925_5c01752fbd90,2026-10-06T15:16:23.925Z,2026-10-06T15:16:23.953Z,2026-10-06T15:10:38.958Z,final
qc-prov-2026-10-05-general,qc-prov-2026-2026-637,637,Prévost,2026,2026,53395,37695,589,38284,71.7,159,159,71.69959734057495,1.5385017239577892,src_3bbf709ff718,src_3bbf709ff718_20261006151623925_5c01752fbd90,2026-10-06T15:16:23.925Z,2026-10-06T15:16:23.953Z,2026-10-06T15:10:38.958Z,final
qc-prov-2026-10-05-general,qc-prov-2026-2026-817,817,René-Lévesque,2026,2026,32035,18562,309,18871,58.91,118,118,58.90744498205088,1.63743309840496,src_3bbf709ff718,src_3bbf709ff718_20261006151623925_5c01752fbd90,2026-10-06T15:16:23.925Z,2026-10-06T15:16:23.953Z,2026-10-06T15:10:38.958Z,final
qc-prov-2026-10-05-general,qc-prov-2026-2026-617,617,Repentigny,2026,2026,56853,40333,672,41005,72.12,172,172,72.12460204386751,1.6388245335934641,src_3bbf709ff718,src_3bbf709ff718_20261006151623925_5c01752fbd90,2026-10-06T15:16:23.925Z,2026-10-06T15:16:23.953Z,2026-10-06T15:10:38.958Z,final
qc-prov-2026-10-05-general,qc-prov-2026-2026-241,241,Richelieu,2026,2026,54251,36535,779,37314,68.78,177,177,68.78029898066396,2.0876882671383394,src_3bbf709ff718,src_3bbf709ff718_20261006151623925_5c01752fbd90,2026-10-06T15:16:23.925Z,2026-10-06T15:16:23.953Z,2026-10-06T15:10:38.958Z,final
qc-prov-2026-10-05-general,qc-prov-2026-2026-137,137,Richmond,2026,2026,59369,43512,587,44099,74.28,196,196,74.27950613956779,1.331095943218667,src_3bbf709ff718,src_3bbf709ff718_20261006151623925_5c01752fbd90,2026-10-06T15:16:23.925Z,2026-10-06T15:16:23.953Z,2026-10-06T15:10:38.958Z,final
qc-prov-2026-10-05-general,qc-prov-2026-2026-803,803,Rimouski,2026,2026,46554,32730,393,33123,71.15,159,159,71.14963268462431,1.186486731274341,src_3bbf709ff718,src_3bbf709ff718_20261006151623925_5c01752fbd90,2026-10-06T15:16:23.925Z,2026-10-06T15:16:23.953Z,2026-10-06T15:10:38.958Z,final
qc-prov-2026-10-05-general,qc-prov-2026-2026-801,801,Rivière-du-Loup-Témiscouata-Les Basques,2026,2026,52139,36113,505,36618,70.23,192,192,70.23149657645908,1.3791031733027472,src_3bbf709ff718,src_3bbf709ff718_20261006151623925_5c01752fbd90,2026-10-06T15:16:23.925Z,2026-10-06T15:16:23.953Z,2026-10-06T15:10:38.958Z,final
qc-prov-2026-10-05-general,qc-prov-2026-2026-267,267,Robert-Baldwin,2026,2026,55208,30722,344,31066,56.27,164,164,56.27083031444718,1.1073198995686602,src_3bbf709ff718,src_3bbf709ff718_20261006151623925_5c01752fbd90,2026-10-06T15:16:23.925Z,2026-10-06T15:16:23.953Z,2026-10-06T15:10:38.958Z,final
qc-prov-2026-10-05-general,qc-prov-2026-2026-829,829,Roberval,2026,2026,44601,27835,439,28274,63.39,152,152,63.39319746194032,1.5526632241635425,src_3bbf709ff718,src_3bbf709ff718_20261006151623925_5c01752fbd90,2026-10-06T15:16:23.925Z,2026-10-06T15:16:23.953Z,2026-10-06T15:10:38.958Z,final
qc-prov-2026-10-05-general,qc-prov-2026-2026-319,319,Rosemont,2026,2026,52328,36131,601,36732,70.2,175,175,70.1956887326097,1.6361755417619515,src_3bbf709ff718,src_3bbf709ff718_20261006151623925_5c01752fbd90,2026-10-06T15:16:23.925Z,2026-10-06T15:16:23.953Z,2026-10-06T15:10:38.958Z,final
qc-prov-2026-10-05-general,qc-prov-2026-2026-631,631,Rousseau,2026,2026,49499,30935,774,31709,64.06,153,153,64.0598799975757,2.440947365101391,src_3bbf709ff718,src_3bbf709ff718_20261006151623925_5c01752fbd90,2026-10-06T15:16:23.925Z,2026-10-06T15:16:23.953Z,2026-10-06T15:10:38.958Z,final
qc-prov-2026-10-05-general,qc-prov-2026-2026-671,671,Rouyn-Noranda-Témiscamingue,2026,2026,44506,27994,431,28425,63.87,154,154,63.86779310654743,1.5162708883025506,src_3bbf709ff718,src_3bbf709ff718_20261006151623925_5c01752fbd90,2026-10-06T15:16:23.925Z,2026-10-06T15:16:23.953Z,2026-10-06T15:10:38.958Z,final
qc-prov-2026-10-05-general,qc-prov-2026-2026-119,119,Saint-François,2026,2026,55182,37300,599,37899,68.68,186,186,68.68000434924431,1.5805166363228582,src_3bbf709ff718,src_3bbf709ff718_20261006151623925_5c01752fbd90,2026-10-06T15:16:23.925Z,2026-10-06T15:16:23.953Z,2026-10-06T15:10:38.958Z,final
qc-prov-2026-10-05-general,qc-prov-2026-2026-281,281,Saint-Henri-Sainte-Anne,2026,2026,60412,36097,460,36557,60.51,186,186,60.51281202410117,1.2583089421998523,src_3bbf709ff718,src_3bbf709ff718_20261006151623925_5c01752fbd90,2026-10-06T15:16:23.925Z,2026-10-06T15:16:23.953Z,2026-10-06T15:10:38.958Z,final
qc-prov-2026-10-05-general,qc-prov-2026-2026-239,239,Saint-Hyacinthe,2026,2026,55710,39296,740,40036,71.87,169,169,71.86501525758392,1.8483364971525627,src_3bbf709ff718,src_3bbf709ff718_20261006151623925_5c01752fbd90,2026-10-06T15:16:23.925Z,2026-10-06T15:16:23.953Z,2026-10-06T15:10:38.958Z,final
qc-prov-2026-10-05-general,qc-prov-2026-2026-167,167,Saint-Jean,2026,2026,61671,42278,777,43055,69.81,187,187,69.81401306935189,1.8046684473348042,src_3bbf709ff718,src_3bbf709ff718_20261006151623925_5c01752fbd90,2026-10-06T15:16:23.925Z,2026-10-06T15:16:23.953Z,2026-10-06T15:10:38.958Z,final
qc-prov-2026-10-05-general,qc-prov-2026-2026-597,597,Saint-Jérôme,2026,2026,46111,28419,637,29056,63.01,150,150,63.0131638871419,2.192318281938326,src_3bbf709ff718,src_3bbf709ff718_20261006151623925_5c01752fbd90,2026-10-06T15:16:23.925Z,2026-10-06T15:16:23.953Z,2026-10-06T15:10:38.958Z,final
qc-prov-2026-10-05-general,qc-prov-2026-2026-271,271,Saint-Laurent,2026,2026,59678,30635,406,31041,52.01,169,169,52.01414256509937,1.3079475532360427,src_3bbf709ff718,src_3bbf709ff718_20261006151623925_5c01752fbd90,2026-10-06T15:16:23.925Z,2026-10-06T15:16:23.953Z,2026-10-06T15:10:38.958Z,final
qc-prov-2026-10-05-general,qc-prov-2026-2026-287,287,Sainte-Marie-Saint-Jacques,2026,2026,42949,25310,224,25534,59.45,144,144,59.451908077021585,0.8772616902952926,src_3bbf709ff718,src_3bbf709ff718_20261006151623925_5c01752fbd90,2026-10-06T15:16:23.925Z,2026-10-06T15:16:23.953Z,2026-10-06T15:10:38.958Z,final
qc-prov-2026-10-05-general,qc-prov-2026-2026-359,359,Sainte-Rose,2026,2026,58391,37566,582,38148,65.33,181,181,65.33198609374732,1.5256369927650204,src_3bbf709ff718,src_3bbf709ff718_20261006151623925_5c01752fbd90,2026-10-06T15:16:23.925Z,2026-10-06T15:16:23.953Z,2026-10-06T15:10:38.958Z,final
qc-prov-2026-10-05-general,qc-prov-2026-2026-197,197,Sanguinet,2026,2026,45528,32053,501,32554,71.5,138,138,71.50325074679319,1.5389813847760643,src_3bbf709ff718,src_3bbf709ff718_20261006151623925_5c01752fbd90,2026-10-06T15:16:23.925Z,2026-10-06T15:16:23.953Z,2026-10-06T15:10:38.958Z,final
qc-prov-2026-10-05-general,qc-prov-2026-2026-121,121,Sherbrooke,2026,2026,53681,37169,554,37723,70.27,186,186,70.27253590655911,1.468600058319858,src_3bbf709ff718,src_3bbf709ff718_20261006151623925_5c01752fbd90,2026-10-06T15:16:23.925Z,2026-10-06T15:16:23.953Z,2026-10-06T15:10:38.958Z,final
qc-prov-2026-10-05-general,qc-prov-2026-2026-181,181,Soulanges,2026,2026,59017,40017,571,40588,68.77,176,176,68.77340427334497,1.4068197496797084,src_3bbf709ff718,src_3bbf709ff718_20261006151623925_5c01752fbd90,2026-10-06T15:16:23.925Z,2026-10-06T15:16:23.953Z,2026-10-06T15:10:38.958Z,final
qc-prov-2026-10-05-general,qc-prov-2026-2026-221,221,Taillon,2026,2026,52378,35256,559,35815,68.38,161,161,68.37794493871473,1.5607985480943738,src_3bbf709ff718,src_3bbf709ff718_20261006151623925_5c01752fbd90,2026-10-06T15:16:23.925Z,2026-10-06T15:16:23.953Z,2026-10-06T15:10:38.958Z,final
qc-prov-2026-10-05-general,qc-prov-2026-2026-751,751,Taschereau,2026,2026,48739,35962,320,36282,74.44,159,159,74.44141242126429,0.8819800452014773,src_3bbf709ff718,src_3bbf709ff718_20261006151623925_5c01752fbd90,2026-10-06T15:16:23.925Z,2026-10-06T15:16:23.953Z,2026-10-06T15:10:38.958Z,final
qc-prov-2026-10-05-general,qc-prov-2026-2026-609,609,Terrebonne,2026,2026,55390,38926,631,39557,71.42,170,170,71.41541794547753,1.59516646864019,src_3bbf709ff718,src_3bbf709ff718_20261006151623925_5c01752fbd90,2026-10-06T15:16:23.925Z,2026-10-06T15:16:23.953Z,2026-10-06T15:10:38.958Z,final
qc-prov-2026-10-05-general,qc-prov-2026-2026-691,691,Trois-Rivières,2026,2026,54168,37299,481,37780,69.75,169,169,69.7459754836804,1.2731604023292749,src_3bbf709ff718,src_3bbf709ff718_20261006151623925_5c01752fbd90,2026-10-06T15:16:23.925Z,2026-10-06T15:16:23.953Z,2026-10-06T15:10:38.958Z,final
qc-prov-2026-10-05-general,qc-prov-2026-2026-831,831,Ungava,2026,2026,30849,8382,175,8557,27.74,111,111,27.738338357807386,2.0451092672665654,src_3bbf709ff718,src_3bbf709ff718_20261006151623925_5c01752fbd90,2026-10-06T15:16:23.925Z,2026-10-06T15:16:23.953Z,2026-10-06T15:10:38.958Z,final
qc-prov-2026-10-05-general,qc-prov-2026-2026-211,211,Vachon,2026,2026,54306,36559,588,37147,68.4,178,178,68.40312304349428,1.5829003688050178,src_3bbf709ff718,src_3bbf709ff718_20261006151623925_5c01752fbd90,2026-10-06T15:16:23.925Z,2026-10-06T15:16:23.953Z,2026-10-06T15:10:38.958Z,final
qc-prov-2026-10-05-general,qc-prov-2026-2026-749,749,Vanier-Les Rivières,2026,2026,59730,44633,552,45185,75.65,191,191,75.64875272057593,1.2216443510014385,src_3bbf709ff718,src_3bbf709ff718_20261006151623925_5c01752fbd90,2026-10-06T15:16:23.925Z,2026-10-06T15:16:23.953Z,2026-10-06T15:10:38.958Z,final
qc-prov-2026-10-05-general,qc-prov-2026-2026-187,187,Vaudreuil,2026,2026,62539,40177,507,40684,65.05,186,186,65.05380642479093,1.2461901484613116,src_3bbf709ff718,src_3bbf709ff718_20261006151623925_5c01752fbd90,2026-10-06T15:16:23.925Z,2026-10-06T15:16:23.953Z,2026-10-06T15:10:38.958Z,final
qc-prov-2026-10-05-general,qc-prov-2026-2026-231,231,Verchères,2026,2026,56437,42931,714,43645,77.33,178,178,77.33401846306501,1.6359262229350442,src_3bbf709ff718,src_3bbf709ff718_20261006151623925_5c01752fbd90,2026-10-06T15:16:23.925Z,2026-10-06T15:16:23.953Z,2026-10-06T15:10:38.958Z,final
qc-prov-2026-10-05-general,qc-prov-2026-2026-247,247,Verdun,2026,2026,50061,32759,378,33137,66.19,156,156,66.19324424202473,1.1407188339318586,src_3bbf709ff718,src_3bbf709ff718_20261006151623925_5c01752fbd90,2026-10-06T15:16:23.925Z,2026-10-06T15:16:23.953Z,2026-10-06T15:10:38.958Z,final
qc-prov-2026-10-05-general,qc-prov-2026-2026-321,321,Viau,2026,2026,39502,20489,416,20905,52.92,121,121,52.92137106981925,1.9899545563262377,src_3bbf709ff718,src_3bbf709ff718_20261006151623925_5c01752fbd90,2026-10-06T15:16:23.925Z,2026-10-06T15:16:23.953Z,2026-10-06T15:10:38.958Z,final
qc-prov-2026-10-05-general,qc-prov-2026-2026-569,569,Vimont-Auteuil,2026,2026,47066,31754,482,32236,68.49,144,144,68.4910551140951,1.4952227323489267,src_3bbf709ff718,src_3bbf709ff718_20261006151623925_5c01752fbd90,2026-10-06T15:16:23.925Z,2026-10-06T15:16:23.953Z,2026-10-06T15:10:38.958Z,final
qc-prov-2026-10-05-general,qc-prov-2026-2026-291,291,Westmount-Saint-Louis,2026,2026,53185,24270,192,24462,45.99,179,179,45.99417128889725,0.7848908511160166,src_3bbf709ff718,src_3bbf709ff718_20261006151623925_5c01752fbd90,2026-10-06T15:16:23.925Z,2026-10-06T15:16:23.953Z,2026-10-06T15:10:38.958Z,final
