source_id,snapshot_id,observed_at,retrieved_at,source_updated_at,http_last_modified,etag,sha256,bytes,raw_file,url
src_fd3351236900,src_fd3351236900_20261003140108601_caf8e275157b,2026-10-03T14:01:08.601Z,2026-10-03T14:01:13.581Z,NA,"Fri, 02 Oct 2026 15:16:25 GMT","""9adf893f99ac8304876e6e5dcdd20a65""",caf8e275157b66c4761f6ab9280005d1fe5f600b98cf6ec9c3da0919878b46dd,6116,data/raw/src_fd3351236900/caf8e275157b66c4761f6ab9280005d1fe5f600b98cf6ec9c3da0919878b46dd.csv,https://donnees.electionsquebec.qc.ca/autres/provincial/electeur_inscrit.csv
src_ec3de0c7b369,src_ec3de0c7b369_20261003140114375_3cbb4d2489e6,2026-10-03T14:01:14.375Z,2026-10-03T14:01:15.418Z,NA,"Mon, 24 Aug 2026 19:21:57 GMT","""7537481952333baaf9a22ed679b99378""",3cbb4d2489e69e7fc23e0b3d72a2ba939dc4fd7d7db0adc3fb64eba6d8de2085,479,data/raw/src_ec3de0c7b369/3cbb4d2489e69e7fc23e0b3d72a2ba939dc4fd7d7db0adc3fb64eba6d8de2085.csv,https://donnees.electionsquebec.qc.ca/autres/provincial/electeur_region-adm.csv
src_22fefd6fc574,src_22fefd6fc574_20261003140116197_39e2bdb23cf8,2026-10-03T14:01:16.197Z,2026-10-03T14:01:17.338Z,NA,"Tue, 22 Sep 2026 19:37:52 GMT","W/""28e50e9da533bf81fdcc53bce3164988""",39e2bdb23cf8bfb43a42df3457e52cd7fcef85c57f02242e4747de2a99c0d3bd,699852,data/raw/src_22fefd6fc574/39e2bdb23cf8bfb43a42df3457e52cd7fcef85c57f02242e4747de2a99c0d3bd.json,https://donnees.electionsquebec.qc.ca/production/provincial/candidatures/candidatures.json
src_6d260c49cd29,src_6d260c49cd29_20261003140119935_474f8a654a2c,2026-10-03T14:01:19.935Z,2026-10-03T14:01:21.294Z,NA,"Tue, 23 Jun 2026 14:11:32 GMT","""61f96f7afbfe0fb5385ef2ff09511f06""",474f8a654a2cae467a8639b1e2ed95bb7b9e1176974f8077440179668fa50bbb,3870,data/raw/src_6d260c49cd29/474f8a654a2cae467a8639b1e2ed95bb7b9e1176974f8077440179668fa50bbb.csv,https://donnees.electionsquebec.qc.ca/autres/provincial/liste_circonscriptions2026.csv
src_f799526b615d,src_f799526b615d_20261003140122071_dd164f0ad5ff,2026-10-03T14:01:22.071Z,2026-10-03T14:01:28.275Z,NA,"Thu, 27 Aug 2026 17:00:06 GMT","""69f4392b1847e6fbcd582c04ed61efbf""",dd164f0ad5ff7e9f5366f26696d78b9c562ceb88b3a5ad664c22a8e158843677,2380759,data/raw/src_f799526b615d/dd164f0ad5ff7e9f5366f26696d78b9c562ceb88b3a5ad664c22a8e158843677.json,https://donnees.electionsquebec.qc.ca/autres/provincial/circonscriptions_electorales_sans_eau_2026.json
src_0adf08e78b00,src_0adf08e78b00_20261003140139368_786700a8415b,2026-10-03T14:01:39.368Z,2026-10-03T14:01:41.292Z,NA,"Sat, 03 Oct 2026 12:00:56 GMT","W/""5975ae8eb22c990fc97dea507cf4c34c""",786700a8415b561ff1d42dd1c6f56ad051b0b0b12e3e4762d96839c723ff467e,22723,data/raw/src_0adf08e78b00/786700a8415b561ff1d42dd1c6f56ad051b0b0b12e3e4762d96839c723ff467e.json,https://donnees.electionsquebec.qc.ca/production/provincial/repaq/partis-politiques/pp_autorises.json
src_23a95c0b8ace,src_23a95c0b8ace_20261003140142071_e93d20d5ee10,2026-10-03T14:01:42.071Z,2026-10-03T14:01:42.962Z,NA,"Mon, 02 Mar 2026 16:08:24 GMT","""c6e40cdbf7ed8f20b1bcae6897d11e02""",e93d20d5ee108bb262f5cc6a5cc4fb9046f4434b7d98b408f8c8a7a3c84064d6,3598,data/raw/src_23a95c0b8ace/e93d20d5ee108bb262f5cc6a5cc4fb9046f4434b7d98b408f8c8a7a3c84064d6.json,https://donnees.electionsquebec.qc.ca/production/provincial/resultats/archives/part2026-02-23/resultats.json
src_d46eedaf6c55,src_d46eedaf6c55_20261003140146688_e9b35e080043,2026-10-03T14:01:46.688Z,2026-10-03T14:01:47.121Z,NA,"Thu, 18 Dec 2025 12:20:15 GMT","""d634635d21cb3835e325ea9bad796728""",e9b35e080043054a3f5fa649c2537909e8174c580ff04ea348100ec44e0d8b35,4566,data/raw/src_d46eedaf6c55/e9b35e080043054a3f5fa649c2537909e8174c580ff04ea348100ec44e0d8b35.json,https://donnees.electionsquebec.qc.ca/production/provincial/resultats/archives/part2025-08-11/resultats.json
src_fc8fc11eea9d,src_fc8fc11eea9d_20261003140149086_e91543bd1947,2026-10-03T14:01:49.086Z,2026-10-03T14:01:49.425Z,NA,"Thu, 18 Dec 2025 12:20:15 GMT","""9e961fa8ed09dc52a3463fdd23db4463""",e91543bd1947f04ae3edc4043b271995ec62d1b8abbeac50643b70e5ca985f8c,4442,data/raw/src_fc8fc11eea9d/e91543bd1947f04ae3edc4043b271995ec62d1b8abbeac50643b70e5ca985f8c.json,https://donnees.electionsquebec.qc.ca/production/provincial/resultats/archives/part2025-03-17/resultats.json
src_335c9751e725,src_335c9751e725_20261003140151321_78e20bfa311a,2026-10-03T14:01:51.321Z,2026-10-03T14:01:51.793Z,NA,"Thu, 18 Dec 2025 12:20:15 GMT","""6ffbf158ef1641ceb6ddf31e2e3c9197""",78e20bfa311a46d42eff526b377a0770da9930cb8d5268cda788222b71147a8d,4879,data/raw/src_335c9751e725/78e20bfa311a46d42eff526b377a0770da9930cb8d5268cda788222b71147a8d.json,https://donnees.electionsquebec.qc.ca/production/provincial/resultats/archives/part2023-10-02/resultats.json
src_8f0698d69120,src_8f0698d69120_20261003140153734_b2f8081f3f95,2026-10-03T14:01:53.734Z,2026-10-03T14:01:54.281Z,NA,"Thu, 18 Dec 2025 12:20:14 GMT","""793399831ed78fa6549f46308078d560""",b2f8081f3f95d3f9df66d463e4347a2960c919870a597d6545fa399feecb9b32,5378,data/raw/src_8f0698d69120/b2f8081f3f95d3f9df66d463e4347a2960c919870a597d6545fa399feecb9b32.json,https://donnees.electionsquebec.qc.ca/production/provincial/resultats/archives/part2023-03-13/resultats.json
src_3ee19c14cf6d,src_3ee19c14cf6d_20261003140156867_66a4410f46b2,2026-10-03T14:01:56.867Z,2026-10-03T14:02:00.305Z,NA,"Mon, 04 May 2026 14:44:01 GMT","""b3df66816e223612d045dbdf9d422f04""",66a4410f46b2c664dc0b0f54a6b35e5406f6a9fc15b147b63077c01953573f2e,337451,data/raw/src_3ee19c14cf6d/66a4410f46b2c664dc0b0f54a6b35e5406f6a9fc15b147b63077c01953573f2e.json,https://donnees.electionsquebec.qc.ca/production/provincial/resultats/archives/gen2022-10-03/resultats.json
src_53258148a5e9,src_53258148a5e9_20261003140204660_7805f46f3584,2026-10-03T14:02:04.660Z,2026-10-03T14:02:05.560Z,NA,"Thu, 18 Dec 2025 12:20:14 GMT","""d297e0928f85f38f524243ad87519c44""",7805f46f358482d11514680c56c1a7b8814a4f31b648b43af1263c1004fe6254,5710,data/raw/src_53258148a5e9/7805f46f358482d11514680c56c1a7b8814a4f31b648b43af1263c1004fe6254.json,https://donnees.electionsquebec.qc.ca/production/provincial/resultats/archives/part2022-04-11/resultats.json
src_81c5fe8d1b02,src_81c5fe8d1b02_20261003140208331_309c476a31aa,2026-10-03T14:02:08.331Z,2026-10-03T14:02:09.382Z,NA,"Thu, 18 Dec 2025 12:20:14 GMT","""5012b2faa23ba80826bff331deb47ee9""",309c476a31aa4384d09b8f46c572173cf884e87a80368e4043e9dabe986c3578,4913,data/raw/src_81c5fe8d1b02/309c476a31aa4384d09b8f46c572173cf884e87a80368e4043e9dabe986c3578.json,https://donnees.electionsquebec.qc.ca/production/provincial/resultats/archives/part2019-12-02/resultats.json
src_9ef2a7b66e04,src_9ef2a7b66e04_20261003140212095_54ba0694cf83,2026-10-03T14:02:12.095Z,2026-10-03T14:02:13.368Z,NA,"Thu, 18 Dec 2025 12:20:14 GMT","""c0b41d6ab7e38d24f4ef0f2f861870ed""",54ba0694cf8389c1ae60ecbe2fdc29799498727017c216de843d1aed8d71350c,3721,data/raw/src_9ef2a7b66e04/54ba0694cf8389c1ae60ecbe2fdc29799498727017c216de843d1aed8d71350c.json,https://donnees.electionsquebec.qc.ca/production/provincial/resultats/archives/part2018-12-10/resultats.json
src_6ce929ca1736,src_6ce929ca1736_20261003140216850_ff268ada6bee,2026-10-03T14:02:16.850Z,2026-10-03T14:02:19.940Z,NA,"Thu, 18 Dec 2025 12:20:11 GMT","""ae2138c152b6e206d14e3bc4a5312db6""",ff268ada6bee3c513ae425ff0cd36e2d5a3f00b64b2ca23609c8ae7cf4124f3b,216404,data/raw/src_6ce929ca1736/ff268ada6bee3c513ae425ff0cd36e2d5a3f00b64b2ca23609c8ae7cf4124f3b.json,https://donnees.electionsquebec.qc.ca/production/provincial/resultats/archives/gen2018-10-01/resultats.json
src_c0d45adf2a1b,src_c0d45adf2a1b_20261003140224477_5797901f93d9,2026-10-03T14:02:24.477Z,2026-10-03T14:02:26.450Z,NA,"Thu, 18 Dec 2025 12:20:14 GMT","""5706b5bbcfa09730806d128aba5a3ced""",5797901f93d93da55eef17414b271065ba98d550ee2a3d595d3427b143be2edc,4972,data/raw/src_c0d45adf2a1b/5797901f93d93da55eef17414b271065ba98d550ee2a3d595d3427b143be2edc.json,https://donnees.electionsquebec.qc.ca/production/provincial/resultats/archives/part2017-10-02/resultats.json
src_53f384df61ef,src_53f384df61ef_20261003140236611_072876ed5e97,2026-10-03T14:02:36.611Z,2026-10-03T14:02:39.467Z,NA,"Tue, 23 Jun 2026 14:11:31 GMT","""cdf49e749de14f030c6a9eeb72730f46""",072876ed5e97b2d93a751d2bb03117aa40452842c3186f1460e44e74f93ae981,2893673,data/raw/src_53f384df61ef/072876ed5e97b2d93a751d2bb03117aa40452842c3186f1460e44e74f93ae981.zip,https://donnees.electionsquebec.qc.ca/autres/provincial/circonscriptions_electorales_2026_mapinfo.zip
src_4a2457749372,src_4a2457749372_20261003140240251_abfb6f8b4c2c,2026-10-03T14:02:40.251Z,2026-10-03T14:02:46.376Z,NA,"Tue, 23 Jun 2026 14:11:31 GMT","""fa81f419d4dfa7d452b47db648aea188""",abfb6f8b4c2c2f2bfd4e83d036831d4d4ec3933eda3a1d2fb0879d235a3de156,5070694,data/raw/src_4a2457749372/abfb6f8b4c2c2f2bfd4e83d036831d4d4ec3933eda3a1d2fb0879d235a3de156.zip,https://donnees.electionsquebec.qc.ca/autres/provincial/circonscriptions_electorales_2026_shapefile.zip
src_04bf0e127029,src_04bf0e127029_20261003140248681_95ad288e731c,2026-10-03T14:02:48.681Z,2026-10-03T14:02:49.631Z,NA,"Tue, 10 Mar 2026 19:40:11 GMT","""ca3fa296d1e1e905374ddf218a25cd2a""",95ad288e731cbe96a2f2d79002a432f41a050710819bc3ef1adedc07a119a9b9,3488,data/raw/src_04bf0e127029/95ad288e731cbe96a2f2d79002a432f41a050710819bc3ef1adedc07a119a9b9.zip,https://donnees.electionsquebec.qc.ca/production/provincial/resultats/archives/part2026-02-23/resultats-bureau-vote.zip
src_8c25176b3b11,src_8c25176b3b11_20261003140251186_eb9b78aed4da,2026-10-03T14:02:51.186Z,2026-10-03T14:02:52.690Z,NA,"Thu, 18 Dec 2025 12:20:15 GMT","""591d7c1a8941014e281336cec7f8bbec""",eb9b78aed4daeb31f1afe18cc28344623822e385e51d2d523b244285028d802c,4584,data/raw/src_8c25176b3b11/eb9b78aed4daeb31f1afe18cc28344623822e385e51d2d523b244285028d802c.zip,https://donnees.electionsquebec.qc.ca/production/provincial/resultats/archives/part2025-08-11/resultats-bureau-vote.zip
src_57c005bbf0f6,src_57c005bbf0f6_20261003140254242_26f5d816232f,2026-10-03T14:02:54.242Z,2026-10-03T14:02:55.399Z,NA,"Thu, 18 Dec 2025 12:20:15 GMT","""c3ff50e2c116e7251ec9b09ece4477d3""",26f5d816232f508cb738a4d170c62c9d446337d2d127a03f2494412c8c497677,4220,data/raw/src_57c005bbf0f6/26f5d816232f508cb738a4d170c62c9d446337d2d127a03f2494412c8c497677.zip,https://donnees.electionsquebec.qc.ca/production/provincial/resultats/archives/part2025-03-17/resultats-bureau-vote.zip
src_e82b708fe54b,src_e82b708fe54b_20261003140256940_a407ce14c01b,2026-10-03T14:02:56.940Z,2026-10-03T14:02:58.799Z,NA,"Thu, 18 Dec 2025 12:20:15 GMT","""6be5228bbe6284dd46304cf633c05e4b""",a407ce14c01bdd3858959164d268c6d8b1c818ba921aa53f1fe9a56010384394,4012,data/raw/src_e82b708fe54b/a407ce14c01bdd3858959164d268c6d8b1c818ba921aa53f1fe9a56010384394.zip,https://donnees.electionsquebec.qc.ca/production/provincial/resultats/archives/part2023-10-02/resultats-bureau-vote.zip
src_02aae4952a51,src_02aae4952a51_20261003140300350_d50dfabaced8,2026-10-03T14:03:00.350Z,2026-10-03T14:03:01.990Z,NA,"Thu, 18 Dec 2025 12:20:14 GMT","""fad29be9f922109c506e208714328463""",d50dfabaced8f865fc31435576fee725afbc794e62f96da97286d19748257b3d,4349,data/raw/src_02aae4952a51/d50dfabaced8f865fc31435576fee725afbc794e62f96da97286d19748257b3d.zip,https://donnees.electionsquebec.qc.ca/production/provincial/resultats/archives/part2023-03-13/resultats-bureau-vote.zip
src_0fb95c6f3b76,src_0fb95c6f3b76_20261003140303545_a3a7400acdd1,2026-10-03T14:03:03.545Z,2026-10-03T14:03:06.387Z,NA,"Thu, 18 Dec 2025 12:20:12 GMT","""6197e6c4b6539c23e3d59274db7bb526""",a3a7400acdd123d8f22301ebb9ff7cf10f54d9f1e4195cd515041fe2efc84b9f,461682,data/raw/src_0fb95c6f3b76/a3a7400acdd123d8f22301ebb9ff7cf10f54d9f1e4195cd515041fe2efc84b9f.zip,https://donnees.electionsquebec.qc.ca/production/provincial/resultats/archives/gen2022-10-03/resultats-bureau-vote.zip
src_0f7998c94572,src_0f7998c94572_20261003140307931_77cbe00fec60,2026-10-03T14:03:07.931Z,2026-10-03T14:03:09.252Z,NA,"Thu, 18 Dec 2025 12:20:14 GMT","""a0bece816140b9fee975ae70b298384e""",77cbe00fec60ae17a7adb8d81c263650b46638c2fe82b9f9cdbc80cac5d03392,3699,data/raw/src_0f7998c94572/77cbe00fec60ae17a7adb8d81c263650b46638c2fe82b9f9cdbc80cac5d03392.zip,https://donnees.electionsquebec.qc.ca/production/provincial/resultats/archives/part2022-04-11/resultats-bureau-vote.zip
src_f80644e75365,src_f80644e75365_20261003140310804_f7ba0f9d3a9c,2026-10-03T14:03:10.804Z,2026-10-03T14:03:12.048Z,NA,"Thu, 18 Dec 2025 12:20:14 GMT","""21c9ffabdebefe460db93414672c5c00""",f7ba0f9d3a9c284e78797f4e6f4131e7e72b2caa240ce716d7a650fd5b87c007,3679,data/raw/src_f80644e75365/f7ba0f9d3a9c284e78797f4e6f4131e7e72b2caa240ce716d7a650fd5b87c007.zip,https://donnees.electionsquebec.qc.ca/production/provincial/resultats/archives/part2019-12-02/resultats-bureau-vote.zip
src_70d5ee7502b1,src_70d5ee7502b1_20261003140313591_53f6cc135c27,2026-10-03T14:03:13.591Z,2026-10-03T14:03:14.930Z,NA,"Thu, 18 Dec 2025 12:20:14 GMT","""e36fe461e0de6b0282f4c71f5ef97267""",53f6cc135c27757786ef3824e6727edd8dbba3e59ea841d88515b2d66664ef14,3800,data/raw/src_70d5ee7502b1/53f6cc135c27757786ef3824e6727edd8dbba3e59ea841d88515b2d66664ef14.zip,https://donnees.electionsquebec.qc.ca/production/provincial/resultats/archives/part2018-12-10/resultats-bureau-vote.zip
src_a0012cc28850,src_a0012cc28850_20261003140316483_c3635b48d370,2026-10-03T14:03:16.483Z,2026-10-03T14:03:19.439Z,NA,"Thu, 18 Dec 2025 12:20:11 GMT","""920c89fca804c534d33d7a51c1766374""",c3635b48d370e53df953b3e954ce49c3c639d7cceaadc91da664fbc0d37a0493,493622,data/raw/src_a0012cc28850/c3635b48d370e53df953b3e954ce49c3c639d7cceaadc91da664fbc0d37a0493.zip,https://donnees.electionsquebec.qc.ca/production/provincial/resultats/archives/gen2018-10-01/resultats-bureau-vote.zip
src_324607d7dfe9,src_324607d7dfe9_20261003140320977_87dfcb40e5c1,2026-10-03T14:03:20.977Z,2026-10-03T14:03:21.670Z,NA,"Thu, 18 Dec 2025 12:20:14 GMT","""40b89311736bb2671f641ca20758a7c9""",87dfcb40e5c15c03400baac769218ba206d873305982f81a4367d32157c3aab8,3973,data/raw/src_324607d7dfe9/87dfcb40e5c15c03400baac769218ba206d873305982f81a4367d32157c3aab8.zip,https://donnees.electionsquebec.qc.ca/production/provincial/resultats/archives/part2017-10-02/resultats-bureau-vote.zip
src_4e9171631c9b,src_4e9171631c9b_20261003140322454_1a6a53295089,2026-10-03T14:03:22.454Z,2026-10-03T14:03:23.293Z,NA,"Thu, 18 Dec 2025 12:20:14 GMT","""0c569a48764051a418e912573fcbaac6""",1a6a53295089dbb097d619500ecc04836d4fa672940ebd15b2b0e4d982987530,5892,data/raw/src_4e9171631c9b/1a6a53295089dbb097d619500ecc04836d4fa672940ebd15b2b0e4d982987530.json,https://donnees.electionsquebec.qc.ca/production/provincial/resultats/archives/part2017-05-29/resultats.json
src_827a94931755,src_827a94931755_20261003140324086_7d2fd7da9355,2026-10-03T14:03:24.086Z,2026-10-03T14:03:25.367Z,NA,"Thu, 18 Dec 2025 12:20:14 GMT","""76c3c839ac7928cad1ebebc31a18b9b5""",7d2fd7da9355ff4737a5a5dbd572c93ec8555dd854813d040bdbd211a9c2a04e,3762,data/raw/src_827a94931755/7d2fd7da9355ff4737a5a5dbd572c93ec8555dd854813d040bdbd211a9c2a04e.zip,https://donnees.electionsquebec.qc.ca/production/provincial/resultats/archives/part2017-05-29/resultats-bureau-vote.zip
src_2d4e90d4e476,src_2d4e90d4e476_20261003140326153_cb135ba81452,2026-10-03T14:03:26.153Z,2026-10-03T14:03:27.324Z,NA,"Thu, 18 Dec 2025 12:20:14 GMT","""d9741f8dedd39748e138e977bcc96f82""",cb135ba81452190f0bc47132a929e6651af86af42a2220dcb39ff47c755857df,11222,data/raw/src_2d4e90d4e476/cb135ba81452190f0bc47132a929e6651af86af42a2220dcb39ff47c755857df.json,https://donnees.electionsquebec.qc.ca/production/provincial/resultats/archives/part2016-12-05/resultats.json
src_979ff86575ac,src_979ff86575ac_20261003140328112_4a9d99c5b456,2026-10-03T14:03:28.112Z,2026-10-03T14:03:29.369Z,NA,"Thu, 18 Dec 2025 12:20:14 GMT","""a5f1d9125ae5ee35733b69a5c5a17d10""",4a9d99c5b456b1275270b5aec7379c50f86cd123d7d58a6630a57d52e6cab191,15433,data/raw/src_979ff86575ac/4a9d99c5b456b1275270b5aec7379c50f86cd123d7d58a6630a57d52e6cab191.zip,https://donnees.electionsquebec.qc.ca/production/provincial/resultats/archives/part2016-12-05/resultats-bureau-vote.zip
src_9869ef080ebd,src_9869ef080ebd_20261003140330158_408f2e0b3e14,2026-10-03T14:03:30.158Z,2026-10-03T14:03:31.509Z,NA,"Thu, 18 Dec 2025 12:20:14 GMT","""496b4f09fe57d1238df73bafac8cb856""",408f2e0b3e14795ff32aaa9ec7c08128d999ad6ccd6fdca375d01007a6ebe5aa,3325,data/raw/src_9869ef080ebd/408f2e0b3e14795ff32aaa9ec7c08128d999ad6ccd6fdca375d01007a6ebe5aa.json,https://donnees.electionsquebec.qc.ca/production/provincial/resultats/archives/part2016-04-11/resultats.json
src_71477ce5c01a,src_71477ce5c01a_20261003140332296_d7c32e3d92d9,2026-10-03T14:03:32.296Z,2026-10-03T14:03:33.827Z,NA,"Thu, 18 Dec 2025 12:20:14 GMT","""af24be8e2ed22ce8f3d38cdf301cfc63""",d7c32e3d92d9e8d967398b10871e10618283dfb0d78680d3e9f50f0fcce4472f,3336,data/raw/src_71477ce5c01a/d7c32e3d92d9e8d967398b10871e10618283dfb0d78680d3e9f50f0fcce4472f.zip,https://donnees.electionsquebec.qc.ca/production/provincial/resultats/archives/part2016-04-11/resultats-bureau-vote.zip
src_46b2b80361d8,src_46b2b80361d8_20261003140334616_19b24c218d52,2026-10-03T14:03:34.616Z,2026-10-03T14:03:35.992Z,NA,"Thu, 18 Dec 2025 12:20:14 GMT","""5757751d0bb6b656cbc3f0984942182d""",19b24c218d520e8c6c6d70fd5573f4f981536fc7b4b4eafc4e1647d77b3cf76f,8604,data/raw/src_46b2b80361d8/19b24c218d520e8c6c6d70fd5573f4f981536fc7b4b4eafc4e1647d77b3cf76f.json,https://donnees.electionsquebec.qc.ca/production/provincial/resultats/archives/part2015-11-09/resultats.json
src_790afb52d855,src_790afb52d855_20261003140336778_c3a83a0f1af2,2026-10-03T14:03:36.778Z,2026-10-03T14:03:38.370Z,NA,"Thu, 18 Dec 2025 12:20:14 GMT","""3a15251e1845762d30c5e796cade5d3b""",c3a83a0f1af23cba250e6481e6047479077d4b109ddead68f20edbc653bcd187,13167,data/raw/src_790afb52d855/c3a83a0f1af23cba250e6481e6047479077d4b109ddead68f20edbc653bcd187.zip,https://donnees.electionsquebec.qc.ca/production/provincial/resultats/archives/part2015-11-09/resultats-bureau-vote.zip
src_d0efa9a1d2ca,src_d0efa9a1d2ca_20261003140339158_313bd91bc37f,2026-10-03T14:03:39.158Z,2026-10-03T14:03:40.726Z,NA,"Thu, 18 Dec 2025 12:20:13 GMT","""10d199765ce0d9c7008fe9efe0bb179e""",313bd91bc37fac39d2f5f0a8e445d5644b5dcd3bcc966871fbb10b7626f46d3c,6703,data/raw/src_d0efa9a1d2ca/313bd91bc37fac39d2f5f0a8e445d5644b5dcd3bcc966871fbb10b7626f46d3c.json,https://donnees.electionsquebec.qc.ca/production/provincial/resultats/archives/part2015-06-08/resultats.json
src_4b31782ef406,src_4b31782ef406_20261003140341510_54260fb53117,2026-10-03T14:03:41.510Z,2026-10-03T14:03:42.581Z,NA,"Thu, 18 Dec 2025 12:20:13 GMT","""6b0c5e0050704678ddeb2eacd6709216""",54260fb53117882655e195065eaf83e49593aa102d39ac2f93d8ba48b658c9b5,7315,data/raw/src_4b31782ef406/54260fb53117882655e195065eaf83e49593aa102d39ac2f93d8ba48b658c9b5.zip,https://donnees.electionsquebec.qc.ca/production/provincial/resultats/archives/part2015-06-08/resultats-bureau-vote.zip
src_68477afa07d6,src_68477afa07d6_20261003140343358_34827d6504ac,2026-10-03T14:03:43.358Z,2026-10-03T14:03:44.878Z,NA,"Thu, 18 Dec 2025 12:20:13 GMT","""dff795749700bbac727fcf94c632574f""",34827d6504ac7fe28cb301924a08fab7168542fe8ffb5f75b9460f419893abcf,4129,data/raw/src_68477afa07d6/34827d6504ac7fe28cb301924a08fab7168542fe8ffb5f75b9460f419893abcf.json,https://donnees.electionsquebec.qc.ca/production/provincial/resultats/archives/part2015-03-09/resultats.json
src_0ce80283f028,src_0ce80283f028_20261003140345657_6269a5a5ed76,2026-10-03T14:03:45.657Z,2026-10-03T14:03:47.272Z,NA,"Thu, 18 Dec 2025 12:20:13 GMT","""6e86b8a7737eecfcab44b3f60c9d3d00""",6269a5a5ed76d8c579c79c88f1780bec124e45675f71b75dc3b07f6322ae1207,3524,data/raw/src_0ce80283f028/6269a5a5ed76d8c579c79c88f1780bec124e45675f71b75dc3b07f6322ae1207.zip,https://donnees.electionsquebec.qc.ca/production/provincial/resultats/archives/part2015-03-09/resultats-bureau-vote.zip
src_04249426efff,src_04249426efff_20261003140348061_3e0558476091,2026-10-03T14:03:48.061Z,2026-10-03T14:03:49.166Z,NA,"Thu, 18 Dec 2025 12:20:13 GMT","""c7cec254b238e934d6f99f60c64ed9bb""",3e055847609137e4d9941cf595319d5cd13d57b1c0c1f4ce0bb66c7e18c227fd,5306,data/raw/src_04249426efff/3e055847609137e4d9941cf595319d5cd13d57b1c0c1f4ce0bb66c7e18c227fd.json,https://donnees.electionsquebec.qc.ca/production/provincial/resultats/archives/part2014-10-20/resultats.json
src_3c0feca35341,src_3c0feca35341_20261003140349949_e1a7ebd45acd,2026-10-03T14:03:49.949Z,2026-10-03T14:03:51.238Z,NA,"Thu, 18 Dec 2025 12:20:13 GMT","""6583a6dc7a8d9e704b25758a258bf49e""",e1a7ebd45acd1152ce6f437724312affb81f6702a1066d3afb6ee7fa51f1a758,3670,data/raw/src_3c0feca35341/e1a7ebd45acd1152ce6f437724312affb81f6702a1066d3afb6ee7fa51f1a758.zip,https://donnees.electionsquebec.qc.ca/production/provincial/resultats/archives/part2014-10-20/resultats-bureau-vote.zip
src_f5041537304c,src_f5041537304c_20261003140352022_c70ed25b0773,2026-10-03T14:03:52.022Z,2026-10-03T14:03:53.452Z,NA,"Thu, 18 Dec 2025 12:20:10 GMT","""ebe86c5b303ecd711c5ba98567d08336""",c70ed25b07730e264a6db5b9d80d0e1ca06c5a31fcd9576624908e016ab3c234,193769,data/raw/src_f5041537304c/c70ed25b07730e264a6db5b9d80d0e1ca06c5a31fcd9576624908e016ab3c234.json,https://donnees.electionsquebec.qc.ca/production/provincial/resultats/archives/gen2014-04-07/resultats.json
src_71826904d44e,src_71826904d44e_20261003140354235_a682194c0eae,2026-10-03T14:03:54.235Z,2026-10-03T14:03:56.217Z,NA,"Thu, 18 Dec 2025 12:20:10 GMT","""091f9bf7d285e42affc4fac521727acd""",a682194c0eae43f4955aad0facfa112fb5103e3cd7c4349b60fcd097e62537f6,420231,data/raw/src_71826904d44e/a682194c0eae43f4955aad0facfa112fb5103e3cd7c4349b60fcd097e62537f6.zip,https://donnees.electionsquebec.qc.ca/production/provincial/resultats/archives/gen2014-04-07/resultats-bureau-vote.zip
src_a0bedefcbbb2,src_a0bedefcbbb2_20261003140357004_8be30da11b10,2026-10-03T14:03:57.004Z,2026-10-03T14:03:58.582Z,NA,"Thu, 18 Dec 2025 12:20:13 GMT","""2140fc98f3152aac5a4db0d05b632dbf""",8be30da11b10b84c0beadd1b6538bbf8b3edad12eb0b5d2dd9752d5b15c28427,7369,data/raw/src_a0bedefcbbb2/8be30da11b10b84c0beadd1b6538bbf8b3edad12eb0b5d2dd9752d5b15c28427.json,https://donnees.electionsquebec.qc.ca/production/provincial/resultats/archives/part2013-12-09/resultats.json
src_95002082f0df,src_95002082f0df_20261003140359359_6a30178633a6,2026-10-03T14:03:59.359Z,2026-10-03T14:04:00.560Z,NA,"Thu, 18 Dec 2025 12:20:13 GMT","""c74483fe8631ef800509eb951ec1d9ac""",6a30178633a6650822a60d2916dc1f4ed475b053c735923aa3d87f42d42c874e,5337,data/raw/src_95002082f0df/6a30178633a6650822a60d2916dc1f4ed475b053c735923aa3d87f42d42c874e.zip,https://donnees.electionsquebec.qc.ca/production/provincial/resultats/archives/part2013-12-09/resultats-bureau-vote.zip
src_f428cc11d231,src_f428cc11d231_20261003140401352_79d2bc06db1e,2026-10-03T14:04:01.352Z,2026-10-03T14:04:04.715Z,NA,"Thu, 18 Dec 2025 12:20:10 GMT","""0f6ca8b3fe23ead7e11a3175b10b85f5""",79d2bc06db1e9004a96e62f146c85274efcfe7a9acb8bf358e051188492681d3,550128,data/raw/src_f428cc11d231/79d2bc06db1e9004a96e62f146c85274efcfe7a9acb8bf358e051188492681d3.zip,https://donnees.electionsquebec.qc.ca/production/provincial/resultats/archives/gen2012-09-04/resultats-bureau-vote.zip
src_02de9feae13c,src_02de9feae13c_20261003140405497_3ced85253a2e,2026-10-03T14:04:05.497Z,2026-10-03T14:04:06.939Z,NA,"Tue, 23 Jun 2026 14:11:32 GMT","""c9f4b42b05ba6d6b0d6fc3a386860a80""",3ced85253a2e059d155971cbd9f8ed0d2a33828e10b1cd2c57e6e8a0c0be1d44,2202,data/raw/src_02de9feae13c/3ced85253a2e059d155971cbd9f8ed0d2a33828e10b1cd2c57e6e8a0c0be1d44.csv,https://donnees.electionsquebec.qc.ca/autres/provincial/liste_circonscriptions2022.csv
src_982233d9cc25,src_982233d9cc25_20261003140407728_e3cd4a8a3355,2026-10-03T14:04:07.728Z,2026-10-03T14:04:09.656Z,NA,"Tue, 23 Jun 2026 14:11:31 GMT","""5e49e6fc11c6676d2a9b76b9b38fe84d""",e3cd4a8a33555b9533339049f4c26cb941cc7658f720b8adcdb942f2fee0e82a,4996248,data/raw/src_982233d9cc25/e3cd4a8a33555b9533339049f4c26cb941cc7658f720b8adcdb942f2fee0e82a.zip,https://donnees.electionsquebec.qc.ca/autres/provincial/circonscriptions_electorales_2022_shapefile.zip
src_73afd1588720,src_73afd1588720_20261003140410437_99603d55787a,2026-10-03T14:04:10.437Z,2026-10-03T14:04:10.927Z,NA,"Tue, 23 Jun 2026 14:11:32 GMT","""53cf01b925d73df2e50038295ee86d9e""",99603d55787a767a28a203977dc24ebb6f2382d84e8960a38f6507dfa27c9579,2195,data/raw/src_73afd1588720/99603d55787a767a28a203977dc24ebb6f2382d84e8960a38f6507dfa27c9579.csv,https://donnees.electionsquebec.qc.ca/autres/provincial/liste_circonscriptions2017.csv
src_038f7589e400,src_038f7589e400_20261003140411715_98f8b968f5bd,2026-10-03T14:04:11.715Z,2026-10-03T14:04:14.796Z,NA,"Tue, 23 Jun 2026 14:11:30 GMT","""7192a41fdbb1d562b327a8b0c9147ac3""",98f8b968f5bdc9bd0c9e4fa389543f895d3304b9d1b51edd174517beef9db32f,5062935,data/raw/src_038f7589e400/98f8b968f5bdc9bd0c9e4fa389543f895d3304b9d1b51edd174517beef9db32f.zip,https://donnees.electionsquebec.qc.ca/autres/provincial/circonscriptions_electorales_2017_shapefile.zip
src_1320ae322de0,src_1320ae322de0_20261003140415570_32c750bfe229,2026-10-03T14:04:15.570Z,2026-10-03T14:04:16.110Z,NA,"Tue, 23 Jun 2026 14:11:32 GMT","""50d40b4f866dcac579ae7fa640db0ad4""",32c750bfe22924c9cad35010645b143720412f9eaa4b75ac96748e2635834d07,2168,data/raw/src_1320ae322de0/32c750bfe22924c9cad35010645b143720412f9eaa4b75ac96748e2635834d07.csv,https://donnees.electionsquebec.qc.ca/autres/provincial/liste_circonscriptions2011.csv
src_68ba8c08b190,src_68ba8c08b190_20261003140416903_da34630e9bbd,2026-10-03T14:04:16.903Z,2026-10-03T14:04:20.957Z,NA,"Thu, 27 Aug 2026 16:03:48 GMT","W/""c93f9ff9e1125bfebd436de19a296240""",da34630e9bbd8028da417cf2a3014be9cd1d6ec94c197d07ef9789694ba5c26a,575832,data/raw/src_68ba8c08b190/da34630e9bbd8028da417cf2a3014be9cd1d6ec94c197d07ef9789694ba5c26a.pdf,https://docs.electionsquebec.qc.ca/PRO/630771eba4dc3/DGE-5-VF.pdf
src_4ebaa48de588,src_4ebaa48de588_20261003140421744_cbbb3d9568a7,2026-10-03T14:04:21.744Z,2026-10-03T14:04:28.548Z,NA,"Thu, 01 Oct 2026 14:39:18 GMT","""cab391efa01a3df87b59f95cca5fea94""",cbbb3d9568a7e2444ed9976839c4329d09bcfbd81ad9e22c7605e400bf575314,4247552,data/raw/src_4ebaa48de588/cbbb3d9568a7e2444ed9976839c4329d09bcfbd81ad9e22c7605e400bf575314.xls,https://docs.electionsquebec.qc.ca/PRO/6a58edde4eab9/statistiques-recensement-2021-CEP2026.xls
src_5e4b0ff5dd36,src_5e4b0ff5dd36_20261003140429324_f0624f8a6eb7,2026-10-03T14:04:29.324Z,2026-10-03T14:04:34.575Z,NA,"Sat, 03 Oct 2026 13:14:30 GMT","W/""f402d563ce11a4fac6a8d0cccb91ad93""",f0624f8a6eb77f8d825bb50d20801edd94e03551116e27ab49764499b049a6d5,51464,data/raw/src_5e4b0ff5dd36/f0624f8a6eb77f8d825bb50d20801edd94e03551116e27ab49764499b049a6d5.html,https://www.electionsquebec.qc.ca/resultats-et-statistiques/taux-de-participation-preliminaire/
src_c4d0e6a0340b,src_c4d0e6a0340b_20261003140435352_0a8b4a4a31b5,2026-10-03T14:04:35.352Z,2026-10-03T14:04:36.949Z,NA,"Sat, 03 Oct 2026 13:13:43 GMT","W/""711686d6c34a827263a72735bdf73635""",0a8b4a4a31b594b33985511dbb5c75ce31dd2d2631e28f5ba72edc1806b78dcb,89335,data/raw/src_c4d0e6a0340b/0a8b4a4a31b594b33985511dbb5c75ce31dd2d2631e28f5ba72edc1806b78dcb.html,https://www.electionsquebec.qc.ca/financement-depenses-et-contributions/rapports-financiers-des-entites-politiques/
src_b0ef08f0bdfb,src_b0ef08f0bdfb_20261003140437728_c26a5170a309,2026-10-03T14:04:37.728Z,2026-10-03T14:04:40.430Z,NA,"Tue, 23 Jun 2026 14:11:02 GMT","W/""0592ef4d29736e3d7a28201f9316ffab""",c26a5170a309c1bee75c6b84dfec4c54b42ce987b62c9d4bb6250fbfac209d24,556939,data/raw/src_b0ef08f0bdfb/c26a5170a309c1bee75c6b84dfec4c54b42ce987b62c9d4bb6250fbfac209d24.pdf,https://donnees.electionsquebec.qc.ca/autres/rapports-financiers/2025/2025-alliance-famille-communautes.pdf
src_e4c70ec5dd92,src_e4c70ec5dd92_20261003140441211_a9af62cedd78,2026-10-03T14:04:41.211Z,2026-10-03T14:04:44.380Z,NA,"Tue, 23 Jun 2026 14:11:02 GMT","W/""438c16a8d770648ead3fc9b393ba20f9""",a9af62cedd785826b216531b071333d7a846986a7d529dab5c3809f175ab0a9a,732581,data/raw/src_e4c70ec5dd92/a9af62cedd785826b216531b071333d7a846986a7d529dab5c3809f175ab0a9a.pdf,https://donnees.electionsquebec.qc.ca/autres/rapports-financiers/2025/2025-bloc-montreal.pdf
src_b57789261106,src_b57789261106_20261003140445148_4357ed937cdc,2026-10-03T14:04:45.148Z,2026-10-03T14:04:49.855Z,NA,"Tue, 23 Jun 2026 14:11:02 GMT","W/""af1652f8dfd19a60d58c4b3ff32950bf""",4357ed937cdc0116f88e540c0518e399792cc2bf5f3e54617747f5d86cd8ea80,2608576,data/raw/src_b57789261106/4357ed937cdc0116f88e540c0518e399792cc2bf5f3e54617747f5d86cd8ea80.pdf,https://donnees.electionsquebec.qc.ca/autres/rapports-financiers/2025/2025-bloc-pot.pdf
src_06599b3ec306,src_06599b3ec306_20261003140450637_45ef3c494d73,2026-10-03T14:04:50.637Z,2026-10-03T14:04:53.560Z,NA,"Tue, 23 Jun 2026 14:11:02 GMT","W/""52ba96ebf51c2c896854dc0ccd9a6852""",45ef3c494d73b914d3e9d07f773510841c7c9a728a68e9030504317afab94850,828977,data/raw/src_06599b3ec306/45ef3c494d73b914d3e9d07f773510841c7c9a728a68e9030504317afab94850.pdf,https://donnees.electionsquebec.qc.ca/autres/rapports-financiers/2025/2025-climat-quebec.pdf
src_b2d99a2a3c38,src_b2d99a2a3c38_20261003140454338_d2ec197c1896,2026-10-03T14:04:54.338Z,2026-10-03T14:04:57.443Z,NA,"Tue, 23 Jun 2026 14:11:02 GMT","W/""2c053c7872263a6f92284d3ef07e3091""",d2ec197c1896852d7b95140647d7405612f6c1bde73328638c3d10ffb773a120,2167900,data/raw/src_b2d99a2a3c38/d2ec197c1896852d7b95140647d7405612f6c1bde73328638c3d10ffb773a120.pdf,https://donnees.electionsquebec.qc.ca/autres/rapports-financiers/2025/2025-coalition-avenir-quebec.pdf
src_cfa059b20a2d,src_cfa059b20a2d_20261003140458216_e8bef6257887,2026-10-03T14:04:58.216Z,2026-10-03T14:05:00.318Z,NA,"Wed, 08 Jul 2026 17:27:40 GMT","W/""ef4c6c7fa1628abe1bb751e7e0701a71""",e8bef6257887da713b73ea0b1eb67f8d943917e2f9e1101494b66833a64e07e6,738199,data/raw/src_cfa059b20a2d/e8bef6257887da713b73ea0b1eb67f8d943917e2f9e1101494b66833a64e07e6.pdf,https://donnees.electionsquebec.qc.ca/autres/rapports-financiers/2025/2025-democratie-directe.pdf
src_8e7bf04b4fe1,src_8e7bf04b4fe1_20261003140501106_3437feac111f,2026-10-03T14:05:01.106Z,2026-10-03T14:05:03.702Z,NA,"Tue, 23 Jun 2026 14:11:02 GMT","W/""826b8e94c5b6c02865c46a294f99771f""",3437feac111fe3521b20e35fc4dffdfd10edb512536f61610fd4f1d3065afda6,2025042,data/raw/src_8e7bf04b4fe1/3437feac111fe3521b20e35fc4dffdfd10edb512536f61610fd4f1d3065afda6.pdf,https://donnees.electionsquebec.qc.ca/autres/rapports-financiers/2025/2025-equipe-autonomiste.pdf
src_59f64ad94c02,src_59f64ad94c02_20261003140504484_74bb0fa4cecf,2026-10-03T14:05:04.484Z,2026-10-03T14:05:06.341Z,NA,"Tue, 23 Jun 2026 14:11:02 GMT","W/""f75c35ffd60fd6e169e81e3dfe843bd3""",74bb0fa4cecff099ec0bb078e87815b7ffc8537653f336355a02c6b65e35c5cc,488955,data/raw/src_59f64ad94c02/74bb0fa4cecff099ec0bb078e87815b7ffc8537653f336355a02c6b65e35c5cc.pdf,https://donnees.electionsquebec.qc.ca/autres/rapports-financiers/2025/2025-parti-acces-propriete-et-equite.pdf
src_3b92b8cc26b6,src_3b92b8cc26b6_20261003140507123_100f73b90c8c,2026-10-03T14:05:07.123Z,2026-10-03T14:05:09.049Z,NA,"Tue, 23 Jun 2026 14:11:02 GMT","W/""219c79f56b41d83adc37ac4690da52c5""",100f73b90c8c6e6349bc59d21ccbebd56cd423fbb46bf769e1f9ca632f2bf328,607846,data/raw/src_3b92b8cc26b6/100f73b90c8c6e6349bc59d21ccbebd56cd423fbb46bf769e1f9ca632f2bf328.pdf,https://donnees.electionsquebec.qc.ca/autres/rapports-financiers/2025/2025-parti-canadien-du-quebec.pdf
src_251ab0443811,src_251ab0443811_20261003140509837_5efe9ce6bce2,2026-10-03T14:05:09.837Z,2026-10-03T14:05:17.501Z,NA,"Tue, 23 Jun 2026 14:11:02 GMT","""62af021f4bc87fe6bc4ce9bb06ec4c81-2""",5efe9ce6bce21ac4a39ff001f6fbdf91e0e017e24bc456b28bef501d7c3b322c,12483176,data/raw/src_251ab0443811/5efe9ce6bce21ac4a39ff001f6fbdf91e0e017e24bc456b28bef501d7c3b322c.pdf,https://donnees.electionsquebec.qc.ca/autres/rapports-financiers/2025/2025-parti-communiste-du-quebec.pdf
src_392003166bb2,src_392003166bb2_20261003140518275_a356d94859a7,2026-10-03T14:05:18.275Z,2026-10-03T14:05:19.615Z,NA,"Tue, 23 Jun 2026 14:11:02 GMT","W/""d4390fa49ba6acc697a871cfd96495c0""",a356d94859a7c793d932709c26c5fe27ce17d6bd7234f0194b2e266a2163ec0e,562808,data/raw/src_392003166bb2/a356d94859a7c793d932709c26c5fe27ce17d6bd7234f0194b2e266a2163ec0e.pdf,https://donnees.electionsquebec.qc.ca/autres/rapports-financiers/2025/2025-parti-conservateur-du-quebec.pdf
src_cd2c60ae4c6f,src_cd2c60ae4c6f_20261003140520393_ea8e15f8be99,2026-10-03T14:05:20.393Z,2026-10-03T14:05:21.377Z,NA,"Tue, 23 Jun 2026 14:11:02 GMT","W/""750449ae154cc3e273529621bd9ef3ef""",ea8e15f8be9934e2b5ed789dd18a181b6fc24bb39265b3b6466dd95b7fdd98a1,1402415,data/raw/src_cd2c60ae4c6f/ea8e15f8be9934e2b5ed789dd18a181b6fc24bb39265b3b6466dd95b7fdd98a1.pdf,https://donnees.electionsquebec.qc.ca/autres/rapports-financiers/2025/2025-parti-culinaire-du-quebec.pdf
src_01db39f4e4f2,src_01db39f4e4f2_20261003140522155_a890f6acc620,2026-10-03T14:05:22.155Z,2026-10-03T14:05:23.500Z,NA,"Tue, 23 Jun 2026 14:11:03 GMT","W/""852b037e57da1261bd5f069ac32d8f00""",a890f6acc620d987b21d3b51804b5dc362d3cc52423c41e977adc95e434e3ce3,1310178,data/raw/src_01db39f4e4f2/a890f6acc620d987b21d3b51804b5dc362d3cc52423c41e977adc95e434e3ce3.pdf,https://donnees.electionsquebec.qc.ca/autres/rapports-financiers/2025/2025-parti-liberal-du-quebec.pdf
src_8344685c75c9,src_8344685c75c9_20261003140524272_ad913cbc216e,2026-10-03T14:05:24.272Z,2026-10-03T14:05:25.401Z,NA,"Tue, 23 Jun 2026 14:11:03 GMT","W/""64f7b98eed7f296d75e24e6f00533a6e""",ad913cbc216e3623c1e93b098748b502ba61b0d0dd9949528d450a3347c9af51,1250348,data/raw/src_8344685c75c9/ad913cbc216e3623c1e93b098748b502ba61b0d0dd9949528d450a3347c9af51.pdf,https://donnees.electionsquebec.qc.ca/autres/rapports-financiers/2025/2025-parti-libertarien.pdf
src_4130101dd276,src_4130101dd276_20261003140526189_40f6e6c030a1,2026-10-03T14:05:26.189Z,2026-10-03T14:05:30.455Z,NA,"Tue, 23 Jun 2026 14:11:03 GMT","W/""ced2f0e4ce5ea875c2923de1184665d8""",40f6e6c030a1518dd08599323bfc6b946b8af4d7acaef53a2386d56d67ab830a,9324057,data/raw/src_4130101dd276/40f6e6c030a1518dd08599323bfc6b946b8af4d7acaef53a2386d56d67ab830a.pdf,https://donnees.electionsquebec.qc.ca/autres/rapports-financiers/2025/2025-parti-marxiste-leniniste-du-quebec.pdf
src_65edafd16f87,src_65edafd16f87_20261003140531234_7df4d175c88b,2026-10-03T14:05:31.234Z,2026-10-03T14:05:32.051Z,NA,"Tue, 23 Jun 2026 14:11:03 GMT","W/""354f2b225b66b4bc29776b238357b724""",7df4d175c88b3e8f88abdd367dcb75a3d987e872cfec1f986c5ebd4e927b15c2,1500260,data/raw/src_65edafd16f87/7df4d175c88b3e8f88abdd367dcb75a3d987e872cfec1f986c5ebd4e927b15c2.pdf,https://donnees.electionsquebec.qc.ca/autres/rapports-financiers/2025/2025-parti-nul.pdf
src_7dd31b970087,src_7dd31b970087_20261003140532841_6135c2b3c6fe,2026-10-03T14:05:32.841Z,2026-10-03T14:05:33.393Z,NA,"Tue, 23 Jun 2026 14:11:03 GMT","W/""02031eacb48fb964838d48fef77dd7e5""",6135c2b3c6fe3edff415c49abb3d3cf789a30d0717a07095f0cc2046e1bc587c,557483,data/raw/src_7dd31b970087/6135c2b3c6fe3edff415c49abb3d3cf789a30d0717a07095f0cc2046e1bc587c.pdf,https://donnees.electionsquebec.qc.ca/autres/rapports-financiers/2025/2025-parti-quebecois.pdf
src_21aaee328a50,src_21aaee328a50_20261003140534175_995a34acfb78,2026-10-03T14:05:34.175Z,2026-10-03T14:05:34.767Z,NA,"Tue, 23 Jun 2026 14:11:03 GMT","W/""3c858214c378803aadfe4ef49a025d04""",995a34acfb78fce4f6d3142bd5aacd6a7ccb1950ce2aa4b3664c20a89402e979,794374,data/raw/src_21aaee328a50/995a34acfb78fce4f6d3142bd5aacd6a7ccb1950ce2aa4b3664c20a89402e979.pdf,https://donnees.electionsquebec.qc.ca/autres/rapports-financiers/2025/2025-parti-vert-du-quebec.pdf
src_8577ec740ac7,src_8577ec740ac7_20261003140535554_3e53ba30811e,2026-10-03T14:05:35.554Z,2026-10-03T14:05:35.947Z,NA,"Tue, 23 Jun 2026 14:11:03 GMT","W/""3e8389d4588e221840bbb3caa352548e""",3e53ba30811e4d3c28494f7291832b81f1858ce8c89a3103fe452d9ba5ae3ee9,379321,data/raw/src_8577ec740ac7/3e53ba30811e4d3c28494f7291832b81f1858ce8c89a3103fe452d9ba5ae3ee9.pdf,https://donnees.electionsquebec.qc.ca/autres/rapports-financiers/2025/2025-presence-quebec.pdf
src_ac0cb08c837d,src_ac0cb08c837d_20261003140536736_249e0ad8804f,2026-10-03T14:05:36.736Z,2026-10-03T14:05:37.555Z,NA,"Tue, 23 Jun 2026 14:11:03 GMT","W/""8613068e889bad18d48e1be06bfbb67b""",249e0ad8804f911345d0d7cde8b24dfaedb51ac691f37f2fdc0cb42318013ca8,1716675,data/raw/src_ac0cb08c837d/249e0ad8804f911345d0d7cde8b24dfaedb51ac691f37f2fdc0cb42318013ca8.pdf,https://donnees.electionsquebec.qc.ca/autres/rapports-financiers/2025/2025-quebec-innovant.pdf
src_0e7cf8e163b5,src_0e7cf8e163b5_20261003140538338_cd140a657e14,2026-10-03T14:05:38.338Z,2026-10-03T14:05:39.074Z,NA,"Tue, 23 Jun 2026 14:11:03 GMT","W/""e3aaa614d51c0ad89743860471a2f04f""",cd140a657e14b7658df6b480217fe959ac4ca746bd7775bdc8450e05f37e1892,581258,data/raw/src_0e7cf8e163b5/cd140a657e14b7658df6b480217fe959ac4ca746bd7775bdc8450e05f37e1892.pdf,https://donnees.electionsquebec.qc.ca/autres/rapports-financiers/2025/2025-quebec-solidaire.pdf
src_f5ccbf4af143,src_f5ccbf4af143_20261003140539871_8ff56cabc5b0,2026-10-03T14:05:39.871Z,2026-10-03T14:05:40.679Z,NA,"Tue, 23 Jun 2026 14:11:03 GMT","W/""624514a79ea4d1ec8ad56d7c600bc2cf""",8ff56cabc5b001553edc1fae566f0468be7530956d63f0b48fc3bd7a1817a7eb,783016,data/raw/src_f5ccbf4af143/8ff56cabc5b001553edc1fae566f0468be7530956d63f0b48fc3bd7a1817a7eb.pdf,https://donnees.electionsquebec.qc.ca/autres/rapports-financiers/2025/2025-recapitulation-revenus-depenses-instances.pdf
src_b9dde0657417,src_b9dde0657417_20261003140541465_284ec6032bba,2026-10-03T14:05:41.465Z,2026-10-03T14:05:42.170Z,NA,"Tue, 23 Jun 2026 14:11:02 GMT","W/""9e20ef35476dbe84d0ce252f4d6753fb""",284ec6032bba35e549eb2511f58bc8247e6806a6015cf59205012a0114b757d2,456132,data/raw/src_b9dde0657417/284ec6032bba35e549eb2511f58bc8247e6806a6015cf59205012a0114b757d2.pdf,https://donnees.electionsquebec.qc.ca/autres/rapports-financiers/2025/2025-Arpad_Nagy.pdf
src_e7b880c95d34,src_e7b880c95d34_20261003140542960_3b933d51164f,2026-10-03T14:05:42.960Z,2026-10-03T14:05:43.500Z,NA,"Tue, 23 Jun 2026 14:11:02 GMT","W/""244b657c5d1052a7fdc67224513b3856""",3b933d51164f06c053a32b79e842bc4bfe0df5c965079679f3e782a918d082bb,351674,data/raw/src_e7b880c95d34/3b933d51164f06c053a32b79e842bc4bfe0df5c965079679f3e782a918d082bb.pdf,https://donnees.electionsquebec.qc.ca/autres/rapports-financiers/2025/2025-Denis_Gagne.pdf
src_7b1f1238df02,src_7b1f1238df02_20261003140544289_8b8f4e9c53d4,2026-10-03T14:05:44.289Z,2026-10-03T14:05:45.151Z,NA,"Tue, 23 Jun 2026 14:11:03 GMT","W/""7e0e8d4355547cbf271b3c89e506b5a0""",8b8f4e9c53d482ee4ae177e7faad7882fe6a346cf978af3d29f0f0d4deaa9ac3,864939,data/raw/src_7b1f1238df02/8b8f4e9c53d482ee4ae177e7faad7882fe6a346cf978af3d29f0f0d4deaa9ac3.pdf,https://donnees.electionsquebec.qc.ca/autres/rapports-financiers/2024/2024-alliance-famille-communautes.pdf
src_adc81a41ea0d,src_adc81a41ea0d_20261003140545938_b8d702a31ac5,2026-10-03T14:05:45.938Z,2026-10-03T14:05:46.639Z,NA,"Tue, 23 Jun 2026 14:11:03 GMT","W/""5b6eef6b99de312daead087e1bcaf9ac""",b8d702a31ac5b862d0eaf63af6dacc9d2a01865e96a26fd6a2d510a1a5cb3b20,1014978,data/raw/src_adc81a41ea0d/b8d702a31ac5b862d0eaf63af6dacc9d2a01865e96a26fd6a2d510a1a5cb3b20.pdf,https://donnees.electionsquebec.qc.ca/autres/rapports-financiers/2024/2024-bloc-montreal.pdf
src_0d1d6cdde36f,src_0d1d6cdde36f_20261003140547426_3af4bb83e0ed,2026-10-03T14:05:47.426Z,2026-10-03T14:05:48.811Z,NA,"Tue, 23 Jun 2026 14:11:03 GMT","W/""d0520f21a0a457f46c2e53cb7fdfe46f""",3af4bb83e0ed828520dac5343588f8ed30f998d549fa33044fdc83d5ee608f77,1446719,data/raw/src_0d1d6cdde36f/3af4bb83e0ed828520dac5343588f8ed30f998d549fa33044fdc83d5ee608f77.pdf,https://donnees.electionsquebec.qc.ca/autres/rapports-financiers/2024/2024-bloc-pot.pdf
src_3cb676498080,src_3cb676498080_20261003140549601_682c48821eb0,2026-10-03T14:05:49.601Z,2026-10-03T14:05:51.903Z,NA,"Tue, 23 Jun 2026 14:11:03 GMT","W/""d23479efb1acb8327889411212083f41""",682c48821eb0a16c32a680a83e9d2bfbaa3a06bc8fe617d56b095961343dd690,4045391,data/raw/src_3cb676498080/682c48821eb0a16c32a680a83e9d2bfbaa3a06bc8fe617d56b095961343dd690.pdf,https://donnees.electionsquebec.qc.ca/autres/rapports-financiers/2024/2024-climat-quebec.pdf
src_cdfd61f2d179,src_cdfd61f2d179_20261003140552668_442efc57b568,2026-10-03T14:05:52.668Z,2026-10-03T14:05:54.146Z,NA,"Tue, 23 Jun 2026 14:11:03 GMT","W/""b1e1e2e71e4033010a5ac1df72db551c""",442efc57b56827262995c7b029e13cbdd09ec6f3a6c5639698d2a58ad73b62b1,2370732,data/raw/src_cdfd61f2d179/442efc57b56827262995c7b029e13cbdd09ec6f3a6c5639698d2a58ad73b62b1.pdf,https://donnees.electionsquebec.qc.ca/autres/rapports-financiers/2024/2024-coalition-avenir-quebec.pdf
src_dd068e225997,src_dd068e225997_20261003140554914_274bbf9d9a07,2026-10-03T14:05:54.914Z,2026-10-03T14:05:56.219Z,NA,"Tue, 23 Jun 2026 14:11:03 GMT","W/""e15b6896f3bc0158b415b7828b0a6ae5""",274bbf9d9a07ab3bec97e9bf63cf07034297c45906915c3a2e280520fa3d925a,1691014,data/raw/src_dd068e225997/274bbf9d9a07ab3bec97e9bf63cf07034297c45906915c3a2e280520fa3d925a.pdf,https://donnees.electionsquebec.qc.ca/autres/rapports-financiers/2024/2024-democratie-directe.pdf
src_7e9e3954bd04,src_7e9e3954bd04_20261003140556993_d609d8e56c44,2026-10-03T14:05:56.993Z,2026-10-03T14:05:58.427Z,NA,"Tue, 23 Jun 2026 14:11:03 GMT","W/""525103ab42a922cc5fe46a592564c265""",d609d8e56c44a6d43212780addf0ea87e06292d3646c4534b2116c160378242f,1812057,data/raw/src_7e9e3954bd04/d609d8e56c44a6d43212780addf0ea87e06292d3646c4534b2116c160378242f.pdf,https://donnees.electionsquebec.qc.ca/autres/rapports-financiers/2024/2024-equipe-autonomiste.pdf
src_73c753ead3d5,src_73c753ead3d5_20261003140559205_c4c1f8f0e2ec,2026-10-03T14:05:59.205Z,2026-10-03T14:06:00.584Z,NA,"Tue, 23 Jun 2026 14:11:03 GMT","W/""9f531acad3c1e1caf2b0b1c9cbc34920""",c4c1f8f0e2ec870ffeab0d83783b191d65faab8c5d70ae2a91e44956c82c64bc,1631855,data/raw/src_73c753ead3d5/c4c1f8f0e2ec870ffeab0d83783b191d65faab8c5d70ae2a91e44956c82c64bc.pdf,https://donnees.electionsquebec.qc.ca/autres/rapports-financiers/2024/2024-nouveau-parti-democratique-du-quebec.pdf
src_d2b064deac6f,src_d2b064deac6f_20261003140601360_5d55eac9d499,2026-10-03T14:06:01.360Z,2026-10-03T14:06:02.978Z,NA,"Tue, 23 Jun 2026 14:11:04 GMT","W/""0b0552bf3a634af890d7c8ee4b29826e""",5d55eac9d499f8d6348fc0edf927147dd7ee1cbf5c4a8de96cc97cf448bfa1f7,3430302,data/raw/src_d2b064deac6f/5d55eac9d499f8d6348fc0edf927147dd7ee1cbf5c4a8de96cc97cf448bfa1f7.pdf,https://donnees.electionsquebec.qc.ca/autres/rapports-financiers/2024/2024-parti-51.pdf
src_558d29f3a92b,src_558d29f3a92b_20261003140603749_9031708c996e,2026-10-03T14:06:03.749Z,2026-10-03T14:06:04.615Z,NA,"Tue, 23 Jun 2026 14:11:04 GMT","W/""9a9bd0b612ef8b2c822011f2912071a6""",9031708c996e51a5d161d2ddbad37cdc4881265e3bbdeaae98d586675c6574d9,1067879,data/raw/src_558d29f3a92b/9031708c996e51a5d161d2ddbad37cdc4881265e3bbdeaae98d586675c6574d9.pdf,https://donnees.electionsquebec.qc.ca/autres/rapports-financiers/2024/2024-parti-canadien-du-quebec.pdf
src_c5c8ca7eeeec,src_c5c8ca7eeeec_20261003140605392_3425bc58591f,2026-10-03T14:06:05.392Z,2026-10-03T14:06:06.268Z,NA,"Tue, 23 Jun 2026 14:11:04 GMT","W/""640ba40962d8e8193cc249d4acb8edd6""",3425bc58591f96f6a38b502c6ee17707ba1922e9fc690a2cf3658720fcf47acc,2843082,data/raw/src_c5c8ca7eeeec/3425bc58591f96f6a38b502c6ee17707ba1922e9fc690a2cf3658720fcf47acc.pdf,https://donnees.electionsquebec.qc.ca/autres/rapports-financiers/2024/2024-parti-communiste-du-quebec.pdf
src_77b4511c2119,src_77b4511c2119_20261003140607035_731848ebf4fc,2026-10-03T14:06:07.035Z,2026-10-03T14:06:08.673Z,NA,"Tue, 23 Jun 2026 14:11:04 GMT","W/""e1d8e52ed69456be9f15d7afea21f36e""",731848ebf4fc0d2a25829f2b90dbe10bdfb3418276c3f184c5ff8a5de86bd7c2,4029638,data/raw/src_77b4511c2119/731848ebf4fc0d2a25829f2b90dbe10bdfb3418276c3f184c5ff8a5de86bd7c2.pdf,https://donnees.electionsquebec.qc.ca/autres/rapports-financiers/2024/2024-parti-conservateur-du-quebec.pdf
src_f495bda36f8d,src_f495bda36f8d_20261003140609451_db6012d9d513,2026-10-03T14:06:09.451Z,2026-10-03T14:06:10.129Z,NA,"Tue, 23 Jun 2026 14:11:04 GMT","W/""48e820bf77d4d104edbe3792516e6689""",db6012d9d513e877da09cd90abcdcca42c5b6209087067bc79182d5a60b36c85,777414,data/raw/src_f495bda36f8d/db6012d9d513e877da09cd90abcdcca42c5b6209087067bc79182d5a60b36c85.pdf,https://donnees.electionsquebec.qc.ca/autres/rapports-financiers/2024/2024-parti-culinaire-du-quebec.pdf
src_d99abe36efb8,src_d99abe36efb8_20261003140610910_5a2dfa1c76aa,2026-10-03T14:06:10.910Z,2026-10-03T14:06:12.028Z,NA,"Tue, 23 Jun 2026 14:11:04 GMT","W/""5f24a90a9f6c41c8e038d222094d800b""",5a2dfa1c76aae234e3abbd54b9f9166eb54d85a99c20e9ddfcb1f966fe4203ef,953717,data/raw/src_d99abe36efb8/5a2dfa1c76aae234e3abbd54b9f9166eb54d85a99c20e9ddfcb1f966fe4203ef.pdf,https://donnees.electionsquebec.qc.ca/autres/rapports-financiers/2024/2024-parti-liberal-du-quebec.pdf
src_c6d71d6d580d,src_c6d71d6d580d_20261003140612792_172e79725899,2026-10-03T14:06:12.792Z,2026-10-03T14:06:13.357Z,NA,"Tue, 23 Jun 2026 14:11:04 GMT","W/""c806317c1aa7a5c593c264e2d199269f""",172e7972589924a658c545af1d83f814f53db9f462c8f60b9a1f0b789c880591,998102,data/raw/src_c6d71d6d580d/172e7972589924a658c545af1d83f814f53db9f462c8f60b9a1f0b789c880591.pdf,https://donnees.electionsquebec.qc.ca/autres/rapports-financiers/2024/2024-parti-libertarien.pdf
src_0430ecbf1742,src_0430ecbf1742_20261003140614127_67d042d0c164,2026-10-03T14:06:14.127Z,2026-10-03T14:06:14.670Z,NA,"Tue, 23 Jun 2026 14:11:04 GMT","W/""77d9b3a897c81cfda0af67d35342720d""",67d042d0c164406f934ad46efc2be356bcd6d85d9d5914d7bd9c96077507f11f,1145874,data/raw/src_0430ecbf1742/67d042d0c164406f934ad46efc2be356bcd6d85d9d5914d7bd9c96077507f11f.pdf,https://donnees.electionsquebec.qc.ca/autres/rapports-financiers/2024/2024-parti-marxiste-leniniste-du-quebec.pdf
src_9cbc327320c6,src_9cbc327320c6_20261003140615433_31016f64609c,2026-10-03T14:06:15.433Z,2026-10-03T14:06:19.286Z,NA,"Tue, 23 Jun 2026 14:11:04 GMT","""61e2294e1960e1ae918bdf893f5df2ee-2""",31016f64609c0681759d80aa5aa48f908756790bebbe853e1e31e7eea5e0ee97,13160186,data/raw/src_9cbc327320c6/31016f64609c0681759d80aa5aa48f908756790bebbe853e1e31e7eea5e0ee97.pdf,https://donnees.electionsquebec.qc.ca/autres/rapports-financiers/2024/2024-parti-nul.pdf
src_84d64b0bbdff,src_84d64b0bbdff_20261003140620055_cc16a9e042c5,2026-10-03T14:06:20.055Z,2026-10-03T14:06:20.865Z,NA,"Tue, 23 Jun 2026 14:11:04 GMT","W/""954acbec9757670096c4e28468ae25b5""",cc16a9e042c55c434934a66832f1936dab8832719d545544f63822b40ebf49f8,843113,data/raw/src_84d64b0bbdff/cc16a9e042c55c434934a66832f1936dab8832719d545544f63822b40ebf49f8.pdf,https://donnees.electionsquebec.qc.ca/autres/rapports-financiers/2024/2024-parti-quebecois.pdf
src_4fb8bcb556fb,src_4fb8bcb556fb_20261003140621640_b4b8fb40c163,2026-10-03T14:06:21.640Z,2026-10-03T14:06:22.236Z,NA,"Tue, 23 Jun 2026 14:11:04 GMT","W/""777509fbe57390fdddf1a3daf0f5cbff""",b4b8fb40c163d4e89dcd93008606dd7fc59bb7d9c8ac972b80b626ff558585b2,487190,data/raw/src_4fb8bcb556fb/b4b8fb40c163d4e89dcd93008606dd7fc59bb7d9c8ac972b80b626ff558585b2.pdf,https://donnees.electionsquebec.qc.ca/autres/rapports-financiers/2024/2024-parti-vert-du-quebec.pdf
src_5e280cd552cb,src_5e280cd552cb_20261003140623011_dcf768c32a20,2026-10-03T14:06:23.011Z,2026-10-03T14:06:24.068Z,NA,"Tue, 23 Jun 2026 14:11:04 GMT","W/""376d53d2985d286511a86405f2007607""",dcf768c32a205f2c33db52457897726d60987cdb42a992a335620ef70150e183,3378444,data/raw/src_5e280cd552cb/dcf768c32a205f2c33db52457897726d60987cdb42a992a335620ef70150e183.pdf,https://donnees.electionsquebec.qc.ca/autres/rapports-financiers/2024/2024-quebec-innovant.pdf
src_0d28abe6a2f0,src_0d28abe6a2f0_20261003140624839_4a8e24f18162,2026-10-03T14:06:24.839Z,2026-10-03T14:06:26.419Z,NA,"Tue, 23 Jun 2026 14:11:04 GMT","W/""97421483435e34368052ee553b4332db""",4a8e24f1816289ddba962523d522f1414974012818ef120dd1b4003fffb6ee21,4771535,data/raw/src_0d28abe6a2f0/4a8e24f1816289ddba962523d522f1414974012818ef120dd1b4003fffb6ee21.pdf,https://donnees.electionsquebec.qc.ca/autres/rapports-financiers/2024/2024-quebec-solidaire.pdf
src_63d4ba97bf4f,src_63d4ba97bf4f_20261003140627189_07f0dd28af86,2026-10-03T14:06:27.189Z,2026-10-03T14:06:27.760Z,NA,"Tue, 23 Jun 2026 14:11:04 GMT","W/""45d6975fa37bebbee552607c4236489c""",07f0dd28af86be8a8451bd96b5316fe0d879bf5df7fadb28a64d8f413404dc6b,876458,data/raw/src_63d4ba97bf4f/07f0dd28af86be8a8451bd96b5316fe0d879bf5df7fadb28a64d8f413404dc6b.pdf,https://donnees.electionsquebec.qc.ca/autres/rapports-financiers/2024/2024-union-nationale.pdf
src_40e521c05526,src_40e521c05526_20261003140628536_50a0943b73af,2026-10-03T14:06:28.536Z,2026-10-03T14:06:29.070Z,NA,"Tue, 23 Jun 2026 14:11:04 GMT","W/""9d8aaacc7311b24f17fcd032086a573f""",50a0943b73af5e1c84acf00cff6c7ed1667cea271970dbb6984e36a56465531a,1301289,data/raw/src_40e521c05526/50a0943b73af5e1c84acf00cff6c7ed1667cea271970dbb6984e36a56465531a.pdf,https://donnees.electionsquebec.qc.ca/autres/rapports-financiers/2024/2024-va-vers-toi.pdf
src_e50ac29d2302,src_e50ac29d2302_20261003140629856_cc6a3c493459,2026-10-03T14:06:29.856Z,2026-10-03T14:06:30.145Z,NA,"Tue, 23 Jun 2026 14:11:04 GMT","W/""a051e0efd007464efbf7a390a32972ca""",cc6a3c493459f6107fe7400d38a00f752b7161d375b45c32997245cf66a279d6,57110,data/raw/src_e50ac29d2302/cc6a3c493459f6107fe7400d38a00f752b7161d375b45c32997245cf66a279d6.pdf,https://donnees.electionsquebec.qc.ca/autres/rapports-financiers/2024/2024-recapitulation-revenus-depenses-instances.pdf
src_4199d4233974,src_4199d4233974_20261003140630927_59673990d224,2026-10-03T14:06:30.927Z,2026-10-03T14:06:33.048Z,NA,"Tue, 23 Jun 2026 14:11:04 GMT","W/""9724511a3511c6737337b80082309cc4""",59673990d224087e36bc29f943d72af2f3dbdbb03b6c356176ba775d38f324e5,4354671,data/raw/src_4199d4233974/59673990d224087e36bc29f943d72af2f3dbdbb03b6c356176ba775d38f324e5.pdf,https://donnees.electionsquebec.qc.ca/autres/rapports-financiers/2023/2023-alliance-famille-communautes.pdf
src_390a840e73f7,src_390a840e73f7_20261003140633827_45fc49461a05,2026-10-03T14:06:33.827Z,2026-10-03T14:06:36.085Z,NA,"Tue, 23 Jun 2026 14:11:05 GMT","W/""21ce3883f33409e580ed81d780c166ff""",45fc49461a059b5bfe51bb915c974291ae8b9c0d5b48f943d2a2247ca8545c00,8249374,data/raw/src_390a840e73f7/45fc49461a059b5bfe51bb915c974291ae8b9c0d5b48f943d2a2247ca8545c00.pdf,https://donnees.electionsquebec.qc.ca/autres/rapports-financiers/2023/2023-bloc-montreal.pdf
src_31f2eb3b2622,src_31f2eb3b2622_20261003140636854_c89b25879a71,2026-10-03T14:06:36.854Z,2026-10-03T14:06:37.386Z,NA,"Tue, 23 Jun 2026 14:11:05 GMT","W/""3019975337b3937e2c8c7d9e8a21624c""",c89b25879a716ce6591f00af40981e9bc61174b6747e73a884c16cf5f35f35ad,1095250,data/raw/src_31f2eb3b2622/c89b25879a716ce6591f00af40981e9bc61174b6747e73a884c16cf5f35f35ad.pdf,https://donnees.electionsquebec.qc.ca/autres/rapports-financiers/2023/2023-bloc-pot.pdf
src_d4169719140d,src_d4169719140d_20261003140638155_e04ed8a92e07,2026-10-03T14:06:38.155Z,2026-10-03T14:06:39.170Z,NA,"Tue, 23 Jun 2026 14:11:05 GMT","W/""295c6752c759d2193234fb847e31b5b1""",e04ed8a92e07abecec6de6a79c2216f0004e6825c84a0d32083463a922a161c1,3948197,data/raw/src_d4169719140d/e04ed8a92e07abecec6de6a79c2216f0004e6825c84a0d32083463a922a161c1.pdf,https://donnees.electionsquebec.qc.ca/autres/rapports-financiers/2023/2023-climat-quebec.pdf
src_e22f007bbf1a,src_e22f007bbf1a_20261003140639950_bddc422f6eae,2026-10-03T14:06:39.950Z,2026-10-03T14:06:41.563Z,NA,"Tue, 23 Jun 2026 14:11:05 GMT","W/""63f4323b0afdebd07896e332f62957f4""",bddc422f6eae1a47b17f61f6a42411ae10a6424431a5ba36523508651fdfbfa0,7748126,data/raw/src_e22f007bbf1a/bddc422f6eae1a47b17f61f6a42411ae10a6424431a5ba36523508651fdfbfa0.pdf,https://donnees.electionsquebec.qc.ca/autres/rapports-financiers/2023/2023-coalition-avenir-quebec.pdf
src_fed3b569ec4c,src_fed3b569ec4c_20261003140642338_f3fdb8517d33,2026-10-03T14:06:42.338Z,2026-10-03T14:06:43.311Z,NA,"Tue, 23 Jun 2026 14:11:05 GMT","W/""f3d1accce7009911048e6d51a4062645""",f3fdb8517d3306e23b05bcdebc0c155300fb03f72971b440693e684245500d7c,1974192,data/raw/src_fed3b569ec4c/f3fdb8517d3306e23b05bcdebc0c155300fb03f72971b440693e684245500d7c.pdf,https://donnees.electionsquebec.qc.ca/autres/rapports-financiers/2023/2023-democratie-directe.pdf
src_575d2987addb,src_575d2987addb_20261003140644083_91e2f7126e6a,2026-10-03T14:06:44.083Z,2026-10-03T14:06:44.498Z,NA,"Tue, 23 Jun 2026 14:11:05 GMT","W/""7281dc86b346192aebb9602510efc03e""",91e2f7126e6a86380d9aaf2ffe984f349c81e8292c955419fc57eef88b5dabf8,861271,data/raw/src_575d2987addb/91e2f7126e6a86380d9aaf2ffe984f349c81e8292c955419fc57eef88b5dabf8.pdf,https://donnees.electionsquebec.qc.ca/autres/rapports-financiers/2023/2023-equipe-autonomiste.pdf
src_39edca168dc8,src_39edca168dc8_20261003140645270_34f9d4a2465b,2026-10-03T14:06:45.270Z,2026-10-03T14:06:46.122Z,NA,"Tue, 23 Jun 2026 14:11:05 GMT","W/""47d4fbeed54136f60b23ee2111b844a6""",34f9d4a2465b1c6ace8a13a6bc0c5dcb295051bffdcbc19351b5c1a381133105,3032984,data/raw/src_39edca168dc8/34f9d4a2465b1c6ace8a13a6bc0c5dcb295051bffdcbc19351b5c1a381133105.pdf,https://donnees.electionsquebec.qc.ca/autres/rapports-financiers/2023/2023-nouveau-parti-democratique-du-quebec.pdf
src_13e09283669f,src_13e09283669f_20261003140646903_32b003ea686c,2026-10-03T14:06:46.903Z,2026-10-03T14:06:47.371Z,NA,"Tue, 23 Jun 2026 14:11:05 GMT","W/""bbb99f0d139888585eb67a50844dd9af""",32b003ea686c456594f1f1a61b01aaecc63966fc2e233b19b8a24f0c09c9e3bc,1068760,data/raw/src_13e09283669f/32b003ea686c456594f1f1a61b01aaecc63966fc2e233b19b8a24f0c09c9e3bc.pdf,https://donnees.electionsquebec.qc.ca/autres/rapports-financiers/2023/2023-parti-51.pdf
src_ce10886d40ac,src_ce10886d40ac_20261003140648143_bce4e2c7056d,2026-10-03T14:06:48.143Z,2026-10-03T14:06:49.583Z,NA,"Tue, 23 Jun 2026 14:11:05 GMT","W/""934350524a86b964cc504b120f2add32""",bce4e2c7056dae7efd238471ca6ec38d22925c45887f26552469c06eacf749e7,523084,data/raw/src_ce10886d40ac/bce4e2c7056dae7efd238471ca6ec38d22925c45887f26552469c06eacf749e7.pdf,https://donnees.electionsquebec.qc.ca/autres/rapports-financiers/2023/2023-parti-acces-propriete-et-equite.pdf
src_01653decb21f,src_01653decb21f_20261003140650358_d5504bbcfd3a,2026-10-03T14:06:50.358Z,2026-10-03T14:06:51.062Z,NA,"Tue, 23 Jun 2026 14:11:05 GMT","W/""c20d8b8608af383e5a97bc0bfd1d6a01""",d5504bbcfd3af01da7a8dd65b588d24849bf85453ef773f3d79e5e4b868f4a1f,967608,data/raw/src_01653decb21f/d5504bbcfd3af01da7a8dd65b588d24849bf85453ef773f3d79e5e4b868f4a1f.pdf,https://donnees.electionsquebec.qc.ca/autres/rapports-financiers/2023/2023-parti-canadien-du-quebec.pdf
src_cc5cdeafbc27,src_cc5cdeafbc27_20261003140651845_b8a069467103,2026-10-03T14:06:51.845Z,2026-10-03T14:06:56.945Z,NA,"Tue, 23 Jun 2026 14:11:05 GMT","W/""de291b698821777f1571d1f8335be900""",b8a069467103e63826cb3ae7402743c2ed4285ddaf7c09cf073f3397bb52291e,9508768,data/raw/src_cc5cdeafbc27/b8a069467103e63826cb3ae7402743c2ed4285ddaf7c09cf073f3397bb52291e.pdf,https://donnees.electionsquebec.qc.ca/autres/rapports-financiers/2023/2023-parti-communiste-du-quebec.pdf
src_b26df8df1011,src_b26df8df1011_20261003140657714_47d51cd8eec7,2026-10-03T14:06:57.714Z,2026-10-03T14:06:58.800Z,NA,"Tue, 23 Jun 2026 14:11:05 GMT","W/""ee38b005b4960ad6a475029b561c085a""",47d51cd8eec7f6702665355b4cb47decbc1d908f8103df6c6de4b5581ddb113f,1122778,data/raw/src_b26df8df1011/47d51cd8eec7f6702665355b4cb47decbc1d908f8103df6c6de4b5581ddb113f.pdf,https://donnees.electionsquebec.qc.ca/autres/rapports-financiers/2023/2023-parti-conservateur-du-quebec.pdf
src_da98722f41f3,src_da98722f41f3_20261003140659568_a27ee1754ad1,2026-10-03T14:06:59.568Z,2026-10-03T14:07:02.132Z,NA,"Tue, 23 Jun 2026 14:11:05 GMT","W/""12270f17e1c537848f4ac8befd2a9cf8""",a27ee1754ad1390edd7e4b364c30c6cbd8754ab6e72d86c4e63a1e6b5b253da4,4610487,data/raw/src_da98722f41f3/a27ee1754ad1390edd7e4b364c30c6cbd8754ab6e72d86c4e63a1e6b5b253da4.pdf,https://donnees.electionsquebec.qc.ca/autres/rapports-financiers/2023/2023-parti-culinaire-du-quebec.pdf
src_9d9a4eb99727,src_9d9a4eb99727_20261003140702901_69db730312d0,2026-10-03T14:07:02.901Z,2026-10-03T14:07:04.909Z,NA,"Tue, 23 Jun 2026 14:11:05 GMT","W/""025a8c0215729484bf80f8dab70be2e8""",69db730312d0be89505581175b8213d5ed754b2d711878ef08182783aedb7017,1652520,data/raw/src_9d9a4eb99727/69db730312d0be89505581175b8213d5ed754b2d711878ef08182783aedb7017.pdf,https://donnees.electionsquebec.qc.ca/autres/rapports-financiers/2023/2023-parti-liberal-du-quebec.pdf
src_ed34c69c5ecd,src_ed34c69c5ecd_20261003140705685_26cce243bff1,2026-10-03T14:07:05.685Z,2026-10-03T14:07:08.280Z,NA,"Tue, 23 Jun 2026 14:11:05 GMT","W/""ee8025f0a66c83a5c973ef7fee4e6ac2""",26cce243bff186746970ff4ff21b25b6708b524824002ce452393f61ab0355fc,3885732,data/raw/src_ed34c69c5ecd/26cce243bff186746970ff4ff21b25b6708b524824002ce452393f61ab0355fc.pdf,https://donnees.electionsquebec.qc.ca/autres/rapports-financiers/2023/2023-parti-libertarien.pdf
src_d5d3dc32bb16,src_d5d3dc32bb16_20261003140709053_ba08581d11ae,2026-10-03T14:07:09.053Z,2026-10-03T14:07:13.053Z,NA,"Tue, 23 Jun 2026 14:11:06 GMT","W/""cbaeb7477f18db21142f82fd74878af0""",ba08581d11ae0be11caf68588524ea23c8b325bdd680d959645dfe7907a47d6b,9159774,data/raw/src_d5d3dc32bb16/ba08581d11ae0be11caf68588524ea23c8b325bdd680d959645dfe7907a47d6b.pdf,https://donnees.electionsquebec.qc.ca/autres/rapports-financiers/2023/2023-parti-marxiste-leniniste-du-quebec.pdf
src_a6523fa7d68d,src_a6523fa7d68d_20261003140713825_ef75baf5a856,2026-10-03T14:07:13.825Z,2026-10-03T14:07:21.995Z,NA,"Tue, 23 Jun 2026 14:11:06 GMT","""106324f23b60221133a76084a642a6c4-4""",ef75baf5a8565cc5d2f89f8feaa0d873c6066fc65af994a15524a8bdc4be8556,32564430,data/raw/src_a6523fa7d68d/ef75baf5a8565cc5d2f89f8feaa0d873c6066fc65af994a15524a8bdc4be8556.pdf,https://donnees.electionsquebec.qc.ca/autres/rapports-financiers/2023/2023-parti-nul.pdf
src_08f6d4dd797b,src_08f6d4dd797b_20261003140722768_0b44cb8776b0,2026-10-03T14:07:22.768Z,2026-10-03T14:07:23.753Z,NA,"Tue, 23 Jun 2026 14:11:06 GMT","W/""8974d631c27b5c0979546718b2831b19""",0b44cb8776b0a3dd7ca6434bfed7f5dd226a9a2e674d4e02a8593129597e1dad,522413,data/raw/src_08f6d4dd797b/0b44cb8776b0a3dd7ca6434bfed7f5dd226a9a2e674d4e02a8593129597e1dad.pdf,https://donnees.electionsquebec.qc.ca/autres/rapports-financiers/2023/2023-parti-quebecois.pdf
src_71fd573af26d,src_71fd573af26d_20261003140724526_dd4ad9d4df48,2026-10-03T14:07:24.526Z,2026-10-03T14:07:27.987Z,NA,"Tue, 23 Jun 2026 14:11:06 GMT","W/""aba856afa8ba1735ce8842fcdcd9a128""",dd4ad9d4df48473ea8f7496378f7c8b3a9e2523d713c5c940df11bfe790518d6,4547145,data/raw/src_71fd573af26d/dd4ad9d4df48473ea8f7496378f7c8b3a9e2523d713c5c940df11bfe790518d6.pdf,https://donnees.electionsquebec.qc.ca/autres/rapports-financiers/2023/2023-parti-vert-du-quebec.pdf
src_6dbb95ae2ee7,src_6dbb95ae2ee7_20261003140728755_e0af1ba4c034,2026-10-03T14:07:28.755Z,2026-10-03T14:07:31.106Z,NA,"Tue, 23 Jun 2026 14:11:06 GMT","W/""2ed2e3f94f614d13ff2bbba4818f2e3d""",e0af1ba4c03472a6f6e31fbbbdf3eaca698105ecf8a63cedfb26f0b5e91d85ac,1200611,data/raw/src_6dbb95ae2ee7/e0af1ba4c03472a6f6e31fbbbdf3eaca698105ecf8a63cedfb26f0b5e91d85ac.pdf,https://donnees.electionsquebec.qc.ca/autres/rapports-financiers/2023/2023-quebec-solidaire.pdf
src_22d2ccbe1ef9,src_22d2ccbe1ef9_20261003140731874_d5fca5c3ff72,2026-10-03T14:07:31.874Z,2026-10-03T14:07:34.173Z,NA,"Tue, 23 Jun 2026 14:11:06 GMT","W/""ca7737c43f20584fbda1d86425ced641""",d5fca5c3ff7276b8d47612cfa6d02a46001a75259c77ad712e6ee44694aa721a,336729,data/raw/src_22d2ccbe1ef9/d5fca5c3ff7276b8d47612cfa6d02a46001a75259c77ad712e6ee44694aa721a.pdf,https://donnees.electionsquebec.qc.ca/autres/rapports-financiers/2023/2023-quebecois-unis-pour-egalite.pdf
src_904bc4c13c21,src_904bc4c13c21_20261003140734941_273f735aa20a,2026-10-03T14:07:34.941Z,2026-10-03T14:07:37.085Z,NA,"Tue, 23 Jun 2026 14:11:06 GMT","W/""2eae566ed9e4bd15719682ff3d71b00b""",273f735aa20a99476727f465a2846400b20c770dceea8993153cca51161dd414,3023984,data/raw/src_904bc4c13c21/273f735aa20a99476727f465a2846400b20c770dceea8993153cca51161dd414.pdf,https://donnees.electionsquebec.qc.ca/autres/rapports-financiers/2023/2023-union-nationale.pdf
src_8c6e64b8b7dd,src_8c6e64b8b7dd_20261003140737851_9d068707b21c,2026-10-03T14:07:37.851Z,2026-10-03T14:07:38.515Z,NA,"Tue, 23 Jun 2026 14:11:06 GMT","W/""eb84175cf7ec68f52b685c6fef5dadb9""",9d068707b21c92de6ae0df88aac15c6dfd8b6dfc5129eb0de37a50c5b251b02d,71062,data/raw/src_8c6e64b8b7dd/9d068707b21c92de6ae0df88aac15c6dfd8b6dfc5129eb0de37a50c5b251b02d.pdf,https://donnees.electionsquebec.qc.ca/autres/rapports-financiers/2023/2023-recapitulation-revenus-depenses-instances.pdf
src_4030453a1a09,src_4030453a1a09_20261003140739285_571f3a058870,2026-10-03T14:07:39.285Z,2026-10-03T14:07:40.642Z,NA,"Tue, 23 Jun 2026 14:11:04 GMT","W/""ac3c8dc07294c82ae49c7c6f9afa1e39""",571f3a0588705f7c35bcda1e56b608330035871ccf389bc370321bc8fce613a6,153539,data/raw/src_4030453a1a09/571f3a0588705f7c35bcda1e56b608330035871ccf389bc370321bc8fce613a6.pdf,https://donnees.electionsquebec.qc.ca/autres/rapports-financiers/2023/2023-Beverly_Bernardo.pdf
src_9b242a7b20c0,src_9b242a7b20c0_20261003140741413_18dcf0b3c166,2026-10-03T14:07:41.413Z,2026-10-03T14:07:42.508Z,NA,"Tue, 23 Jun 2026 14:11:05 GMT","W/""9eb12afd103b5a7627222b09099db3c9""",18dcf0b3c166742e5c56968bd7f1509e548d4efd982f6996d2eed553fcff3eb7,160737,data/raw/src_9b242a7b20c0/18dcf0b3c166742e5c56968bd7f1509e548d4efd982f6996d2eed553fcff3eb7.pdf,https://donnees.electionsquebec.qc.ca/autres/rapports-financiers/2023/2023-Jean_Duval.pdf
src_197bee911bd5,src_197bee911bd5_20261003140743277_cc2308134ebe,2026-10-03T14:07:43.277Z,2026-10-03T14:07:44.298Z,NA,"Tue, 23 Jun 2026 14:11:05 GMT","W/""8d8e3d3811bc99591927abbe93a14689""",cc2308134ebe766827b9d8c0f352bb6a1742d325c24c01f2d1cbc6a0d1298088,162342,data/raw/src_197bee911bd5/cc2308134ebe766827b9d8c0f352bb6a1742d325c24c01f2d1cbc6a0d1298088.pdf,https://donnees.electionsquebec.qc.ca/autres/rapports-financiers/2023/2023-Jean-Patrick_Berthiaume.pdf
src_563344971807,src_563344971807_20261003140745066_960c8d9ca945,2026-10-03T14:07:45.066Z,2026-10-03T14:07:46.067Z,NA,"Tue, 23 Jun 2026 14:11:05 GMT","W/""8d877f77a0d6bfa4e7be7fb0bb219800""",960c8d9ca9451d1362c2c7e09e454fa24735522964dcbd0bc2badcfce650d573,248490,data/raw/src_563344971807/960c8d9ca9451d1362c2c7e09e454fa24735522964dcbd0bc2badcfce650d573.pdf,https://donnees.electionsquebec.qc.ca/autres/rapports-financiers/2023/2023-Lucien_Beauregard.pdf
src_3457d4b19498,src_3457d4b19498_20261003140746838_c8d5558e9669,2026-10-03T14:07:46.838Z,2026-10-03T14:07:47.782Z,NA,"Tue, 23 Jun 2026 14:11:06 GMT","W/""fd5ea1a5d795ce261cbf6ea9c5d4e348""",c8d5558e9669f0dd717d309762708cc2f5dfebdaa233aa75b5d5d7770ebbbce7,124152,data/raw/src_3457d4b19498/c8d5558e9669f0dd717d309762708cc2f5dfebdaa233aa75b5d5d7770ebbbce7.pdf,https://donnees.electionsquebec.qc.ca/autres/rapports-financiers/2023/2023-Smaille_Toussaint.pdf
src_8b46f44f81a2,src_8b46f44f81a2_20261003140748551_2a11c14a7a6c,2026-10-03T14:07:48.551Z,2026-10-03T14:07:50.303Z,NA,"Tue, 23 Jun 2026 14:11:07 GMT","W/""b981d63ed3ad61cd0b9dd6b4a0fb0ec1""",2a11c14a7a6ca99210e18f1271f6b5c0efc4708d6e77597ac22d4c10c7297866,4076653,data/raw/src_8b46f44f81a2/2a11c14a7a6ca99210e18f1271f6b5c0efc4708d6e77597ac22d4c10c7297866.pdf,https://donnees.electionsquebec.qc.ca/autres/rapports-financiers/2022/2022-alliance-famille-communautes.pdf
src_c670b2ad96cd,src_c670b2ad96cd_20261003140751074_b93e8cd57606,2026-10-03T14:07:51.074Z,2026-10-03T14:07:52.969Z,NA,"Tue, 23 Jun 2026 14:11:07 GMT","W/""3b25f961fa8b1d0481fc30bece0289a9""",b93e8cd576066b4a61cf6c991b428dc22f574eebdadd03a19e869bb689a2f5d6,4606155,data/raw/src_c670b2ad96cd/b93e8cd576066b4a61cf6c991b428dc22f574eebdadd03a19e869bb689a2f5d6.pdf,https://donnees.electionsquebec.qc.ca/autres/rapports-financiers/2022/2022-bloc-montreal.pdf
src_447546851c00,src_447546851c00_20261003140753737_f96debbc7093,2026-10-03T14:07:53.737Z,2026-10-03T14:07:54.808Z,NA,"Tue, 23 Jun 2026 14:11:07 GMT","W/""f063c4770edcae48a59b797e1dd7708a""",f96debbc70938ff9478c7e4fd373d345bddc1bbf8c9065d940d1911a00b44926,1562760,data/raw/src_447546851c00/f96debbc70938ff9478c7e4fd373d345bddc1bbf8c9065d940d1911a00b44926.pdf,https://donnees.electionsquebec.qc.ca/autres/rapports-financiers/2022/2022-bloc-pot.pdf
src_c684e6486512,src_c684e6486512_20261003140755576_fd36c609a024,2026-10-03T14:07:55.576Z,2026-10-03T14:07:57.700Z,NA,"Tue, 23 Jun 2026 14:11:07 GMT","W/""7fba480d0153f11a604d206e877da26f""",fd36c609a024b3bdc4203f262ac67a6c5300380e80f58f84d3726cea870975bf,7116147,data/raw/src_c684e6486512/fd36c609a024b3bdc4203f262ac67a6c5300380e80f58f84d3726cea870975bf.pdf,https://donnees.electionsquebec.qc.ca/autres/rapports-financiers/2022/2022-citoyens-au-pouvoir-du-quebec.pdf
src_be60303b8e1a,src_be60303b8e1a_20261003140758473_7a33e0cf1292,2026-10-03T14:07:58.473Z,2026-10-03T14:07:59.935Z,NA,"Tue, 23 Jun 2026 14:11:07 GMT","W/""64e7bf48006f7ae3e02f37b14fe75d83""",7a33e0cf1292197df1f074d6b56123b71831805ac62b12bd16de1873c4dc086b,3324029,data/raw/src_be60303b8e1a/7a33e0cf1292197df1f074d6b56123b71831805ac62b12bd16de1873c4dc086b.pdf,https://donnees.electionsquebec.qc.ca/autres/rapports-financiers/2022/2022-climat-quebec.pdf
src_d5493b320855,src_d5493b320855_20261003140800702_fc5069e2b2db,2026-10-03T14:08:00.702Z,2026-10-03T14:08:01.671Z,NA,"Tue, 23 Jun 2026 14:11:07 GMT","W/""8211bf48e1b47136a46b618ac99359b7""",fc5069e2b2dba5db16d170fc2bef9aaa1ecfafe159cb0c378b8d10d971049592,1208763,data/raw/src_d5493b320855/fc5069e2b2dba5db16d170fc2bef9aaa1ecfafe159cb0c378b8d10d971049592.pdf,https://donnees.electionsquebec.qc.ca/autres/rapports-financiers/2022/2022-coalition-avenir-quebec.pdf
src_4ac6705b1733,src_4ac6705b1733_20261003140802435_08a14af1bcec,2026-10-03T14:08:02.435Z,2026-10-03T14:08:03.567Z,NA,"Tue, 23 Jun 2026 14:11:07 GMT","W/""a0bdd162353e8dd36273191a08e5920c""",08a14af1bcec086350904856092564a7d17051159d58df2006778aa010ead39b,1726359,data/raw/src_4ac6705b1733/08a14af1bcec086350904856092564a7d17051159d58df2006778aa010ead39b.pdf,https://donnees.electionsquebec.qc.ca/autres/rapports-financiers/2022/2022-democratie-directe.pdf
src_172d80020f33,src_172d80020f33_20261003140804338_067d482bf454,2026-10-03T14:08:04.338Z,2026-10-03T14:08:05.686Z,NA,"Tue, 23 Jun 2026 14:11:07 GMT","W/""e0b26b8bc9e22f3a008a93f24613f5bd""",067d482bf4545c36804d5eaa1c83faa70400cd28bcbbc1458e2cf79d45fbc553,555410,data/raw/src_172d80020f33/067d482bf4545c36804d5eaa1c83faa70400cd28bcbbc1458e2cf79d45fbc553.pdf,https://donnees.electionsquebec.qc.ca/autres/rapports-financiers/2022/2022-equipe-autonomiste.pdf
src_9760322a26cc,src_9760322a26cc_20261003140806453_ee6bda4c5d19,2026-10-03T14:08:06.453Z,2026-10-03T14:08:07.819Z,NA,"Tue, 23 Jun 2026 14:11:07 GMT","W/""046759456560a0725699857e2f68435e""",ee6bda4c5d194682ab25727302a5cbdcb2e8640e51131932064abb676bb3b9ca,2579717,data/raw/src_9760322a26cc/ee6bda4c5d194682ab25727302a5cbdcb2e8640e51131932064abb676bb3b9ca.pdf,https://donnees.electionsquebec.qc.ca/autres/rapports-financiers/2022/2022-nouveau-parti-democratique-du-quebec.pdf
src_8fac60efafa5,src_8fac60efafa5_20261003140808588_9e89e4f169ab,2026-10-03T14:08:08.588Z,2026-10-03T14:08:10.302Z,NA,"Tue, 23 Jun 2026 14:11:07 GMT","W/""407c28d265425200d43c87147b0d7f82""",9e89e4f169ab960c9c4c7e7489bdfe22f7cd8452a154da4531bf172f8fad7d54,1968683,data/raw/src_8fac60efafa5/9e89e4f169ab960c9c4c7e7489bdfe22f7cd8452a154da4531bf172f8fad7d54.pdf,https://donnees.electionsquebec.qc.ca/autres/rapports-financiers/2022/2022-parti-51.pdf
src_b5b4cb2a6f00,src_b5b4cb2a6f00_20261003140811073_fbb60a3d2664,2026-10-03T14:08:11.073Z,2026-10-03T14:08:13.182Z,NA,"Tue, 23 Jun 2026 14:11:07 GMT","W/""a7fd3329a47af6accd172ca8502c99f6""",fbb60a3d26643193c18d1ac00c9421bbae1603f18f3061b94c1af6363e220bee,5712489,data/raw/src_b5b4cb2a6f00/fbb60a3d26643193c18d1ac00c9421bbae1603f18f3061b94c1af6363e220bee.pdf,https://donnees.electionsquebec.qc.ca/autres/rapports-financiers/2022/2022-parti-acces-propriete-et-equite.pdf
src_99371d5e70de,src_99371d5e70de_20261003140813948_6021f00ed7d6,2026-10-03T14:08:13.948Z,2026-10-03T14:08:14.612Z,NA,"Tue, 23 Jun 2026 14:11:08 GMT","W/""a79b707267b1506d00ab1a0062efbbeb""",6021f00ed7d656aadd71a0e9895858bc0a354843ca75219ee2a1dd83eb5fa041,277900,data/raw/src_99371d5e70de/6021f00ed7d656aadd71a0e9895858bc0a354843ca75219ee2a1dd83eb5fa041.pdf,https://donnees.electionsquebec.qc.ca/autres/rapports-financiers/2022/2022-parti-animal-quebec.pdf
src_33f448bae42f,src_33f448bae42f_20261003140815381_863230f93410,2026-10-03T14:08:15.381Z,2026-10-03T14:08:16.465Z,NA,"Tue, 23 Jun 2026 14:11:08 GMT","W/""56804667b246680c866e84ab8a029d2c""",863230f93410965dc7a1ca8f5cf01cb1505ba4707be61e8301e05e8fec8bcc2f,2555497,data/raw/src_33f448bae42f/863230f93410965dc7a1ca8f5cf01cb1505ba4707be61e8301e05e8fec8bcc2f.pdf,https://donnees.electionsquebec.qc.ca/autres/rapports-financiers/2022/2022-parti-canadien-du-quebec.pdf
src_71f42be68dcf,src_71f42be68dcf_20261003140817236_a7657551d0ee,2026-10-03T14:08:17.236Z,2026-10-03T14:08:18.893Z,NA,"Tue, 23 Jun 2026 14:11:08 GMT","W/""67f581e2aae8ff72155750c750d137ae""",a7657551d0ee6f5818415ba507e2f5c51b92e2b4d12878f3a6349a9785c783cb,1649035,data/raw/src_71f42be68dcf/a7657551d0ee6f5818415ba507e2f5c51b92e2b4d12878f3a6349a9785c783cb.pdf,https://donnees.electionsquebec.qc.ca/autres/rapports-financiers/2022/2022-parti-conservateur-du-quebec.pdf
src_1d3134adf692,src_1d3134adf692_20261003140819663_951f8caccb95,2026-10-03T14:08:19.663Z,2026-10-03T14:08:21.600Z,NA,"Tue, 23 Jun 2026 14:11:08 GMT","W/""caf25a5f56e70c8576830fe4d2a0a574""",951f8caccb95335a6c1865fc0eeeea41f08f783c3a7d807cb537c8aa46f8e19d,5793462,data/raw/src_1d3134adf692/951f8caccb95335a6c1865fc0eeeea41f08f783c3a7d807cb537c8aa46f8e19d.pdf,https://donnees.electionsquebec.qc.ca/autres/rapports-financiers/2022/2022-parti-culinaire-du-quebec.pdf
src_845baa6b22e3,src_845baa6b22e3_20261003140822370_0408bf4ad483,2026-10-03T14:08:22.370Z,2026-10-03T14:08:24.531Z,NA,"Tue, 23 Jun 2026 14:11:08 GMT","W/""53effc4c064353989b7761d5d6dbf4a6""",0408bf4ad4833158607b45c3c37a8b7d5a38575662b6b11cdea6910ad755cf3d,5238892,data/raw/src_845baa6b22e3/0408bf4ad4833158607b45c3c37a8b7d5a38575662b6b11cdea6910ad755cf3d.pdf,https://donnees.electionsquebec.qc.ca/autres/rapports-financiers/2022/2022-parti-liberal-du-quebec.pdf
src_0b7a46df3ff2,src_0b7a46df3ff2_20261003140825302_800378169c24,2026-10-03T14:08:25.302Z,2026-10-03T14:08:26.431Z,NA,"Tue, 23 Jun 2026 14:11:08 GMT","W/""4fc7625c65b2f4f2c9aede67d494b188""",800378169c24032826572ba66598cc1f87435a7dbd2efe9a122b4101833f16a4,2696043,data/raw/src_0b7a46df3ff2/800378169c24032826572ba66598cc1f87435a7dbd2efe9a122b4101833f16a4.pdf,https://donnees.electionsquebec.qc.ca/autres/rapports-financiers/2022/2022-parti-libertarien.pdf
src_eca05b07125b,src_eca05b07125b_20261003140827197_51af737ab537,2026-10-03T14:08:27.197Z,2026-10-03T14:08:28.337Z,NA,"Tue, 23 Jun 2026 14:11:08 GMT","W/""56643e9a35aab71dce36803cce3f7ebd""",51af737ab537db79f301516b7ce10adb67bbea9a70a3bb4233449be199b9d656,3410020,data/raw/src_eca05b07125b/51af737ab537db79f301516b7ce10adb67bbea9a70a3bb4233449be199b9d656.pdf,https://donnees.electionsquebec.qc.ca/autres/rapports-financiers/2022/2022-parti-marxiste-leniniste-du-quebec.pdf
src_16def4ce33a4,src_16def4ce33a4_20261003140829106_7fd063d884ae,2026-10-03T14:08:29.106Z,2026-10-03T14:08:30.679Z,NA,"Tue, 23 Jun 2026 14:11:08 GMT","W/""54b6b2c49c510b4e1bec518db1fd7d9b""",7fd063d884ae4d888dee0b2a7f314b02aa5e6b0e7b1e168df5b833a4bf0d7325,3470905,data/raw/src_16def4ce33a4/7fd063d884ae4d888dee0b2a7f314b02aa5e6b0e7b1e168df5b833a4bf0d7325.pdf,https://donnees.electionsquebec.qc.ca/autres/rapports-financiers/2022/2022-parti-nul.pdf
src_e7445643d3d4,src_e7445643d3d4_20261003140831452_1569f8dbafb5,2026-10-03T14:08:31.452Z,2026-10-03T14:08:32.944Z,NA,"Tue, 23 Jun 2026 14:11:08 GMT","W/""721580222d1d69d78a5e237549f20c83""",1569f8dbafb5537323e0053127dc1089c0a0f0f3cd99f8857245c5854669e892,201648,data/raw/src_e7445643d3d4/1569f8dbafb5537323e0053127dc1089c0a0f0f3cd99f8857245c5854669e892.pdf,https://donnees.electionsquebec.qc.ca/autres/rapports-financiers/2022/2022-parti-pour-lindependance-du-quebec.pdf
src_3d51b813921f,src_3d51b813921f_20261003140833712_6c2470158c93,2026-10-03T14:08:33.712Z,2026-10-03T14:08:34.480Z,NA,"Tue, 23 Jun 2026 14:11:08 GMT","W/""4789440a0c62ac1426cc34bba9b6653c""",6c2470158c934b2c439e13ed993a4edcee409f1ec2948d3c814df34bb3a01c2c,992286,data/raw/src_3d51b813921f/6c2470158c934b2c439e13ed993a4edcee409f1ec2948d3c814df34bb3a01c2c.pdf,https://donnees.electionsquebec.qc.ca/autres/rapports-financiers/2022/2022-parti-quebecois.pdf
src_06c98e429bbc,src_06c98e429bbc_20261003140835252_703052a9cf85,2026-10-03T14:08:35.252Z,2026-10-03T14:08:36.030Z,NA,"Tue, 23 Jun 2026 14:11:08 GMT","W/""010aeccedf155a3858a9c40eb89da95c""",703052a9cf85afca641628e214daccae93a06099bd2c13e71b4741cb49245d9a,552903,data/raw/src_06c98e429bbc/703052a9cf85afca641628e214daccae93a06099bd2c13e71b4741cb49245d9a.pdf,https://donnees.electionsquebec.qc.ca/autres/rapports-financiers/2022/2022-parti-vert-du-quebec.pdf
src_dd29e2c459c7,src_dd29e2c459c7_20261003140836799_002d667e2cac,2026-10-03T14:08:36.799Z,2026-10-03T14:08:37.826Z,NA,"Tue, 23 Jun 2026 14:11:08 GMT","W/""3bcba95c41251897ae034b9ce2ab6b7a""",002d667e2cace017d15916111f3fe20cf29cc444ae2eddc4b1f962d16a97024e,748669,data/raw/src_dd29e2c459c7/002d667e2cace017d15916111f3fe20cf29cc444ae2eddc4b1f962d16a97024e.pdf,https://donnees.electionsquebec.qc.ca/autres/rapports-financiers/2022/2022-quebec-integrite.pdf
src_945db0e19a86,src_945db0e19a86_20261003140838596_55b54b53f55d,2026-10-03T14:08:38.596Z,2026-10-03T14:08:39.554Z,NA,"Tue, 23 Jun 2026 14:11:08 GMT","W/""714a8920bfbda4a1d1c6f0e9a897c5fd""",55b54b53f55d7d8041f0276a8ba783af2e8d57d2b830e602d1258facf71d6b79,2289225,data/raw/src_945db0e19a86/55b54b53f55d7d8041f0276a8ba783af2e8d57d2b830e602d1258facf71d6b79.pdf,https://donnees.electionsquebec.qc.ca/autres/rapports-financiers/2022/2022-quebec-solidaire.pdf
src_50e87f4bc76d,src_50e87f4bc76d_20261003140840323_6867a5a0a44b,2026-10-03T14:08:40.323Z,2026-10-03T14:08:41.670Z,NA,"Tue, 23 Jun 2026 14:11:09 GMT","W/""accf5109800cf042af0d5b7a36c13589""",6867a5a0a44b4a41d22b348ee663f8e4108364cdf93f1112a917cfbf8ac3d620,583309,data/raw/src_50e87f4bc76d/6867a5a0a44b4a41d22b348ee663f8e4108364cdf93f1112a917cfbf8ac3d620.pdf,https://donnees.electionsquebec.qc.ca/autres/rapports-financiers/2022/2022-union-nationale.pdf
src_ef3f44f8c54b,src_ef3f44f8c54b_20261003140842437_ef28f4ef3b99,2026-10-03T14:08:42.437Z,2026-10-03T14:08:43.513Z,NA,"Tue, 23 Jun 2026 14:11:08 GMT","W/""7e7245d705540763085ebc1d7aedd84d""",ef28f4ef3b9972e55cee43d742a2ea756f77a3c802431de3664c3a9fd29e90a4,75731,data/raw/src_ef3f44f8c54b/ef28f4ef3b9972e55cee43d742a2ea756f77a3c802431de3664c3a9fd29e90a4.pdf,https://donnees.electionsquebec.qc.ca/autres/rapports-financiers/2022/2022-recapitulation-revenus-depenses-instances.pdf
src_f87b90873988,src_f87b90873988_20261003140844279_edde3272c728,2026-10-03T14:08:44.279Z,2026-10-03T14:08:46.341Z,NA,"Tue, 23 Jun 2026 14:11:07 GMT","W/""baa8049b278408de837ebb25dddb16c4""",edde3272c72895c6e6e89ecaab6211ddd7272b8fa194b0c53d7a39dc993f61ac,410316,data/raw/src_f87b90873988/edde3272c72895c6e6e89ecaab6211ddd7272b8fa194b0c53d7a39dc993f61ac.pdf,https://donnees.electionsquebec.qc.ca/autres/rapports-financiers/2022/2022-Guy_Ouellette.pdf
src_20b050cb2b74,src_20b050cb2b74_20261003140847111_a895b06750d6,2026-10-03T14:08:47.111Z,2026-10-03T14:08:48.210Z,NA,"Tue, 23 Jun 2026 14:11:06 GMT","W/""378b99e6e6f40ef8da850f84e4e52b64""",a895b06750d66ced1900c07776e0cb8518b7afbe396bbb43be3fc5222daaba4d,271740,data/raw/src_20b050cb2b74/a895b06750d66ced1900c07776e0cb8518b7afbe396bbb43be3fc5222daaba4d.pdf,https://donnees.electionsquebec.qc.ca/autres/rapports-financiers/2022/2022-Alain_Belanger.pdf
src_678ea79704de,src_678ea79704de_20261003140848978_9137f603ffba,2026-10-03T14:08:48.978Z,2026-10-03T14:08:51.181Z,NA,"Tue, 23 Jun 2026 14:11:07 GMT","W/""acbd5c4bad6ed90240595dc61336aa59""",9137f603ffba4a024cfa625aaff778c235284bdcc1c88d6c4a0a45e9644a7868,215419,data/raw/src_678ea79704de/9137f603ffba4a024cfa625aaff778c235284bdcc1c88d6c4a0a45e9644a7868.pdf,https://donnees.electionsquebec.qc.ca/autres/rapports-financiers/2022/2022-Felix_Vincent_Ardea.pdf
src_2a046ae04271,src_2a046ae04271_20261003140851968_4d3cc5b40e8c,2026-10-03T14:08:51.968Z,2026-10-03T14:08:53.073Z,NA,"Tue, 23 Jun 2026 14:11:07 GMT","W/""ee3dfc29260321de52994c325da581ba""",4d3cc5b40e8cb9e299b02962a774ba653dc79137c0089eec657d388421daefbb,201062,data/raw/src_2a046ae04271/4d3cc5b40e8cb9e299b02962a774ba653dc79137c0089eec657d388421daefbb.pdf,https://donnees.electionsquebec.qc.ca/autres/rapports-financiers/2022/2022-Gilles_Babin.pdf
src_14dc136c3aa7,src_14dc136c3aa7_20261003140853852_06c4974a62b9,2026-10-03T14:08:53.852Z,2026-10-03T14:08:55.103Z,NA,"Tue, 23 Jun 2026 14:11:07 GMT","W/""68b96db6a18f88e6124fda88639cc11a""",06c4974a62b93fdfb49af624bbecb9cac8205313fce6e9e874226ab782b4152d,167201,data/raw/src_14dc136c3aa7/06c4974a62b93fdfb49af624bbecb9cac8205313fce6e9e874226ab782b4152d.pdf,https://donnees.electionsquebec.qc.ca/autres/rapports-financiers/2022/2022-Jean-Patrick_Berthiaume.pdf
src_ade90b033b7a,src_ade90b033b7a_20261003140855891_1db944ed378a,2026-10-03T14:08:55.891Z,2026-10-03T14:08:56.638Z,NA,"Tue, 23 Jun 2026 14:11:07 GMT","W/""941abd4753b3c0c2a9b42261fefddc51""",1db944ed378a1b1ed7de78d366bbe28e801b587fdddf1e0f66e5f4fdaebac6d4,155199,data/raw/src_ade90b033b7a/1db944ed378a1b1ed7de78d366bbe28e801b587fdddf1e0f66e5f4fdaebac6d4.pdf,https://donnees.electionsquebec.qc.ca/autres/rapports-financiers/2022/2022-Kassandre_Chery_Theodat.pdf
src_214987e95e50,src_214987e95e50_20261003140857425_c113bf9ed515,2026-10-03T14:08:57.425Z,2026-10-03T14:08:58.076Z,NA,"Tue, 23 Jun 2026 14:11:07 GMT","W/""b1ad8d2e9b8ab44522014778b35298cf""",c113bf9ed515f1445230eb9387471d7910b28303402a71251c5ef44403781b2b,213931,data/raw/src_214987e95e50/c113bf9ed515f1445230eb9387471d7910b28303402a71251c5ef44403781b2b.pdf,https://donnees.electionsquebec.qc.ca/autres/rapports-financiers/2022/2022-Katy_LeRougetel.pdf
src_65713a00c1bc,src_65713a00c1bc_20261003140858855_9d1d7b4e3dc0,2026-10-03T14:08:58.855Z,2026-10-03T14:08:59.497Z,NA,"Tue, 23 Jun 2026 14:11:07 GMT","W/""7b90c0b4818c11ca75e7118a178e8f57""",9d1d7b4e3dc0cbeb8ec29a40ec3b007d7b225fb7abbb2895a4c6b9f3b0309c5f,309609,data/raw/src_65713a00c1bc/9d1d7b4e3dc0cbeb8ec29a40ec3b007d7b225fb7abbb2895a4c6b9f3b0309c5f.pdf,https://donnees.electionsquebec.qc.ca/autres/rapports-financiers/2022/2022-Lucien_Beauregard.pdf
src_cbaf90c3a68c,src_cbaf90c3a68c_20261003140900276_3f715c07ef34,2026-10-03T14:09:00.276Z,2026-10-03T14:09:01.074Z,NA,"Tue, 23 Jun 2026 14:11:07 GMT","W/""886c4923ad7b17c2031e70e3824feffb""",3f715c07ef344f6deb17a94574e17ec75325eb8444edb582e082075a75ff9f25,186641,data/raw/src_cbaf90c3a68c/3f715c07ef344f6deb17a94574e17ec75325eb8444edb582e082075a75ff9f25.pdf,https://donnees.electionsquebec.qc.ca/autres/rapports-financiers/2022/2022-Marie-Soleil_Fillion.pdf
src_cdff887a5b04,src_cdff887a5b04_20261003140901850_bf15d93cbb52,2026-10-03T14:09:01.850Z,2026-10-03T14:09:02.825Z,NA,"Tue, 23 Jun 2026 14:11:07 GMT","W/""6c788d081836fd3c665f50713a2e93b2""",bf15d93cbb5265a71c1277b6531540ec3767c31526e6f2ecaf81ed5b2974b758,124571,data/raw/src_cdff887a5b04/bf15d93cbb5265a71c1277b6531540ec3767c31526e6f2ecaf81ed5b2974b758.pdf,https://donnees.electionsquebec.qc.ca/autres/rapports-financiers/2022/2022-Mathieu_Guillemette.pdf
src_c96ce46e6374,src_c96ce46e6374_20261003140903603_384bc3c1b9b8,2026-10-03T14:09:03.603Z,2026-10-03T14:09:04.481Z,NA,"Tue, 23 Jun 2026 14:11:08 GMT","W/""970c21fb3100b120505df0847f3a236a""",384bc3c1b9b8eaa654c1e0aecf1f20f2957425a3ed4b1fda2919f09d3dd390d9,209015,data/raw/src_c96ce46e6374/384bc3c1b9b8eaa654c1e0aecf1f20f2957425a3ed4b1fda2919f09d3dd390d9.pdf,https://donnees.electionsquebec.qc.ca/autres/rapports-financiers/2022/2022-Patrick_Bourson.pdf
src_bea0d9ef1d15,src_bea0d9ef1d15_20261003140905268_214f8e41b22e,2026-10-03T14:09:05.268Z,2026-10-03T14:09:06.510Z,NA,"Tue, 23 Jun 2026 14:11:08 GMT","W/""f6ac98a73035d5fe55b911da8c6e60da""",214f8e41b22ed93840de595c4ba615c0b721dbfd4315da66f1f136c5b4c8110a,160169,data/raw/src_bea0d9ef1d15/214f8e41b22ed93840de595c4ba615c0b721dbfd4315da66f1f136c5b4c8110a.pdf,https://donnees.electionsquebec.qc.ca/autres/rapports-financiers/2022/2022-Philippe_Tessier.pdf
src_04c89e4f89ee,src_04c89e4f89ee_20261003140907290_a2613b1d5731,2026-10-03T14:09:07.290Z,2026-10-03T14:09:07.992Z,NA,"Tue, 23 Jun 2026 14:11:08 GMT","W/""4a738587a383b40d0be3eb4809563423""",a2613b1d5731f42d52aca5c3ed82da2379c6b0c61e9fbcc47e4d05c24658993a,196485,data/raw/src_04c89e4f89ee/a2613b1d5731f42d52aca5c3ed82da2379c6b0c61e9fbcc47e4d05c24658993a.pdf,https://donnees.electionsquebec.qc.ca/autres/rapports-financiers/2022/2022-Raymond_deMartin.pdf
src_9af91896facf,src_9af91896facf_20261003140908782_f1df58baaef6,2026-10-03T14:09:08.782Z,2026-10-03T14:09:09.549Z,NA,"Tue, 23 Jun 2026 14:11:09 GMT","W/""8477f9a52a61cfa63fec1e86a83c650f""",f1df58baaef60836e4ad7161424ed3a86d93bd9f0e9ad3f94b18d6daed2e861c,137736,data/raw/src_9af91896facf/f1df58baaef60836e4ad7161424ed3a86d93bd9f0e9ad3f94b18d6daed2e861c.pdf,https://donnees.electionsquebec.qc.ca/autres/rapports-financiers/2022/2022-Sebastien_Houle.pdf
src_b09d549f52ad,src_b09d549f52ad_20261003140910330_4009a8451077,2026-10-03T14:09:10.330Z,2026-10-03T14:09:11.014Z,NA,"Tue, 23 Jun 2026 14:11:09 GMT","W/""93eac4db0253a1c8a8af9fa5ce6b7ac4""",4009a84510779bfa638c102f9ab921b329fbb81fe5d3099bd6be0db564fca86d,150642,data/raw/src_b09d549f52ad/4009a84510779bfa638c102f9ab921b329fbb81fe5d3099bd6be0db564fca86d.pdf,https://donnees.electionsquebec.qc.ca/autres/rapports-financiers/2022/2022-Smaille_Toussaint.pdf
src_183a98cc0bf4,src_183a98cc0bf4_20261003140911807_8bc60ddcb2cb,2026-10-03T14:09:11.807Z,2026-10-03T14:09:12.976Z,NA,"Tue, 23 Jun 2026 14:11:09 GMT","W/""e62f6e0e849762f1c643aa43b38445e7""",8bc60ddcb2cb06600eae9a136a6db2a8175916bf9b563165e9ab361f466c8d23,991041,data/raw/src_183a98cc0bf4/8bc60ddcb2cb06600eae9a136a6db2a8175916bf9b563165e9ab361f466c8d23.pdf,https://donnees.electionsquebec.qc.ca/autres/rapports-financiers/2021/2021-bloc-pot.pdf
src_d69ef57bf71f,src_d69ef57bf71f_20261003140913756_c6c929589d8f,2026-10-03T14:09:13.756Z,2026-10-03T14:09:16.135Z,NA,"Tue, 23 Jun 2026 14:11:09 GMT","W/""711f1d1f3cf58e112b66b4b6b453c042""",c6c929589d8faa22154f201fdb2ee585265a1aa95c20459ac6593b6e8f8a503a,6794011,data/raw/src_d69ef57bf71f/c6c929589d8faa22154f201fdb2ee585265a1aa95c20459ac6593b6e8f8a503a.pdf,https://donnees.electionsquebec.qc.ca/autres/rapports-financiers/2021/2021-citoyens-au-pouvoir-du-quebec.pdf
src_2ec4ed615282,src_2ec4ed615282_20261003140916913_39e5df7ee3ae,2026-10-03T14:09:16.913Z,2026-10-03T14:09:19.954Z,NA,"Tue, 23 Jun 2026 14:11:09 GMT","W/""6283acb7f65e6956206b2a901a9493e8""",39e5df7ee3aed7897ba7892512fa0815c65ba8cc1e19edeb8526172ea9b6a0f5,4903142,data/raw/src_2ec4ed615282/39e5df7ee3aed7897ba7892512fa0815c65ba8cc1e19edeb8526172ea9b6a0f5.pdf,https://donnees.electionsquebec.qc.ca/autres/rapports-financiers/2021/2021-climat-quebec.pdf
src_839eb18fb2a9,src_839eb18fb2a9_20261003140920722_78f75993b09a,2026-10-03T14:09:20.722Z,2026-10-03T14:09:22.058Z,NA,"Tue, 23 Jun 2026 14:11:09 GMT","W/""52491b4b8780bd11d8ae2fecf1395d91""",78f75993b09a5ac6efd1cbebf99c3cf03e92cb9d6053de9afcc5a44e6b16720e,1459654,data/raw/src_839eb18fb2a9/78f75993b09a5ac6efd1cbebf99c3cf03e92cb9d6053de9afcc5a44e6b16720e.pdf,https://donnees.electionsquebec.qc.ca/autres/rapports-financiers/2021/2021-coalition-avenir-quebec.pdf
src_6b9a22aa98e9,src_6b9a22aa98e9_20261003140922827_6b59923f8086,2026-10-03T14:09:22.827Z,2026-10-03T14:09:24.312Z,NA,"Tue, 23 Jun 2026 14:11:09 GMT","W/""3c0bbb50962aae2347ca1865cb27e0e6""",6b59923f808683c266a716d2379fa19cb6789f5843c9b5678501ee1bc47bf136,2172995,data/raw/src_6b9a22aa98e9/6b59923f808683c266a716d2379fa19cb6789f5843c9b5678501ee1bc47bf136.pdf,https://donnees.electionsquebec.qc.ca/autres/rapports-financiers/2021/2021-equipe-autonomiste.pdf
src_73b4206cabc5,src_73b4206cabc5_20261003140925084_22951020fdfd,2026-10-03T14:09:25.084Z,2026-10-03T14:09:27.752Z,NA,"Tue, 23 Jun 2026 14:11:09 GMT","W/""9aad9614e9b045f504a20acba37777dc""",22951020fdfdd6f953cfbeebdeb0b44dddd2451cb24cf813cf0931b4486d767b,9055372,data/raw/src_73b4206cabc5/22951020fdfdd6f953cfbeebdeb0b44dddd2451cb24cf813cf0931b4486d767b.pdf,https://donnees.electionsquebec.qc.ca/autres/rapports-financiers/2021/2021-nouveau-parti-democratique-du-quebec.pdf
src_27ed207ba624,src_27ed207ba624_20261003140928523_428c6b2c4211,2026-10-03T14:09:28.523Z,2026-10-03T14:09:31.595Z,NA,"Tue, 23 Jun 2026 14:11:09 GMT","W/""6a80ecb88fcd25b893f7670c23bdd187""",428c6b2c421121e5935b0f5342aede5d1e4c0f947b1a63c7b0b417f41c81a061,8177629,data/raw/src_27ed207ba624/428c6b2c421121e5935b0f5342aede5d1e4c0f947b1a63c7b0b417f41c81a061.pdf,https://donnees.electionsquebec.qc.ca/autres/rapports-financiers/2021/2021-parti-51.pdf
src_5077ea4ccdc5,src_5077ea4ccdc5_20261003140932365_61d75c47b2a2,2026-10-03T14:09:32.365Z,2026-10-03T14:09:33.878Z,NA,"Tue, 23 Jun 2026 14:11:09 GMT","W/""cc60b217fd76cd1e84442eba444a82e4""",61d75c47b2a2142deb601371b829e9de546500bc6360a8f3ba57835b2c06ac4e,4111206,data/raw/src_5077ea4ccdc5/61d75c47b2a2142deb601371b829e9de546500bc6360a8f3ba57835b2c06ac4e.pdf,https://donnees.electionsquebec.qc.ca/autres/rapports-financiers/2021/2021-parti-acces-propriete-et-equite.pdf
src_87672327e22a,src_87672327e22a_20261003140934648_c5b06e60afc7,2026-10-03T14:09:34.648Z,2026-10-03T14:09:35.480Z,NA,"Tue, 23 Jun 2026 14:11:09 GMT","W/""6f31f197d291f56f8ff45023cc3fa64c""",c5b06e60afc7a56473758154e838542ba6734bddb63ff595f02a0cfad4bbef66,782355,data/raw/src_87672327e22a/c5b06e60afc7a56473758154e838542ba6734bddb63ff595f02a0cfad4bbef66.pdf,https://donnees.electionsquebec.qc.ca/autres/rapports-financiers/2021/2021-parti-conservateur-du-quebec.pdf
src_d9a571d64a43,src_d9a571d64a43_20261003140936248_b6cf82bdab39,2026-10-03T14:09:36.248Z,2026-10-03T14:09:37.595Z,NA,"Tue, 23 Jun 2026 14:11:09 GMT","W/""26317aea884b8d885bedbec3991c0f3f""",b6cf82bdab397ad698eefb7abcd2aadd43ace753fe0ced6b3bc0df1dc383d8be,5349727,data/raw/src_d9a571d64a43/b6cf82bdab397ad698eefb7abcd2aadd43ace753fe0ced6b3bc0df1dc383d8be.pdf,https://donnees.electionsquebec.qc.ca/autres/rapports-financiers/2021/2021-parti-culinaire-du-quebec.pdf
src_9a1ea8f29823,src_9a1ea8f29823_20261003140938366_e2e7143880a8,2026-10-03T14:09:38.366Z,2026-10-03T14:09:40.040Z,NA,"Tue, 23 Jun 2026 14:11:09 GMT","W/""145a15acd2c0c187352bf299313a6d64""",e2e7143880a817af31c9eb2b0eda0d4b0cdce70a6aa3babcfef82a58b8c2da3f,4901815,data/raw/src_9a1ea8f29823/e2e7143880a817af31c9eb2b0eda0d4b0cdce70a6aa3babcfef82a58b8c2da3f.pdf,https://donnees.electionsquebec.qc.ca/autres/rapports-financiers/2021/2021-parti-liberal-du-quebec.pdf
src_f87c3bf527a2,src_f87c3bf527a2_20261003140940812_1c5e05b2c74b,2026-10-03T14:09:40.812Z,2026-10-03T14:09:41.914Z,NA,"Tue, 23 Jun 2026 14:11:10 GMT","W/""cfc4afe007d5003fdbfbdaa270947df6""",1c5e05b2c74b08241edcf8b42a235cd077b1682192cf5b644831312285e0554e,811434,data/raw/src_f87c3bf527a2/1c5e05b2c74b08241edcf8b42a235cd077b1682192cf5b644831312285e0554e.pdf,https://donnees.electionsquebec.qc.ca/autres/rapports-financiers/2021/2021-parti-libre.pdf
src_9f2f0f6c475b,src_9f2f0f6c475b_20261003140942686_7cab1bde2bc2,2026-10-03T14:09:42.686Z,2026-10-03T14:09:44.297Z,NA,"Tue, 23 Jun 2026 14:11:10 GMT","W/""548cd7161d5df2185e7badd9a7e72033""",7cab1bde2bc2663984b4d9171b33bc6a6f3573032f417f1ecb78f58fd358e70d,3812130,data/raw/src_9f2f0f6c475b/7cab1bde2bc2663984b4d9171b33bc6a6f3573032f417f1ecb78f58fd358e70d.pdf,https://donnees.electionsquebec.qc.ca/autres/rapports-financiers/2021/2021-parti-marxiste-leniniste-du-quebec.pdf
src_083d5316a9d7,src_083d5316a9d7_20261003140945068_bce0d75e44ca,2026-10-03T14:09:45.068Z,2026-10-03T14:09:45.965Z,NA,"Tue, 23 Jun 2026 14:11:10 GMT","W/""bc0f42e1e4ce86bbd6ef5a23e52aa2ce""",bce0d75e44cac68bd406439a5a5686de92b54ff7c7edf70b8a08875218e2f04a,645001,data/raw/src_083d5316a9d7/bce0d75e44cac68bd406439a5a5686de92b54ff7c7edf70b8a08875218e2f04a.pdf,https://donnees.electionsquebec.qc.ca/autres/rapports-financiers/2021/2021-parti-nul.pdf
src_03307f0efba9,src_03307f0efba9_20261003140946734_cbca1e343689,2026-10-03T14:09:46.734Z,2026-10-03T14:09:48.433Z,NA,"Tue, 23 Jun 2026 14:11:10 GMT","W/""f1603a44ab993376af92113374e7a81d""",cbca1e34368974d9d1829c9a6d846843756b85a311b7c81e46353eba17a9aa90,4921534,data/raw/src_03307f0efba9/cbca1e34368974d9d1829c9a6d846843756b85a311b7c81e46353eba17a9aa90.pdf,https://donnees.electionsquebec.qc.ca/autres/rapports-financiers/2021/2021-parti-pour-lindependance-du-quebec.pdf
src_8de2ad80413f,src_8de2ad80413f_20261003140949205_70715880e4d2,2026-10-03T14:09:49.205Z,2026-10-03T14:09:50.524Z,NA,"Tue, 23 Jun 2026 14:11:10 GMT","W/""d72fffbc9739751dbbd64e9657436ee7""",70715880e4d22c40e11cb0295c0bc28c98b838f85bec54fb272ad948bbb654f8,918184,data/raw/src_8de2ad80413f/70715880e4d22c40e11cb0295c0bc28c98b838f85bec54fb272ad948bbb654f8.pdf,https://donnees.electionsquebec.qc.ca/autres/rapports-financiers/2021/2021-parti-quebecois.pdf
src_c5dc594cb4e3,src_c5dc594cb4e3_20261003140951295_21b6bfe2f781,2026-10-03T14:09:51.295Z,2026-10-03T14:09:52.659Z,NA,"Tue, 23 Jun 2026 14:11:10 GMT","W/""67b2c7549b28b6466c0143ad5a37be79""",21b6bfe2f781fc5f95392b6cc33e06c9fc723db5e80c36b7b8f41387cab9c422,3403613,data/raw/src_c5dc594cb4e3/21b6bfe2f781fc5f95392b6cc33e06c9fc723db5e80c36b7b8f41387cab9c422.pdf,https://donnees.electionsquebec.qc.ca/autres/rapports-financiers/2021/2021-parti-royaliste-du-quebec.pdf
src_3418ed630670,src_3418ed630670_20261003140953431_3734046f1cdd,2026-10-03T14:09:53.431Z,2026-10-03T14:09:54.882Z,NA,"Tue, 23 Jun 2026 14:11:10 GMT","W/""f7bd26190a953d3b9785b5d4cd63f66d""",3734046f1cdd754a28deefd3b64c524fe7812ed8564e7e9e9848620617419834,1953663,data/raw/src_3418ed630670/3734046f1cdd754a28deefd3b64c524fe7812ed8564e7e9e9848620617419834.pdf,https://donnees.electionsquebec.qc.ca/autres/rapports-financiers/2021/2021-parti-vert-du-quebec.pdf
src_90967c6f4fa3,src_90967c6f4fa3_20261003140955655_fa576227bea4,2026-10-03T14:09:55.655Z,2026-10-03T14:09:56.931Z,NA,"Tue, 23 Jun 2026 14:11:10 GMT","W/""c35ff658d96e774e149654903c5f53d0""",fa576227bea49e449e07c46701cede47eee9de68a700f2604cae07c4cf686b92,1669674,data/raw/src_90967c6f4fa3/fa576227bea49e449e07c46701cede47eee9de68a700f2604cae07c4cf686b92.pdf,https://donnees.electionsquebec.qc.ca/autres/rapports-financiers/2021/2021-quebec-solidaire.pdf
src_7d9f5a4ca37e,src_7d9f5a4ca37e_20261003140957701_2f70e6f9a74f,2026-10-03T14:09:57.701Z,2026-10-03T14:09:58.936Z,NA,"Tue, 23 Jun 2026 14:11:10 GMT","W/""f675941dddcee9d4e1e0f9eb6d6c6f6d""",2f70e6f9a74f464b638583eebae95802ffb6bff65263f477828016cd1eb0ef43,1525724,data/raw/src_7d9f5a4ca37e/2f70e6f9a74f464b638583eebae95802ffb6bff65263f477828016cd1eb0ef43.pdf,https://donnees.electionsquebec.qc.ca/autres/rapports-financiers/2021/2021-union-nationale.pdf
src_3881b6441404,src_3881b6441404_20261003140959706_3a797cac978a,2026-10-03T14:09:59.706Z,2026-10-03T14:10:00.774Z,NA,"Tue, 23 Jun 2026 14:11:10 GMT","W/""5ba0aa97f72baa251b0babf9d2802ef3""",3a797cac978a7973caa6c9bb98828a0cfec3a960631cddeb1aac926dbb663328,76911,data/raw/src_3881b6441404/3a797cac978a7973caa6c9bb98828a0cfec3a960631cddeb1aac926dbb663328.pdf,https://donnees.electionsquebec.qc.ca/autres/rapports-financiers/2021/2021-recapitulation-revenus-depenses-instances.pdf
src_466e1d461a11,src_466e1d461a11_20261003141001542_ce0168f5b7bd,2026-10-03T14:10:01.542Z,2026-10-03T14:10:02.606Z,NA,"Tue, 23 Jun 2026 14:11:09 GMT","W/""dfd1566b4fa4b7c6b8e714b944007ea8""",ce0168f5b7bddc29a73ca398b0f7ac7b60d0277508def81ecde4bf8a26add49c,1060196,data/raw/src_466e1d461a11/ce0168f5b7bddc29a73ca398b0f7ac7b60d0277508def81ecde4bf8a26add49c.pdf,https://donnees.electionsquebec.qc.ca/autres/rapports-financiers/2021/2021-catherine-fournier.pdf
src_a5755d671651,src_a5755d671651_20261003141003377_9a588d2c326b,2026-10-03T14:10:03.377Z,2026-10-03T14:10:05.157Z,NA,"Tue, 23 Jun 2026 14:11:09 GMT","W/""3cd57237bdfa44afe893f575abe64356""",9a588d2c326b10926141ce8259661d162bb42e7867efdd547443ee691f4c1eb2,5254232,data/raw/src_a5755d671651/9a588d2c326b10926141ce8259661d162bb42e7867efdd547443ee691f4c1eb2.pdf,https://donnees.electionsquebec.qc.ca/autres/rapports-financiers/2021/2021-guy-ouellette.pdf
src_fb2651494845,src_fb2651494845_20261003141005931_fecfdabc4a5e,2026-10-03T14:10:05.931Z,2026-10-03T14:10:07.285Z,NA,"Tue, 23 Jun 2026 14:11:10 GMT","W/""6d0414c3aa6c04f19104bfbd5805db4b""",fecfdabc4a5e07bf2a6aa0df7329157d63ba9564c5624f1f8af8e10ecef7ad01,1047627,data/raw/src_fb2651494845/fecfdabc4a5e07bf2a6aa0df7329157d63ba9564c5624f1f8af8e10ecef7ad01.pdf,https://donnees.electionsquebec.qc.ca/autres/rapports-financiers/2020/2020-bloc-pot.pdf
src_115a079ab306,src_115a079ab306_20261003141008060_4997b579152d,2026-10-03T14:10:08.060Z,2026-10-03T14:10:09.668Z,NA,"Tue, 23 Jun 2026 14:11:10 GMT","W/""4d669442a57e05140ef274dde983e45f""",4997b579152da97023527287aac2f1cf3ac4a3c87b995ebe1206ae1f1187541e,2432371,data/raw/src_115a079ab306/4997b579152da97023527287aac2f1cf3ac4a3c87b995ebe1206ae1f1187541e.pdf,https://donnees.electionsquebec.qc.ca/autres/rapports-financiers/2020/2020-citoyens-au-pouvoir-du-quebec.pdf
src_c77306c24d74,src_c77306c24d74_20261003141010442_06ace551518f,2026-10-03T14:10:10.442Z,2026-10-03T14:10:13.338Z,NA,"Tue, 23 Jun 2026 14:11:10 GMT","""12791611252035d3d19b33ac7e821057-2""",06ace551518ff2a76e90b86251606885481b1f7af0cf9dd0d0e1257cef142794,10579907,data/raw/src_c77306c24d74/06ace551518ff2a76e90b86251606885481b1f7af0cf9dd0d0e1257cef142794.pdf,https://donnees.electionsquebec.qc.ca/autres/rapports-financiers/2020/2020-coalition-avenir-quebec.pdf
src_54b48e4576fa,src_54b48e4576fa_20261003141014119_0882578f4c81,2026-10-03T14:10:14.119Z,2026-10-03T14:10:16.182Z,NA,"Tue, 23 Jun 2026 14:11:10 GMT","W/""45b34eb3a86f87c2963bed6b4959a4c9""",0882578f4c81f05cfbe2f9607e8d3d78ee81fe1f9b8495168d778c7d174dca5b,4792854,data/raw/src_54b48e4576fa/0882578f4c81f05cfbe2f9607e8d3d78ee81fe1f9b8495168d778c7d174dca5b.pdf,https://donnees.electionsquebec.qc.ca/autres/rapports-financiers/2020/2020-equipe-autonomiste.pdf
src_1a978f7fe3c7,src_1a978f7fe3c7_20261003141016957_1b7c1b8b91da,2026-10-03T14:10:16.957Z,2026-10-03T14:10:19.307Z,NA,"Tue, 23 Jun 2026 14:11:10 GMT","W/""a399868c95e51e8151b5afa731ccde50""",1b7c1b8b91da0d6317e624da9ad6a6ce4b8f5e8ada6b0a6bcc1446b6cb8c3068,6224419,data/raw/src_1a978f7fe3c7/1b7c1b8b91da0d6317e624da9ad6a6ce4b8f5e8ada6b0a6bcc1446b6cb8c3068.pdf,https://donnees.electionsquebec.qc.ca/autres/rapports-financiers/2020/2020-nouveau-parti-democratique-du-quebec.pdf
src_140312574af1,src_140312574af1_20261003141020080_d30f43e87b1b,2026-10-03T14:10:20.080Z,2026-10-03T14:10:21.965Z,NA,"Tue, 23 Jun 2026 14:11:10 GMT","W/""360dd56485e1e912292cfe21962b3f37""",d30f43e87b1bf7b07dabcb5219761fb0117f7429427d801f0f61b619577e3491,2879799,data/raw/src_140312574af1/d30f43e87b1bf7b07dabcb5219761fb0117f7429427d801f0f61b619577e3491.pdf,https://donnees.electionsquebec.qc.ca/autres/rapports-financiers/2020/2020-parti-51.pdf
src_6a1b5d8db7aa,src_6a1b5d8db7aa_20261003141022740_4c322635ce37,2026-10-03T14:10:22.740Z,2026-10-03T14:10:24.343Z,NA,"Tue, 23 Jun 2026 14:11:11 GMT","W/""ca4ff1bbb85f7cbcec07bd4f90595123""",4c322635ce37ea60fe2cf95414565efc13e5dee3934dcd6ecd825078d9245e2a,2654548,data/raw/src_6a1b5d8db7aa/4c322635ce37ea60fe2cf95414565efc13e5dee3934dcd6ecd825078d9245e2a.pdf,https://donnees.electionsquebec.qc.ca/autres/rapports-financiers/2020/2020-parti-animal-du-quebec.pdf
src_2cdc699b6ab3,src_2cdc699b6ab3_20261003141025115_c89dacac1a6b,2026-10-03T14:10:25.115Z,2026-10-03T14:10:26.111Z,NA,"Tue, 23 Jun 2026 14:11:11 GMT","W/""ba94fd31cae3dcc8b106504fa98b1f22""",c89dacac1a6bdc761b9bf09e6cb3f5b435823a160734e90e7c5abc89848e5f47,2174500,data/raw/src_2cdc699b6ab3/c89dacac1a6bdc761b9bf09e6cb3f5b435823a160734e90e7c5abc89848e5f47.pdf,https://donnees.electionsquebec.qc.ca/autres/rapports-financiers/2020/2020-parti-conservateur-du-quebec.pdf
src_194531bf16f2,src_194531bf16f2_20261003141026886_b3a992fc8254,2026-10-03T14:10:26.886Z,2026-10-03T14:10:28.944Z,NA,"Tue, 23 Jun 2026 14:11:11 GMT","W/""dab59cbed691529b92def41035606b1a""",b3a992fc8254a97587fedb61dd5154b62752b73c0021d94f3285c9daec6addf0,6883100,data/raw/src_194531bf16f2/b3a992fc8254a97587fedb61dd5154b62752b73c0021d94f3285c9daec6addf0.pdf,https://donnees.electionsquebec.qc.ca/autres/rapports-financiers/2020/2020-parti-culinaire-du-quebec.pdf
src_8762a1d8570a,src_8762a1d8570a_20261003141029722_f8a238102907,2026-10-03T14:10:29.722Z,2026-10-03T14:10:32.240Z,NA,"Tue, 23 Jun 2026 14:11:11 GMT","W/""4cc58ad8eb8bfa9773397d052225ad0a""",f8a238102907c9f0ceb045a14a1d820b9ee672d5021dc31e34312522e90fed74,5197631,data/raw/src_8762a1d8570a/f8a238102907c9f0ceb045a14a1d820b9ee672d5021dc31e34312522e90fed74.pdf,https://donnees.electionsquebec.qc.ca/autres/rapports-financiers/2020/2020-parti-liberal-du-quebec.pdf
src_c58af81ddc84,src_c58af81ddc84_20261003141033012_dc4847af24ca,2026-10-03T14:10:33.012Z,2026-10-03T14:10:34.869Z,NA,"Tue, 23 Jun 2026 14:11:11 GMT","W/""0a29987e3158535eb0d8cbb236f0c643""",dc4847af24ca9133773cce0f303d6387f64e72fad7506bfbdc30500c59a6ed39,1047276,data/raw/src_c58af81ddc84/dc4847af24ca9133773cce0f303d6387f64e72fad7506bfbdc30500c59a6ed39.pdf,https://donnees.electionsquebec.qc.ca/autres/rapports-financiers/2020/2020-parti-libre.pdf
src_47f2e29d249f,src_47f2e29d249f_20261003141035641_fa33f83ce01e,2026-10-03T14:10:35.641Z,2026-10-03T14:10:38.679Z,NA,"Tue, 23 Jun 2026 14:11:11 GMT","W/""5644c1166dd2ff0afdc669fb0d1a0739""",fa33f83ce01e303fc0949e40088779044865c5d6d5a86af2406dd552b193c567,4860504,data/raw/src_47f2e29d249f/fa33f83ce01e303fc0949e40088779044865c5d6d5a86af2406dd552b193c567.pdf,https://donnees.electionsquebec.qc.ca/autres/rapports-financiers/2020/2020-parti-marxiste-leniniste-du-quebec.pdf
src_8461772fb5b1,src_8461772fb5b1_20261003141039452_1df81f0fd64a,2026-10-03T14:10:39.452Z,2026-10-03T14:10:54.138Z,NA,"Tue, 23 Jun 2026 14:11:11 GMT","""e7fc1599286e4dbe41d6116402126fcc-3""",1df81f0fd64aef54f18c41e927b01d072fa36be68d8d2c10b2667a61c8966c4b,26386972,data/raw/src_8461772fb5b1/1df81f0fd64aef54f18c41e927b01d072fa36be68d8d2c10b2667a61c8966c4b.pdf,https://donnees.electionsquebec.qc.ca/autres/rapports-financiers/2020/2020-parti-nul.pdf
src_0491eb92dd0d,src_0491eb92dd0d_20261003141054911_4405cf35b310,2026-10-03T14:10:54.911Z,2026-10-03T14:10:56.860Z,NA,"Tue, 23 Jun 2026 14:11:11 GMT","W/""d9c74782fef96de03715b2a8941c4f9e""",4405cf35b31022641ed400f31200046816e74a129624f8c4adc7ef48864208c8,2533580,data/raw/src_0491eb92dd0d/4405cf35b31022641ed400f31200046816e74a129624f8c4adc7ef48864208c8.pdf,https://donnees.electionsquebec.qc.ca/autres/rapports-financiers/2020/2020-parti-pour-lindependance-du-quebec.pdf
src_83b822a4511b,src_83b822a4511b_20261003141057635_d0cdafc74801,2026-10-03T14:10:57.635Z,2026-10-03T14:10:59.827Z,NA,"Tue, 23 Jun 2026 14:11:11 GMT","W/""c1e803a46daa970a26100fd43fff1620""",d0cdafc7480107ec14b4ca90870d77ddb14023e968a5c7c48661a8c3b7a78dfb,3287484,data/raw/src_83b822a4511b/d0cdafc7480107ec14b4ca90870d77ddb14023e968a5c7c48661a8c3b7a78dfb.pdf,https://donnees.electionsquebec.qc.ca/autres/rapports-financiers/2020/2020-parti-quebecois.pdf
src_8d74c4a9707d,src_8d74c4a9707d_20261003141100600_2ecad078387e,2026-10-03T14:11:00.600Z,2026-10-03T14:11:05.019Z,NA,"Tue, 23 Jun 2026 14:11:12 GMT","W/""80f449b0f346d30137cbe1e35d83514b""",2ecad078387e5579d67dd776346de7f56607a94670154c1d1700ae040b5d28d9,7010097,data/raw/src_8d74c4a9707d/2ecad078387e5579d67dd776346de7f56607a94670154c1d1700ae040b5d28d9.pdf,https://donnees.electionsquebec.qc.ca/autres/rapports-financiers/2020/2020-parti-royaliste-du-quebec.pdf
src_4b97d93847fb,src_4b97d93847fb_20261003141105785_d59342fd7ba5,2026-10-03T14:11:05.785Z,2026-10-03T14:11:09.553Z,NA,"Tue, 23 Jun 2026 14:11:12 GMT","W/""792baf33653ee4801bb72293f7a03b3a""",d59342fd7ba52cbbdaa9a51af2671467dd0211f0e3bf129bfea2ff6f74d36e84,6484249,data/raw/src_4b97d93847fb/d59342fd7ba52cbbdaa9a51af2671467dd0211f0e3bf129bfea2ff6f74d36e84.pdf,https://donnees.electionsquebec.qc.ca/autres/rapports-financiers/2020/2020-parti-vert-du-quebec.pdf
src_30aa6da0cc8f,src_30aa6da0cc8f_20261003141110326_7db9922b90ac,2026-10-03T14:11:10.326Z,2026-10-03T14:11:17.310Z,NA,"Tue, 23 Jun 2026 14:11:12 GMT","""627a5d102b9e38dad1e872b358b8de3e-2""",7db9922b90ac1cf26be3f26e8255bd4e7e0323ed59d76a5835417030ed2f06f1,11688077,data/raw/src_30aa6da0cc8f/7db9922b90ac1cf26be3f26e8255bd4e7e0323ed59d76a5835417030ed2f06f1.pdf,https://donnees.electionsquebec.qc.ca/autres/rapports-financiers/2020/2020-quebec-solidaire.pdf
src_379eae41d674,src_379eae41d674_20261003141118088_05bb12ea27ee,2026-10-03T14:11:18.088Z,2026-10-03T14:11:25.957Z,NA,"Tue, 23 Jun 2026 14:11:13 GMT","W/""278cdcd7c106ba90da4f6873cb5bc9c6""",05bb12ea27eeb81329d193614ed68f77e39b974aa396527f2e2e53c6c4b498db,8593983,data/raw/src_379eae41d674/05bb12ea27eeb81329d193614ed68f77e39b974aa396527f2e2e53c6c4b498db.pdf,https://donnees.electionsquebec.qc.ca/autres/rapports-financiers/2020/2020-union-nationale.pdf
src_739db2c62342,src_739db2c62342_20261003141126739_910dd917f19a,2026-10-03T14:11:26.739Z,2026-10-03T14:11:33.243Z,NA,"Tue, 23 Jun 2026 14:11:13 GMT","W/""a0e5bed395207be184c0036595a81d34""",910dd917f19aa2c0dc978223c10071e4f3fc47b930780297c682c46ce1e7cf13,8618381,data/raw/src_739db2c62342/910dd917f19aa2c0dc978223c10071e4f3fc47b930780297c682c46ce1e7cf13.pdf,https://donnees.electionsquebec.qc.ca/autres/rapports-financiers/2020/2020-voie-du-peuple.pdf
src_3350f46b5b55,src_3350f46b5b55_20261003141134024_ea6065c08244,2026-10-03T14:11:34.024Z,2026-10-03T14:11:34.852Z,NA,"Tue, 23 Jun 2026 14:11:12 GMT","W/""f4bfe5fdfbb03f349625fc780f49d5ff""",ea6065c0824439997e64c0f63f747ceac2c1a2fcca902d30c35af1b88f7155e9,78445,data/raw/src_3350f46b5b55/ea6065c0824439997e64c0f63f747ceac2c1a2fcca902d30c35af1b88f7155e9.pdf,https://donnees.electionsquebec.qc.ca/autres/rapports-financiers/2020/2020-recapitulation-revenus-depenses-instances.pdf
src_f4a3c2665490,src_f4a3c2665490_20261003141135627_338ba171df9a,2026-10-03T14:11:35.627Z,2026-10-03T14:11:36.906Z,NA,"Tue, 23 Jun 2026 14:11:10 GMT","W/""e7adb7565697c1d91bb73ece983e5b11""",338ba171df9aaeb448cb8c3eecb843cf7538d86f1fce79ea6792cf54afc2f8e3,507721,data/raw/src_f4a3c2665490/338ba171df9aaeb448cb8c3eecb843cf7538d86f1fce79ea6792cf54afc2f8e3.pdf,https://donnees.electionsquebec.qc.ca/autres/rapports-financiers/2020/2020-catherine-fournier.pdf
src_52df0c4c5fd7,src_52df0c4c5fd7_20261003141137674_785403adfa69,2026-10-03T14:11:37.674Z,2026-10-03T14:11:38.521Z,NA,"Tue, 23 Jun 2026 14:11:10 GMT","W/""ccd3fc35e0869117a808e364f4fff410""",785403adfa69b11df8cbf67e81d8c06d24526044d5424d0494068a52526b5253,522197,data/raw/src_52df0c4c5fd7/785403adfa69b11df8cbf67e81d8c06d24526044d5424d0494068a52526b5253.pdf,https://donnees.electionsquebec.qc.ca/autres/rapports-financiers/2020/2020-guy-ouellette.pdf
src_70c6575d406d,src_70c6575d406d_20261003141139303_c028ad604a82,2026-10-03T14:11:39.303Z,2026-10-03T14:11:40.761Z,NA,"Tue, 23 Jun 2026 14:11:13 GMT","W/""1775d0b486f34570d677a66df0b15a95""",c028ad604a82d3b6fb2c3081f9af89c82ef136647d9e94d3303be370603af739,561914,data/raw/src_70c6575d406d/c028ad604a82d3b6fb2c3081f9af89c82ef136647d9e94d3303be370603af739.pdf,https://donnees.electionsquebec.qc.ca/autres/rapports-financiers/2019/2019-alliance-provinciale-du-quebec.pdf
src_7ad103d64f43,src_7ad103d64f43_20261003141141541_63d6c52f717a,2026-10-03T14:11:41.541Z,2026-10-03T14:11:42.852Z,NA,"Tue, 23 Jun 2026 14:11:13 GMT","W/""11ff74b03124c18281e063a796f180a5""",63d6c52f717a1b97683bb7ce39859ae6330353bf3e7e02de4a4df36b3483ea56,661573,data/raw/src_7ad103d64f43/63d6c52f717a1b97683bb7ce39859ae6330353bf3e7e02de4a4df36b3483ea56.pdf,https://donnees.electionsquebec.qc.ca/autres/rapports-financiers/2019/2019-bloc-pot.pdf
src_e772efa2dca2,src_e772efa2dca2_20261003141143639_116ecd8d43c0,2026-10-03T14:11:43.639Z,2026-10-03T14:11:44.855Z,NA,"Tue, 23 Jun 2026 14:11:13 GMT","W/""9abd0a788baf0a1c433e334d50ba3ba8""",116ecd8d43c05d6683f909f1ed99856a1b34031c759ed56c8a7885a113db7031,949228,data/raw/src_e772efa2dca2/116ecd8d43c05d6683f909f1ed99856a1b34031c759ed56c8a7885a113db7031.pdf,https://donnees.electionsquebec.qc.ca/autres/rapports-financiers/2019/2019-citoyens-au-pouvoir-du-quebec.pdf
src_7be8c2b29cc2,src_7be8c2b29cc2_20261003141145645_fc39dcc1cf6e,2026-10-03T14:11:45.645Z,2026-10-03T14:11:50.125Z,NA,"Tue, 23 Jun 2026 14:11:13 GMT","W/""3694ee84fdf4b9d367103e117f52e051""",fc39dcc1cf6e2ab77e5d339f53e5d774697925167898c363289b5c44aafaca7c,9828710,data/raw/src_7be8c2b29cc2/fc39dcc1cf6e2ab77e5d339f53e5d774697925167898c363289b5c44aafaca7c.pdf,https://donnees.electionsquebec.qc.ca/autres/rapports-financiers/2019/2019-coalition-avenir-quebec.pdf
src_1577b9d7a614,src_1577b9d7a614_20261003141150900_ce2bd2c1513b,2026-10-03T14:11:50.900Z,2026-10-03T14:11:53.665Z,NA,"Tue, 23 Jun 2026 14:11:13 GMT","W/""bbb4e928749cb993984a68ac01aefcc4""",ce2bd2c1513b65b2d7057285b671260a4d9848be8ee4563ba7afae46860d6e5b,2255952,data/raw/src_1577b9d7a614/ce2bd2c1513b65b2d7057285b671260a4d9848be8ee4563ba7afae46860d6e5b.pdf,https://donnees.electionsquebec.qc.ca/autres/rapports-financiers/2019/2019-equipe-autonomiste.pdf
src_54dae94ab22e,src_54dae94ab22e_20261003141154437_ee1e26568816,2026-10-03T14:11:54.437Z,2026-10-03T14:11:58.745Z,NA,"Tue, 23 Jun 2026 14:11:14 GMT","W/""9ef32d1def69110c0443195f17f21e0a""",ee1e26568816af488e16b40ff0ad625f36d570369d162006562ac5458c495284,6190367,data/raw/src_54dae94ab22e/ee1e26568816af488e16b40ff0ad625f36d570369d162006562ac5458c495284.pdf,https://donnees.electionsquebec.qc.ca/autres/rapports-financiers/2019/2019-nouveau-parti-democratique-du-quebec.pdf
src_9db479e4b0d2,src_9db479e4b0d2_20261003141159519_1e67c62f215b,2026-10-03T14:11:59.519Z,2026-10-03T14:12:00.913Z,NA,"Tue, 23 Jun 2026 14:11:14 GMT","W/""7399f42368af8377dc0bb1963f8f919d""",1e67c62f215b52993d9150aabc87d9440e0194374556560c52eba77c5d052571,1184064,data/raw/src_9db479e4b0d2/1e67c62f215b52993d9150aabc87d9440e0194374556560c52eba77c5d052571.pdf,https://donnees.electionsquebec.qc.ca/autres/rapports-financiers/2019/2019-parti-51.pdf
src_64a4ea49bec9,src_64a4ea49bec9_20261003141201688_8bea57619c53,2026-10-03T14:12:01.688Z,2026-10-03T14:12:02.750Z,NA,"Tue, 23 Jun 2026 14:11:14 GMT","W/""eaf4a916d683ac6a6cc48b89646df37b""",8bea57619c5359ba5710170aad4d18b11b1af767570d14c5cf890a676c48574c,421833,data/raw/src_64a4ea49bec9/8bea57619c5359ba5710170aad4d18b11b1af767570d14c5cf890a676c48574c.pdf,https://donnees.electionsquebec.qc.ca/autres/rapports-financiers/2019/2019-parti-conservateur-du-quebec.pdf
src_6d6e4dbbb41c,src_6d6e4dbbb41c_20261003141203527_cd1b928a5c91,2026-10-03T14:12:03.527Z,2026-10-03T14:12:05.758Z,NA,"Tue, 23 Jun 2026 14:11:14 GMT","W/""271b8d6a02792a5204ec89e2047e65b1""",cd1b928a5c91370b11b4a81c5acfbae59b15feed8a712650843b403fd0eda84c,1090614,data/raw/src_6d6e4dbbb41c/cd1b928a5c91370b11b4a81c5acfbae59b15feed8a712650843b403fd0eda84c.pdf,https://donnees.electionsquebec.qc.ca/autres/rapports-financiers/2019/2019-parti-culinaire-du-quebec.pdf
src_10de0010b623,src_10de0010b623_20261003141206532_b64d5c3094d2,2026-10-03T14:12:06.532Z,2026-10-03T14:12:14.669Z,NA,"Tue, 23 Jun 2026 14:11:14 GMT","""8c698aabf7ee3299d420de9fad66677e-2""",b64d5c3094d24955079799fc28d46dee994b6bd641b1c06a4753c22dc4931836,10674903,data/raw/src_10de0010b623/b64d5c3094d24955079799fc28d46dee994b6bd641b1c06a4753c22dc4931836.pdf,https://donnees.electionsquebec.qc.ca/autres/rapports-financiers/2019/2019-parti-liberal-du-quebec.pdf
src_e468ade1c431,src_e468ade1c431_20261003141215444_4889a474e7b8,2026-10-03T14:12:15.444Z,2026-10-03T14:12:17.251Z,NA,"Tue, 23 Jun 2026 14:11:14 GMT","W/""02b8a2c224e7821ef0630ea8c7df7f4e""",4889a474e7b85a48aba505a1dcc19aa560ba7a75b9db91b020b052fd648b51f8,2503948,data/raw/src_e468ade1c431/4889a474e7b85a48aba505a1dcc19aa560ba7a75b9db91b020b052fd648b51f8.pdf,https://donnees.electionsquebec.qc.ca/autres/rapports-financiers/2019/2019-parti-libre.pdf
src_ae55a9b3eed8,src_ae55a9b3eed8_20261003141218029_8beab2c98392,2026-10-03T14:12:18.029Z,2026-10-03T14:12:22.709Z,NA,"Tue, 23 Jun 2026 14:11:14 GMT","W/""4f7ea3192724b2e17438aa22bbdbb296""",8beab2c9839212e17badba4f50aaa7647a0d0aa74f6c89552f46ea30c4d4190e,4326924,data/raw/src_ae55a9b3eed8/8beab2c9839212e17badba4f50aaa7647a0d0aa74f6c89552f46ea30c4d4190e.pdf,https://donnees.electionsquebec.qc.ca/autres/rapports-financiers/2019/2019-parti-marxiste-leniniste-du-quebec.pdf
src_34151d79a5b3,src_34151d79a5b3_20261003141223480_89ad1500017c,2026-10-03T14:12:23.480Z,2026-10-03T14:12:24.707Z,NA,"Tue, 23 Jun 2026 14:11:14 GMT","W/""4fbcd85a2e7d3b531c52ba90ae7a7af2""",89ad1500017c411e0d811b7ff1af34f2eb4fffa582846d06718ab6d64f8db939,561276,data/raw/src_34151d79a5b3/89ad1500017c411e0d811b7ff1af34f2eb4fffa582846d06718ab6d64f8db939.pdf,https://donnees.electionsquebec.qc.ca/autres/rapports-financiers/2019/2019-parti-nul.pdf
src_04c37da3c24d,src_04c37da3c24d_20261003141225478_aa389cee6bec,2026-10-03T14:12:25.478Z,2026-10-03T14:12:27.980Z,NA,"Tue, 23 Jun 2026 14:11:14 GMT","W/""62e832dcc96df67806a4fb39a14c146a""",aa389cee6bec6dd4341b9d9005831e38a78b33320d379378e9666b4d308299ac,1600113,data/raw/src_04c37da3c24d/aa389cee6bec6dd4341b9d9005831e38a78b33320d379378e9666b4d308299ac.pdf,https://donnees.electionsquebec.qc.ca/autres/rapports-financiers/2019/2019-parti-pour-lindependance-du-quebec.pdf
src_db7488a5731c,src_db7488a5731c_20261003141228751_039533645dd6,2026-10-03T14:12:28.751Z,2026-10-03T14:12:30.820Z,NA,"Tue, 23 Jun 2026 14:11:15 GMT","W/""ce4173375c63e1ca4261b9b335846158""",039533645dd65a56f6b6d0fa55b6c399b64275da93e735d7c33bf1f346347447,1713913,data/raw/src_db7488a5731c/039533645dd65a56f6b6d0fa55b6c399b64275da93e735d7c33bf1f346347447.pdf,https://donnees.electionsquebec.qc.ca/autres/rapports-financiers/2019/2019-parti-quebecois.pdf
src_cdf7b135c1b5,src_cdf7b135c1b5_20261003141231591_04f8ba13039a,2026-10-03T14:12:31.591Z,2026-10-03T14:12:34.280Z,NA,"Tue, 23 Jun 2026 14:11:15 GMT","W/""5999b3cac12d00d0570fe012d0284943""",04f8ba13039ab63f5b5b1a30862866c719b1dd681437146d09fba8eb24fe1aad,587911,data/raw/src_cdf7b135c1b5/04f8ba13039ab63f5b5b1a30862866c719b1dd681437146d09fba8eb24fe1aad.pdf,https://donnees.electionsquebec.qc.ca/autres/rapports-financiers/2019/2019-parti-royaliste-du-quebec.pdf
src_f8958dbeb42a,src_f8958dbeb42a_20261003141235056_052dba282453,2026-10-03T14:12:35.056Z,2026-10-03T14:12:38.481Z,NA,"Tue, 23 Jun 2026 14:11:15 GMT","W/""4a309fbe559ad49de7af65c12e8df9e3""",052dba282453338de7c5b29b9bda77be0d3ed84c438d9856545b4b75c072fcb7,2594803,data/raw/src_f8958dbeb42a/052dba282453338de7c5b29b9bda77be0d3ed84c438d9856545b4b75c072fcb7.pdf,https://donnees.electionsquebec.qc.ca/autres/rapports-financiers/2019/2019-parti-vert-du-quebec.pdf
src_01dced0b049a,src_01dced0b049a_20261003141239260_4df1b33200b6,2026-10-03T14:12:39.260Z,2026-10-03T14:12:43.055Z,NA,"Tue, 23 Jun 2026 14:11:15 GMT","W/""00fd11037a24c831017bb2ec6dc34897""",4df1b33200b6fc0e15159f2022492341e9b509d2ec6e94194e4e8956c9541ed9,4276603,data/raw/src_01dced0b049a/4df1b33200b6fc0e15159f2022492341e9b509d2ec6e94194e4e8956c9541ed9.pdf,https://donnees.electionsquebec.qc.ca/autres/rapports-financiers/2019/2019-quebec-cosmopolitain.pdf
src_a302b48cf94d,src_a302b48cf94d_20261003141243828_10d51a3ecffd,2026-10-03T14:12:43.828Z,2026-10-03T14:12:45.205Z,NA,"Tue, 23 Jun 2026 14:11:15 GMT","W/""a407e4de937dfa2f58311051a1dff79f""",10d51a3ecffd9b2a5ff1e1c8a93b89e124131cc4ebb1e18075d067cdb7f2e240,1120119,data/raw/src_a302b48cf94d/10d51a3ecffd9b2a5ff1e1c8a93b89e124131cc4ebb1e18075d067cdb7f2e240.pdf,https://donnees.electionsquebec.qc.ca/autres/rapports-financiers/2019/2019-quebec-solidaire.pdf
src_a58efc86a53b,src_a58efc86a53b_20261003141245984_48e97ed90316,2026-10-03T14:12:45.984Z,2026-10-03T14:12:51.570Z,NA,"Tue, 23 Jun 2026 14:11:15 GMT","W/""b1e443b13df05148d1653a7930229b53""",48e97ed90316d86f30c6eec5e807dde6f613e3425049782e739dc16a7e72242c,8480535,data/raw/src_a58efc86a53b/48e97ed90316d86f30c6eec5e807dde6f613e3425049782e739dc16a7e72242c.pdf,https://donnees.electionsquebec.qc.ca/autres/rapports-financiers/2019/2019-voie-du-peuple.pdf
src_cd6992b2ac73,src_cd6992b2ac73_20261003141252343_5b26c084d2e9,2026-10-03T14:12:52.343Z,2026-10-03T14:12:52.697Z,NA,"Tue, 23 Jun 2026 14:11:15 GMT","W/""cb4cdf3ab9419093a0eac6005c7331aa""",5b26c084d2e9a921e13b35cdaac38633598e390e537d0ae92800274b6929c218,80471,data/raw/src_cd6992b2ac73/5b26c084d2e9a921e13b35cdaac38633598e390e537d0ae92800274b6929c218.pdf,https://donnees.electionsquebec.qc.ca/autres/rapports-financiers/2019/2019-recapitulation-revenus-depenses-instances.pdf
src_fa55dc6c0172,src_fa55dc6c0172_20261003141253475_ab7c645761db,2026-10-03T14:12:53.475Z,2026-10-03T14:12:53.936Z,NA,"Tue, 23 Jun 2026 14:11:13 GMT","W/""2f1476ea53357bf5d02578c36ba21616""",ab7c645761db741bf7acd15f4b1e0ce8ac13f515500a2f33841853f25a2afc01,229167,data/raw/src_fa55dc6c0172/ab7c645761db741bf7acd15f4b1e0ce8ac13f515500a2f33841853f25a2afc01.pdf,https://donnees.electionsquebec.qc.ca/autres/rapports-financiers/2019/2019-catherine-fournier.pdf
src_6efacfc3cc2b,src_6efacfc3cc2b_20261003141254713_a0015cda3c7d,2026-10-03T14:12:54.713Z,2026-10-03T14:12:55.544Z,NA,"Tue, 23 Jun 2026 14:11:13 GMT","W/""54d41444f721c3f03a97c991355a4270""",a0015cda3c7dfad435a75df57c23e9af5f11620c0c39c519360c7fd78b8c2105,163154,data/raw/src_6efacfc3cc2b/a0015cda3c7dfad435a75df57c23e9af5f11620c0c39c519360c7fd78b8c2105.pdf,https://donnees.electionsquebec.qc.ca/autres/rapports-financiers/2019/2019-ali-dahan.pdf
src_04c15c593c29,src_04c15c593c29_20261003141256321_c9b69a2ffd9e,2026-10-03T14:12:56.321Z,2026-10-03T14:13:04.045Z,NA,"Tue, 23 Jun 2026 14:11:13 GMT","""0077ab35ff24af6d82419651514b4809-2""",c9b69a2ffd9e48622befff8bdc6e3e48c89e2b88d164cd6eee1de71c8a4f2767,11334092,data/raw/src_04c15c593c29/c9b69a2ffd9e48622befff8bdc6e3e48c89e2b88d164cd6eee1de71c8a4f2767.pdf,https://donnees.electionsquebec.qc.ca/autres/rapports-financiers/2019/2019-claude-surprenant.pdf
src_81d75ee6bec2,src_81d75ee6bec2_20261003141304820_d351fbf00a30,2026-10-03T14:13:04.820Z,2026-10-03T14:13:05.980Z,NA,"Tue, 23 Jun 2026 14:11:14 GMT","W/""935bd1492a7446d8b08c3cbee0e3e20d""",d351fbf00a303557c0751f9f8ce7cc1b401390c6b41b44b3fdebf94d81c2cccc,176829,data/raw/src_81d75ee6bec2/d351fbf00a303557c0751f9f8ce7cc1b401390c6b41b44b3fdebf94d81c2cccc.pdf,https://donnees.electionsquebec.qc.ca/autres/rapports-financiers/2019/2019-jean-marc-boyer.pdf
src_57a86a9a7233,src_57a86a9a7233_20261003141306755_a2faaabbb0e8,2026-10-03T14:13:06.755Z,2026-10-03T14:13:08.114Z,NA,"Tue, 23 Jun 2026 14:11:15 GMT","W/""747451268e2cadad21a959f765c6f72d""",a2faaabbb0e8da1d1b6990d317f9c6b6b406caf2f2306e11d21cdca3c0958ed9,272078,data/raw/src_57a86a9a7233/a2faaabbb0e8da1d1b6990d317f9c6b6b406caf2f2306e11d21cdca3c0958ed9.pdf,https://donnees.electionsquebec.qc.ca/autres/rapports-financiers/2019/2019-yves-saint-denis.pdf
src_4ce38e76d0b3,src_4ce38e76d0b3_20261003141308886_929af029ffc4,2026-10-03T14:13:08.886Z,2026-10-03T14:13:10.696Z,NA,"Sat, 03 Oct 2026 13:13:43 GMT","W/""8c796f87b3510252e064a4a99c316216""",929af029ffc49ea239fbdcab4af29ec46e252d50bbb4c695f06d23ca455dc651,61556,data/raw/src_4ce38e76d0b3/929af029ffc49ea239fbdcab4af29ec46e252d50bbb4c695f06d23ca455dc651.html,https://www.electionsquebec.qc.ca/financement-depenses-et-contributions/sommaire-des-depenses-electorales/
src_4d318dab12bb,src_4d318dab12bb_20261003141311473_d81ebdbfbe2f,2026-10-03T14:13:11.473Z,2026-10-03T14:13:14.782Z,NA,"Mon, 15 Jun 2026 10:34:35 GMT","W/""276385041a01b769563358ba6502fefb""",d81ebdbfbe2f827384466131e789101c9ab9884f37a0de57bd6877b9c808d1f4,883851,data/raw/src_4d318dab12bb/d81ebdbfbe2f827384466131e789101c9ab9884f37a0de57bd6877b9c808d1f4.pdf,https://docs.electionsquebec.qc.ca/PRO/642c5de61339f/DGE-6288-2022.pdf
src_2757b8f9e694,src_2757b8f9e694_20261003141315564_ec90215a03cd,2026-10-03T14:13:15.564Z,2026-10-03T14:13:16.462Z,NA,"Mon, 15 Jun 2026 10:34:39 GMT","W/""b2ba8fcc18cb74ba968c4b29d564424f""",ec90215a03cdbfa254aba659a33b24a9684ac536180feb46a6cb919c5ed07771,668235,data/raw/src_2757b8f9e694/ec90215a03cdbfa254aba659a33b24a9684ac536180feb46a6cb919c5ed07771.pdf,https://docs.electionsquebec.qc.ca/PRO/945c75ef9c6a3/DGE-6288-2018.pdf
src_c91c894a665a,src_c91c894a665a_20261003141317241_3c2f8aebb169,2026-10-03T14:13:17.241Z,2026-10-03T14:13:18.549Z,NA,"Mon, 15 Jun 2026 10:34:32 GMT","W/""e61b21ee44446691df17136c8302fffd""",3c2f8aebb1699dce1baa94de75c5debcb43d474a15df9933c6be0a762ef256d5,733279,data/raw/src_c91c894a665a/3c2f8aebb1699dce1baa94de75c5debcb43d474a15df9933c6be0a762ef256d5.pdf,https://docs.electionsquebec.qc.ca/PRO/615d8bce0f6c3/DGE-6288-2014.pdf
src_33bf1e694f01,src_33bf1e694f01_20261003141319331_26547e608325,2026-10-03T14:13:19.331Z,2026-10-03T14:13:20.539Z,NA,"Mon, 15 Jun 2026 10:34:17 GMT","W/""c14fabbdf903f9d7b2c003c587790231""",26547e60832543480800b4934232d0104d5cda9ac547818504a66fbde98f24f2,833841,data/raw/src_33bf1e694f01/26547e60832543480800b4934232d0104d5cda9ac547818504a66fbde98f24f2.pdf,https://docs.electionsquebec.qc.ca/ORG/6176f7f4358dc/DGE-6288-2012.pdf
src_1ad1d7d4bce2,src_1ad1d7d4bce2_20261003141321326_1b98b3c6e9c4,2026-10-03T14:13:21.326Z,2026-10-03T14:13:21.917Z,NA,"Mon, 15 Jun 2026 10:34:37 GMT","W/""7f2d42fdbc3e6c67c56757dc79fec014""",1b98b3c6e9c4a57461251ce9d37fba40de11f09db6b7df35a8d8b996a0353178,17887,data/raw/src_1ad1d7d4bce2/1b98b3c6e9c4a57461251ce9d37fba40de11f09db6b7df35a8d8b996a0353178.pdf,https://docs.electionsquebec.qc.ca/PRO/6a26c31eb6975/SommaireRDE-partielles-2026-02-23.pdf
src_b6b8da657b49,src_b6b8da657b49_20261003141322697_0c26f4c0e849,2026-10-03T14:13:22.697Z,2026-10-03T14:13:23.166Z,NA,"Mon, 15 Jun 2026 10:34:37 GMT","W/""729d1842b4977949a216607378c9eea1""",0c26f4c0e849e882dc5706d94e6e06e712295fb61915ef9d4916f6c9ea70e2ae,23768,data/raw/src_b6b8da657b49/0c26f4c0e849e882dc5706d94e6e06e712295fb61915ef9d4916f6c9ea70e2ae.pdf,https://docs.electionsquebec.qc.ca/PRO/691ccb8c686cc/SommaireRDE-partielles-2025-08-11.pdf
src_e8dfdf2d589b,src_e8dfdf2d589b_20261003141323944_0c6ac078d8e2,2026-10-03T14:13:23.944Z,2026-10-03T14:13:24.501Z,NA,"Mon, 15 Jun 2026 10:34:36 GMT","W/""8a60fac5e7da531576ca9a90441c4817""",0c6ac078d8e2cc704a58f6c82847814c87e2d65b2591b8e788d3e1a37bcd21bb,18099,data/raw/src_e8dfdf2d589b/0c6ac078d8e2cc704a58f6c82847814c87e2d65b2591b8e788d3e1a37bcd21bb.pdf,https://docs.electionsquebec.qc.ca/PRO/68751db20e2ab/SommaireRDE-partielles-2025-03-17.pdf
src_fcb0c6109e23,src_fcb0c6109e23_20261003141325278_3d8eb0535a42,2026-10-03T14:13:25.278Z,2026-10-03T14:13:25.923Z,NA,"Mon, 15 Jun 2026 10:34:36 GMT","W/""9ab4199f7c7a2af2bd629c45faf05bf3""",3d8eb0535a4254c1635984b8640453a45f4be77f23bb3db365e9ba47c84b3872,25447,data/raw/src_fcb0c6109e23/3d8eb0535a4254c1635984b8640453a45f4be77f23bb3db365e9ba47c84b3872.pdf,https://docs.electionsquebec.qc.ca/PRO/65c538f755de5/SommaireRDE-partielles-2023-10-02.pdf
src_cbd9eaeff4c7,src_cbd9eaeff4c7_20261003141326710_e043e5dc01dc,2026-10-03T14:13:26.710Z,2026-10-03T14:13:27.268Z,NA,"Mon, 15 Jun 2026 10:34:35 GMT","W/""bd213371fed16d93dfeaa9e91dc94051""",e043e5dc01dc7d6fcecb41ae51bdc87389dd0f0b2be7a43fbdf3e5e41d6352a4,20126,data/raw/src_cbd9eaeff4c7/e043e5dc01dc7d6fcecb41ae51bdc87389dd0f0b2be7a43fbdf3e5e41d6352a4.pdf,https://docs.electionsquebec.qc.ca/PRO/64b00b9c3f6fe/SommaireRDE-partielles-2023-03-13.pdf
src_b91168ebe47f,src_b91168ebe47f_20261003141328089_d68043bc0b5b,2026-10-03T14:13:28.089Z,2026-10-03T14:13:28.610Z,NA,"Mon, 15 Jun 2026 10:34:35 GMT","W/""f2d476df0d1c99799003448cc3063869""",d68043bc0b5be1474064e874d1bb4f1a4b7b0d82e946f3aa1d7c8afd629e08a8,21851,data/raw/src_b91168ebe47f/d68043bc0b5be1474064e874d1bb4f1a4b7b0d82e946f3aa1d7c8afd629e08a8.pdf,https://docs.electionsquebec.qc.ca/PRO/62ffab2e04522/SommaireRDE-partielles-2022-04-11.pdf
src_a38edcb55657,src_a38edcb55657_20261003141329392_ea899ec39e19,2026-10-03T14:13:29.392Z,2026-10-03T14:13:30.012Z,NA,"Mon, 15 Jun 2026 10:34:29 GMT","W/""1a10be098bc6875c6e8f4d239213c357""",ea899ec39e199975c5754d4db7f3297a731fc41c3e386a8c613d7c5f65373ac2,14564,data/raw/src_a38edcb55657/ea899ec39e199975c5754d4db7f3297a731fc41c3e386a8c613d7c5f65373ac2.pdf,https://docs.electionsquebec.qc.ca/PRO/5e6796b504274/SommaireRDE-partielle-2019-12-02.pdf
src_cfe22416fb0b,src_cfe22416fb0b_20261003141330796_7edabcfd5843,2026-10-03T14:13:30.796Z,2026-10-03T14:13:31.408Z,NA,"Mon, 15 Jun 2026 10:34:33 GMT","W/""d56f6859cfb7d4944c01c85c60ee0614""",7edabcfd58433fde1dc106d958277b6914a669dde8998854d03a37fa76d134c4,19261,data/raw/src_cfe22416fb0b/7edabcfd58433fde1dc106d958277b6914a669dde8998854d03a37fa76d134c4.pdf,https://docs.electionsquebec.qc.ca/PRO/6176ffef44a4e/SommaireRDE-partielles-2018-12-10.pdf
src_f097f1933104,src_f097f1933104_20261003141332193_c0a8ae948530,2026-10-03T14:13:32.193Z,2026-10-03T14:13:32.896Z,NA,"Mon, 15 Jun 2026 10:34:33 GMT","W/""83a0d9415a3e25b1b8a721d9c01b3cbf""",c0a8ae9485305a4e3943651911c78f874ebf83877f6c568b59dd61729ebfd969,21560,data/raw/src_f097f1933104/c0a8ae9485305a4e3943651911c78f874ebf83877f6c568b59dd61729ebfd969.pdf,https://docs.electionsquebec.qc.ca/PRO/6176ffc44a1ee/SommaireRDE-partielles-2017-10-02.pdf
src_85c842ba25d7,src_85c842ba25d7_20261003141333673_e64c3849408c,2026-10-03T14:13:33.673Z,2026-10-03T14:13:34.349Z,NA,"Mon, 15 Jun 2026 10:34:33 GMT","W/""603af53ab4d56f0d8ee4771f5b8e8046""",e64c3849408ce5baa91b522a60e89a2b12c5baa52a28b064f9dde1f5766c22d6,20215,data/raw/src_85c842ba25d7/e64c3849408ce5baa91b522a60e89a2b12c5baa52a28b064f9dde1f5766c22d6.pdf,https://docs.electionsquebec.qc.ca/PRO/6176ff76de8d9/SommaireRDE-partielles-2017-05-29.pdf
src_0e99e006f132,src_0e99e006f132_20261003141335127_251824423149,2026-10-03T14:13:35.127Z,2026-10-03T14:13:35.713Z,NA,"Mon, 15 Jun 2026 10:34:33 GMT","W/""0cb39a3e6886515da20916f91359311a""",2518244231496846f297eddd7376536203bb58f8647f8151020871dba2abeb2b,29286,data/raw/src_0e99e006f132/2518244231496846f297eddd7376536203bb58f8647f8151020871dba2abeb2b.pdf,https://docs.electionsquebec.qc.ca/PRO/6176ff469f558/SommaireRDE-partielles-2016-12-05.pdf
src_9ddc65070b51,src_9ddc65070b51_20261003141336495_f39950c9218d,2026-10-03T14:13:36.495Z,2026-10-03T14:13:38.105Z,NA,"Mon, 15 Jun 2026 10:34:33 GMT","W/""02d417672afbbfcb29edc22d970ec47d""",f39950c9218d91d139546babc8f27690ab6f25f6750e81d31a1353c5f7349a5e,13128,data/raw/src_9ddc65070b51/f39950c9218d91d139546babc8f27690ab6f25f6750e81d31a1353c5f7349a5e.pdf,https://docs.electionsquebec.qc.ca/PRO/6176ff204305f/SommaireRDE-partielles-2016-04-11.pdf
src_7edae706c80f,src_7edae706c80f_20261003141338880_cf45d108134e,2026-10-03T14:13:38.880Z,2026-10-03T14:13:40.470Z,NA,"Mon, 15 Jun 2026 10:34:33 GMT","W/""b5626f47e4e41150bdc195b869634f31""",cf45d108134e0c38eaeab61fc843a322abd23d7b01a22f61c7872f3f021af880,26846,data/raw/src_7edae706c80f/cf45d108134e0c38eaeab61fc843a322abd23d7b01a22f61c7872f3f021af880.pdf,https://docs.electionsquebec.qc.ca/PRO/6176fef4027b7/SommaireRDE-partielles-2015-11-09.pdf
src_a835da1cb6e8,src_a835da1cb6e8_20261003141341253_1b53337e963c,2026-10-03T14:13:41.253Z,2026-10-03T14:13:41.565Z,NA,"Mon, 15 Jun 2026 10:34:33 GMT","W/""dc85956974e02b57c7e365d0a7269f50""",1b53337e963c8e1c47022211261e8b662cc22ae3b17bc22ec63884b7bc3d5140,23983,data/raw/src_a835da1cb6e8/1b53337e963c8e1c47022211261e8b662cc22ae3b17bc22ec63884b7bc3d5140.pdf,https://docs.electionsquebec.qc.ca/PRO/6176fdedd952d/SommaireRDE-partielles-2015-06-08.pdf
src_2efb37ecb0cc,src_2efb37ecb0cc_20261003141342347_8c25c00ef11c,2026-10-03T14:13:42.347Z,2026-10-03T14:13:42.870Z,NA,"Mon, 15 Jun 2026 10:34:33 GMT","W/""757f70d54acb9a0a50b98a7b76d07f2c""",8c25c00ef11c0b0f26fa4cc5750ac432a84aec687a11dcbc276fd136e7d1ce29,20621,data/raw/src_2efb37ecb0cc/8c25c00ef11c0b0f26fa4cc5750ac432a84aec687a11dcbc276fd136e7d1ce29.pdf,https://docs.electionsquebec.qc.ca/PRO/6176fdc20e2da/SommaireRDE-partielles-2015-03-09.pdf
src_bc27f2afd192,src_bc27f2afd192_20261003141343658_3b293063b345,2026-10-03T14:13:43.658Z,2026-10-03T14:13:44.095Z,NA,"Mon, 15 Jun 2026 10:34:33 GMT","W/""6d54c878c432279276947973bba0db6a""",3b293063b3452c8a12381b5cb72956248f26e23762c83513fa34e509ff3f82db,21099,data/raw/src_bc27f2afd192/3b293063b3452c8a12381b5cb72956248f26e23762c83513fa34e509ff3f82db.pdf,https://docs.electionsquebec.qc.ca/PRO/6176fd9386399/SommaireRDE-partielles-2014-10-20.pdf
src_e0df11670b07,src_e0df11670b07_20261003141344881_2044ec145c12,2026-10-03T14:13:44.881Z,2026-10-03T14:13:46.968Z,NA,"Mon, 15 Jun 2026 10:34:33 GMT","W/""8884e0bb51302e076cea1d077a6d80dc""",2044ec145c12cdea95890b0bc1761b36e8e553a308d99fa2be0ad351391157f7,229728,data/raw/src_e0df11670b07/2044ec145c12cdea95890b0bc1761b36e8e553a308d99fa2be0ad351391157f7.pdf,https://docs.electionsquebec.qc.ca/PRO/6176fd62af68e/SommaireRDE-partielles-2013-12-09.pdf
src_a1b8ce3f9327,src_a1b8ce3f9327_20261003141347752_41f4626777ee,2026-10-03T14:13:47.752Z,2026-10-03T14:13:48.419Z,NA,"Mon, 15 Jun 2026 10:34:33 GMT","W/""415f95f2963b414766107308e7ab1064""",41f4626777eeb1c7becd7cca9209e1af30f444df18e10e7255d221db97898fe2,16023,data/raw/src_a1b8ce3f9327/41f4626777eeb1c7becd7cca9209e1af30f444df18e10e7255d221db97898fe2.pdf,https://docs.electionsquebec.qc.ca/PRO/6176fd305727c/SommaireRDE-partielles-2012-06-11.pdf
src_599c155a843f,src_599c155a843f_20261003141349205_72fdff6f9119,2026-10-03T14:13:49.205Z,2026-10-03T14:13:49.845Z,NA,"Mon, 15 Jun 2026 10:34:33 GMT","W/""3f3a522055c1a90be4f8931ed916d464""",72fdff6f9119078503f9d85aa1cc6695ee2bbf6ab2bfe09637f732f4b15c1b12,13003,data/raw/src_599c155a843f/72fdff6f9119078503f9d85aa1cc6695ee2bbf6ab2bfe09637f732f4b15c1b12.pdf,https://docs.electionsquebec.qc.ca/PRO/6176fd0706b8d/SommaireRDE-partielles-2011-12-05.pdf
src_054c00a7b03c,src_054c00a7b03c_20261003141350636_e4b81d3c0da8,2026-10-03T14:13:50.636Z,2026-10-03T14:13:51.395Z,NA,"Sat, 03 Oct 2026 13:14:30 GMT","W/""1231c4525c811fe1d6b10d5aa13f67e9""",e4b81d3c0da8bd9098b6b2e7db6c366e2aeddb08a9666e6669aed2d9b8a76c6b,64022,data/raw/src_054c00a7b03c/e4b81d3c0da8bd9098b6b2e7db6c366e2aeddb08a9666e6669aed2d9b8a76c6b.html,https://www.electionsquebec.qc.ca/resultats-et-statistiques/statistiques-sur-les-candidatures/statistiques-sur-les-candidatures-5-octobre-2026/
src_6c3e3712dabd,src_6c3e3712dabd_20261003141352183_7c2caf51a63d,2026-10-03T14:13:52.183Z,2026-10-03T14:13:52.924Z,NA,"Sat, 03 Oct 2026 13:14:30 GMT","W/""c7b3e3a760867fd92c25cc6cc8888626""",7c2caf51a63d2ac3fa0f91a1da602c2aac8b8ea2c474f9b1c5e7d9ec09bbe245,61004,data/raw/src_6c3e3712dabd/7c2caf51a63d2ac3fa0f91a1da602c2aac8b8ea2c474f9b1c5e7d9ec09bbe245.html,https://www.electionsquebec.qc.ca/resultats-et-statistiques/historique-du-taux-de-participation-electorale/
src_d61e09ea1753,src_d61e09ea1753_20261003141353698_af2ce8d8374f,2026-10-03T14:13:53.698Z,2026-10-03T14:13:54.072Z,NA,"Sat, 03 Oct 2026 13:14:30 GMT","""9d83be64830082574fe5a7cf01817bd6""",af2ce8d8374f71301cfa691840052f22cb581ff9b6ef30e1ce0121dc34d97b3d,513,data/raw/src_d61e09ea1753/af2ce8d8374f71301cfa691840052f22cb581ff9b6ef30e1ce0121dc34d97b3d.html,https://www.electionsquebec.qc.ca/resultats-et-statistiques/resultats-generales/
src_e91d45d3f2aa,src_e91d45d3f2aa_20261003141353549_c55f72542bfc,2026-10-03T14:13:53.549Z,2026-10-03T14:13:55.122Z,NA,"Thu, 18 Dec 2025 12:20:10 GMT","""6f165ab9214268477dc9fef393cfbc6e""",c55f72542bfc74586a707d8983f745bc01501cf7a9a92329ac246db4b67e6c42,177152,data/raw/src_e91d45d3f2aa/c55f72542bfc74586a707d8983f745bc01501cf7a9a92329ac246db4b67e6c42.xls,https://donnees.electionsquebec.qc.ca/production/provincial/resultats/archives/gen2012-09-04/Liste_complete_des_candidats.xls
src_89b1dcb3bd18,src_89b1dcb3bd18_20261003141354852_af2ce8d8374f,2026-10-03T14:13:54.852Z,2026-10-03T14:13:55.324Z,NA,"Sat, 03 Oct 2026 13:14:30 GMT","""9d83be64830082574fe5a7cf01817bd6""",af2ce8d8374f71301cfa691840052f22cb581ff9b6ef30e1ce0121dc34d97b3d,513,data/raw/src_89b1dcb3bd18/af2ce8d8374f71301cfa691840052f22cb581ff9b6ef30e1ce0121dc34d97b3d.html,https://www.electionsquebec.qc.ca/resultats-et-statistiques/resultats-generales/#skipToContent
src_3f77879fe5f9,src_3f77879fe5f9_20261003141356106_00c94c809926,2026-10-03T14:13:56.106Z,2026-10-03T14:13:56.575Z,NA,"Sat, 03 Oct 2026 13:14:30 GMT","W/""510c15b6de423f5e87b6415ce069eef6""",00c94c8099262dc6ade10cf1ab8d3d011839c35d8d6da85f5b3a45e33bf92c88,53220,data/raw/src_3f77879fe5f9/00c94c8099262dc6ade10cf1ab8d3d011839c35d8d6da85f5b3a45e33bf92c88.html,https://www.electionsquebec.qc.ca/resultats-et-statistiques/resultats-generales/2022-10-03/
src_3079060e6e05,src_3079060e6e05_20261003141357358_15e387dcad5b,2026-10-03T14:13:57.358Z,2026-10-03T14:13:57.763Z,NA,"Sat, 03 Oct 2026 13:14:30 GMT","W/""3560540c90951813d56a8204539582fc""",15e387dcad5b65acee3d6f10fe97ddd33e92e00de868f8c99c6984270f700077,53222,data/raw/src_3079060e6e05/15e387dcad5b65acee3d6f10fe97ddd33e92e00de868f8c99c6984270f700077.html,https://www.electionsquebec.qc.ca/resultats-et-statistiques/resultats-generales/2018-10-01/
src_ef8b71b53e21,src_ef8b71b53e21_20261003141358543_d4d3afe5c190,2026-10-03T14:13:58.543Z,2026-10-03T14:13:59.132Z,NA,"Sat, 03 Oct 2026 13:14:30 GMT","W/""056715c073ad7d5a068da6cb5ecd6d7e""",d4d3afe5c1905ffc4c29803ce2467c74a7f997133e35e91ead4d2a09db76145a,53218,data/raw/src_ef8b71b53e21/d4d3afe5c1905ffc4c29803ce2467c74a7f997133e35e91ead4d2a09db76145a.html,https://www.electionsquebec.qc.ca/resultats-et-statistiques/resultats-generales/2014-04-07/
src_8e75d31e857d,src_8e75d31e857d_20261003141359911_24a312474b24,2026-10-03T14:13:59.911Z,2026-10-03T14:14:01.392Z,NA,"Sat, 03 Oct 2026 13:14:30 GMT","W/""e199d68c8eef48d1d1d5cbf22124a3d2""",24a312474b24801515e4cacea33518a312b0914ccfc224b2c17945d1f965131b,53222,data/raw/src_8e75d31e857d/24a312474b24801515e4cacea33518a312b0914ccfc224b2c17945d1f965131b.html,https://www.electionsquebec.qc.ca/resultats-et-statistiques/resultats-generales/2012-09-04/
src_bd95fc36ff7d,src_bd95fc36ff7d_20261003141402178_466a92f85423,2026-10-03T14:14:02.178Z,2026-10-03T14:14:02.592Z,NA,"Sat, 03 Oct 2026 13:14:30 GMT","W/""45369b3f3f8d12c7e9a8b9f64d419447""",466a92f85423bbcdcce86a48ab23565936cee62f8c7efc83604e6e93b39e62ac,53222,data/raw/src_bd95fc36ff7d/466a92f85423bbcdcce86a48ab23565936cee62f8c7efc83604e6e93b39e62ac.html,https://www.electionsquebec.qc.ca/resultats-et-statistiques/resultats-generales/2008-12-08/
src_2fbd7c4b9831,src_2fbd7c4b9831_20261003141403374_f359f87d956a,2026-10-03T14:14:03.374Z,2026-10-03T14:14:03.792Z,NA,"Sat, 03 Oct 2026 13:14:30 GMT","W/""d460c3577d336056b0761e02220eb6c3""",f359f87d956a798530da8a61a7b4d88eed6f5720b7117f3e4afdf4d99f299d14,53218,data/raw/src_2fbd7c4b9831/f359f87d956a798530da8a61a7b4d88eed6f5720b7117f3e4afdf4d99f299d14.html,https://www.electionsquebec.qc.ca/resultats-et-statistiques/resultats-generales/2007-03-26/
src_6c7c3c7f0abb,src_6c7c3c7f0abb_20261003141404580_893f3a837261,2026-10-03T14:14:04.580Z,2026-10-03T14:14:05.233Z,NA,"Sat, 03 Oct 2026 13:14:30 GMT","W/""7f6748178d95d30673d16b1c4a85cd3e""",893f3a83726186e1d0f4e3f616f1abe8e4308335732b33939a436085c103ec16,53219,data/raw/src_6c7c3c7f0abb/893f3a83726186e1d0f4e3f616f1abe8e4308335732b33939a436085c103ec16.html,https://www.electionsquebec.qc.ca/resultats-et-statistiques/resultats-generales/2003-04-14/
src_268f1a4a8b31,src_268f1a4a8b31_20261003141406005_8bfacb80aa8a,2026-10-03T14:14:06.005Z,2026-10-03T14:14:06.500Z,NA,"Sat, 03 Oct 2026 13:14:30 GMT","W/""de02c7631c7a41c39c533a3e6013bbba""",8bfacb80aa8a4a275f1bee9b1e52a8ca27d6ef854ac99d75dcf3e5649a7d75e6,53222,data/raw/src_268f1a4a8b31/8bfacb80aa8a4a275f1bee9b1e52a8ca27d6ef854ac99d75dcf3e5649a7d75e6.html,https://www.electionsquebec.qc.ca/resultats-et-statistiques/resultats-generales/1998-11-30/
src_d3981d15025d,src_d3981d15025d_20261003141407280_6d65fbe1d550,2026-10-03T14:14:07.280Z,2026-10-03T14:14:07.947Z,NA,"Sat, 03 Oct 2026 13:14:30 GMT","W/""843faa346ea9df061a32638aaa5b3b95""",6d65fbe1d5502714d4df826c5fd670fbb84b4df6f34ef8a6dd093dec70b94d30,53223,data/raw/src_d3981d15025d/6d65fbe1d5502714d4df826c5fd670fbb84b4df6f34ef8a6dd093dec70b94d30.html,https://www.electionsquebec.qc.ca/resultats-et-statistiques/resultats-generales/1994-09-12/
src_31b9081adafa,src_31b9081adafa_20261003141408730_11c49e3b1bd7,2026-10-03T14:14:08.730Z,2026-10-03T14:14:09.178Z,NA,"Sat, 03 Oct 2026 13:14:30 GMT","W/""923a2f7a41559995d4e03cf4fdde52fa""",11c49e3b1bd71a74d1d9604c5a33db8b384fdd6f61a9ba8ef76cb70a214ae175,53223,data/raw/src_31b9081adafa/11c49e3b1bd71a74d1d9604c5a33db8b384fdd6f61a9ba8ef76cb70a214ae175.html,https://www.electionsquebec.qc.ca/resultats-et-statistiques/resultats-generales/1989-09-25/
src_b03ffef94773,src_b03ffef94773_20261003141409957_60f1b8495277,2026-10-03T14:14:09.957Z,2026-10-03T14:14:10.437Z,NA,"Sat, 03 Oct 2026 13:14:30 GMT","W/""f21d118567ea59b97cd28c7a4948b2e8""",60f1b849527775ce1100c49b22c4656d32e14f88ea203a5646ddd9b35254d938,53222,data/raw/src_b03ffef94773/60f1b849527775ce1100c49b22c4656d32e14f88ea203a5646ddd9b35254d938.html,https://www.electionsquebec.qc.ca/resultats-et-statistiques/resultats-generales/1985-12-02/
src_406874c1e392,src_406874c1e392_20261003141411218_e1aa19bfc8e6,2026-10-03T14:14:11.218Z,2026-10-03T14:14:11.900Z,NA,"Sat, 03 Oct 2026 13:14:30 GMT","W/""960d5063915e8f8851f1d0a947f57ab1""",e1aa19bfc8e6df62060364a5099b6de39e1484a4f69b8dac524d5d6b5da99757,53219,data/raw/src_406874c1e392/e1aa19bfc8e6df62060364a5099b6de39e1484a4f69b8dac524d5d6b5da99757.html,https://www.electionsquebec.qc.ca/resultats-et-statistiques/resultats-generales/1981-04-13/
src_4afe4837258f,src_4afe4837258f_20261003141412682_fa508994b0ec,2026-10-03T14:14:12.682Z,2026-10-03T14:14:13.221Z,NA,"Sat, 03 Oct 2026 13:14:30 GMT","W/""97c2be8bc8690fa70c67ce794d51746b""",fa508994b0ec7839465a6b7bcf8c5858128a27890f72ea1af5789b0e97a6212b,53222,data/raw/src_4afe4837258f/fa508994b0ec7839465a6b7bcf8c5858128a27890f72ea1af5789b0e97a6212b.html,https://www.electionsquebec.qc.ca/resultats-et-statistiques/resultats-generales/1976-11-15/
src_f2dbc7f08dc1,src_f2dbc7f08dc1_20261003141413998_fa747923620a,2026-10-03T14:14:13.998Z,2026-10-03T14:14:14.648Z,NA,"Sat, 03 Oct 2026 13:14:30 GMT","W/""4b28fb55599e43c1aa11b1ffafe2270e""",fa747923620acb77648540f0e2cd6ef6b05feeae87079420880e5cf37c09f8d7,53221,data/raw/src_f2dbc7f08dc1/fa747923620acb77648540f0e2cd6ef6b05feeae87079420880e5cf37c09f8d7.html,https://www.electionsquebec.qc.ca/resultats-et-statistiques/resultats-generales/1973-10-29/
src_7abc96d42753,src_7abc96d42753_20261003141415431_1d6314b8d29e,2026-10-03T14:14:15.431Z,2026-10-03T14:14:16.028Z,NA,"Sat, 03 Oct 2026 13:14:30 GMT","W/""5985db80a4f6b7a05a187a821b23ce91""",1d6314b8d29e846b98fd2fdcf0dd51ede335b393f9d2b2d22b61e55c50d5b2fb,49973,data/raw/src_7abc96d42753/1d6314b8d29e846b98fd2fdcf0dd51ede335b393f9d2b2d22b61e55c50d5b2fb.html,https://www.electionsquebec.qc.ca/resultats-et-statistiques/resultats-partielles/2026-02-23/918/
src_2ce7b4ce1427,src_2ce7b4ce1427_20261003141416805_421e55204381,2026-10-03T14:14:16.805Z,2026-10-03T14:14:17.544Z,NA,"Fri, 02 Oct 2026 13:12:05 GMT","W/""b441d246296a83649f18b5ff48680c1e""",421e55204381f03ac0054e637e15890f38ae403e8d524449fdb10c39e143f06f,49993,data/raw/src_2ce7b4ce1427/421e55204381f03ac0054e637e15890f38ae403e8d524449fdb10c39e143f06f.html,https://www.electionsquebec.qc.ca/resultats-et-statistiques/resultats-partielles/2025-08-11/144/
src_28bdd9cef03e,src_28bdd9cef03e_20261003141418320_ff44777d151c,2026-10-03T14:14:18.320Z,2026-10-03T14:14:18.867Z,NA,"Sat, 03 Oct 2026 13:14:29 GMT","W/""d84aee719964f8519c90678fecd23e2c""",ff44777d151c3698699f6c12648e8bd924fb08255ce22994717596187f8aa071,49969,data/raw/src_28bdd9cef03e/ff44777d151c3698699f6c12648e8bd924fb08255ce22994717596187f8aa071.html,https://www.electionsquebec.qc.ca/resultats-et-statistiques/resultats-partielles/2025-03-17/542/
src_be3780a738b2,src_be3780a738b2_20261003141419646_6638e3bea32e,2026-10-03T14:14:19.646Z,2026-10-03T14:14:20.141Z,NA,"Sat, 03 Oct 2026 13:14:28 GMT","W/""0b6132aca2b7170ebffbb6a720731a6a""",6638e3bea32e79c43544f69c1e0086207ed4ee44475f679449a0929985ebc83e,49971,data/raw/src_be3780a738b2/6638e3bea32e79c43544f69c1e0086207ed4ee44475f679449a0929985ebc83e.html,https://www.electionsquebec.qc.ca/resultats-et-statistiques/resultats-partielles/2023-10-02/702/
src_f288f158a23a,src_f288f158a23a_20261003141420926_3735c08c6a20,2026-10-03T14:14:20.926Z,2026-10-03T14:14:22.793Z,NA,"Sat, 03 Oct 2026 13:14:29 GMT","W/""2d6530a77029815aef8e1c3745f85b64""",3735c08c6a2003432b18ed4fd8428787ca57a3c4df62ba184bab3f71d2c3e294,49969,data/raw/src_f288f158a23a/3735c08c6a2003432b18ed4fd8428787ca57a3c4df62ba184bab3f71d2c3e294.html,https://www.electionsquebec.qc.ca/resultats-et-statistiques/resultats-partielles/2023-03-13/326/
src_c15627904778,src_c15627904778_20261003141423577_5ac65c109bdd,2026-10-03T14:14:23.577Z,2026-10-03T14:14:23.821Z,NA,"Sat, 03 Oct 2026 13:14:29 GMT","W/""537c2a161c832352f16ce2bf8c10586b""",5ac65c109bdd1644f9a9d4b852cbe7d90bde545c7de0e2e1a99e44d3a65f93e8,49970,data/raw/src_c15627904778/5ac65c109bdd1644f9a9d4b852cbe7d90bde545c7de0e2e1a99e44d3a65f93e8.html,https://www.electionsquebec.qc.ca/resultats-et-statistiques/resultats-partielles/2022-04-11/246/
src_8d7400c4d1fb,src_8d7400c4d1fb_20261003141424601_6730b878603a,2026-10-03T14:14:24.601Z,2026-10-03T14:14:25.174Z,NA,"Sat, 03 Oct 2026 13:14:29 GMT","W/""bd0b52c82c73b56bcf1f8736b16441b0""",6730b878603aeca979af7ba4a050340c0acb435226339277b8cfc916e7df0691,49973,data/raw/src_8d7400c4d1fb/6730b878603aeca979af7ba4a050340c0acb435226339277b8cfc916e7df0691.html,https://www.electionsquebec.qc.ca/resultats-et-statistiques/resultats-partielles/2019-12-02/702/
src_69e089e9e10a,src_69e089e9e10a_20261003141425957_fad42f9cfa9b,2026-10-03T14:14:25.957Z,2026-10-03T14:14:26.579Z,NA,"Sat, 03 Oct 2026 13:14:29 GMT","W/""e2c30d4def21097edeb64d071088ea28""",fad42f9cfa9b84a18ad47d8c3b096b48fceb6d6cb98f57c65eaa2ae582bfb59d,49974,data/raw/src_69e089e9e10a/fad42f9cfa9b84a18ad47d8c3b096b48fceb6d6cb98f57c65eaa2ae582bfb59d.html,https://www.electionsquebec.qc.ca/resultats-et-statistiques/resultats-partielles/2018-12-10/930/
src_23725b5da595,src_23725b5da595_20261003141427359_bdcf2a49a7db,2026-10-03T14:14:27.359Z,2026-10-03T14:14:28.801Z,NA,"Sat, 03 Oct 2026 13:14:29 GMT","W/""2d8220179e81e58cd6cf00c19ed67ce1""",bdcf2a49a7dbd8f0b72a4ad9a7b1f7e6e2bcd75af36673a90295bc399c4b73c7,49971,data/raw/src_23725b5da595/bdcf2a49a7dbd8f0b72a4ad9a7b1f7e6e2bcd75af36673a90295bc399c4b73c7.html,https://www.electionsquebec.qc.ca/resultats-et-statistiques/resultats-partielles/2017-10-02/653/
src_c76958a761f5,src_c76958a761f5_20261003141429578_d2b5ee3e7cea,2026-10-03T14:14:29.578Z,2026-10-03T14:14:30.257Z,NA,"Sat, 03 Oct 2026 13:14:29 GMT","W/""9751686edb107cc0fe913e7d85585420""",d2b5ee3e7cea7df882606b337e1dd25ca82016649797395c115a3c405584810e,49968,data/raw/src_c76958a761f5/d2b5ee3e7cea7df882606b337e1dd25ca82016649797395c115a3c405584810e.html,https://www.electionsquebec.qc.ca/resultats-et-statistiques/resultats-partielles/2017-05-29/381/
src_c13d1bce829e,src_c13d1bce829e_20261003141431034_07474798e97b,2026-10-03T14:14:31.034Z,2026-10-03T14:14:31.618Z,NA,"Sat, 03 Oct 2026 13:14:28 GMT","W/""705397566d6cc62ade00c52ab83dc754""",07474798e97be1aede887c296a8eb8b54f6a14e4dbae2327958e2a2306ab8d45,49973,data/raw/src_c13d1bce829e/07474798e97be1aede887c296a8eb8b54f6a14e4dbae2327958e2a2306ab8d45.html,https://www.electionsquebec.qc.ca/resultats-et-statistiques/resultats-partielles/2016-12-05/323/
src_8e664378cc70,src_8e664378cc70_20261003141432395_e53d723d184b,2026-10-03T14:14:32.395Z,2026-10-03T14:14:32.637Z,NA,"Sat, 03 Oct 2026 13:14:28 GMT","W/""220eaccb2643c9dc8ed19d0261ce96f9""",e53d723d184b4f887723a611f46b49d87d0c562cd526aaa002fd36c760d38bd0,49973,data/raw/src_8e664378cc70/e53d723d184b4f887723a611f46b49d87d0c562cd526aaa002fd36c760d38bd0.html,https://www.electionsquebec.qc.ca/resultats-et-statistiques/resultats-partielles/2016-12-05/213/
src_e46316857e0d,src_e46316857e0d_20261003141433405_e2d0dd594e49,2026-10-03T14:14:33.405Z,2026-10-03T14:14:34.098Z,NA,"Sat, 03 Oct 2026 13:14:28 GMT","W/""23d0f4ad2e4e88b28d36af3399a1c686""",e2d0dd594e495626d08c9bd64954b87168a7b1b0058ce3650e3dde9b92ad2fae,49973,data/raw/src_e46316857e0d/e2d0dd594e495626d08c9bd64954b87168a7b1b0058ce3650e3dde9b92ad2fae.html,https://www.electionsquebec.qc.ca/resultats-et-statistiques/resultats-partielles/2016-12-05/505/
src_0f570398d8c4,src_0f570398d8c4_20261003141434881_2cf769dbc446,2026-10-03T14:14:34.881Z,2026-10-03T14:14:35.571Z,NA,"Sat, 03 Oct 2026 13:14:28 GMT","W/""8e691cbe5cd0c4c60bbc8e6836ab0a59""",2cf769dbc446b48de6e67f9cb8fb2f3d6fc984be4686b6b57e795d659a585c50,49973,data/raw/src_0f570398d8c4/2cf769dbc446b48de6e67f9cb8fb2f3d6fc984be4686b6b57e795d659a585c50.html,https://www.electionsquebec.qc.ca/resultats-et-statistiques/resultats-partielles/2016-12-05/397/
src_62cd9c8fd4f5,src_62cd9c8fd4f5_20261003141436349_bb19e7d90113,2026-10-03T14:14:36.349Z,2026-10-03T14:14:37.006Z,NA,"Sat, 03 Oct 2026 13:14:29 GMT","W/""0eb078d9e8e1fa976ae3da4b2f8e9e43""",bb19e7d901138fca965f878c301edd3a755dedb1b36ae613466b4b07ed28a421,49970,data/raw/src_62cd9c8fd4f5/bb19e7d901138fca965f878c301edd3a755dedb1b36ae613466b4b07ed28a421.html,https://www.electionsquebec.qc.ca/resultats-et-statistiques/resultats-partielles/2016-04-11/763/
src_9e0580f78d0e,src_9e0580f78d0e_20261003141437783_a5d5a4cda899,2026-10-03T14:14:37.783Z,2026-10-03T14:14:38.409Z,NA,"Sat, 03 Oct 2026 13:14:29 GMT","W/""72d42b917b3b39ece6e662f77a25eed9""",a5d5a4cda8990a25bd66214a2d5e7f1480bc48938beb42398a92518d9a0c8a1b,49972,data/raw/src_9e0580f78d0e/a5d5a4cda8990a25bd66214a2d5e7f1480bc48938beb42398a92518d9a0c8a1b.html,https://www.electionsquebec.qc.ca/resultats-et-statistiques/resultats-partielles/2015-11-09/293/
src_84fdba849959,src_84fdba849959_20261003141439178_005d7a937324,2026-10-03T14:14:39.178Z,2026-10-03T14:14:39.799Z,NA,"Sat, 03 Oct 2026 13:14:29 GMT","W/""0f1e384a5ee8834d0817be94d972bd9d""",005d7a93732445dc9e37bc668cfbb791f8b1f6201d5f7d5a91d713c15550e30a,49972,data/raw/src_84fdba849959/005d7a93732445dc9e37bc668cfbb791f8b1f6201d5f7d5a91d713c15550e30a.html,https://www.electionsquebec.qc.ca/resultats-et-statistiques/resultats-partielles/2015-11-09/443/
src_7270fdc3b2ec,src_7270fdc3b2ec_20261003141440582_31e74a9e1ae3,2026-10-03T14:14:40.582Z,2026-10-03T14:14:41.405Z,NA,"Sat, 03 Oct 2026 13:14:29 GMT","W/""8c8957c521cd27cfcdb0cefd6828a654""",31e74a9e1ae3fdb560451ee51e303cfe7f5b02970bed33c9a1c5919155aae7ce,49972,data/raw/src_7270fdc3b2ec/31e74a9e1ae3fdb560451ee51e303cfe7f5b02970bed33c9a1c5919155aae7ce.html,https://www.electionsquebec.qc.ca/resultats-et-statistiques/resultats-partielles/2015-11-09/753/
src_ce8857974978,src_ce8857974978_20261003141442186_4bbef5b0ae7b,2026-10-03T14:14:42.186Z,2026-10-03T14:14:42.839Z,NA,"Sat, 03 Oct 2026 13:14:29 GMT","W/""756604ee9805cf46f419b4ebdae1722f""",4bbef5b0ae7bbb5af53f61f39ba6281296986dbe1db62c29aa3a1f9371333085,49972,data/raw/src_ce8857974978/4bbef5b0ae7bbb5af53f61f39ba6281296986dbe1db62c29aa3a1f9371333085.html,https://www.electionsquebec.qc.ca/resultats-et-statistiques/resultats-partielles/2015-11-09/393/
src_32d80e844cc9,src_32d80e844cc9_20261003141443625_3c62d18d35e3,2026-10-03T14:14:43.625Z,2026-10-03T14:14:43.953Z,NA,"Sat, 03 Oct 2026 13:14:29 GMT","W/""5f73b5de818da7a56a99ad2d51dc163d""",3c62d18d35e3ee6a24bee1ee3549008f995c74159b2d623987c342f555c9b1e9,49968,data/raw/src_32d80e844cc9/3c62d18d35e3ee6a24bee1ee3549008f995c74159b2d623987c342f555c9b1e9.html,https://www.electionsquebec.qc.ca/resultats-et-statistiques/resultats-partielles/2015-06-08/613/
src_25cafa59a723,src_25cafa59a723_20261003141444731_e33a0b958ce3,2026-10-03T14:14:44.731Z,2026-10-03T14:14:45.245Z,NA,"Sat, 03 Oct 2026 13:14:29 GMT","W/""1f6359576053b690ba9499991d365b16""",e33a0b958ce3c2cfcb8f38bb780e2ad0b7d786a0642c039c62c6e2499efb98dd,49968,data/raw/src_25cafa59a723/e33a0b958ce3c2cfcb8f38bb780e2ad0b7d786a0642c039c62c6e2499efb98dd.html,https://www.electionsquebec.qc.ca/resultats-et-statistiques/resultats-partielles/2015-06-08/643/
src_6f8e7ac92c98,src_6f8e7ac92c98_20261003141446061_1566897c3ee4,2026-10-03T14:14:46.061Z,2026-10-03T14:14:46.648Z,NA,"Sat, 03 Oct 2026 13:14:28 GMT","W/""4407a2812d57b36d45e060f9d4077cbc""",1566897c3ee44f31d3110f0cbf139e5096d41b184e87e1466c6557525d4b8541,49968,data/raw/src_6f8e7ac92c98/1566897c3ee44f31d3110f0cbf139e5096d41b184e87e1466c6557525d4b8541.html,https://www.electionsquebec.qc.ca/resultats-et-statistiques/resultats-partielles/2015-03-09/253/
src_f730ae201048,src_f730ae201048_20261003141447426_3c39164e0e37,2026-10-03T14:14:47.426Z,2026-10-03T14:14:47.887Z,NA,"Sat, 03 Oct 2026 13:14:29 GMT","W/""c0d7bf1eab3c45ea0da39b6118812926""",3c39164e0e37ac6eae3bde9bfa1fcb0892fb0b5dda0b792f254bc6a36b315220,49972,data/raw/src_f730ae201048/3c39164e0e37ac6eae3bde9bfa1fcb0892fb0b5dda0b792f254bc6a36b315220.html,https://www.electionsquebec.qc.ca/resultats-et-statistiques/resultats-partielles/2014-10-20/663/
src_e2863d2ff48e,src_e2863d2ff48e_20261003141448664_d9ba5ecbc8a2,2026-10-03T14:14:48.664Z,2026-10-03T14:14:49.343Z,NA,"Sat, 03 Oct 2026 13:14:28 GMT","W/""e08f7e282bbb80627e3da30b5e9f9f6c""",d9ba5ecbc8a21ab51d2369d3f8824967c47880e334d29a308ad8e4abeaace0da,49978,data/raw/src_e2863d2ff48e/d9ba5ecbc8a21ab51d2369d3f8824967c47880e334d29a308ad8e4abeaace0da.html,https://www.electionsquebec.qc.ca/resultats-et-statistiques/resultats-partielles/2013-12-09/2033/
src_783720c6e777,src_783720c6e777_20261003141450120_eba66abe1c2b,2026-10-03T14:14:50.120Z,2026-10-03T14:14:50.793Z,NA,"Sat, 03 Oct 2026 13:14:28 GMT","W/""3e42b31fc2bed88ce9ed57429bf9dc96""",eba66abe1c2bd9370c36c1ddc8625a7907c372a9915f740ebf084a56fe4dfc0e,49978,data/raw/src_783720c6e777/eba66abe1c2bd9370c36c1ddc8625a7907c372a9915f740ebf084a56fe4dfc0e.html,https://www.electionsquebec.qc.ca/resultats-et-statistiques/resultats-partielles/2013-12-09/2032/
src_882ec43a32df,src_882ec43a32df_20261003141451570_c176575a59ff,2026-10-03T14:14:51.570Z,2026-10-03T14:14:52.237Z,NA,"Sat, 03 Oct 2026 13:14:28 GMT","W/""7b767e9a5f1e5d319b37ccbe55f79a7b""",c176575a59ff89c5063433ebace3607ef1c5370cd68e0a6250c45c6fcf13a85d,49969,data/raw/src_882ec43a32df/c176575a59ff89c5063433ebace3607ef1c5370cd68e0a6250c45c6fcf13a85d.html,https://www.electionsquebec.qc.ca/resultats-et-statistiques/resultats-partielles/2012-06-11/518/
src_94e4ffeab3fb,src_94e4ffeab3fb_20261003141453014_6c6e315e685f,2026-10-03T14:14:53.014Z,2026-10-03T14:14:53.438Z,NA,"Sat, 03 Oct 2026 13:14:28 GMT","W/""ebf4ca4ce31693554a400c3b06c77651""",6c6e315e685ff1e9ab9b189e3a5b6617ea0d97c8b62ef301b4732557e4881f94,49969,data/raw/src_94e4ffeab3fb/6c6e315e685ff1e9ab9b189e3a5b6617ea0d97c8b62ef301b4732557e4881f94.html,https://www.electionsquebec.qc.ca/resultats-et-statistiques/resultats-partielles/2012-06-11/374/
src_4533e0bc2c67,src_4533e0bc2c67_20261003141454215_ee0997472de7,2026-10-03T14:14:54.215Z,2026-10-03T14:14:54.738Z,NA,"Sat, 03 Oct 2026 13:14:30 GMT","W/""ea999e20df8dfbafeb7f2d6b8244fbbf""",ee0997472de7e3afb46f44cdcd926e7b6941648eba811ec094129714040045d6,49973,data/raw/src_4533e0bc2c67/ee0997472de7e3afb46f44cdcd926e7b6941648eba811ec094129714040045d6.html,https://www.electionsquebec.qc.ca/resultats-et-statistiques/resultats-partielles/2011-12-05/718/
src_1c8b423e8f35,src_1c8b423e8f35_20261003141455519_6f688efac315,2026-10-03T14:14:55.519Z,2026-10-03T14:14:55.968Z,NA,"Sat, 03 Oct 2026 13:14:30 GMT","W/""cb3f358c3cc7995687170d71f3579919""",6f688efac3156cb40e3aef504c7dc9501a640f8727276a75345d2241622a3895,49973,data/raw/src_1c8b423e8f35/6f688efac3156cb40e3aef504c7dc9501a640f8727276a75345d2241622a3895.html,https://www.electionsquebec.qc.ca/resultats-et-statistiques/resultats-partielles/2010-11-29/692/
src_7b5a09be1567,src_7b5a09be1567_20261003141456746_e4a559a4559a,2026-10-03T14:14:56.746Z,2026-10-03T14:14:57.405Z,NA,"Sat, 03 Oct 2026 13:14:30 GMT","W/""512dee29da7fcf1775f79793c0a92a1d""",e4a559a4559a6318b9462dcdf4b1cea98eb8ab30869cdf281384902cfad37ca9,49974,data/raw/src_7b5a09be1567/e4a559a4559a6318b9462dcdf4b1cea98eb8ab30869cdf281384902cfad37ca9.html,https://www.electionsquebec.qc.ca/resultats-et-statistiques/resultats-partielles/2010-09-13/418/
src_627202d8d776,src_627202d8d776_20261003141458181_24e296c19491,2026-10-03T14:14:58.181Z,2026-10-03T14:14:58.838Z,NA,"Sat, 03 Oct 2026 13:14:29 GMT","W/""e5648c76c5d636ee0dab43e8bec40d3f""",24e296c19491137e5f0466ebb71e409516375f4da6bd0330a866e08a708a7d57,49971,data/raw/src_627202d8d776/24e296c19491137e5f0466ebb71e409516375f4da6bd0330a866e08a708a7d57.html,https://www.electionsquebec.qc.ca/resultats-et-statistiques/resultats-partielles/2010-07-05/228/
src_32bd4657ca40,src_32bd4657ca40_20261003141459619_13b35604af15,2026-10-03T14:14:59.619Z,2026-10-03T14:15:00.056Z,NA,"Sat, 03 Oct 2026 13:14:29 GMT","W/""df9023dbfe2104f703ecf211d910adb4""",13b35604af157b6112a1fffb9852ba2d172e30e54d6c6471880e530a73c1705a,49974,data/raw/src_32bd4657ca40/13b35604af157b6112a1fffb9852ba2d172e30e54d6c6471880e530a73c1705a.html,https://www.electionsquebec.qc.ca/resultats-et-statistiques/resultats-partielles/2009-09-21/504/
src_906def430a57,src_906def430a57_20261003141500837_8e5e8ec9ffe4,2026-10-03T14:15:00.837Z,2026-10-03T14:15:01.543Z,NA,"Sat, 03 Oct 2026 13:14:30 GMT","W/""5ca42c93102b946b80c5bde921d362da""",8e5e8ec9ffe40b8d95dedff59a91db6f9f4f5327f5922de1b646a88e86f1ad43,49969,data/raw/src_906def430a57/8e5e8ec9ffe40b8d95dedff59a91db6f9f4f5327f5922de1b646a88e86f1ad43.html,https://www.electionsquebec.qc.ca/resultats-et-statistiques/resultats-partielles/2009-06-22/402/
src_ee8ab71fcb96,src_ee8ab71fcb96_20261003141502320_b2ce3d7ce729,2026-10-03T14:15:02.320Z,2026-10-03T14:15:02.854Z,NA,"Sat, 03 Oct 2026 13:14:30 GMT","W/""e8426e0813fe63c74a7e6b2b6b1c9aaa""",b2ce3d7ce729310d00d7a8b243d42c1e311445d7a5eb146b99762bd39dc4d708,49969,data/raw/src_ee8ab71fcb96/b2ce3d7ce729310d00d7a8b243d42c1e311445d7a5eb146b99762bd39dc4d708.html,https://www.electionsquebec.qc.ca/resultats-et-statistiques/resultats-partielles/2009-06-22/698/
src_8f413c4b12fd,src_8f413c4b12fd_20261003141503636_68f50fd92d57,2026-10-03T14:15:03.636Z,2026-10-03T14:15:04.120Z,NA,"Sat, 03 Oct 2026 13:14:28 GMT","W/""cf7248b59e98149c8ea8935390a9a11c""",68f50fd92d57e278dae37633a37adadca081e53cb2185725bd1defdf75f88dcb,49974,data/raw/src_8f413c4b12fd/68f50fd92d57e278dae37633a37adadca081e53cb2185725bd1defdf75f88dcb.html,https://www.electionsquebec.qc.ca/resultats-et-statistiques/resultats-partielles/2008-09-29/644/
src_d68e03164c27,src_d68e03164c27_20261003141504903_1e2818c4de95,2026-10-03T14:15:04.903Z,2026-10-03T14:15:05.420Z,NA,"Sat, 03 Oct 2026 13:14:28 GMT","W/""e2a5e82e0ee6ad6d631deb3e6ba98c79""",1e2818c4de95d68b5f5a1d87199e94ee7000366495691b4717c391f5ea9f0060,49968,data/raw/src_d68e03164c27/1e2818c4de95d68b5f5a1d87199e94ee7000366495691b4717c391f5ea9f0060.html,https://www.electionsquebec.qc.ca/resultats-et-statistiques/resultats-partielles/2008-05-12/378/
src_8dd2a1a9e021,src_8dd2a1a9e021_20261003141506197_347012dbba5c,2026-10-03T14:15:06.197Z,2026-10-03T14:15:06.848Z,NA,"Sat, 03 Oct 2026 13:14:28 GMT","W/""b3ed9b84e44a21cfcf6d8ab5ab0f34d8""",347012dbba5ce5060a9b7a9bc8ea48e2141ff729a62ee58634c61026dae07308,49968,data/raw/src_8dd2a1a9e021/347012dbba5ce5060a9b7a9bc8ea48e2141ff729a62ee58634c61026dae07308.html,https://www.electionsquebec.qc.ca/resultats-et-statistiques/resultats-partielles/2008-05-12/552/
src_47aabeb67b6d,src_47aabeb67b6d_20261003141507626_2f75ebb7ca51,2026-10-03T14:15:07.626Z,2026-10-03T14:15:08.317Z,NA,"Sat, 03 Oct 2026 13:14:28 GMT","W/""cc3bc710fb34a55281f21584b8166f37""",2f75ebb7ca510bb7ed70eda491169865d2843b059d96b3699a2dea4c5a8b188b,49968,data/raw/src_47aabeb67b6d/2f75ebb7ca510bb7ed70eda491169865d2843b059d96b3699a2dea4c5a8b188b.html,https://www.electionsquebec.qc.ca/resultats-et-statistiques/resultats-partielles/2008-05-12/372/
src_1046ce2ec8ed,src_1046ce2ec8ed_20261003141509098_75a7ce038446,2026-10-03T14:15:09.098Z,2026-10-03T14:15:09.782Z,NA,"Sat, 03 Oct 2026 13:14:29 GMT","W/""dfd62515c77e1f32b9cc906005a94da5""",75a7ce038446ce788f00552600d6eebf576bbf350564560217d74171156178ef,49974,data/raw/src_1046ce2ec8ed/75a7ce038446ce788f00552600d6eebf576bbf350564560217d74171156178ef.html,https://www.electionsquebec.qc.ca/resultats-et-statistiques/resultats-partielles/2007-09-24/678/
src_747e86221b82,src_747e86221b82_20261003141510558_0716c0664c8a,2026-10-03T14:15:10.558Z,2026-10-03T14:15:11.176Z,NA,"Sat, 03 Oct 2026 13:14:29 GMT","W/""0b5f5ca0afc99ca01f0d6497fad1711f""",0716c0664c8ac2a5546721b1ded0999d9b40e581fd82e2342adfe537e1aa640e,49970,data/raw/src_747e86221b82/0716c0664c8ac2a5546721b1ded0999d9b40e581fd82e2342adfe537e1aa640e.html,https://www.electionsquebec.qc.ca/resultats-et-statistiques/resultats-partielles/2006-08-14/372/
src_61e93b203ac4,src_61e93b203ac4_20261003141511952_33f3f7886e6b,2026-10-03T14:15:11.952Z,2026-10-03T14:15:12.258Z,NA,"Sat, 03 Oct 2026 13:14:29 GMT","W/""10eaba40a5b11f343637aeeb189a22b0""",33f3f7886e6b0722d881e7454c1795da1425d356c65975bd4c03d60af4f4cc9f,49970,data/raw/src_61e93b203ac4/33f3f7886e6b0722d881e7454c1795da1425d356c65975bd4c03d60af4f4cc9f.html,https://www.electionsquebec.qc.ca/resultats-et-statistiques/resultats-partielles/2006-08-14/222/
src_d30c9d8f5484,src_d30c9d8f5484_20261003141513042_e624ac1c2cde,2026-10-03T14:15:13.042Z,2026-10-03T14:15:13.491Z,NA,"Sat, 03 Oct 2026 13:14:29 GMT","W/""a15e2b38816475c4a755dc81f86716d6""",e624ac1c2cde1be49e73a796af7a5d0b9503d3009eb139fd83588cecc7f6140d,49970,data/raw/src_d30c9d8f5484/e624ac1c2cde1be49e73a796af7a5d0b9503d3009eb139fd83588cecc7f6140d.html,https://www.electionsquebec.qc.ca/resultats-et-statistiques/resultats-partielles/2006-04-10/392/
src_c5adb622da6c,src_c5adb622da6c_20261003141514267_93e173fa9b69,2026-10-03T14:15:14.267Z,2026-10-03T14:15:15.030Z,NA,"Sat, 03 Oct 2026 13:14:28 GMT","W/""bb5b726b2801dcf73991d512f7eb34bb""",93e173fa9b69c0d85c997668cc687877b948a03c38901ec96b82b6f8a9c9634f,49974,data/raw/src_c5adb622da6c/93e173fa9b69c0d85c997668cc687877b948a03c38901ec96b82b6f8a9c9634f.html,https://www.electionsquebec.qc.ca/resultats-et-statistiques/resultats-partielles/2005-12-12/424/
src_934adb2c9ad3,src_934adb2c9ad3_20261003141515807_9ef658f53346,2026-10-03T14:15:15.807Z,2026-10-03T14:15:16.387Z,NA,"Sat, 03 Oct 2026 13:14:28 GMT","W/""743ed27b4de9b84967f1a5046073f0c3""",9ef658f533462a5a4c7ad4bdacd4320a3d0a4f61760b1f3e171f3313d5da2864,49974,data/raw/src_934adb2c9ad3/9ef658f533462a5a4c7ad4bdacd4320a3d0a4f61760b1f3e171f3313d5da2864.html,https://www.electionsquebec.qc.ca/resultats-et-statistiques/resultats-partielles/2005-12-12/248/
src_3cbcd21b9f7d,src_3cbcd21b9f7d_20261003141517159_ac57907e892f,2026-10-03T14:15:17.159Z,2026-10-03T14:15:17.781Z,NA,"Sat, 03 Oct 2026 13:14:29 GMT","W/""819ce4940013a71cfb7409b435067b24""",ac57907e892fc3481de2e6e6089b37b82fb4583d0f1c63a9b0ee4fe086dcf093,49974,data/raw/src_3cbcd21b9f7d/ac57907e892fc3481de2e6e6089b37b82fb4583d0f1c63a9b0ee4fe086dcf093.html,https://www.electionsquebec.qc.ca/resultats-et-statistiques/resultats-partielles/2004-09-20/384/
src_ff69a4ad1059,src_ff69a4ad1059_20261003141518561_581995d5179e,2026-10-03T14:15:18.561Z,2026-10-03T14:15:19.271Z,NA,"Sat, 03 Oct 2026 13:14:29 GMT","W/""4b76a252629ddeacba6185019a43573f""",581995d5179ef77b15ad821beb0ab10a8f54f863e55635c1347498e7ad8195e3,49974,data/raw/src_ff69a4ad1059/581995d5179ef77b15ad821beb0ab10a8f54f863e55635c1347498e7ad8195e3.html,https://www.electionsquebec.qc.ca/resultats-et-statistiques/resultats-partielles/2004-09-20/426/
src_c785c96da183,src_c785c96da183_20261003141520049_90958f3b8481,2026-10-03T14:15:20.049Z,2026-10-03T14:15:20.670Z,NA,"Sat, 03 Oct 2026 13:14:29 GMT","W/""47e78354d85727f15565249134cb5990""",90958f3b848107a2d66b031975a7fbb8713afef111671bf1d3c18c6b35617d4b,49974,data/raw/src_c785c96da183/90958f3b848107a2d66b031975a7fbb8713afef111671bf1d3c18c6b35617d4b.html,https://www.electionsquebec.qc.ca/resultats-et-statistiques/resultats-partielles/2004-09-20/414/
src_4e1719fa92fc,src_4e1719fa92fc_20261003141521447_21be27f4b238,2026-10-03T14:15:21.447Z,2026-10-03T14:15:21.971Z,NA,"Sat, 03 Oct 2026 13:14:29 GMT","W/""d7c320c9f29ff5b5927190c58713ecf2""",21be27f4b23866742ae64b71a51d980b6ae87ae4ca1b12dcb5835169128bd4dc,49974,data/raw/src_4e1719fa92fc/21be27f4b23866742ae64b71a51d980b6ae87ae4ca1b12dcb5835169128bd4dc.html,https://www.electionsquebec.qc.ca/resultats-et-statistiques/resultats-partielles/2004-09-20/638/
src_c8d551196428,src_c8d551196428_20261003141522751_219666c69883,2026-10-03T14:15:22.751Z,2026-10-03T14:15:23.334Z,NA,"Sat, 03 Oct 2026 13:14:30 GMT","W/""8cbc4db8ccee24852dc81ce0af31395d""",219666c69883383c44b17b0c1cbcc9451fa5f5461c7832f61eff21601beca1d4,49969,data/raw/src_c8d551196428/219666c69883383c44b17b0c1cbcc9451fa5f5461c7832f61eff21601beca1d4.html,https://www.electionsquebec.qc.ca/resultats-et-statistiques/resultats-partielles/2002-06-17/354/
src_f1db35e64918,src_f1db35e64918_20261003141524108_2bf9485c1761,2026-10-03T14:15:24.108Z,2026-10-03T14:15:24.827Z,NA,"Sat, 03 Oct 2026 13:14:30 GMT","W/""767a6dbf5a2540021cbae9c38e978a5e""",2bf9485c1761da289ad43b13c8582dfa7b2627f03793649e70e0431c6ef9b344,49969,data/raw/src_f1db35e64918/2bf9485c1761da289ad43b13c8582dfa7b2627f03793649e70e0431c6ef9b344.html,https://www.electionsquebec.qc.ca/resultats-et-statistiques/resultats-partielles/2002-06-17/362/
src_8196824a876c,src_8196824a876c_20261003141525603_01b3ce3c021d,2026-10-03T14:15:25.603Z,2026-10-03T14:15:26.035Z,NA,"Sat, 03 Oct 2026 13:14:30 GMT","W/""c8f8b5370529104e0cc57759fa611497""",01b3ce3c021d36d82244d558141c9f7920be679d5c7021d1de8d1794840acf27,49969,data/raw/src_8196824a876c/01b3ce3c021d36d82244d558141c9f7920be679d5c7021d1de8d1794840acf27.html,https://www.electionsquebec.qc.ca/resultats-et-statistiques/resultats-partielles/2002-06-17/778/
src_bed31eab2a64,src_bed31eab2a64_20261003141526810_18810a22a540,2026-10-03T14:15:26.810Z,2026-10-03T14:15:27.247Z,NA,"Sat, 03 Oct 2026 13:14:30 GMT","W/""d7fee82dd053c4e7e6a0bf400ae79dc0""",18810a22a540dc2a65b43eae1f3a0aff8f1d096f21e30c5d7f80d0f4db740586,49969,data/raw/src_bed31eab2a64/18810a22a540dc2a65b43eae1f3a0aff8f1d096f21e30c5d7f80d0f4db740586.html,https://www.electionsquebec.qc.ca/resultats-et-statistiques/resultats-partielles/2002-06-17/448/
src_963aca029293,src_963aca029293_20261003141528017_6c656e80bbdc,2026-10-03T14:15:28.017Z,2026-10-03T14:15:28.566Z,NA,"Sat, 03 Oct 2026 13:14:28 GMT","W/""25bdbf6651806a681bbbc30135df38db""",6c656e80bbdceafa450c5a0b1103d65901cc0fe329d59b47c5962fdedd64e5e5,49970,data/raw/src_963aca029293/6c656e80bbdceafa450c5a0b1103d65901cc0fe329d59b47c5962fdedd64e5e5.html,https://www.electionsquebec.qc.ca/resultats-et-statistiques/resultats-partielles/2002-04-15/537/
src_1b5ee81cb20d,src_1b5ee81cb20d_20261003141529341_23e5344b42e7,2026-10-03T14:15:29.341Z,2026-10-03T14:15:29.893Z,NA,"Sat, 03 Oct 2026 13:14:28 GMT","W/""81c37d6d4981d6fe3af2cf6bf73b2c27""",23e5344b42e7ba1eba69444b9e6fecf0b09b9049822732c456de93e364edc7c7,49970,data/raw/src_1b5ee81cb20d/23e5344b42e7ba1eba69444b9e6fecf0b09b9049822732c456de93e364edc7c7.html,https://www.electionsquebec.qc.ca/resultats-et-statistiques/resultats-partielles/2002-04-15/865/
src_0d920af06267,src_0d920af06267_20261003141530674_25f175638de2,2026-10-03T14:15:30.674Z,2026-10-03T14:15:31.392Z,NA,"Sat, 03 Oct 2026 13:14:28 GMT","W/""4cf4efd1d9993b970c70d08c655821c2""",25f175638de23c2baaab92e59b7f21caf50ff7300ef640dc4d9c6dbc3b664026,49970,data/raw/src_0d920af06267/25f175638de23c2baaab92e59b7f21caf50ff7300ef640dc4d9c6dbc3b664026.html,https://www.electionsquebec.qc.ca/resultats-et-statistiques/resultats-partielles/2002-04-15/533/
src_6450d7594ec0,src_6450d7594ec0_20261003141532167_080bf719fa11,2026-10-03T14:15:32.167Z,2026-10-03T14:15:32.720Z,NA,"Sat, 03 Oct 2026 13:14:29 GMT","W/""109e8b6bc5d192770c8418a54d6e1950""",080bf719fa11d1a147dd88c4f3545cdfad99e48a58425344df6fc2f78fe06916,49973,data/raw/src_6450d7594ec0/080bf719fa11d1a147dd88c4f3545cdfad99e48a58425344df6fc2f78fe06916.html,https://www.electionsquebec.qc.ca/resultats-et-statistiques/resultats-partielles/2001-10-01/565/
src_5b41382a55c0,src_5b41382a55c0_20261003141533494_58df4ff052ca,2026-10-03T14:15:33.494Z,2026-10-03T14:15:34.169Z,NA,"Sat, 03 Oct 2026 13:14:29 GMT","W/""8e8eff4782388542cfb9e914c2714d6f""",58df4ff052ca2a95b5f3a3857ac57d7128196d77073f0e1be49602b0a5bf1294,49973,data/raw/src_5b41382a55c0/58df4ff052ca2a95b5f3a3857ac57d7128196d77073f0e1be49602b0a5bf1294.html,https://www.electionsquebec.qc.ca/resultats-et-statistiques/resultats-partielles/2001-10-01/895/
src_e1a0061d1a96,src_e1a0061d1a96_20261003141534941_bd93fe0e3f82,2026-10-03T14:15:34.941Z,2026-10-03T14:15:35.563Z,NA,"Sat, 03 Oct 2026 13:14:29 GMT","W/""374ba6923b1d1e2c9e6384499473b70c""",bd93fe0e3f8201104982d5c565ce117609d32bd16b03c8f75153941e4b752002,49973,data/raw/src_e1a0061d1a96/bd93fe0e3f8201104982d5c565ce117609d32bd16b03c8f75153941e4b752002.html,https://www.electionsquebec.qc.ca/resultats-et-statistiques/resultats-partielles/2001-10-01/635/
src_9393919ee3df,src_9393919ee3df_20261003141536339_c9f40fa56de5,2026-10-03T14:15:36.339Z,2026-10-03T14:15:36.994Z,NA,"Sat, 03 Oct 2026 13:14:29 GMT","W/""df12b4a300d585de01e078ca52e61b0c""",c9f40fa56de5dd9d30fcb39a0e7d48cffeacd9b84752fce9dee98c1ba2c6674a,49973,data/raw/src_9393919ee3df/c9f40fa56de5dd9d30fcb39a0e7d48cffeacd9b84752fce9dee98c1ba2c6674a.html,https://www.electionsquebec.qc.ca/resultats-et-statistiques/resultats-partielles/2001-10-01/695/
src_b4889785366b,src_b4889785366b_20261003141537767_61b520be44b3,2026-10-03T14:15:37.767Z,2026-10-03T14:15:38.185Z,NA,"Sat, 03 Oct 2026 13:14:29 GMT","W/""521d18286415baafeaf43427f2e8d091""",61b520be44b364c6ee0fecc040a167503cd47ae615b500035fda6fd72736db41,49969,data/raw/src_b4889785366b/61b520be44b364c6ee0fecc040a167503cd47ae615b500035fda6fd72736db41.html,https://www.electionsquebec.qc.ca/resultats-et-statistiques/resultats-partielles/2001-04-09/517/
src_f367498380f4,src_f367498380f4_20261003141538966_d3d8c8f3bb8b,2026-10-03T14:15:38.966Z,2026-10-03T14:15:40.059Z,NA,"Sat, 03 Oct 2026 13:14:29 GMT","W/""f984d5b8ef2c83a3e78bd5a4aa707858""",d3d8c8f3bb8b84e831e3a540b078c7ec1432300e65883add81075241f96490f2,49970,data/raw/src_f367498380f4/d3d8c8f3bb8b84e831e3a540b078c7ec1432300e65883add81075241f96490f2.html,https://www.electionsquebec.qc.ca/resultats-et-statistiques/resultats-partielles/1998-06-01/595/
src_6b0c6482db9c,src_6b0c6482db9c_20261003141540833_1c053a351c63,2026-10-03T14:15:40.833Z,2026-10-03T14:15:41.341Z,NA,"Sat, 03 Oct 2026 13:14:29 GMT","W/""52214256bc347c461ccf05494eba48d9""",1c053a351c63fc02b3c5cb89f71d2f565717ad26f8e2a252736a9634c884d541,49971,data/raw/src_6b0c6482db9c/1c053a351c63fc02b3c5cb89f71d2f565717ad26f8e2a252736a9634c884d541.html,https://www.electionsquebec.qc.ca/resultats-et-statistiques/resultats-partielles/1997-10-06/625/
src_cfb965e20198,src_cfb965e20198_20261003141542118_9ae893bf6600,2026-10-03T14:15:42.118Z,2026-10-03T14:15:43.124Z,NA,"Sat, 03 Oct 2026 13:14:29 GMT","W/""5626138ddf95eb259223d03fd5962ec1""",9ae893bf6600480b1fe3a15c8ae462b76ee583ae579f84dca2a4c46b0ebde4a2,49971,data/raw/src_cfb965e20198/9ae893bf6600480b1fe3a15c8ae462b76ee583ae579f84dca2a4c46b0ebde4a2.html,https://www.electionsquebec.qc.ca/resultats-et-statistiques/resultats-partielles/1997-10-06/541/
src_4603d20f1ba9,src_4603d20f1ba9_20261003141543901_8b000a3b4893,2026-10-03T14:15:43.901Z,2026-10-03T14:15:44.544Z,NA,"Sat, 03 Oct 2026 13:14:29 GMT","W/""ba58f004619ab072f77363e9f498c3e3""",8b000a3b489357f4f292d578574108712de17aeb6db2226bd7b39e1decbd7f94,49971,data/raw/src_4603d20f1ba9/8b000a3b489357f4f292d578574108712de17aeb6db2226bd7b39e1decbd7f94.html,https://www.electionsquebec.qc.ca/resultats-et-statistiques/resultats-partielles/1997-10-06/855/
src_9381093fd31e,src_9381093fd31e_20261003141545319_0ed5333f434b,2026-10-03T14:15:45.319Z,2026-10-03T14:15:45.823Z,NA,"Sat, 03 Oct 2026 13:14:29 GMT","W/""384c5a6ecea7a4f3adfc7373a463f829""",0ed5333f434b243e0efef09c68a9ccbf0ff694fc2fe6fdf07bbb8d4766bc5096,49971,data/raw/src_9381093fd31e/0ed5333f434b243e0efef09c68a9ccbf0ff694fc2fe6fdf07bbb8d4766bc5096.html,https://www.electionsquebec.qc.ca/resultats-et-statistiques/resultats-partielles/1997-10-06/775/
src_11743309fc89,src_11743309fc89_20261003141546597_0f527cf1cf2f,2026-10-03T14:15:46.597Z,2026-10-03T14:15:47.027Z,NA,"Sat, 03 Oct 2026 13:14:28 GMT","W/""1a6459d526d305a16c0ebbd044065456""",0f527cf1cf2faff5dcdc334dd71a4edde580e0ca02afef6d600843cf5981766f,49970,data/raw/src_11743309fc89/0f527cf1cf2faff5dcdc334dd71a4edde580e0ca02afef6d600843cf5981766f.html,https://www.electionsquebec.qc.ca/resultats-et-statistiques/resultats-partielles/1997-04-28/335/
src_1a637740ff36,src_1a637740ff36_20261003141547804_7654a24b51ed,2026-10-03T14:15:47.804Z,2026-10-03T14:15:48.309Z,NA,"Sat, 03 Oct 2026 13:14:28 GMT","W/""42e7434b335f1f789196bcfc1357296a""",7654a24b51ed15e38842ff59e9221b0c84de30b2cdb8fc7171ed328448e0cca3,49970,data/raw/src_1a637740ff36/7654a24b51ed15e38842ff59e9221b0c84de30b2cdb8fc7171ed328448e0cca3.html,https://www.electionsquebec.qc.ca/resultats-et-statistiques/resultats-partielles/1997-04-28/605/
src_5b00ecf66655,src_5b00ecf66655_20261003141549084_acd3878beda6,2026-10-03T14:15:49.084Z,2026-10-03T14:15:49.953Z,NA,"Sat, 03 Oct 2026 13:14:29 GMT","W/""17fc71f6884537fb0ceef47c3b340003""",acd3878beda6d6134b376c26096c02ce4447767e945518abbb3db7a889db17c0,49973,data/raw/src_5b00ecf66655/acd3878beda6d6134b376c26096c02ce4447767e945518abbb3db7a889db17c0.html,https://www.electionsquebec.qc.ca/resultats-et-statistiques/resultats-partielles/1996-12-09/459/
src_00393db3e32e,src_00393db3e32e_20261003141550730_1b80d54c1121,2026-10-03T14:15:50.730Z,2026-10-03T14:15:51.724Z,NA,"Sat, 03 Oct 2026 13:14:30 GMT","W/""d928dc436eab2aaf402334cbb9031202""",1b80d54c1121ba1df5cdaa3bbbcf5992b35b709a3c3e1ef486fc698f43cf95e3,49969,data/raw/src_00393db3e32e/1b80d54c1121ba1df5cdaa3bbbcf5992b35b709a3c3e1ef486fc698f43cf95e3.html,https://www.electionsquebec.qc.ca/resultats-et-statistiques/resultats-partielles/1996-06-10/445/
src_ec363a0bdae6,src_ec363a0bdae6_20261003141552503_0176320873b2,2026-10-03T14:15:52.503Z,2026-10-03T14:15:53.158Z,NA,"Sat, 03 Oct 2026 13:14:30 GMT","W/""218d929823836506453ed6cd69121640""",0176320873b2350ee9b6a840708d1766235cb08a70768106a0a839c057c88079,49969,data/raw/src_ec363a0bdae6/0176320873b2350ee9b6a840708d1766235cb08a70768106a0a839c057c88079.html,https://www.electionsquebec.qc.ca/resultats-et-statistiques/resultats-partielles/1996-06-10/519/
src_330925ff14ce,src_330925ff14ce_20261003141553935_539a42dbf758,2026-10-03T14:15:53.935Z,2026-10-03T14:15:54.630Z,NA,"Sat, 03 Oct 2026 13:14:29 GMT","W/""d0227e9006ae55622b9b068e75dcdd71""",539a42dbf75838042a95879e6cb292ce2a41d2182d285cb055de0485cff9d1cc,49973,data/raw/src_330925ff14ce/539a42dbf75838042a95879e6cb292ce2a41d2182d285cb055de0485cff9d1cc.html,https://www.electionsquebec.qc.ca/resultats-et-statistiques/resultats-partielles/1996-02-19/895/
src_809d64b2571f,src_809d64b2571f_20261003141555411_e6207375e9b4,2026-10-03T14:15:55.411Z,2026-10-03T14:15:56.101Z,NA,"Sat, 03 Oct 2026 13:14:29 GMT","W/""4e827742e33a9385ad59d99752509c00""",e6207375e9b41e1229519e24a3e54d264a5d7ccc5f6e0f1aaf2dc0018f29ec45,49973,data/raw/src_809d64b2571f/e6207375e9b41e1229519e24a3e54d264a5d7ccc5f6e0f1aaf2dc0018f29ec45.html,https://www.electionsquebec.qc.ca/resultats-et-statistiques/resultats-partielles/1996-02-19/195/
src_2db5f8022124,src_2db5f8022124_20261003141556879_c1135ac1895c,2026-10-03T14:15:56.879Z,2026-10-03T14:15:57.685Z,NA,"Sat, 03 Oct 2026 13:14:29 GMT","W/""58516d06cabdfc26b2ebfe1e214dad0f""",c1135ac1895c0ea4b8a04a5535efece028f82c44e05917897d5f77d038d80391,49973,data/raw/src_2db5f8022124/c1135ac1895c0ea4b8a04a5535efece028f82c44e05917897d5f77d038d80391.html,https://www.electionsquebec.qc.ca/resultats-et-statistiques/resultats-partielles/1994-02-28/285/
src_40ab97cbb753,src_40ab97cbb753_20261003141558465_b595e9ef2f40,2026-10-03T14:15:58.465Z,2026-10-03T14:15:59.106Z,NA,"Sat, 03 Oct 2026 13:14:29 GMT","W/""f43e924cb6ab3546d6c1f3a7b2cef114""",b595e9ef2f406bffacb2043fbc175f574068a513d12c6560a6d6894a701bcb70,49973,data/raw/src_40ab97cbb753/b595e9ef2f406bffacb2043fbc175f574068a513d12c6560a6d6894a701bcb70.html,https://www.electionsquebec.qc.ca/resultats-et-statistiques/resultats-partielles/1994-02-21/815/
src_1a394e5ad00e,src_1a394e5ad00e_20261003141559887_8c48f76e3aa6,2026-10-03T14:15:59.887Z,2026-10-03T14:16:00.561Z,NA,"Sat, 03 Oct 2026 13:14:29 GMT","W/""218330545c5684795b4e3f504652d775""",8c48f76e3aa622c3644ca5cab986830ddf61bbf4b968f8e592c8eed082cc84d9,49974,data/raw/src_1a394e5ad00e/8c48f76e3aa622c3644ca5cab986830ddf61bbf4b968f8e592c8eed082cc84d9.html,https://www.electionsquebec.qc.ca/resultats-et-statistiques/resultats-partielles/1993-12-13/549/
src_1d46c37bfb75,src_1d46c37bfb75_20261003141601338_65bb093c21cc,2026-10-03T14:16:01.338Z,2026-10-03T14:16:02.082Z,NA,"Sat, 03 Oct 2026 13:14:29 GMT","W/""256ddf162375f179cb96fd52ec28c142""",65bb093c21cc01fd6dc95406ac02eaaf4a93c049c8a158458c545915ccee5d6e,49971,data/raw/src_1d46c37bfb75/65bb093c21cc01fd6dc95406ac02eaaf4a93c049c8a158458c545915ccee5d6e.html,https://www.electionsquebec.qc.ca/resultats-et-statistiques/resultats-partielles/1993-07-05/715/
src_d8b69411f4ba,src_d8b69411f4ba_20261003141602860_2855725655a4,2026-10-03T14:16:02.860Z,2026-10-03T14:16:03.542Z,NA,"Sat, 03 Oct 2026 13:14:29 GMT","W/""ab974ea81801cb5fe0a0c3c66d25f17b""",2855725655a4c5a7af58e3a81d9aa1c1eddcd4c2a34384c0ea15f83b46d642b9,49972,data/raw/src_d8b69411f4ba/2855725655a4c5a7af58e3a81d9aa1c1eddcd4c2a34384c0ea15f83b46d642b9.html,https://www.electionsquebec.qc.ca/resultats-et-statistiques/resultats-partielles/1992-01-20/528/
src_31c6a76992d0,src_31c6a76992d0_20261003141604315_b26249daa36a,2026-10-03T14:16:04.315Z,2026-10-03T14:16:05.071Z,NA,"Sat, 03 Oct 2026 13:14:30 GMT","W/""2d4b5cf5b9a27f1391ffc49515d2cf0d""",b26249daa36a7d2428e57b7ca0e53ceefc105acbfd05fb70e311d67e3f31752a,49970,data/raw/src_31c6a76992d0/b26249daa36a7d2428e57b7ca0e53ceefc105acbfd05fb70e311d67e3f31752a.html,https://www.electionsquebec.qc.ca/resultats-et-statistiques/resultats-partielles/1991-08-12/722/
src_2abc2530392a,src_2abc2530392a_20261003141605846_873f92a3c886,2026-10-03T14:16:05.846Z,2026-10-03T14:16:06.354Z,NA,"Sat, 03 Oct 2026 13:14:28 GMT","W/""238a2209f034d2f1980883e4c2d2d497""",873f92a3c88689d44aaaff62518424b5aa8416d42b0ca923e9462693fd64fac1,49968,data/raw/src_2abc2530392a/873f92a3c88689d44aaaff62518424b5aa8416d42b0ca923e9462693fd64fac1.html,https://www.electionsquebec.qc.ca/resultats-et-statistiques/resultats-partielles/1989-05-29/820/
src_051ff0480b3a,src_051ff0480b3a_20261003141607127_536d8df43c83,2026-10-03T14:16:07.127Z,2026-10-03T14:16:07.602Z,NA,"Sat, 03 Oct 2026 13:14:28 GMT","W/""375c8e2f9937b815c61803c11f14e42c""",536d8df43c83ccb4ca2bdcab72dad28de9c64eafd261d70175c517a96b46b5e2,49968,data/raw/src_051ff0480b3a/536d8df43c83ccb4ca2bdcab72dad28de9c64eafd261d70175c517a96b46b5e2.html,https://www.electionsquebec.qc.ca/resultats-et-statistiques/resultats-partielles/1989-05-29/810/
src_d63ecee583a6,src_d63ecee583a6_20261003141608372_5cc3d6d1ca30,2026-10-03T14:16:08.372Z,2026-10-03T14:16:08.605Z,NA,"Sat, 03 Oct 2026 13:14:29 GMT","W/""3406b306f39349d81fd06614e1d6b5ab""",5cc3d6d1ca30d14a31e048fe3b5a613bd04f44de0b25f6d04f01f6ee507090ec,49969,data/raw/src_d63ecee583a6/5cc3d6d1ca30d14a31e048fe3b5a613bd04f44de0b25f6d04f01f6ee507090ec.html,https://www.electionsquebec.qc.ca/resultats-et-statistiques/resultats-partielles/1988-06-20/605/
src_349b4fef5988,src_349b4fef5988_20261003141609381_78b38b275040,2026-10-03T14:16:09.381Z,2026-10-03T14:16:09.697Z,NA,"Sat, 03 Oct 2026 13:14:29 GMT","W/""7f368c686ed245131de1db1269493661""",78b38b275040a7d525dd5555e4d5b3ceb3a201a57e6c0fdf76581376df05ebb5,49969,data/raw/src_349b4fef5988/78b38b275040a7d525dd5555e4d5b3ceb3a201a57e6c0fdf76581376df05ebb5.html,https://www.electionsquebec.qc.ca/resultats-et-statistiques/resultats-partielles/1988-06-20/860/
src_ea28e86d99f1,src_ea28e86d99f1_20261003141610477_c09eff04c1c7,2026-10-03T14:16:10.477Z,2026-10-03T14:16:11.043Z,NA,"Sat, 03 Oct 2026 13:14:28 GMT","W/""a9534796cf4bd00654ea11616a606465""",c09eff04c1c774d69b335151e9e0879d9de5457aa8f2a56691ef36fb8a5c71c9,49974,data/raw/src_ea28e86d99f1/c09eff04c1c774d69b335151e9e0879d9de5457aa8f2a56691ef36fb8a5c71c9.html,https://www.electionsquebec.qc.ca/resultats-et-statistiques/resultats-partielles/1987-09-14/740/
src_94cb1a77270c,src_94cb1a77270c_20261003141611818_7b2a5ee9fd9d,2026-10-03T14:16:11.818Z,2026-10-03T14:16:12.471Z,NA,"Sat, 03 Oct 2026 13:14:29 GMT","W/""31bda9da947a69993b40f3b7839b4d9b""",7b2a5ee9fd9df7977a6cd35a4d1f5b91dd76492a377c799f869b46bafe0ec41f,49972,data/raw/src_94cb1a77270c/7b2a5ee9fd9df7977a6cd35a4d1f5b91dd76492a377c799f869b46bafe0ec41f.html,https://www.electionsquebec.qc.ca/resultats-et-statistiques/resultats-partielles/1986-01-20/710/
src_5c82d7a07c2f,src_5c82d7a07c2f_20261003141613245_000705eff2b2,2026-10-03T14:16:13.245Z,2026-10-03T14:16:14.718Z,NA,"Sat, 03 Oct 2026 13:14:29 GMT","W/""7df3b850d8f166094897e38f04910812""",000705eff2b2b850dd04417bc2b37c908eeb354e05b3bf352acb95db9ad0ed43,49968,data/raw/src_5c82d7a07c2f/000705eff2b2b850dd04417bc2b37c908eeb354e05b3bf352acb95db9ad0ed43.html,https://www.electionsquebec.qc.ca/resultats-et-statistiques/resultats-partielles/1985-06-03/555/
src_220ace8e3319,src_220ace8e3319_20261003141615499_5430e0e0d1be,2026-10-03T14:16:15.499Z,2026-10-03T14:16:16.042Z,NA,"Sat, 03 Oct 2026 13:14:29 GMT","W/""b55daf7bdfdd150f0384c80e1480bf4a""",5430e0e0d1be0dd6439e5fe61b50b771b0212fbd48c4e97c8b70bc6bb868fd5a,49968,data/raw/src_220ace8e3319/5430e0e0d1be0dd6439e5fe61b50b771b0212fbd48c4e97c8b70bc6bb868fd5a.html,https://www.electionsquebec.qc.ca/resultats-et-statistiques/resultats-partielles/1985-06-03/630/
src_de5e797fd756,src_de5e797fd756_20261003141616818_342883e38d6b,2026-10-03T14:16:16.818Z,2026-10-03T14:16:17.465Z,NA,"Sat, 03 Oct 2026 13:14:29 GMT","W/""8b7b96f97796170f55e4e206a446a07c""",342883e38d6b6f6f31ac7b96a3863c567724404532272ce7250eb8fd244154e8,49968,data/raw/src_de5e797fd756/342883e38d6b6f6f31ac7b96a3863c567724404532272ce7250eb8fd244154e8.html,https://www.electionsquebec.qc.ca/resultats-et-statistiques/resultats-partielles/1985-06-03/560/
src_b29055bd1901,src_b29055bd1901_20261003141618239_0da416761068,2026-10-03T14:16:18.239Z,2026-10-03T14:16:18.670Z,NA,"Sat, 03 Oct 2026 13:14:29 GMT","W/""9349099971524b4046e64ad09cfebba1""",0da416761068645ce37ec5cafe87282eb19394413c84e76ad360a2c9f22aeee2,49968,data/raw/src_b29055bd1901/0da416761068645ce37ec5cafe87282eb19394413c84e76ad360a2c9f22aeee2.html,https://www.electionsquebec.qc.ca/resultats-et-statistiques/resultats-partielles/1985-06-03/360/
src_5e0af3d503b1,src_5e0af3d503b1_20261003141619450_28398f0d9641,2026-10-03T14:16:19.450Z,2026-10-03T14:16:20.113Z,NA,"Sat, 03 Oct 2026 13:14:29 GMT","W/""8d5db84632bd383025ea2ab5bacbaeac""",28398f0d96419c325bae170a78a13861669146d9f67668f896c702aa1d0e9786,49973,data/raw/src_5e0af3d503b1/28398f0d96419c325bae170a78a13861669146d9f67668f896c702aa1d0e9786.html,https://www.electionsquebec.qc.ca/resultats-et-statistiques/resultats-partielles/1984-11-26/680/
src_06271ce9c2c4,src_06271ce9c2c4_20261003141620885_9273c019177f,2026-10-03T14:16:20.885Z,2026-10-03T14:16:21.583Z,NA,"Sat, 03 Oct 2026 13:14:29 GMT","W/""24ab679f8bb7ddb750136f8a6c1aceb5""",9273c019177fecec3208d39c740b9b8cd3e1a3e6311f8173421e40a51429f689,49969,data/raw/src_06271ce9c2c4/9273c019177fecec3208d39c740b9b8cd3e1a3e6311f8173421e40a51429f689.html,https://www.electionsquebec.qc.ca/resultats-et-statistiques/resultats-partielles/1984-06-18/745/
src_435eba91ccf7,src_435eba91ccf7_20261003141622364_4a694f7cc877,2026-10-03T14:16:22.364Z,2026-10-03T14:16:22.815Z,NA,"Sat, 03 Oct 2026 13:14:29 GMT","W/""3ff0dc1ccd402f39d89a9962a8822a69""",4a694f7cc8778851c3bc7ffb2eda3c6b7df54d1f753c8779a1dd2720e869df51,49969,data/raw/src_435eba91ccf7/4a694f7cc8778851c3bc7ffb2eda3c6b7df54d1f753c8779a1dd2720e869df51.html,https://www.electionsquebec.qc.ca/resultats-et-statistiques/resultats-partielles/1984-06-18/545/
src_ef7d0e29dbe3,src_ef7d0e29dbe3_20261003141623595_bee60fe9d965,2026-10-03T14:16:23.595Z,2026-10-03T14:16:24.263Z,NA,"Sat, 03 Oct 2026 13:14:29 GMT","W/""13ccba5bf8e9e8858f4d6f1bee4f6b73""",bee60fe9d965832480241815f090c474cbc4da5fcc13404f68c13a5fd1c99e51,49969,data/raw/src_ef7d0e29dbe3/bee60fe9d965832480241815f090c474cbc4da5fcc13404f68c13a5fd1c99e51.html,https://www.electionsquebec.qc.ca/resultats-et-statistiques/resultats-partielles/1984-06-18/610/
src_c699a5218521,src_c699a5218521_20261003141625053_b8dbbac25947,2026-10-03T14:16:25.053Z,2026-10-03T14:16:25.675Z,NA,"Sat, 03 Oct 2026 13:14:28 GMT","W/""027fc939c76d0bb5ab1a49aee01c0d48""",b8dbbac25947e2f2be8a92077b7c6d989e160700c231f81945df9c80383467bf,49973,data/raw/src_c699a5218521/b8dbbac25947e2f2be8a92077b7c6d989e160700c231f81945df9c80383467bf.html,https://www.electionsquebec.qc.ca/resultats-et-statistiques/resultats-partielles/1983-12-05/880/
src_3b2b894dd8c2,src_3b2b894dd8c2_20261003141626497_1335a35e2ce7,2026-10-03T14:16:26.497Z,2026-10-03T14:16:26.995Z,NA,"Sat, 03 Oct 2026 13:14:28 GMT","W/""9db5334897d213f1989b9288fee00b8d""",1335a35e2ce7a346f4cb972dd2a95a5db0bdaf3550b58a846fcdf28fa093981c,49973,data/raw/src_3b2b894dd8c2/1335a35e2ce7a346f4cb972dd2a95a5db0bdaf3550b58a846fcdf28fa093981c.html,https://www.electionsquebec.qc.ca/resultats-et-statistiques/resultats-partielles/1983-12-05/230/
src_a5904dd78013,src_a5904dd78013_20261003141627778_40b186b38973,2026-10-03T14:16:27.778Z,2026-10-03T14:16:28.337Z,NA,"Sat, 03 Oct 2026 13:14:29 GMT","W/""b7be5aa3ff8a26f386f26323671c1de7""",40b186b3897380d338ebce92dcd33eba4af8faf0a10f6ee4754c04dd5c4e807a,49969,data/raw/src_a5904dd78013/40b186b3897380d338ebce92dcd33eba4af8faf0a10f6ee4754c04dd5c4e807a.html,https://www.electionsquebec.qc.ca/resultats-et-statistiques/resultats-partielles/1983-06-20/140/
src_6cc19ddc9dc4,src_6cc19ddc9dc4_20261003141629122_9b2b78898b13,2026-10-03T14:16:29.122Z,2026-10-03T14:16:29.891Z,NA,"Sat, 03 Oct 2026 13:14:29 GMT","W/""759d14bc55c9b872b8d3ae1df4e1d28b""",9b2b78898b13184b6c4e35ffb64ef151e7079ee48bfb6239947edbc5fbe5ec7d,49969,data/raw/src_6cc19ddc9dc4/9b2b78898b13184b6c4e35ffb64ef151e7079ee48bfb6239947edbc5fbe5ec7d.html,https://www.electionsquebec.qc.ca/resultats-et-statistiques/resultats-partielles/1983-06-20/940/
src_8ead92188d10,src_8ead92188d10_20261003141630676_f3692595b611,2026-10-03T14:16:30.676Z,2026-10-03T14:16:31.107Z,NA,"Sat, 03 Oct 2026 13:14:29 GMT","W/""f821355686c09ace13296c91f23e4adf""",f3692595b611d813580092817109d0e16d0e58149a8be7db58e93cd6bd378304,49969,data/raw/src_8ead92188d10/f3692595b611d813580092817109d0e16d0e58149a8be7db58e93cd6bd378304.html,https://www.electionsquebec.qc.ca/resultats-et-statistiques/resultats-partielles/1983-06-20/680/
src_55a5f41a7ced,src_55a5f41a7ced_20261003141631883_2acce17a5d10,2026-10-03T14:16:31.883Z,2026-10-03T14:16:32.419Z,NA,"Sat, 03 Oct 2026 13:14:29 GMT","W/""b03e96449b2079d69b41127aa99c21f9""",2acce17a5d10513b46ee35b349303b114d6a93f4154ac17dd9ddee81011be0ac,49969,data/raw/src_55a5f41a7ced/2acce17a5d10513b46ee35b349303b114d6a93f4154ac17dd9ddee81011be0ac.html,https://www.electionsquebec.qc.ca/resultats-et-statistiques/resultats-partielles/1982-04-05/190/
src_7def0f98cd60,src_7def0f98cd60_20261003141633208_59fe17d0ff1f,2026-10-03T14:16:33.208Z,2026-10-03T14:16:34.404Z,NA,"Sat, 03 Oct 2026 13:14:29 GMT","W/""e7eade398799900dde14fa3a322a9265""",59fe17d0ff1f267c56f9e73c29e245c7e3cf5c776419d7d77a0facd66336ab6b,49969,data/raw/src_7def0f98cd60/59fe17d0ff1f267c56f9e73c29e245c7e3cf5c776419d7d77a0facd66336ab6b.html,https://www.electionsquebec.qc.ca/resultats-et-statistiques/resultats-partielles/1982-04-05/710/
src_d46a15b1101e,src_d46a15b1101e_20261003141635179_9bd6954ceed0,2026-10-03T14:16:35.179Z,2026-10-03T14:16:35.752Z,NA,"Sat, 03 Oct 2026 13:14:29 GMT","W/""d8f4068c98e0b5120f23eda09ffcb17c""",9bd6954ceed0f5623c93b351c68393cba05510c310abb66210ab91a61f57323f,49968,data/raw/src_d46a15b1101e/9bd6954ceed0f5623c93b351c68393cba05510c310abb66210ab91a61f57323f.html,https://www.electionsquebec.qc.ca/resultats-et-statistiques/resultats-partielles/1980-11-17/38/
src_3cd25c328215,src_3cd25c328215_20261003141636532_2e55beafad16,2026-10-03T14:16:36.532Z,2026-10-03T14:16:36.892Z,NA,"Sat, 03 Oct 2026 13:14:29 GMT","W/""5fbf79a257b5425af70a5069ff66a0af""",2e55beafad1667000af7c70ecdf930acf3c51211ff07b353a89185ea30e40e32,49968,data/raw/src_3cd25c328215/2e55beafad1667000af7c70ecdf930acf3c51211ff07b353a89185ea30e40e32.html,https://www.electionsquebec.qc.ca/resultats-et-statistiques/resultats-partielles/1980-11-17/40/
src_844980a7298b,src_844980a7298b_20261003141637668_08bed6543666,2026-10-03T14:16:37.668Z,2026-10-03T14:16:38.348Z,NA,"Sat, 03 Oct 2026 13:14:29 GMT","W/""ed7dd801e9c5625b0dc077b411cf9b7b""",08bed6543666db2578fb5987495f172f8013113d50904246fdbe4a4b5904c883,49968,data/raw/src_844980a7298b/08bed6543666db2578fb5987495f172f8013113d50904246fdbe4a4b5904c883.html,https://www.electionsquebec.qc.ca/resultats-et-statistiques/resultats-partielles/1980-11-17/25/
src_dc65fff7a49d,src_dc65fff7a49d_20261003141639129_07f4c2931228,2026-10-03T14:16:39.129Z,2026-10-03T14:16:39.496Z,NA,"Sat, 03 Oct 2026 13:14:29 GMT","W/""76f1cb86d40fc86e7cec06e6c7fc506e""",07f4c29312288ac15a01fb9b9f22240b7567d22007ef932ba1dbc01b6e218d41,49973,data/raw/src_dc65fff7a49d/07f4c29312288ac15a01fb9b9f22240b7567d22007ef932ba1dbc01b6e218d41.html,https://www.electionsquebec.qc.ca/resultats-et-statistiques/resultats-partielles/1980-11-17/148/
src_f0749f067fb4,src_f0749f067fb4_20261003141640272_632ce8a04f67,2026-10-03T14:16:40.272Z,2026-10-03T14:16:40.701Z,NA,"Sat, 03 Oct 2026 13:14:29 GMT","W/""40ff5f7202f4dfedd9b80244f6dfbcdd""",632ce8a04f6770463062fac6591aa660c51e2ad3aa410241a84f8c18dd2bdfb9,49973,data/raw/src_f0749f067fb4/632ce8a04f6770463062fac6591aa660c51e2ad3aa410241a84f8c18dd2bdfb9.html,https://www.electionsquebec.qc.ca/resultats-et-statistiques/resultats-partielles/1979-11-26/156/
src_3ac929a9f2cf,src_3ac929a9f2cf_20261003141641479_0110034cec1b,2026-10-03T14:16:41.479Z,2026-10-03T14:16:42.187Z,NA,"Sat, 03 Oct 2026 13:14:29 GMT","W/""5a8d8f0e650c79cde3f2701f12750575""",0110034cec1b0f9fcd3c3ac368f54ffea27feb58a3ce69bd0377a251d3bf0f18,49968,data/raw/src_3ac929a9f2cf/0110034cec1b0f9fcd3c3ac368f54ffea27feb58a3ce69bd0377a251d3bf0f18.html,https://www.electionsquebec.qc.ca/resultats-et-statistiques/resultats-partielles/1979-11-14/23/
src_6d8b0724ea1f,src_6d8b0724ea1f_20261003141642962_0fe0f75dd6d8,2026-10-03T14:16:42.962Z,2026-10-03T14:16:43.719Z,NA,"Sat, 03 Oct 2026 13:14:29 GMT","W/""acc77b31af7218485803777611c2fbf4""",0fe0f75dd6d8372b76847e4042c6d8dae2e00271c889648e1542cfabe535c1ae,49973,data/raw/src_6d8b0724ea1f/0fe0f75dd6d8372b76847e4042c6d8dae2e00271c889648e1542cfabe535c1ae.html,https://www.electionsquebec.qc.ca/resultats-et-statistiques/resultats-partielles/1979-11-14/136/
src_96dfb5ea3dbe,src_96dfb5ea3dbe_20261003141644493_16accd9dd210,2026-10-03T14:16:44.493Z,2026-10-03T14:16:45.047Z,NA,"Sat, 03 Oct 2026 13:14:29 GMT","W/""d2c898ff38b05a3db4e7eb6dc6d31b40""",16accd9dd2108f59e87e6768bef3bda356c9f73d2f348ff838001964635f33b3,49968,data/raw/src_96dfb5ea3dbe/16accd9dd2108f59e87e6768bef3bda356c9f73d2f348ff838001964635f33b3.html,https://www.electionsquebec.qc.ca/resultats-et-statistiques/resultats-partielles/1979-11-14/60/
src_adae99df833a,src_adae99df833a_20261003141645826_a95231ea280e,2026-10-03T14:16:45.826Z,2026-10-03T14:16:46.411Z,NA,"Sat, 03 Oct 2026 13:14:30 GMT","W/""cad9efa9f3ba163e648d55d79215e931""",a95231ea280e6137debbbb427438970c8da8b33748aa5940b9dc2a32ae2d7ae0,49965,data/raw/src_adae99df833a/a95231ea280e6137debbbb427438970c8da8b33748aa5940b9dc2a32ae2d7ae0.html,https://www.electionsquebec.qc.ca/resultats-et-statistiques/resultats-partielles/1979-04-30/74/
src_77df2e09eb0e,src_77df2e09eb0e_20261003141647185_36fd6100c052,2026-10-03T14:16:47.185Z,2026-10-03T14:16:47.709Z,NA,"Sat, 03 Oct 2026 13:14:30 GMT","W/""74625e84108fd5b77142ca4a80a288c0""",36fd6100c052f67eb5fe87907804affd0b15a7ed705bffeb3b3a0d662664b8cf,49970,data/raw/src_77df2e09eb0e/36fd6100c052f67eb5fe87907804affd0b15a7ed705bffeb3b3a0d662664b8cf.html,https://www.electionsquebec.qc.ca/resultats-et-statistiques/resultats-partielles/1979-04-30/103/
src_5ad9954a7c4d,src_5ad9954a7c4d_20261003141648482_70a1635aef19,2026-10-03T14:16:48.482Z,2026-10-03T14:16:49.152Z,NA,"Sat, 03 Oct 2026 13:14:30 GMT","W/""0faa4d536d86ee7aca5b1594e785477c""",70a1635aef19cac7839b229abe8ddad4d0b5a139e0f8bfbed2c8810b3e0772ac,49971,data/raw/src_5ad9954a7c4d/70a1635aef19cac7839b229abe8ddad4d0b5a139e0f8bfbed2c8810b3e0772ac.html,https://www.electionsquebec.qc.ca/resultats-et-statistiques/resultats-partielles/1978-07-05/155/
src_61272b5cc69b,src_61272b5cc69b_20261003141649927_13db4f573a65,2026-10-03T14:16:49.927Z,2026-10-03T14:16:50.575Z,NA,"Sat, 03 Oct 2026 13:14:29 GMT","W/""180d427678ddcad2ed5e407c82d3d799""",13db4f573a6564b54487b6d0331b5c2632b94a900b3cc29029e22b24ec323a58,49965,data/raw/src_61272b5cc69b/13db4f573a6564b54487b6d0331b5c2632b94a900b3cc29029e22b24ec323a58.html,https://www.electionsquebec.qc.ca/resultats-et-statistiques/resultats-partielles/1974-08-28/40/
src_8530d82846be,src_8530d82846be_20261003141651353_356628a45333,2026-10-03T14:16:51.353Z,2026-10-03T14:16:51.952Z,NA,"Sat, 03 Oct 2026 13:14:29 GMT","W/""309590d9ef12df79732f1edaf7b67b34""",356628a4533300b73bcbe2cb9b3a2324f8192a473e0575fc5d55845bcfe904dd,49967,data/raw/src_8530d82846be/356628a4533300b73bcbe2cb9b3a2324f8192a473e0575fc5d55845bcfe904dd.html,https://www.electionsquebec.qc.ca/resultats-et-statistiques/resultats-partielles/1972-10-11/78/
src_f05822cfdf92,src_f05822cfdf92_20261003141652730_d323c8acdabe,2026-10-03T14:16:52.730Z,2026-10-03T14:16:53.391Z,NA,"Sat, 03 Oct 2026 13:14:29 GMT","W/""f3c33f927d23032ac140c8d90cd50d50""",d323c8acdabe73bb59c60de9d452c7e638ef31020c69b9cffe27a4138ce88a71,49967,data/raw/src_f05822cfdf92/d323c8acdabe73bb59c60de9d452c7e638ef31020c69b9cffe27a4138ce88a71.html,https://www.electionsquebec.qc.ca/resultats-et-statistiques/resultats-partielles/1972-10-11/96/
src_e00e4d4e1d8a,src_e00e4d4e1d8a_20261003141654171_314e68d1fdbc,2026-10-03T14:16:54.171Z,2026-10-03T14:16:55.134Z,NA,"Sat, 03 Oct 2026 13:14:29 GMT","W/""7c3090f4d3e0f2f3514ab4fc3211dc86""",314e68d1fdbca4811293ef12667fd1eff069be4a29657c4a9dd8691dde9ff13b,49972,data/raw/src_e00e4d4e1d8a/314e68d1fdbca4811293ef12667fd1eff069be4a29657c4a9dd8691dde9ff13b.html,https://www.electionsquebec.qc.ca/resultats-et-statistiques/resultats-partielles/1971-02-08/240/
src_1f8582eb88a0,src_1f8582eb88a0_20261003141655911_9739e61d380a,2026-10-03T14:16:55.911Z,2026-10-03T14:16:56.653Z,NA,"Sat, 03 Oct 2026 13:14:29 GMT","W/""d6da754988af1bab0a0b8d8f221d41a3""",9739e61d380a0730869823614dd49e17e7177fd680dc624700f79983b958a887,49971,data/raw/src_1f8582eb88a0/9739e61d380a0730869823614dd49e17e7177fd680dc624700f79983b958a887.html,https://www.electionsquebec.qc.ca/resultats-et-statistiques/resultats-partielles/1969-10-08/208/
src_ff4c06f1d8ef,src_ff4c06f1d8ef_20261003141657427_f2d6f6b3a3bd,2026-10-03T14:16:57.427Z,2026-10-03T14:16:57.963Z,NA,"Sat, 03 Oct 2026 13:14:29 GMT","W/""3a7fda42e56533c63089781c1a40a7cf""",f2d6f6b3a3bdc8f0c88247b5e4991a8c1e5ea6c64d65d054df10a4a79b89dea6,49983,data/raw/src_ff4c06f1d8ef/f2d6f6b3a3bdc8f0c88247b5e4991a8c1e5ea6c64d65d054df10a4a79b89dea6.html,https://www.electionsquebec.qc.ca/resultats-et-statistiques/resultats-partielles/1969-10-08/207/
src_d835485a0d0a,src_d835485a0d0a_20261003141658740_d21c12b6961a,2026-10-03T14:16:58.740Z,2026-10-03T14:16:59.361Z,NA,"Sat, 03 Oct 2026 13:14:29 GMT","W/""3e1b98907b88d99a5caee58c291a8eee""",d21c12b6961a94469d154f367046ed957d05bf8432d800f6ef560ed6e0818dd3,49966,data/raw/src_d835485a0d0a/d21c12b6961a94469d154f367046ed957d05bf8432d800f6ef560ed6e0818dd3.html,https://www.electionsquebec.qc.ca/resultats-et-statistiques/resultats-partielles/1969-10-08/44/
src_8685adcf3590,src_8685adcf3590_20261003141700133_131d2755e050,2026-10-03T14:17:00.133Z,2026-10-03T14:17:00.589Z,NA,"Sat, 03 Oct 2026 13:14:29 GMT","W/""62b2ca04e43e07c3e446bef8fad33b2d""",131d2755e050d8adc147364ec03797e5ac5929c4261c700be48af02e6ac95ddb,49966,data/raw/src_8685adcf3590/131d2755e050d8adc147364ec03797e5ac5929c4261c700be48af02e6ac95ddb.html,https://www.electionsquebec.qc.ca/resultats-et-statistiques/resultats-partielles/1969-10-08/71/
src_596c312c39c8,src_596c312c39c8_20261003141701372_28abc4b496f4,2026-10-03T14:17:01.372Z,2026-10-03T14:17:01.843Z,NA,"Sat, 03 Oct 2026 13:14:29 GMT","W/""02926d842d5ff199c62933cec449d125""",28abc4b496f4aea5588ad1e4b9fb81cc9b188d29bc9d23b502a4f147c6c4ed8a,49968,data/raw/src_596c312c39c8/28abc4b496f4aea5588ad1e4b9fb81cc9b188d29bc9d23b502a4f147c6c4ed8a.html,https://www.electionsquebec.qc.ca/resultats-et-statistiques/resultats-partielles/1969-03-03/212/
src_1e53ca7f7fa6,src_1e53ca7f7fa6_20261003141702624_740ba7d45cb8,2026-10-03T14:17:02.624Z,2026-10-03T14:17:03.192Z,NA,"Sat, 03 Oct 2026 13:14:28 GMT","W/""e679907769b0206f1941d4e47a22e375""",740ba7d45cb842f7e9623eec80b7de7ef932faaad68f8167b979b3606799fadc,49968,data/raw/src_1e53ca7f7fa6/740ba7d45cb842f7e9623eec80b7de7ef932faaad68f8167b979b3606799fadc.html,https://www.electionsquebec.qc.ca/resultats-et-statistiques/resultats-partielles/1968-12-04/40/
src_81564fe4cbcd,src_81564fe4cbcd_20261003141703968_c8e00c3e6fb6,2026-10-03T14:17:03.968Z,2026-10-03T14:17:04.571Z,NA,"Sat, 03 Oct 2026 13:14:28 GMT","W/""660e8b7247e73726a979839fa6a7f57a""",c8e00c3e6fb66807af354c1bd8f6d201e5201660559941662bf044523d6464b3,49985,data/raw/src_81564fe4cbcd/c8e00c3e6fb66807af354c1bd8f6d201e5201660559941662bf044523d6464b3.html,https://www.electionsquebec.qc.ca/resultats-et-statistiques/resultats-partielles/1968-12-04/221/
src_525a437f4149,src_525a437f4149_20261003141705349_b49cdb94ffed,2026-10-03T14:17:05.349Z,2026-10-03T14:17:06.010Z,NA,"Sat, 03 Oct 2026 13:14:29 GMT","W/""72256a8aef4b96623ef6efc050a4f2c1""",b49cdb94ffeda9bec300272e870f5b6c5abab0cdcb3c866fe9221bbce72a9748,49962,data/raw/src_525a437f4149/b49cdb94ffeda9bec300272e870f5b6c5abab0cdcb3c866fe9221bbce72a9748.html,https://www.electionsquebec.qc.ca/resultats-et-statistiques/resultats-partielles/1965-01-18/0/
src_c10cbeac8bdd,src_c10cbeac8bdd_20261003141706792_1c9f7f0d0081,2026-10-03T14:17:06.792Z,2026-10-03T14:17:07.344Z,NA,"Sat, 03 Oct 2026 13:14:29 GMT","W/""ae2fe448494449e4201598899b555bf1""",1c9f7f0d008117c42f93f39af203c9b78ac5fb23fbc187271032205b046415e7,49962,data/raw/src_c10cbeac8bdd/1c9f7f0d008117c42f93f39af203c9b78ac5fb23fbc187271032205b046415e7.html,https://www.electionsquebec.qc.ca/resultats-et-statistiques/resultats-partielles/1965-01-18/1/
src_176015eae4fb,src_176015eae4fb_20261003141708126_f0bf673dab4c,2026-10-03T14:17:08.126Z,2026-10-03T14:17:08.697Z,NA,"Sat, 03 Oct 2026 13:14:30 GMT","W/""8210135aaf96a1a3b0aaf21814190dd4""",f0bf673dab4c09509cab833417299f213aaf8d5719c1bfb3688cbe28a89bb7c9,49961,data/raw/src_176015eae4fb/f0bf673dab4c09509cab833417299f213aaf8d5719c1bfb3688cbe28a89bb7c9.html,https://www.electionsquebec.qc.ca/resultats-et-statistiques/resultats-partielles/1964-10-05/0/
src_003ac52385a4,src_003ac52385a4_20261003141709475_7fea83c2e46f,2026-10-03T14:17:09.475Z,2026-10-03T14:17:10.202Z,NA,"Sat, 03 Oct 2026 13:14:29 GMT","W/""45df9dee375a851ca1f698cf405e36ec""",7fea83c2e46f25c60eb0410e1a4bd1519c954ec895227687d0c08d4a3419375d,49961,data/raw/src_003ac52385a4/7fea83c2e46f25c60eb0410e1a4bd1519c954ec895227687d0c08d4a3419375d.html,https://www.electionsquebec.qc.ca/resultats-et-statistiques/resultats-partielles/1964-10-05/1/
src_b24b6de4fe38,src_b24b6de4fe38_20261003141710981_04527361222a,2026-10-03T14:17:10.981Z,2026-10-03T14:17:11.451Z,NA,"Sat, 03 Oct 2026 13:14:29 GMT","W/""0096a20a845d5de635a27ebebf8837aa""",04527361222a669697b57915f666f9f6838e4fadafa9b1aee55c7bd956846b15,49961,data/raw/src_b24b6de4fe38/04527361222a669697b57915f666f9f6838e4fadafa9b1aee55c7bd956846b15.html,https://www.electionsquebec.qc.ca/resultats-et-statistiques/resultats-partielles/1964-10-05/2/
src_513a147ce098,src_513a147ce098_20261003141712224_5b75f2a148ad,2026-10-03T14:17:12.224Z,2026-10-03T14:17:12.920Z,NA,"Sat, 03 Oct 2026 13:14:29 GMT","W/""1dba736220b9124f43517cc0b0645bb7""",5b75f2a148ad26db5e2bb1321b42b23628edf96b2b426662b2d83a975d3e92a3,49961,data/raw/src_513a147ce098/5b75f2a148ad26db5e2bb1321b42b23628edf96b2b426662b2d83a975d3e92a3.html,https://www.electionsquebec.qc.ca/resultats-et-statistiques/resultats-partielles/1964-10-05/3/
src_56d87827ee1d,src_56d87827ee1d_20261003141713698_8668199f7d34,2026-10-03T14:17:13.698Z,2026-10-03T14:17:14.275Z,NA,"Sat, 03 Oct 2026 13:14:30 GMT","W/""b4ff636fd98d61e6515fbe5de7758d4b""",8668199f7d34809fa02c14ef4c50c36505ec784a33f6b13e66f5a61256f1e3a9,49964,data/raw/src_56d87827ee1d/8668199f7d34809fa02c14ef4c50c36505ec784a33f6b13e66f5a61256f1e3a9.html,https://www.electionsquebec.qc.ca/resultats-et-statistiques/resultats-partielles/1963-09-25/0/
src_54b914419613,src_54b914419613_20261003143101117_69285182d575,2026-10-03T14:31:01.117Z,2026-10-03T14:31:20.616Z,NA,"Sat, 03 Oct 2026 11:31:10 GMT","""ebfbe241b7af2077db6c8e58088db03b""",69285182d57516b7bcd367c190e3cdecc7cbf4b7387fa2e523c1ee5eaa8bcedc,24083166,data/raw/src_54b914419613/69285182d57516b7bcd367c190e3cdecc7cbf4b7387fa2e523c1ee5eaa8bcedc.csv,https://donnees.electionsquebec.qc.ca/production/provincial/financement/contribution/contributions-pro-fr.csv
src_a85ab1730d80,src_a85ab1730d80_20261003144517108_8787bc6c8ea2,2026-10-03T14:45:17.108Z,2026-10-03T14:45:18.056Z,NA,"Sat, 03 Oct 2026 13:13:43 GMT","W/""3b81e25a029dafe414e3151d7f2931bf""",8787bc6c8ea2792dd733fa131fe444aabbc8d8f5812f90e9a9084af38e24e712,55369,data/raw/src_a85ab1730d80/8787bc6c8ea2792dd733fa131fe444aabbc8d8f5812f90e9a9084af38e24e712.html,https://www.electionsquebec.qc.ca/financement-depenses-et-contributions/limites-des-depenses-electorales/
src_387eb36607a8,src_387eb36607a8_20261003144518871_c488fa0ef328,2026-10-03T14:45:18.871Z,2026-10-03T14:45:19.904Z,NA,"Sat, 03 Oct 2026 13:13:43 GMT","W/""6763464d5ed32d59e70b1d5d06c39f4a""",c488fa0ef32823c864b02ff038f1a3e8c456be2f95011f2df04e04496e05e45e,47316,data/raw/src_387eb36607a8/c488fa0ef32823c864b02ff038f1a3e8c456be2f95011f2df04e04496e05e45e.html,https://www.electionsquebec.qc.ca/financement-depenses-et-contributions/allocations-versees/
src_c3a91f36053f,src_c3a91f36053f_20261003144520706_1502bbe4f76e,2026-10-03T14:45:20.706Z,2026-10-03T14:45:21.369Z,NA,"Sat, 03 Oct 2026 13:13:43 GMT","W/""ac484588c8a0feca11c35295c158bdcd""",1502bbe4f76e6d455619d2dc29aba086b240efc06b4edaad0d6a4d16aff57024,46394,data/raw/src_c3a91f36053f/1502bbe4f76e6d455619d2dc29aba086b240efc06b4edaad0d6a4d16aff57024.html,https://www.electionsquebec.qc.ca/financement-depenses-et-contributions/rapports-de-depenses-preelectorales-des-partis-politiques/
src_42a1a6aedb12,src_42a1a6aedb12_20261003144522164_64591a60a5b7,2026-10-03T14:45:22.164Z,2026-10-03T14:45:23.484Z,NA,"Sat, 03 Oct 2026 13:13:52 GMT","W/""d2caa792fab151c788071d43c8aaf544""",64591a60a5b7d136a25674ac4aaae7f159cdd11e2689c77a021d2aeba61066bf,63629,data/raw/src_42a1a6aedb12/64591a60a5b7d136a25674ac4aaae7f159cdd11e2689c77a021d2aeba61066bf.html,https://www.electionsquebec.qc.ca/comprendre/comprendre-les-cartes-electorales/historique-de-la-carte-electorale-du-quebec/
src_ce9610d322a9,src_ce9610d322a9_20261003144524298_026852fe9aa1,2026-10-03T14:45:24.298Z,2026-10-03T14:45:24.647Z,NA,"Sat, 03 Oct 2026 13:13:52 GMT","W/""faff1c21278bd89a59102069f9851f90""",026852fe9aa1e8db6949718340845b7409040300e4d666659a421c6c5c23d35a,54308,data/raw/src_ce9610d322a9/026852fe9aa1e8db6949718340845b7409040300e4d666659a421c6c5c23d35a.html,https://www.electionsquebec.qc.ca/comprendre/comprendre-les-cartes-electorales/historique-des-circonscriptions-du-quebec/
src_6bcbed8b2fe7,src_6bcbed8b2fe7_20261003144525432_174f34a893e6,2026-10-03T14:45:25.432Z,2026-10-03T14:45:25.495Z,NA,"Sat, 03 Oct 2026 13:14:22 GMT","W/""93fda1abf04e918108d587f8aead91c9""",174f34a893e6bee8c08095e6c5d09e1441c5f5ec9372f5faf45b9022400d43fe,53818,data/raw/src_6bcbed8b2fe7/174f34a893e6bee8c08095e6c5d09e1441c5f5ec9372f5faf45b9022400d43fe.html,https://www.electionsquebec.qc.ca/cartes-electorales/carte-electorale-du-quebec/atlas-historique-des-circonscriptions-electorales-du-quebec/
src_12368fe92c88,src_12368fe92c88_20261003144526280_ac63e5529fef,2026-10-03T14:45:26.280Z,2026-10-03T14:45:26.396Z,NA,"Sat, 03 Oct 2026 13:14:22 GMT","W/""383555f8b64951df7feeab43102e7db0""",ac63e5529fef815d9efb7bd923730130cfc4185a5664544189fb37dfe0fbcfca,71038,data/raw/src_12368fe92c88/ac63e5529fef815d9efb7bd923730130cfc4185a5664544189fb37dfe0fbcfca.html,https://www.electionsquebec.qc.ca/cartes-electorales/carte-electorale-du-quebec/
src_bab64bc215e9,src_bab64bc215e9_20261003144527194_8f63088c46dc,2026-10-03T14:45:27.194Z,2026-10-03T14:45:27.658Z,NA,"Tue, 16 Jun 2026 18:05:42 GMT",NA,8f63088c46dc601c548959c199ffd2d26a8b7a76e3a0820ee4f7f70b4730f742,366275,data/raw/src_bab64bc215e9/8f63088c46dc601c548959c199ffd2d26a8b7a76e3a0820ee4f7f70b4730f742.pdf,https://www.publicationsduquebec.gouv.qc.ca/fileadmin/gazette/pdf_encrypte/gaz_entiere/2624A-F.pdf
src_46d47b51ca66,src_46d47b51ca66_20261003144528457_ed032ab52be1,2026-10-03T14:45:28.457Z,2026-10-03T14:45:28.640Z,NA,"Tue, 13 Jan 2026 20:12:23 GMT",NA,ed032ab52be116e848b8671b521a2e17d33b2704d6d69007f6fecc158f4711df,454643,data/raw/src_46d47b51ca66/ed032ab52be116e848b8671b521a2e17d33b2704d6d69007f6fecc158f4711df.pdf,https://www.publicationsduquebec.gouv.qc.ca/fileadmin/gazette/pdf_encrypte/lois_reglements/2026F/87088.pdf
src_e8a6a86253cd,src_e8a6a86253cd_20261003144529437_7cfe3d1953d8,2026-10-03T14:45:29.437Z,2026-10-03T14:45:29.688Z,NA,"Mon, 30 Jun 2025 13:36:53 GMT",NA,7cfe3d1953d85122bbd508490abc68758970dbe7a26ac9b135d9bc3d130c5115,458254,data/raw/src_e8a6a86253cd/7cfe3d1953d85122bbd508490abc68758970dbe7a26ac9b135d9bc3d130c5115.pdf,https://www.publicationsduquebec.gouv.qc.ca/fileadmin/gazette/pdf_encrypte/lois_reglements/2025F/85953.pdf
src_a7721fef25a9,src_a7721fef25a9_20261003144530481_62b1d3de8bfa,2026-10-03T14:45:30.481Z,2026-10-03T14:45:40.882Z,NA,"Tue, 23 Jun 2026 14:12:34 GMT","""c6e2b6161d2b91ae67c3b033b6ee0c01-3""",62b1d3de8bfa39dee84d2519d5852ca0c1887df6cc3c79d2128c4a5e90e34d5e,30007395,data/raw/src_a7721fef25a9/62b1d3de8bfa39dee84d2519d5852ca0c1887df6cc3c79d2128c4a5e90e34d5e.zip,https://donnees.electionsquebec.qc.ca/autres/atlas/2017.zip
src_ffa23eedde87,src_ffa23eedde87_20261003144541672_a4313629a312,2026-10-03T14:45:41.672Z,2026-10-03T14:46:00.338Z,NA,"Tue, 23 Jun 2026 14:12:34 GMT","""7f63f392bcbdb9edca8094e42c417f29-5""",a4313629a3125b3365d9d9b667aff3a0fc679a70ceca72239b170112b69d0365,46958252,data/raw/src_ffa23eedde87/a4313629a3125b3365d9d9b667aff3a0fc679a70ceca72239b170112b69d0365.zip,https://donnees.electionsquebec.qc.ca/autres/atlas/2011.zip
src_fb1a42deaccb,src_fb1a42deaccb_20261003144601128_ec2323492a85,2026-10-03T14:46:01.128Z,2026-10-03T14:46:03.438Z,NA,"Tue, 23 Jun 2026 14:12:34 GMT","""72b9d5b8343d45cbd7d8751bd5243d4c""",ec2323492a85b62f52a4185113d1941f8b691c36c203400df1303491f29d56b8,5724358,data/raw/src_fb1a42deaccb/ec2323492a85b62f52a4185113d1941f8b691c36c203400df1303491f29d56b8.zip,https://donnees.electionsquebec.qc.ca/autres/atlas/2001.zip
src_f864fcb5a85f,src_f864fcb5a85f_20261003144604216_d945b1cf1a98,2026-10-03T14:46:04.216Z,2026-10-03T14:46:06.654Z,NA,"Tue, 23 Jun 2026 14:12:34 GMT","""f45dde0658549883fa07a1f31b2c7288""",d945b1cf1a9870f742de96844998075853b4fbc2fd182b5b32bcfaeb5f04b47b,5897873,data/raw/src_f864fcb5a85f/d945b1cf1a9870f742de96844998075853b4fbc2fd182b5b32bcfaeb5f04b47b.zip,https://donnees.electionsquebec.qc.ca/autres/atlas/1992.zip
src_e6f8a085ee3a,src_e6f8a085ee3a_20261003144607443_b90e00af30d5,2026-10-03T14:46:07.443Z,2026-10-03T14:46:09.732Z,NA,"Tue, 23 Jun 2026 14:12:33 GMT","""76b8f4fe0738f8e0f1d3a6236b5023a9""",b90e00af30d5e649ffab32e1dd883a9532ac39c2a994216714df09ee52426f43,5483471,data/raw/src_e6f8a085ee3a/b90e00af30d5e649ffab32e1dd883a9532ac39c2a994216714df09ee52426f43.zip,https://donnees.electionsquebec.qc.ca/autres/atlas/1988.zip
src_04cd3c0e9e69,src_04cd3c0e9e69_20261003144610513_74796b68e197,2026-10-03T14:46:10.513Z,2026-10-03T14:46:13.660Z,NA,"Tue, 23 Jun 2026 14:12:33 GMT","""38cb4aee4062dd3b6a5b2769c318ab05""",74796b68e197643de1f8719571479a774a5b8aba06cd9fbd1ab1cc21bb36b378,5412715,data/raw/src_04cd3c0e9e69/74796b68e197643de1f8719571479a774a5b8aba06cd9fbd1ab1cc21bb36b378.zip,https://donnees.electionsquebec.qc.ca/autres/atlas/1985.zip
src_0e6bcdd4d76a,src_0e6bcdd4d76a_20261003144614443_205bf71faa37,2026-10-03T14:46:14.443Z,2026-10-03T14:46:18.232Z,NA,"Tue, 23 Jun 2026 14:12:33 GMT","""bcfcac7c38e5d2e29294575656e26220""",205bf71faa37aa53d864fedf4b9345e04fbc89f5237125dd03dbfcceff81f5a3,5429604,data/raw/src_0e6bcdd4d76a/205bf71faa37aa53d864fedf4b9345e04fbc89f5237125dd03dbfcceff81f5a3.zip,https://donnees.electionsquebec.qc.ca/autres/atlas/1980.zip
src_210c8ba491cd,src_210c8ba491cd_20261003144619030_a64131d33ac2,2026-10-03T14:46:19.030Z,2026-10-03T14:46:26.608Z,NA,"Tue, 23 Jun 2026 14:12:33 GMT","""5d091106b7cdc43253f1386667af8e04""",a64131d33ac203e4c6f202b140acd412157f8ef44d22de1d7cc4cfbfa24b8571,4943576,data/raw/src_210c8ba491cd/a64131d33ac203e4c6f202b140acd412157f8ef44d22de1d7cc4cfbfa24b8571.zip,https://donnees.electionsquebec.qc.ca/autres/atlas/1972.zip
src_50d603a17a13,src_50d603a17a13_20261003144627404_d2f6ebde70a9,2026-10-03T14:46:27.404Z,2026-10-03T14:46:32.622Z,NA,"Tue, 23 Jun 2026 14:12:33 GMT","""e969e0f70bde7114f875d9405f226bf6""",d2f6ebde70a95d7bbce83fac4246fa9631a9ec019eb567553495d2501e07584f,5308950,data/raw/src_50d603a17a13/d2f6ebde70a95d7bbce83fac4246fa9631a9ec019eb567553495d2501e07584f.zip,https://donnees.electionsquebec.qc.ca/autres/atlas/1965.zip
src_b2fcfa6244fb,src_b2fcfa6244fb_20261003144633406_61b9fd7d9063,2026-10-03T14:46:33.406Z,2026-10-03T14:46:34.169Z,NA,"Fri, 21 Aug 2026 14:55:44 GMT","""0113691bb70d087780d0498d8c86606a""",61b9fd7d90633c96a52f3538cf58c340efb9dd44c06501c859d1999e41ae0449,49131,data/raw/src_b2fcfa6244fb/61b9fd7d90633c96a52f3538cf58c340efb9dd44c06501c859d1999e41ae0449.xlsx,https://docs.electionsquebec.qc.ca/PRO/66e1e6ec424a1/EvolutionCEP2017.xlsx
src_52e2d7d3768e,src_52e2d7d3768e_20261003144634991_2fe7a6586ab5,2026-10-03T14:46:34.991Z,2026-10-03T14:46:35.912Z,NA,"Sat, 03 Oct 2026 14:46:36 GMT",NA,2fe7a6586ab5372b2a66d31261b8328b5980395f6cdf90c39af12e4d24e2773d,53953,data/raw/src_52e2d7d3768e/2fe7a6586ab5372b2a66d31261b8328b5980395f6cdf90c39af12e4d24e2773d.html,https://www.assnat.qc.ca/fr/patrimoine/resultatselec/index.html
src_5179307198a5,src_5179307198a5_20261003144636707_d0c9edc40518,2026-10-03T14:46:36.707Z,2026-10-03T14:46:37.995Z,NA,"Sat, 03 Oct 2026 14:46:37 GMT",NA,d0c9edc40518c6eb7c1bf1ea1828acf5c55ff57ac6a1dc75b93af9b2f46e65bc,186064,data/raw/src_5179307198a5/d0c9edc40518c6eb7c1bf1ea1828acf5c55ff57ac6a1dc75b93af9b2f46e65bc.html,https://www.assnat.qc.ca/fr/patrimoine/resultatselec/a.html
src_724898755de5,src_724898755de5_20261003144638801_dd5a4a2027c9,2026-10-03T14:46:38.801Z,2026-10-03T14:46:40.184Z,NA,"Sat, 03 Oct 2026 14:46:39 GMT",NA,dd5a4a2027c9116be3b101b4bdbe6bb30b23de9765887b7eb0142e7b8b16e59c,159849,data/raw/src_724898755de5/dd5a4a2027c9116be3b101b4bdbe6bb30b23de9765887b7eb0142e7b8b16e59c.html,https://www.assnat.qc.ca/fr/patrimoine/resultatselec/b1.html
src_db3d57b00e40,src_db3d57b00e40_20261003144640975_831108e47bf7,2026-10-03T14:46:40.975Z,2026-10-03T14:46:42.395Z,NA,"Sat, 03 Oct 2026 14:46:42 GMT",NA,831108e47bf76e0278222394c3c638d0c5721e8efe0ba453433aa89b9e582d5f,178868,data/raw/src_db3d57b00e40/831108e47bf76e0278222394c3c638d0c5721e8efe0ba453433aa89b9e582d5f.html,https://www.assnat.qc.ca/fr/patrimoine/resultatselec/b2.html
src_ccc54fd0ebf1,src_ccc54fd0ebf1_20261003144643191_fd447d3e61ad,2026-10-03T14:46:43.191Z,2026-10-03T14:46:44.797Z,NA,"Sat, 03 Oct 2026 14:46:44 GMT",NA,fd447d3e61adf6860ad2ac0fb9cf6c8e89853a083ca3c6de43ad49dc696c9b81,141626,data/raw/src_ccc54fd0ebf1/fd447d3e61adf6860ad2ac0fb9cf6c8e89853a083ca3c6de43ad49dc696c9b81.html,https://www.assnat.qc.ca/fr/patrimoine/resultatselec/b3.html
src_400452365bd1,src_400452365bd1_20261003144645593_c9af5bf04615,2026-10-03T14:46:45.593Z,2026-10-03T14:46:46.822Z,NA,"Sat, 03 Oct 2026 14:46:46 GMT",NA,c9af5bf046154129c0f207b5d761fa75e4cdc966857278ad838dab9e5bb3f538,182158,data/raw/src_400452365bd1/c9af5bf046154129c0f207b5d761fa75e4cdc966857278ad838dab9e5bb3f538.html,https://www.assnat.qc.ca/fr/patrimoine/resultatselec/c1.html
src_ef29c51fe1f8,src_ef29c51fe1f8_20261003144647616_d6992b81554e,2026-10-03T14:46:47.616Z,2026-10-03T14:46:49.976Z,NA,"Sat, 03 Oct 2026 14:46:49 GMT",NA,d6992b81554e0a1965e39cad8e908962e4ce599de01d64083adb201bbc50197f,198781,data/raw/src_ef29c51fe1f8/d6992b81554e0a1965e39cad8e908962e4ce599de01d64083adb201bbc50197f.html,https://www.assnat.qc.ca/fr/patrimoine/resultatselec/c2.html
src_440ebd7b572a,src_440ebd7b572a_20261003144650775_01540531601e,2026-10-03T14:46:50.775Z,2026-10-03T14:46:56.145Z,NA,"Sat, 03 Oct 2026 14:46:55 GMT",NA,01540531601e27bbeb2c4d900c0ab833af2d89b55b16f34e119b944344e6f6e4,200423,data/raw/src_440ebd7b572a/01540531601e27bbeb2c4d900c0ab833af2d89b55b16f34e119b944344e6f6e4.html,https://www.assnat.qc.ca/fr/patrimoine/resultatselec/d.html
src_82efc8cec4cf,src_82efc8cec4cf_20261003144656942_b2ca98b23fe7,2026-10-03T14:46:56.942Z,2026-10-03T14:47:00.616Z,NA,"Sat, 03 Oct 2026 14:46:59 GMT",NA,b2ca98b23fe781844d8c9b228e755b77aa1bcdc9f07415324aef77e410d37669,188815,data/raw/src_82efc8cec4cf/b2ca98b23fe781844d8c9b228e755b77aa1bcdc9f07415324aef77e410d37669.html,https://www.assnat.qc.ca/fr/patrimoine/resultatselec/eg.html
src_612bcc4cc655,src_612bcc4cc655_20261003144701409_35b2131f98d8,2026-10-03T14:47:01.409Z,2026-10-03T14:47:04.183Z,NA,"Sat, 03 Oct 2026 14:47:03 GMT",NA,35b2131f98d82936822ed442ffe498ede7df26811c42af00a892e337adec262f,184500,data/raw/src_612bcc4cc655/35b2131f98d82936822ed442ffe498ede7df26811c42af00a892e337adec262f.html,https://www.assnat.qc.ca/fr/patrimoine/resultatselec/hi.html
src_7b9ed0fabd68,src_7b9ed0fabd68_20261003144704974_92a18d2a9b90,2026-10-03T14:47:04.974Z,2026-10-03T14:47:08.506Z,NA,"Sat, 03 Oct 2026 14:47:07 GMT",NA,92a18d2a9b909cebf6084309d03672bf93d346db8924be0a51d4c5128913aa87,211236,data/raw/src_7b9ed0fabd68/92a18d2a9b909cebf6084309d03672bf93d346db8924be0a51d4c5128913aa87.html,https://www.assnat.qc.ca/fr/patrimoine/resultatselec/j.html
src_c3fc7d75adf4,src_c3fc7d75adf4_20261003144709303_31f868b47e62,2026-10-03T14:47:09.303Z,2026-10-03T14:47:11.819Z,NA,"Sat, 03 Oct 2026 14:47:11 GMT",NA,31f868b47e62d554e36ea71cb712f461a3a4c5487eb42bf97750e000c112ed4a,82153,data/raw/src_c3fc7d75adf4/31f868b47e62d554e36ea71cb712f461a3a4c5487eb42bf97750e000c112ed4a.html,https://www.assnat.qc.ca/fr/patrimoine/resultatselec/k.html
src_fc37ed3fd768,src_fc37ed3fd768_20261003144712620_f555836ed896,2026-10-03T14:47:12.620Z,2026-10-03T14:47:17.649Z,NA,"Sat, 03 Oct 2026 14:47:16 GMT",NA,f555836ed896bb30f2e62641ee5f007ee4ada08bfb5004857dc19a3c65570510,190294,data/raw/src_fc37ed3fd768/f555836ed896bb30f2e62641ee5f007ee4ada08bfb5004857dc19a3c65570510.html,https://www.assnat.qc.ca/fr/patrimoine/resultatselec/l1.html
src_728d86af63e6,src_728d86af63e6_20261003144718444_acefea6e8053,2026-10-03T14:47:18.444Z,2026-10-03T14:47:27.700Z,NA,"Sat, 03 Oct 2026 14:47:26 GMT",NA,acefea6e8053aef0cf4615763636107cfc7dc16eb30bb4179832b62e7a869b16,171342,data/raw/src_728d86af63e6/acefea6e8053aef0cf4615763636107cfc7dc16eb30bb4179832b62e7a869b16.html,https://www.assnat.qc.ca/fr/patrimoine/resultatselec/l2.html
src_d4a5c8d4c2ec,src_d4a5c8d4c2ec_20261003144728494_1159ac17de74,2026-10-03T14:47:28.494Z,2026-10-03T14:47:38.414Z,NA,"Sat, 03 Oct 2026 14:47:37 GMT",NA,1159ac17de74f13f919ccc4f9d194ec672c29b236fcd50837beca3800ebc6e40,167517,data/raw/src_d4a5c8d4c2ec/1159ac17de74f13f919ccc4f9d194ec672c29b236fcd50837beca3800ebc6e40.html,https://www.assnat.qc.ca/fr/patrimoine/resultatselec/l3.html
src_c67c8d9bd6bc,src_c67c8d9bd6bc_20261003144739212_8e9b6ee27c5d,2026-10-03T14:47:39.212Z,2026-10-03T14:47:50.846Z,NA,"Sat, 03 Oct 2026 14:47:48 GMT",NA,8e9b6ee27c5d8830a086718b1225a652b49a05d4b143c5a4f4087013484e200d,202248,data/raw/src_c67c8d9bd6bc/8e9b6ee27c5d8830a086718b1225a652b49a05d4b143c5a4f4087013484e200d.html,https://www.assnat.qc.ca/fr/patrimoine/resultatselec/m1.html
src_a567416f3b01,src_a567416f3b01_20261003144751624_94525f6316ec,2026-10-03T14:47:51.624Z,2026-10-03T14:48:02.307Z,NA,"Sat, 03 Oct 2026 14:48:00 GMT",NA,94525f6316ecf2e6a0b42c68d29168ef4445c93cb4702f89801aaacd3db9e833,190086,data/raw/src_a567416f3b01/94525f6316ecf2e6a0b42c68d29168ef4445c93cb4702f89801aaacd3db9e833.html,https://www.assnat.qc.ca/fr/patrimoine/resultatselec/m2.html
src_128f9f74ba8d,src_128f9f74ba8d_20261003144803098_199550905ef8,2026-10-03T14:48:03.098Z,2026-10-03T14:48:06.579Z,NA,"Sat, 03 Oct 2026 14:48:05 GMT",NA,199550905ef87e6934b92873ccd8c85a424c6319bea1277f64e72695e0c85cbf,179003,data/raw/src_128f9f74ba8d/199550905ef87e6934b92873ccd8c85a424c6319bea1277f64e72695e0c85cbf.html,https://www.assnat.qc.ca/fr/patrimoine/resultatselec/m3.html
src_3de6cee42b89,src_3de6cee42b89_20261003144807357_600fc774d299,2026-10-03T14:48:07.357Z,2026-10-03T14:48:11.210Z,NA,"Sat, 03 Oct 2026 14:48:09 GMT",NA,600fc774d2996206b95b6ed02c482f5ed732953c5ae4b16b66b37f330a08b47d,172196,data/raw/src_3de6cee42b89/600fc774d2996206b95b6ed02c482f5ed732953c5ae4b16b66b37f330a08b47d.html,https://www.assnat.qc.ca/fr/patrimoine/resultatselec/m4.html
src_a0251ac689cb,src_a0251ac689cb_20261003144811994_95631ef09b23,2026-10-03T14:48:11.994Z,2026-10-03T14:48:15.050Z,NA,"Sat, 03 Oct 2026 14:48:14 GMT",NA,95631ef09b23814c2a3b9dd707e4b567ff4cb9ab636532290e7885bce6ecfb1d,184093,data/raw/src_a0251ac689cb/95631ef09b23814c2a3b9dd707e4b567ff4cb9ab636532290e7885bce6ecfb1d.html,https://www.assnat.qc.ca/fr/patrimoine/resultatselec/no.html
src_fd9a5ca5abb0,src_fd9a5ca5abb0_20261003144815832_72ee620ca366,2026-10-03T14:48:15.832Z,2026-10-03T14:48:19.457Z,NA,"Sat, 03 Oct 2026 14:48:18 GMT",NA,72ee620ca3662db175d19c8b03e3ebf41345c925db8704c83cd07e3cb8f2caa6,172028,data/raw/src_fd9a5ca5abb0/72ee620ca3662db175d19c8b03e3ebf41345c925db8704c83cd07e3cb8f2caa6.html,https://www.assnat.qc.ca/fr/patrimoine/resultatselec/p.html
src_6f9919271d21,src_6f9919271d21_20261003144820242_09f3d8a5e7d8,2026-10-03T14:48:20.242Z,2026-10-03T14:48:25.687Z,NA,"Sat, 03 Oct 2026 14:48:25 GMT",NA,09f3d8a5e7d8cfadca5b7b82e2964cb1782ec57f5dfedcc4ed4ace9a75306699,116021,data/raw/src_6f9919271d21/09f3d8a5e7d8cfadca5b7b82e2964cb1782ec57f5dfedcc4ed4ace9a75306699.html,https://www.assnat.qc.ca/fr/patrimoine/resultatselec/q.html
src_4840108788f3,src_4840108788f3_20261003144826472_3b67cd094f61,2026-10-03T14:48:26.472Z,2026-10-03T14:48:35.449Z,NA,"Sat, 03 Oct 2026 14:48:34 GMT",NA,3b67cd094f61dc1002a335415bac0d8f7cab4385a7cc5c9526cb0790ae1cfc92,183984,data/raw/src_4840108788f3/3b67cd094f61dc1002a335415bac0d8f7cab4385a7cc5c9526cb0790ae1cfc92.html,https://www.assnat.qc.ca/fr/patrimoine/resultatselec/r1.html
src_2244578dce31,src_2244578dce31_20261003144836245_e7d4e7154d92,2026-10-03T14:48:36.245Z,2026-10-03T14:48:44.877Z,NA,"Sat, 03 Oct 2026 14:48:43 GMT",NA,e7d4e7154d926abc7f7149a1abf320e25f6067471f52b40bbf90b8d0b47a15af,159913,data/raw/src_2244578dce31/e7d4e7154d926abc7f7149a1abf320e25f6067471f52b40bbf90b8d0b47a15af.html,https://www.assnat.qc.ca/fr/patrimoine/resultatselec/r2.html
src_e2545508d8ce,src_e2545508d8ce_20261003144845655_3e8c5e95ca0c,2026-10-03T14:48:45.655Z,2026-10-03T14:48:53.145Z,NA,"Sat, 03 Oct 2026 14:48:52 GMT",NA,3e8c5e95ca0c1dc03eec4391693cfee9d323432e0daa682a3d496738c4c2847b,187228,data/raw/src_e2545508d8ce/3e8c5e95ca0c1dc03eec4391693cfee9d323432e0daa682a3d496738c4c2847b.html,https://www.assnat.qc.ca/fr/patrimoine/resultatselec/s1.html
src_9d3d3707d691,src_9d3d3707d691_20261003144853927_61759316500c,2026-10-03T14:48:53.927Z,2026-10-03T14:49:06.428Z,NA,"Sat, 03 Oct 2026 14:49:03 GMT",NA,61759316500c5a9a241ce882d23fc3d7a680136ec140133eba9ec15b71204627,168461,data/raw/src_9d3d3707d691/61759316500c5a9a241ce882d23fc3d7a680136ec140133eba9ec15b71204627.html,https://www.assnat.qc.ca/fr/patrimoine/resultatselec/s2.html
src_6498b71b1a4c,src_6498b71b1a4c_20261003144907213_1043637119e5,2026-10-03T14:49:07.213Z,2026-10-03T14:49:11.338Z,NA,"Sat, 03 Oct 2026 14:49:10 GMT",NA,1043637119e52addaddbe511674f520ce6e94f8db1df8a05e7795593d7d77bc4,171164,data/raw/src_6498b71b1a4c/1043637119e52addaddbe511674f520ce6e94f8db1df8a05e7795593d7d77bc4.html,https://www.assnat.qc.ca/fr/patrimoine/resultatselec/s3.html
src_00f6f4053817,src_00f6f4053817_20261003144912113_b0c19b0da631,2026-10-03T14:49:12.113Z,2026-10-03T14:49:20.861Z,NA,"Sat, 03 Oct 2026 14:49:19 GMT",NA,b0c19b0da6316a49bb31840d3c191f2dfc47fcbc899f6b5a700ec1f5f420be7e,189598,data/raw/src_00f6f4053817/b0c19b0da6316a49bb31840d3c191f2dfc47fcbc899f6b5a700ec1f5f420be7e.html,https://www.assnat.qc.ca/fr/patrimoine/resultatselec/t.html
src_4cc517b0501c,src_4cc517b0501c_20261003144921648_cca78793a0d1,2026-10-03T14:49:21.648Z,2026-10-03T14:49:30.195Z,NA,"Sat, 03 Oct 2026 14:49:29 GMT",NA,cca78793a0d1a60da41f8b9e68c7280b03378f4236d7f6ea32585bd605a5d563,182770,data/raw/src_4cc517b0501c/cca78793a0d1a60da41f8b9e68c7280b03378f4236d7f6ea32585bd605a5d563.html,https://www.assnat.qc.ca/fr/patrimoine/resultatselec/uz1.html
src_dca5486a83eb,src_dca5486a83eb_20261003144930978_bdf290634efc,2026-10-03T14:49:30.978Z,2026-10-03T14:49:34.831Z,NA,"Sat, 03 Oct 2026 14:49:33 GMT",NA,bdf290634efcfba8c51031519d0c011c3098375c1eda808c990a32df193b0054,149079,data/raw/src_dca5486a83eb/bdf290634efcfba8c51031519d0c011c3098375c1eda808c990a32df193b0054.html,https://www.assnat.qc.ca/fr/patrimoine/resultatselec/uz2.html
src_fd99c43283f3,src_fd99c43283f3_20261003150042615_f8fc61a6f059,2026-10-03T15:00:42.615Z,2026-10-03T15:00:42.815Z,NA,"Fri, 02 Oct 2026 13:00:47 GMT","""51a427b657c6685b17d90e929c74f2c6""",f8fc61a6f059c1071b49e30960946fec7217a4d3a054bc76af980d36c1314665,3115,data/raw/src_fd99c43283f3/f8fc61a6f059c1071b49e30960946fec7217a4d3a054bc76af980d36c1314665.csv,https://donnees.electionsquebec.qc.ca/autres/provincial/taux_participation_preliminaire.csv
src_b7e2938c2649,src_b7e2938c2649_20261003150043627_0186a8958251,2026-10-03T15:00:43.627Z,2026-10-03T15:00:43.818Z,NA,"Tue, 05 May 2026 14:10:55 GMT","""7021ba882e09d70c900221bc73c0cec1""",0186a895825102f21935f52186399e9f8da5102e7a8b22226ce1bb3d4cc45b93,148973,data/raw/src_b7e2938c2649/0186a895825102f21935f52186399e9f8da5102e7a8b22226ce1bb3d4cc45b93.json,https://donnees.electionsquebec.qc.ca/production/provincial/resultats/archives/gen2012-09-04/resultats.json
src_e8904f6f5951,src_e8904f6f5951_20261003150044625_1fbfb6023380,2026-10-03T15:00:44.625Z,2026-10-03T15:00:44.746Z,NA,"Tue, 05 May 2026 14:08:16 GMT","""776d54fd6c72f4ebbe0d2f9357277fcf""",1fbfb602338021b6180d8ea744a75a5aaa755f28abb205d2b5da22ac5f5b5737,116875,data/raw/src_e8904f6f5951/1fbfb602338021b6180d8ea744a75a5aaa755f28abb205d2b5da22ac5f5b5737.json,https://donnees.electionsquebec.qc.ca/production/provincial/resultats/archives/gen2008-12-08/resultats.json
src_e1bd95cfcae7,src_e1bd95cfcae7_20261003150045544_cceaaca5b204,2026-10-03T15:00:45.544Z,2026-10-03T15:00:46.091Z,NA,"Thu, 18 Dec 2025 12:20:10 GMT","""2f579978ff2b7407863bf8ac3b4a6cee""",cceaaca5b20471302bfebb7daacb1aab63aeaf09e957db0ff7079d910843b8db,898216,data/raw/src_e1bd95cfcae7/cceaaca5b20471302bfebb7daacb1aab63aeaf09e957db0ff7079d910843b8db.zip,https://donnees.electionsquebec.qc.ca/production/provincial/resultats/archives/gen2008-12-08/resultats-bureau-vote.zip
src_280377a4ab9f,src_280377a4ab9f_20261003150046904_fac595de76fe,2026-10-03T15:00:46.904Z,2026-10-03T15:00:47.029Z,NA,"Tue, 05 May 2026 14:06:04 GMT","""670f506bfc6dcbf32ff153329a00936b""",fac595de76fee61d8fdc03d1838036914c6619bdef8763a69a273c0032e7e3f4,120550,data/raw/src_280377a4ab9f/fac595de76fee61d8fdc03d1838036914c6619bdef8763a69a273c0032e7e3f4.json,https://donnees.electionsquebec.qc.ca/production/provincial/resultats/archives/gen2007-03-26/resultats.json
src_97943df8aee2,src_97943df8aee2_20261003150047823_ef381642292c,2026-10-03T15:00:47.823Z,2026-10-03T15:00:48.328Z,NA,"Thu, 18 Dec 2025 12:20:09 GMT","""844a7cc1907b295027d1a537557dbf5c""",ef381642292c4053368ae7015dbc8a8898d32fd4c281fb7ad8fa332b25376e9d,929642,data/raw/src_97943df8aee2/ef381642292c4053368ae7015dbc8a8898d32fd4c281fb7ad8fa332b25376e9d.zip,https://donnees.electionsquebec.qc.ca/production/provincial/resultats/archives/gen2007-03-26/resultats-bureau-vote.zip
src_7bff9ffeecfe,src_7bff9ffeecfe_20261003150049128_3133f51f9660,2026-10-03T15:00:49.128Z,2026-10-03T15:00:49.383Z,NA,"Tue, 05 May 2026 14:03:20 GMT","""40ca41b96251ba3f88d7cb49a155773c""",3133f51f966079cfaaba87bd2d9e5bf7192079167f1612745f487ee07de28ad6,116041,data/raw/src_7bff9ffeecfe/3133f51f966079cfaaba87bd2d9e5bf7192079167f1612745f487ee07de28ad6.json,https://donnees.electionsquebec.qc.ca/production/provincial/resultats/archives/gen2003-04-14/resultats.json
src_52c4ab07b017,src_52c4ab07b017_20261003150050176_4b53d1026b3a,2026-10-03T15:00:50.176Z,2026-10-03T15:00:50.567Z,NA,"Thu, 18 Dec 2025 12:20:09 GMT","""a1d472e4034c93eaf7b4b398405f9deb""",4b53d1026b3ac3003f127d6f0641f4da4f950ac7a232fdec1ac279d6b17e3fb8,369757,data/raw/src_52c4ab07b017/4b53d1026b3ac3003f127d6f0641f4da4f950ac7a232fdec1ac279d6b17e3fb8.zip,https://donnees.electionsquebec.qc.ca/production/provincial/resultats/archives/gen2003-04-14/resultats-bureau-vote.zip
src_1af5a89dfff0,src_1af5a89dfff0_20261003150051368_c3462fc7fd8b,2026-10-03T15:00:51.368Z,2026-10-03T15:00:51.487Z,NA,"Tue, 05 May 2026 14:00:52 GMT","""d2118b1befaa40a15edba1ea7bfb96b6""",c3462fc7fd8b13f3c5e93e011002efeac42cdf948110d503a23f714d26095172,116859,data/raw/src_1af5a89dfff0/c3462fc7fd8b13f3c5e93e011002efeac42cdf948110d503a23f714d26095172.json,https://donnees.electionsquebec.qc.ca/production/provincial/resultats/archives/gen1998-11-30/resultats.json
src_ae53c8c7c088,src_ae53c8c7c088_20261003150052283_23ed20b6a5a9,2026-10-03T15:00:52.283Z,2026-10-03T15:00:52.693Z,NA,"Thu, 18 Dec 2025 12:20:09 GMT","""df9bad2a7afa8c31e2ade27c2add109e""",23ed20b6a5a96e7a25aec341272d66443a26d8e5669dadeef2707cb31aea0039,934886,data/raw/src_ae53c8c7c088/23ed20b6a5a96e7a25aec341272d66443a26d8e5669dadeef2707cb31aea0039.zip,https://donnees.electionsquebec.qc.ca/production/provincial/resultats/archives/gen1998-11-30/resultats-bureau-vote.zip
src_a5c774edf8cf,src_a5c774edf8cf_20261003150053483_e6e00dcbe326,2026-10-03T15:00:53.483Z,2026-10-03T15:00:53.598Z,NA,"Tue, 05 May 2026 13:57:45 GMT","""30edda51674c02f8faa85b10dbe9ca31""",e6e00dcbe3262eedbdf5adb18ae0ea06851645357fb1337997815fb5eefdd77e,120491,data/raw/src_a5c774edf8cf/e6e00dcbe3262eedbdf5adb18ae0ea06851645357fb1337997815fb5eefdd77e.json,https://donnees.electionsquebec.qc.ca/production/provincial/resultats/archives/gen1994-09-12/resultats.json
src_2fdd6d97a914,src_2fdd6d97a914_20261003150054393_d99a5730c050,2026-10-03T15:00:54.393Z,2026-10-03T15:00:54.532Z,NA,"Tue, 05 May 2026 13:47:23 GMT","""3e4ef9ea0f16af185ff5a4886f0db1ee""",d99a5730c050450b321af685b9d1249eedc11dc9d8ef616f1b11460ff5732378,104147,data/raw/src_2fdd6d97a914/d99a5730c050450b321af685b9d1249eedc11dc9d8ef616f1b11460ff5732378.json,https://donnees.electionsquebec.qc.ca/production/provincial/resultats/archives/gen1989-09-25/resultats.json
src_520c73ea8c20,src_520c73ea8c20_20261003150055326_13034befb12b,2026-10-03T15:00:55.326Z,2026-10-03T15:00:55.625Z,NA,"Tue, 05 May 2026 13:36:31 GMT","""2c0c417ba0254affe0b0a8b9d47be137""",13034befb12b8c2a6c449616af8521f0b4338d3e7541db281a0703366881d2dd,116055,data/raw/src_520c73ea8c20/13034befb12b8c2a6c449616af8521f0b4338d3e7541db281a0703366881d2dd.json,https://donnees.electionsquebec.qc.ca/production/provincial/resultats/archives/gen1985-12-02/resultats.json
src_765bb55410f7,src_765bb55410f7_20261003150056419_18dcbff01102,2026-10-03T15:00:56.419Z,2026-10-03T15:00:56.529Z,NA,"Tue, 05 May 2026 13:23:29 GMT","""e98e7fc1a1b6979eade5ce03366f9a2a""",18dcbff011024402161614fe02237cc4f392020a0ab1afb00c029a9885545319,97429,data/raw/src_765bb55410f7/18dcbff011024402161614fe02237cc4f392020a0ab1afb00c029a9885545319.json,https://donnees.electionsquebec.qc.ca/production/provincial/resultats/archives/gen1981-04-13/resultats.json
src_b9b5e6a7558b,src_b9b5e6a7558b_20261003150057334_aa99f4f82155,2026-10-03T15:00:57.334Z,2026-10-03T15:00:57.614Z,NA,"Thu, 30 Apr 2026 19:41:31 GMT","""52cc48abadb8ba710177b1234c2cde9f""",aa99f4f8215542cab9ac37a1cb0ccaec586f456de0458172dfc847e038a6b021,98637,data/raw/src_b9b5e6a7558b/aa99f4f8215542cab9ac37a1cb0ccaec586f456de0458172dfc847e038a6b021.json,https://donnees.electionsquebec.qc.ca/production/provincial/resultats/archives/gen1976-11-15/resultats.json
src_3b8db421046a,src_3b8db421046a_20261003150058420_0c92015164e6,2026-10-03T15:00:58.420Z,2026-10-03T15:00:58.540Z,NA,"Thu, 18 Dec 2025 12:20:09 GMT","""ce9ad1df8bba2e9c81e2c0b45824cffa""",0c92015164e6e96462807db967b18ff0fb11cba8ffd28493b480873ee07227e1,87959,data/raw/src_3b8db421046a/0c92015164e6e96462807db967b18ff0fb11cba8ffd28493b480873ee07227e1.json,https://donnees.electionsquebec.qc.ca/production/provincial/resultats/archives/gen1973-10-29/resultats.json
src_8a20eb6a8e65,src_8a20eb6a8e65_20261003150112364_37e8b06d0764,2026-10-03T15:01:12.364Z,2026-10-03T15:01:12.553Z,NA,"Thu, 18 Dec 2025 12:20:13 GMT","""1ba19b52258a35379b47042735b7d7dd""",37e8b06d07642baa204efa7cab83b0046b89f7305c6207569af822f05b1c8e86,5025,data/raw/src_8a20eb6a8e65/37e8b06d07642baa204efa7cab83b0046b89f7305c6207569af822f05b1c8e86.json,https://donnees.electionsquebec.qc.ca/production/provincial/resultats/archives/part2012-06-11/resultats.json
src_3b86e20cc08e,src_3b86e20cc08e_20261003150113355_c06eecfa4edf,2026-10-03T15:01:13.355Z,2026-10-03T15:01:13.614Z,NA,"Thu, 18 Dec 2025 12:20:13 GMT","""78c8e68bf31f51a59cb4a325faefc8b3""",c06eecfa4edf51b963c182abc10366dde8cc79071eb1dd08e261b1dc7df44746,2465,data/raw/src_3b86e20cc08e/c06eecfa4edf51b963c182abc10366dde8cc79071eb1dd08e261b1dc7df44746.json,https://donnees.electionsquebec.qc.ca/production/provincial/resultats/archives/part2011-12-05/resultats.json
src_66823dd8c7f5,src_66823dd8c7f5_20261003150114421_804277d5e194,2026-10-03T15:01:14.421Z,2026-10-03T15:01:14.616Z,NA,"Thu, 18 Dec 2025 12:20:13 GMT","""72b184acb0153d68e220dd146e52e681""",804277d5e194b34a790133b46d5831770f63b321304dc175f69d18c0896441ce,2177,data/raw/src_66823dd8c7f5/804277d5e194b34a790133b46d5831770f63b321304dc175f69d18c0896441ce.json,https://donnees.electionsquebec.qc.ca/production/provincial/resultats/archives/part2010-11-29/resultats.json
src_acc454cd8165,src_acc454cd8165_20261003150115421_ab409353b2b1,2026-10-03T15:01:15.421Z,2026-10-03T15:01:15.583Z,NA,"Thu, 18 Dec 2025 12:20:13 GMT","""bdc6bb5a602221bea1cc30b6524318b3""",ab409353b2b101ba100d173c41b2065f7fa4cac163b9f06698ffc10f133dd64f,2166,data/raw/src_acc454cd8165/ab409353b2b101ba100d173c41b2065f7fa4cac163b9f06698ffc10f133dd64f.json,https://donnees.electionsquebec.qc.ca/production/provincial/resultats/archives/part2010-09-13/resultats.json
src_b58fcb703164,src_b58fcb703164_20261003150116388_5b1a23acb5a1,2026-10-03T15:01:16.388Z,2026-10-03T15:01:16.728Z,NA,"Thu, 18 Dec 2025 12:20:13 GMT","""2fb988f963ef5c7e183d1e1f84d04438""",5b1a23acb5a150823a0aa13ea62e9a1d70143f9ff8c2daea793eb246438dd3ad,2583,data/raw/src_b58fcb703164/5b1a23acb5a150823a0aa13ea62e9a1d70143f9ff8c2daea793eb246438dd3ad.json,https://donnees.electionsquebec.qc.ca/production/provincial/resultats/archives/part2010-07-05/resultats.json
src_54c3f7305664,src_54c3f7305664_20261003150117523_3281ebfe8c60,2026-10-03T15:01:17.523Z,2026-10-03T15:01:17.782Z,NA,"Thu, 18 Dec 2025 12:20:13 GMT","""b045f32f127d4c1016e62f09bac85ca5""",3281ebfe8c60ceb76b887047c2b6988c6b16cc5a6fbe82108b4b90418844e105,2159,data/raw/src_54c3f7305664/3281ebfe8c60ceb76b887047c2b6988c6b16cc5a6fbe82108b4b90418844e105.json,https://donnees.electionsquebec.qc.ca/production/provincial/resultats/archives/part2009-09-21/resultats.json
src_23975b969371,src_23975b969371_20261003150118592_fb7a3435e602,2026-10-03T15:01:18.592Z,2026-10-03T15:01:18.889Z,NA,"Thu, 18 Dec 2025 12:20:13 GMT","""20439a52a62def5ea86410762f064cd6""",fb7a3435e6026bb337c7506f5e89f34b82e59634f0f264c7e4f18191e0f8c6c3,4400,data/raw/src_23975b969371/fb7a3435e6026bb337c7506f5e89f34b82e59634f0f264c7e4f18191e0f8c6c3.json,https://donnees.electionsquebec.qc.ca/production/provincial/resultats/archives/part2009-06-22/resultats.json
src_f20092c75f85,src_f20092c75f85_20261003150119689_f1fcef53a73a,2026-10-03T15:01:19.689Z,2026-10-03T15:01:19.934Z,NA,"Thu, 18 Dec 2025 12:20:13 GMT","""727c057760db4eaa17964351d46fa59e""",f1fcef53a73a43603dd9e6a75ce1efe9ff8f7691aa01f1191f82cef37320d6d6,2516,data/raw/src_f20092c75f85/f1fcef53a73a43603dd9e6a75ce1efe9ff8f7691aa01f1191f82cef37320d6d6.json,https://donnees.electionsquebec.qc.ca/production/provincial/resultats/archives/part2008-09-29/resultats.json
src_b1cdb1fbf174,src_b1cdb1fbf174_20261003150120733_94cf9daa8ada,2026-10-03T15:01:20.733Z,2026-10-03T15:01:20.889Z,NA,"Thu, 18 Dec 2025 12:20:13 GMT","""30f8b61ac291de746b89a8c2db0430ec""",94cf9daa8ada9e4a96e522db25ac14b882293f3c10092e9aefa13506844fa4f7,4973,data/raw/src_b1cdb1fbf174/94cf9daa8ada9e4a96e522db25ac14b882293f3c10092e9aefa13506844fa4f7.json,https://donnees.electionsquebec.qc.ca/production/provincial/resultats/archives/part2008-05-12/resultats.json
src_4ec6a883ffb0,src_4ec6a883ffb0_20261003150121697_e876a93a3f9a,2026-10-03T15:01:21.697Z,2026-10-03T15:01:21.906Z,NA,"Thu, 18 Dec 2025 12:20:13 GMT","""0cb66f958ef06d4fd14077273b2e96a3""",e876a93a3f9abd97084c48b682a43f344a67b75fec1ec7f29f075fdb3b5a61d4,2612,data/raw/src_4ec6a883ffb0/e876a93a3f9abd97084c48b682a43f344a67b75fec1ec7f29f075fdb3b5a61d4.json,https://donnees.electionsquebec.qc.ca/production/provincial/resultats/archives/part2007-09-24/resultats.json
src_976f92175327,src_976f92175327_20261003150122712_bdf992c48fc7,2026-10-03T15:01:22.712Z,2026-10-03T15:01:22.950Z,NA,"Thu, 18 Dec 2025 12:20:13 GMT","""92248d6d752f97f8e4f13367d9f46761""",bdf992c48fc758e9e599335eea8a9f885b7086cda36fd129566b49992a0cb4ec,4074,data/raw/src_976f92175327/bdf992c48fc758e9e599335eea8a9f885b7086cda36fd129566b49992a0cb4ec.json,https://donnees.electionsquebec.qc.ca/production/provincial/resultats/archives/part2006-08-14/resultats.json
src_0ee71b44a08d,src_0ee71b44a08d_20261003150123754_296667748fe2,2026-10-03T15:01:23.754Z,2026-10-03T15:01:24.071Z,NA,"Thu, 18 Dec 2025 12:20:13 GMT","""d9fad08f5f1a5b12e298ffe8fe4310c1""",296667748fe22e55c5c991ebfcab6790a4fcc504ae0044ca952f3da88eaa3225,2647,data/raw/src_0ee71b44a08d/296667748fe22e55c5c991ebfcab6790a4fcc504ae0044ca952f3da88eaa3225.json,https://donnees.electionsquebec.qc.ca/production/provincial/resultats/archives/part2006-04-10/resultats.json
src_61ad41ed8836,src_61ad41ed8836_20261003150124878_9f60dcda18d7,2026-10-03T15:01:24.878Z,2026-10-03T15:01:25.382Z,NA,"Thu, 18 Dec 2025 12:20:13 GMT","""17829dc59cfc18a45ff1ea040d1d9385""",9f60dcda18d7808d59207ed92e25836a06d04317908eb5b5acb1852abd9878b7,3277,data/raw/src_61ad41ed8836/9f60dcda18d7808d59207ed92e25836a06d04317908eb5b5acb1852abd9878b7.json,https://donnees.electionsquebec.qc.ca/production/provincial/resultats/archives/part2005-12-12/resultats.json
src_abf0cae17f16,src_abf0cae17f16_20261003150126191_8d341d1ae3eb,2026-10-03T15:01:26.191Z,2026-10-03T15:01:26.374Z,NA,"Thu, 18 Dec 2025 12:20:13 GMT","""5e0013b513559d378c061527e97e1b32""",8d341d1ae3ebaa4339a83d6a23e2aa0b289cddcd7e0530d29f25257b411130b0,6570,data/raw/src_abf0cae17f16/8d341d1ae3ebaa4339a83d6a23e2aa0b289cddcd7e0530d29f25257b411130b0.json,https://donnees.electionsquebec.qc.ca/production/provincial/resultats/archives/part2004-09-20/resultats.json
src_1e86e2e765b0,src_1e86e2e765b0_20261003150127176_c963a456a00e,2026-10-03T15:01:27.176Z,2026-10-03T15:01:27.348Z,NA,"Thu, 18 Dec 2025 12:20:13 GMT","""356ba8a5081234be1d57560b77e5e053""",c963a456a00e6e2b78fad377f2914f69a9ec25e359ea0460565369909669d93c,3847,data/raw/src_1e86e2e765b0/c963a456a00e6e2b78fad377f2914f69a9ec25e359ea0460565369909669d93c.json,https://donnees.electionsquebec.qc.ca/production/provincial/resultats/archives/part2002-06-17/resultats.json
src_f7d493b63d3f,src_f7d493b63d3f_20261003150128141_df8dcaef240b,2026-10-03T15:01:28.141Z,2026-10-03T15:01:28.474Z,NA,"Thu, 18 Dec 2025 12:20:13 GMT","""c59c7c6b3bb46d0b0f653a2a71ab6359""",df8dcaef240bff3abfc6a4179d73942c2e238ea15f548d076d3baf472ba19647,3533,data/raw/src_f7d493b63d3f/df8dcaef240bff3abfc6a4179d73942c2e238ea15f548d076d3baf472ba19647.json,https://donnees.electionsquebec.qc.ca/production/provincial/resultats/archives/part2002-04-15/resultats.json
src_1e628f5a1f47,src_1e628f5a1f47_20261003150129283_1aaa65e4ad66,2026-10-03T15:01:29.283Z,2026-10-03T15:01:29.534Z,NA,"Thu, 18 Dec 2025 12:20:13 GMT","""1a5c1dac0f8532cf3bed5cf72d2a906d""",1aaa65e4ad6619470759d0cf04cdefe7c3d65275ce245fa06c75ce08ed558bb5,4957,data/raw/src_1e628f5a1f47/1aaa65e4ad6619470759d0cf04cdefe7c3d65275ce245fa06c75ce08ed558bb5.json,https://donnees.electionsquebec.qc.ca/production/provincial/resultats/archives/part2001-10-01/resultats.json
src_60ae99fc5e74,src_60ae99fc5e74_20261003150130340_75431b42ccfa,2026-10-03T15:01:30.340Z,2026-10-03T15:01:30.850Z,NA,"Thu, 18 Dec 2025 12:20:13 GMT","""b37dbb125a9bdd8c718895c182008f14""",75431b42ccfade578706ebb2d99e510bbe6c09009195fe9fc74d93ee07cbade2,2729,data/raw/src_60ae99fc5e74/75431b42ccfade578706ebb2d99e510bbe6c09009195fe9fc74d93ee07cbade2.json,https://donnees.electionsquebec.qc.ca/production/provincial/resultats/archives/part2001-04-09/resultats.json
src_25d8d1d09ca2,src_25d8d1d09ca2_20261003150131659_645dd0f1f603,2026-10-03T15:01:31.659Z,2026-10-03T15:01:31.846Z,NA,"Thu, 18 Dec 2025 12:20:13 GMT","""ec8ecc2f3692880c884c128841c46b43""",645dd0f1f603e43c06c4662f2215cc7193cef9b4e544ef228e74aca47c11ec65,1445,data/raw/src_25d8d1d09ca2/645dd0f1f603e43c06c4662f2215cc7193cef9b4e544ef228e74aca47c11ec65.json,https://donnees.electionsquebec.qc.ca/production/provincial/resultats/archives/part1998-06-01/resultats.json
src_25984d7d7187,src_25984d7d7187_20261003150132650_d39a97b57310,2026-10-03T15:01:32.650Z,2026-10-03T15:01:32.812Z,NA,"Thu, 18 Dec 2025 12:20:13 GMT","""769aae5079c5d0f888338da55db3f165""",d39a97b57310dbfcfdaaa30896d74efdcf5986809d004e6b5f9959dd6b21cd85,4563,data/raw/src_25984d7d7187/d39a97b57310dbfcfdaaa30896d74efdcf5986809d004e6b5f9959dd6b21cd85.json,https://donnees.electionsquebec.qc.ca/production/provincial/resultats/archives/part1997-10-06/resultats.json
src_ef2bcd58ba61,src_ef2bcd58ba61_20261003150133616_df792fafaad5,2026-10-03T15:01:33.616Z,2026-10-03T15:01:33.779Z,NA,"Thu, 18 Dec 2025 12:20:13 GMT","""b79507590ce793749fa7e12910b486d7""",df792fafaad506ab6c7583940f62ad2602f7fb74e997deb0d0fed58f9ff29852,2712,data/raw/src_ef2bcd58ba61/df792fafaad506ab6c7583940f62ad2602f7fb74e997deb0d0fed58f9ff29852.json,https://donnees.electionsquebec.qc.ca/production/provincial/resultats/archives/part1997-04-28/resultats.json
src_ae885e09480c,src_ae885e09480c_20261003150134579_064690862fc5,2026-10-03T15:01:34.579Z,2026-10-03T15:01:34.882Z,NA,"Thu, 18 Dec 2025 12:20:13 GMT","""ccc201be2025369dae6fe43ddc2e827f""",064690862fc5e87d79e9686fac41d0837f1ee721e9f5b56654ad3381f8b707cb,2127,data/raw/src_ae885e09480c/064690862fc5e87d79e9686fac41d0837f1ee721e9f5b56654ad3381f8b707cb.json,https://donnees.electionsquebec.qc.ca/production/provincial/resultats/archives/part1996-12-09/resultats.json
src_ec1324e83b0d,src_ec1324e83b0d_20261003150135690_a4aa837881c4,2026-10-03T15:01:35.690Z,2026-10-03T15:01:35.848Z,NA,"Thu, 18 Dec 2025 12:20:13 GMT","""c90d36d7384ed0740e689c9a733e791a""",a4aa837881c46c3b22c328ac181d489804c0dc696b7414251b1f4fd7f1e5573b,3285,data/raw/src_ec1324e83b0d/a4aa837881c46c3b22c328ac181d489804c0dc696b7414251b1f4fd7f1e5573b.json,https://donnees.electionsquebec.qc.ca/production/provincial/resultats/archives/part1996-06-10/resultats.json
src_2e545590ac0b,src_2e545590ac0b_20261003150136655_534e71619d07,2026-10-03T15:01:36.655Z,2026-10-03T15:01:36.871Z,NA,"Thu, 18 Dec 2025 12:20:13 GMT","""1a204aa95bd0a7d761cef497ca8f11aa""",534e71619d07ec1df342af3f2085f053bb21e42946ae6564523628972695dca2,4622,data/raw/src_2e545590ac0b/534e71619d07ec1df342af3f2085f053bb21e42946ae6564523628972695dca2.json,https://donnees.electionsquebec.qc.ca/production/provincial/resultats/archives/part1996-02-19/resultats.json
src_d78bda3e984a,src_d78bda3e984a_20261003150137674_7f297a99d88f,2026-10-03T15:01:37.674Z,2026-10-03T15:01:37.842Z,NA,"Thu, 18 Dec 2025 12:20:13 GMT","""e837abe2fc8758132558d5af79a1beeb""",7f297a99d88f849c437c0407fcbf878237527a361f87033cd0ce4c6a857b6543,2019,data/raw/src_d78bda3e984a/7f297a99d88f849c437c0407fcbf878237527a361f87033cd0ce4c6a857b6543.json,https://donnees.electionsquebec.qc.ca/production/provincial/resultats/archives/part1994-02-28/resultats.json
src_68f759717bcc,src_68f759717bcc_20261003150138642_4524fbc0f0f2,2026-10-03T15:01:38.642Z,2026-10-03T15:01:38.951Z,NA,"Thu, 18 Dec 2025 12:20:13 GMT","""52f756bb17d0d966721a1129d803f619""",4524fbc0f0f288308f3766362ef4870e8ef1775936b0997ef5fc21a63e5b2a38,1110,data/raw/src_68f759717bcc/4524fbc0f0f288308f3766362ef4870e8ef1775936b0997ef5fc21a63e5b2a38.json,https://donnees.electionsquebec.qc.ca/production/provincial/resultats/archives/part1994-02-21/resultats.json
src_47d00d1e06ec,src_47d00d1e06ec_20261003150139758_7a582433b582,2026-10-03T15:01:39.758Z,2026-10-03T15:01:40.072Z,NA,"Thu, 18 Dec 2025 12:20:13 GMT","""7b0fcedbe021d63da9531a64e6506de9""",7a582433b5824e2d71427c8923a334421a13b60e2a4f0dd604e32ea6f4e7926d,2358,data/raw/src_47d00d1e06ec/7a582433b5824e2d71427c8923a334421a13b60e2a4f0dd604e32ea6f4e7926d.json,https://donnees.electionsquebec.qc.ca/production/provincial/resultats/archives/part1993-12-13/resultats.json
src_af198bab8499,src_af198bab8499_20261003150140878_9ca397ad0609,2026-10-03T15:01:40.878Z,2026-10-03T15:01:41.035Z,NA,"Thu, 18 Dec 2025 12:20:13 GMT","""405a2614d302aa4047f08950d5cf3bad""",9ca397ad06092fa56b76a0421709b9694b3af221dae7621b9ab7002cff714748,3608,data/raw/src_af198bab8499/9ca397ad06092fa56b76a0421709b9694b3af221dae7621b9ab7002cff714748.json,https://donnees.electionsquebec.qc.ca/production/provincial/resultats/archives/part1993-07-05/resultats.json
src_104d9a727eaa,src_104d9a727eaa_20261003150141835_501a6dcb93ca,2026-10-03T15:01:41.835Z,2026-10-03T15:01:41.971Z,NA,"Thu, 18 Dec 2025 12:20:13 GMT","""f43f18ca4b66651ec48c90668afe9bb5""",501a6dcb93ca02dbe0fc47cb97d291d2ab25b2fc3b5fe4806e71fec4963732fc,2454,data/raw/src_104d9a727eaa/501a6dcb93ca02dbe0fc47cb97d291d2ab25b2fc3b5fe4806e71fec4963732fc.json,https://donnees.electionsquebec.qc.ca/production/provincial/resultats/archives/part1992-01-20/resultats.json
src_c837d52ba812,src_c837d52ba812_20261003150142770_23e157d51846,2026-10-03T15:01:42.770Z,2026-10-03T15:01:42.932Z,NA,"Thu, 18 Dec 2025 12:20:13 GMT","""8eb7a44c623378898cb181bdd5e22e7c""",23e157d5184619f991116eeb8c42ad87b1ffaf5542954567d979c2c19021c970,2034,data/raw/src_c837d52ba812/23e157d5184619f991116eeb8c42ad87b1ffaf5542954567d979c2c19021c970.json,https://donnees.electionsquebec.qc.ca/production/provincial/resultats/archives/part1991-08-12/resultats.json
src_6f4df3beacc9,src_6f4df3beacc9_20261003150143736_8efc8495f3e6,2026-10-03T15:01:43.736Z,2026-10-03T15:01:43.914Z,NA,"Thu, 18 Dec 2025 12:20:13 GMT","""ee9715315524096eaadc0a6b8a445bd9""",8efc8495f3e6deb31de20481ec0b29c1f054d5a23060ead2ba755024637c9cbf,2238,data/raw/src_6f4df3beacc9/8efc8495f3e6deb31de20481ec0b29c1f054d5a23060ead2ba755024637c9cbf.json,https://donnees.electionsquebec.qc.ca/production/provincial/resultats/archives/part1989-05-29/resultats.json
src_a4ab9b077bc6,src_a4ab9b077bc6_20261003150144721_bb028ff4e60b,2026-10-03T15:01:44.721Z,2026-10-03T15:01:44.909Z,NA,"Thu, 18 Dec 2025 12:20:13 GMT","""c3541dc7825ea569e1d474fff978f2c7""",bb028ff4e60bbb4feb4fb13f6b0cf3e56cc1a34b9199ba1d2bb148cb463167e7,4028,data/raw/src_a4ab9b077bc6/bb028ff4e60bbb4feb4fb13f6b0cf3e56cc1a34b9199ba1d2bb148cb463167e7.json,https://donnees.electionsquebec.qc.ca/production/provincial/resultats/archives/part1988-06-20/resultats.json
src_4aa1df78a89f,src_4aa1df78a89f_20261003150145714_cfc544fbbb41,2026-10-03T15:01:45.714Z,2026-10-03T15:01:45.888Z,NA,"Thu, 18 Dec 2025 12:20:13 GMT","""2f065f2ea6dd9b5039983bbdb5d84b4e""",cfc544fbbb412006de076f23a3d81ea1aca36f0711ba08d0b1e7ccb626b7cfcf,2988,data/raw/src_4aa1df78a89f/cfc544fbbb412006de076f23a3d81ea1aca36f0711ba08d0b1e7ccb626b7cfcf.json,https://donnees.electionsquebec.qc.ca/production/provincial/resultats/archives/part1987-09-14/resultats.json
src_154407e0c6f3,src_154407e0c6f3_20261003150146691_20dd7fe083c5,2026-10-03T15:01:46.691Z,2026-10-03T15:01:46.878Z,NA,"Thu, 18 Dec 2025 12:20:13 GMT","""9972a2fa2c971e7971c6157e0b1514e3""",20dd7fe083c5dd51dc2d3a6ac72851ce343bc85afc5f5f4fd55bcc3837971c92,3204,data/raw/src_154407e0c6f3/20dd7fe083c5dd51dc2d3a6ac72851ce343bc85afc5f5f4fd55bcc3837971c92.json,https://donnees.electionsquebec.qc.ca/production/provincial/resultats/archives/part1986-01-20/resultats.json
src_97485f74fd4c,src_97485f74fd4c_20261003150147679_13befb8b2142,2026-10-03T15:01:47.679Z,2026-10-03T15:01:47.899Z,NA,"Thu, 18 Dec 2025 12:20:13 GMT","""096030b9f64c729745f2f3924e53ba9e""",13befb8b21422f5d11ac267b7a5c9077f3712f068301853c0f0b7127f327baa3,5837,data/raw/src_97485f74fd4c/13befb8b21422f5d11ac267b7a5c9077f3712f068301853c0f0b7127f327baa3.json,https://donnees.electionsquebec.qc.ca/production/provincial/resultats/archives/part1985-06-03/resultats.json
src_6bfafee16732,src_6bfafee16732_20261003150148708_cd0e0acda866,2026-10-03T15:01:48.708Z,2026-10-03T15:01:48.925Z,NA,"Thu, 18 Dec 2025 12:20:13 GMT","""09f7f9c07b59eb004dfc88735bf173ca""",cd0e0acda86656830aecbc17b540e77177983d4f694d404586373e51a23efad7,3134,data/raw/src_6bfafee16732/cd0e0acda86656830aecbc17b540e77177983d4f694d404586373e51a23efad7.json,https://donnees.electionsquebec.qc.ca/production/provincial/resultats/archives/part1984-11-26/resultats.json
src_688fead178b4,src_688fead178b4_20261003150149728_5e95e42cd643,2026-10-03T15:01:49.728Z,2026-10-03T15:01:49.918Z,NA,"Thu, 18 Dec 2025 12:20:13 GMT","""19bf9908294f9106127291813b39d6f3""",5e95e42cd64380538f418d7fce6bf38392e46cd7c321adf663252fb6de03064d,3290,data/raw/src_688fead178b4/5e95e42cd64380538f418d7fce6bf38392e46cd7c321adf663252fb6de03064d.json,https://donnees.electionsquebec.qc.ca/production/provincial/resultats/archives/part1984-06-18/resultats.json
src_b8d6cf50c953,src_b8d6cf50c953_20261003150150720_9502daba713b,2026-10-03T15:01:50.720Z,2026-10-03T15:01:50.880Z,NA,"Thu, 18 Dec 2025 12:20:13 GMT","""051e68ab4dbce8f38667e8a1edd33982""",9502daba713b3941b3ae8b3627f39b0e69f259b20e4c21d320c90bbbd5cb3ac0,2219,data/raw/src_b8d6cf50c953/9502daba713b3941b3ae8b3627f39b0e69f259b20e4c21d320c90bbbd5cb3ac0.json,https://donnees.electionsquebec.qc.ca/production/provincial/resultats/archives/part1983-12-05/resultats.json
src_25af3d37f440,src_25af3d37f440_20261003150151683_206a66d389fe,2026-10-03T15:01:51.683Z,2026-10-03T15:01:51.847Z,NA,"Thu, 18 Dec 2025 12:20:13 GMT","""cdb28af9bbd338f06e8023444baa4be5""",206a66d389febed720717ea409fecb45aae1f3409a1fcb70e55ad2f2e75d84a4,5512,data/raw/src_25af3d37f440/206a66d389febed720717ea409fecb45aae1f3409a1fcb70e55ad2f2e75d84a4.json,https://donnees.electionsquebec.qc.ca/production/provincial/resultats/archives/part1983-06-20/resultats.json
src_e292ec2ab3f8,src_e292ec2ab3f8_20261003150152653_bdaee45d63fe,2026-10-03T15:01:52.653Z,2026-10-03T15:01:52.863Z,NA,"Thu, 18 Dec 2025 12:20:13 GMT","""1e286e928bb7372a0341c6ea9c08a162""",bdaee45d63fe2d6b3440d62bc425cf4a8a96d99305077dc83a7b75d7e6bb1660,3514,data/raw/src_e292ec2ab3f8/bdaee45d63fe2d6b3440d62bc425cf4a8a96d99305077dc83a7b75d7e6bb1660.json,https://donnees.electionsquebec.qc.ca/production/provincial/resultats/archives/part1982-04-05/resultats.json
src_430100a25e12,src_430100a25e12_20261003150153670_36fc66253cf0,2026-10-03T15:01:53.670Z,2026-10-03T15:01:53.837Z,NA,"Thu, 18 Dec 2025 12:20:14 GMT","""a77fd3e6e165215d4ddeddc98475c2d7""",36fc66253cf0658526dd5b1191fe176805f041d6851144a7ad29b79497f2d4f9,4770,data/raw/src_430100a25e12/36fc66253cf0658526dd5b1191fe176805f041d6851144a7ad29b79497f2d4f9.json,https://donnees.electionsquebec.qc.ca/production/provincial/resultats/archives/part1980-11-17/resultats.json
src_50cb836b3a85,src_50cb836b3a85_20261003150154633_b1a5251bc392,2026-10-03T15:01:54.633Z,2026-10-03T15:01:54.800Z,NA,"Thu, 18 Dec 2025 12:20:13 GMT","""238974d43809dede4e871cf9a473e7fe""",b1a5251bc3925e1deee028319a9c8d1c86ec1d659bc02affa00dad410e601383,1098,data/raw/src_50cb836b3a85/b1a5251bc3925e1deee028319a9c8d1c86ec1d659bc02affa00dad410e601383.json,https://donnees.electionsquebec.qc.ca/production/provincial/resultats/archives/part1979-11-26/resultats.json
src_e5d49a26272d,src_e5d49a26272d_20261003150155606_a6769e0e2d6a,2026-10-03T15:01:55.606Z,2026-10-03T15:01:55.760Z,NA,"Thu, 18 Dec 2025 12:20:13 GMT","""09445da4c26cda48e95beafa39a9085b""",a6769e0e2d6a1eda895b4062735b64545d99a31ebfccee714d852008505a7f4a,3805,data/raw/src_e5d49a26272d/a6769e0e2d6a1eda895b4062735b64545d99a31ebfccee714d852008505a7f4a.json,https://donnees.electionsquebec.qc.ca/production/provincial/resultats/archives/part1979-11-14/resultats.json
src_55753c48469a,src_55753c48469a_20261003150156570_0a311ef73eaf,2026-10-03T15:01:56.570Z,2026-10-03T15:01:56.765Z,NA,"Thu, 18 Dec 2025 12:20:13 GMT","""0393ed3c7b791033d6a8f5b7ee8cc9de""",0a311ef73eafe579d5f0b6c1eacd994573677ab624be2e4f49b732a1bc15d5e8,2453,data/raw/src_55753c48469a/0a311ef73eafe579d5f0b6c1eacd994573677ab624be2e4f49b732a1bc15d5e8.json,https://donnees.electionsquebec.qc.ca/production/provincial/resultats/archives/part1979-04-30/resultats.json
src_54ed72cc98e5,src_54ed72cc98e5_20261003150157573_d815acd88cf1,2026-10-03T15:01:57.573Z,2026-10-03T15:01:57.726Z,NA,"Thu, 18 Dec 2025 12:20:13 GMT","""ec8d58e277e98163d7ea5002137f5a09""",d815acd88cf1e7e36489bb81e1f7f3557af3f1ed3c65bc0837c64c986895f510,2033,data/raw/src_54ed72cc98e5/d815acd88cf1e7e36489bb81e1f7f3557af3f1ed3c65bc0837c64c986895f510.json,https://donnees.electionsquebec.qc.ca/production/provincial/resultats/archives/part1978-07-05/resultats.json
src_c3d6218599e0,src_c3d6218599e0_20261003150158529_39499b926eaf,2026-10-03T15:01:58.529Z,2026-10-03T15:01:58.687Z,NA,"Thu, 18 Dec 2025 12:20:13 GMT","""fc80933c9f34f499f6427255c469b733""",39499b926eaf1e91e7f5773e983cc80af68bddc4271d6189315ed2446f5d9ed5,1718,data/raw/src_c3d6218599e0/39499b926eaf1e91e7f5773e983cc80af68bddc4271d6189315ed2446f5d9ed5.json,https://donnees.electionsquebec.qc.ca/production/provincial/resultats/archives/part1974-08-28/resultats.json
src_bf038d713135,src_bf038d713135_20261003150159478_7406edc269b9,2026-10-03T15:01:59.478Z,2026-10-03T15:01:59.810Z,NA,"Thu, 18 Dec 2025 12:20:13 GMT","""feced075e13155183ebbc5c65ace714e""",7406edc269b9e6ffbfe12a4a4391694f551b3d66ce816b9aec34efd4dbce5875,1741,data/raw/src_bf038d713135/7406edc269b9e6ffbfe12a4a4391694f551b3d66ce816b9aec34efd4dbce5875.json,https://donnees.electionsquebec.qc.ca/production/provincial/resultats/archives/part1972-10-11/resultats.json
src_1802c37dad40,src_1802c37dad40_20261003150200621_a0ceb27edba9,2026-10-03T15:02:00.621Z,2026-10-03T15:02:00.794Z,NA,"Thu, 18 Dec 2025 12:20:13 GMT","""3f23b1d1867b628952c27858385dbe29""",a0ceb27edba90106cdcdc73461b7fe18a0afdb75bfbf87612db20e93d703a31c,2231,data/raw/src_1802c37dad40/a0ceb27edba90106cdcdc73461b7fe18a0afdb75bfbf87612db20e93d703a31c.json,https://donnees.electionsquebec.qc.ca/production/provincial/resultats/archives/part1971-02-08/resultats.json
src_bcd514b5f73d,src_bcd514b5f73d_20261003150201594_6eaefe9e879f,2026-10-03T15:02:01.594Z,2026-10-03T15:02:01.753Z,NA,"Thu, 18 Dec 2025 12:20:13 GMT","""8bdfeb39c677b8a0fd38d662cfea4574""",6eaefe9e879f55121dea8c775c2ebd16698f58ac2fa38b8f3b31bb5596b78eb0,4236,data/raw/src_bcd514b5f73d/6eaefe9e879f55121dea8c775c2ebd16698f58ac2fa38b8f3b31bb5596b78eb0.json,https://donnees.electionsquebec.qc.ca/production/provincial/resultats/archives/part1969-10-08/resultats.json
src_6f2056e5389e,src_6f2056e5389e_20261003150202546_d14a96bf4239,2026-10-03T15:02:02.546Z,2026-10-03T15:02:02.749Z,NA,"Thu, 18 Dec 2025 12:20:13 GMT","""0372efdf7b722a8b739f3c1f5ad9fc4b""",d14a96bf4239281357809d9c27bdcbe903836869370bc938ff320021401f8595,1357,data/raw/src_6f2056e5389e/d14a96bf4239281357809d9c27bdcbe903836869370bc938ff320021401f8595.json,https://donnees.electionsquebec.qc.ca/production/provincial/resultats/archives/part1969-03-03/resultats.json
src_f9a761fd99ee,src_f9a761fd99ee_20261003150203547_7eeb3119b249,2026-10-03T15:02:03.547Z,2026-10-03T15:02:03.731Z,NA,"Thu, 18 Dec 2025 12:20:13 GMT","""31662d31b4f1ce36242555eafdf88781""",7eeb3119b24903124a26d492ec7a15ad9e0fb9544fa562eebc9ac52e3a4dcd1e,2291,data/raw/src_f9a761fd99ee/7eeb3119b24903124a26d492ec7a15ad9e0fb9544fa562eebc9ac52e3a4dcd1e.json,https://donnees.electionsquebec.qc.ca/production/provincial/resultats/archives/part1968-12-04/resultats.json
src_63ad7f1d0270,src_63ad7f1d0270_20261003150204529_058ca7f8ecf6,2026-10-03T15:02:04.529Z,2026-10-03T15:02:04.827Z,NA,"Thu, 18 Dec 2025 12:20:13 GMT","""aa55c04e384e4b5651b3bd8721f40b83""",058ca7f8ecf694a357a42e8d71f75bf73bcd6bc3682b4d3f83cd199789090c84,1670,data/raw/src_63ad7f1d0270/058ca7f8ecf694a357a42e8d71f75bf73bcd6bc3682b4d3f83cd199789090c84.json,https://donnees.electionsquebec.qc.ca/production/provincial/resultats/archives/part1965-01-18/resultats.json
src_6e9eb7f5d233,src_6e9eb7f5d233_20261003150205627_f2f97fa6fc16,2026-10-03T15:02:05.627Z,2026-10-03T15:02:05.782Z,NA,"Thu, 18 Dec 2025 12:20:12 GMT","""8cb31abd0a95413ff9fc76cfa35bd42c""",f2f97fa6fc16fe05b036d1c021a6a7f629bdfabd73dc2a316248da8786882903,3306,data/raw/src_6e9eb7f5d233/f2f97fa6fc16fe05b036d1c021a6a7f629bdfabd73dc2a316248da8786882903.json,https://donnees.electionsquebec.qc.ca/production/provincial/resultats/archives/part1964-10-05/resultats.json
src_0946a7cc5cfb,src_0946a7cc5cfb_20261003150206591_6967f7baee9c,2026-10-03T15:02:06.591Z,2026-10-03T15:02:06.772Z,NA,"Thu, 18 Dec 2025 12:20:12 GMT","""ac486e4738157fa461e1415ad0533db9""",6967f7baee9cf8337e3d71538172e9b0464bc7b2da6c9f1af01df474a42854a8,1513,data/raw/src_0946a7cc5cfb/6967f7baee9cf8337e3d71538172e9b0464bc7b2da6c9f1af01df474a42854a8.json,https://donnees.electionsquebec.qc.ca/production/provincial/resultats/archives/part1963-09-25/resultats.json
src_f9078e7eddb3,src_f9078e7eddb3_20261003153844320_27c10635b03d,2026-10-03T15:38:44.320Z,2026-10-03T15:38:44.552Z,NA,"Tue, 23 Jun 2026 14:11:28 GMT","""9698ca4f4691974c356149b1d9565d0e""",27c10635b03d7c24d544ca3640e87045297dd9811244775c901d78aeea1eb544,1705,data/raw/src_f9078e7eddb3/27c10635b03d7c24d544ca3640e87045297dd9811244775c901d78aeea1eb544.json,https://donnees.electionsquebec.qc.ca/autres/allocationsVerseesRevenusAppariements/allocationsVersees.json
src_fd3351236900,src_fd3351236900_20261003165259855_caf8e275157b,2026-10-03T16:52:59.855Z,2026-10-03T16:52:59.936Z,NA,"Fri, 02 Oct 2026 15:16:25 GMT","""9adf893f99ac8304876e6e5dcdd20a65""",caf8e275157b66c4761f6ab9280005d1fe5f600b98cf6ec9c3da0919878b46dd,6116,data/raw/src_fd3351236900/caf8e275157b66c4761f6ab9280005d1fe5f600b98cf6ec9c3da0919878b46dd.csv,https://donnees.electionsquebec.qc.ca/autres/provincial/electeur_inscrit.csv
src_22fefd6fc574,src_22fefd6fc574_20261003165300820_39e2bdb23cf8,2026-10-03T16:53:00.820Z,2026-10-03T16:53:01.075Z,NA,"Tue, 22 Sep 2026 19:37:52 GMT","W/""28e50e9da533bf81fdcc53bce3164988""",39e2bdb23cf8bfb43a42df3457e52cd7fcef85c57f02242e4747de2a99c0d3bd,699852,data/raw/src_22fefd6fc574/39e2bdb23cf8bfb43a42df3457e52cd7fcef85c57f02242e4747de2a99c0d3bd.json,https://donnees.electionsquebec.qc.ca/production/provincial/candidatures/candidatures.json
src_0adf08e78b00,src_0adf08e78b00_20261003165302725_786700a8415b,2026-10-03T16:53:02.725Z,2026-10-03T16:53:02.968Z,NA,"Sat, 03 Oct 2026 12:00:56 GMT","W/""5975ae8eb22c990fc97dea507cf4c34c""",786700a8415b561ff1d42dd1c6f56ad051b0b0b12e3e4762d96839c723ff467e,22723,data/raw/src_0adf08e78b00/786700a8415b561ff1d42dd1c6f56ad051b0b0b12e3e4762d96839c723ff467e.json,https://donnees.electionsquebec.qc.ca/production/provincial/repaq/partis-politiques/pp_autorises.json
src_5e4b0ff5dd36,src_5e4b0ff5dd36_20261003165303823_f0624f8a6eb7,2026-10-03T16:53:03.823Z,2026-10-03T16:53:04.219Z,NA,"Sat, 03 Oct 2026 13:14:30 GMT","W/""f402d563ce11a4fac6a8d0cccb91ad93""",f0624f8a6eb77f8d825bb50d20801edd94e03551116e27ab49764499b049a6d5,51464,data/raw/src_5e4b0ff5dd36/f0624f8a6eb77f8d825bb50d20801edd94e03551116e27ab49764499b049a6d5.html,https://www.electionsquebec.qc.ca/resultats-et-statistiques/taux-de-participation-preliminaire/
src_fd99c43283f3,src_fd99c43283f3_20261003165305153_f8fc61a6f059,2026-10-03T16:53:05.153Z,2026-10-03T16:53:05.166Z,NA,"Fri, 02 Oct 2026 13:00:47 GMT","""51a427b657c6685b17d90e929c74f2c6""",f8fc61a6f059c1071b49e30960946fec7217a4d3a054bc76af980d36c1314665,3115,data/raw/src_fd99c43283f3/f8fc61a6f059c1071b49e30960946fec7217a4d3a054bc76af980d36c1314665.csv,https://donnees.electionsquebec.qc.ca/autres/provincial/taux_participation_preliminaire.csv
src_054c00a7b03c,src_054c00a7b03c_20261003165306019_e4b81d3c0da8,2026-10-03T16:53:06.019Z,2026-10-03T16:53:06.032Z,NA,"Sat, 03 Oct 2026 13:14:30 GMT","W/""1231c4525c811fe1d6b10d5aa13f67e9""",e4b81d3c0da8bd9098b6b2e7db6c366e2aeddb08a9666e6669aed2d9b8a76c6b,64022,data/raw/src_054c00a7b03c/e4b81d3c0da8bd9098b6b2e7db6c366e2aeddb08a9666e6669aed2d9b8a76c6b.html,https://www.electionsquebec.qc.ca/resultats-et-statistiques/statistiques-sur-les-candidatures/statistiques-sur-les-candidatures-5-octobre-2026/
src_fd3351236900,src_fd3351236900_20261004140735326_caf8e275157b,2026-10-04T14:07:35.326Z,2026-10-04T14:07:35.516Z,NA,"Fri, 02 Oct 2026 15:16:25 GMT","""9adf893f99ac8304876e6e5dcdd20a65""",caf8e275157b66c4761f6ab9280005d1fe5f600b98cf6ec9c3da0919878b46dd,6116,data/raw/src_fd3351236900/caf8e275157b66c4761f6ab9280005d1fe5f600b98cf6ec9c3da0919878b46dd.csv,https://donnees.electionsquebec.qc.ca/autres/provincial/electeur_inscrit.csv
src_22fefd6fc574,src_22fefd6fc574_20261004140736397_39e2bdb23cf8,2026-10-04T14:07:36.397Z,2026-10-04T14:07:36.420Z,NA,"Tue, 22 Sep 2026 19:37:52 GMT","W/""28e50e9da533bf81fdcc53bce3164988""",39e2bdb23cf8bfb43a42df3457e52cd7fcef85c57f02242e4747de2a99c0d3bd,699852,data/raw/src_22fefd6fc574/39e2bdb23cf8bfb43a42df3457e52cd7fcef85c57f02242e4747de2a99c0d3bd.json,https://donnees.electionsquebec.qc.ca/production/provincial/candidatures/candidatures.json
src_0adf08e78b00,src_0adf08e78b00_20261004140738069_786700a8415b,2026-10-04T14:07:38.069Z,2026-10-04T14:07:38.087Z,NA,"Sat, 03 Oct 2026 22:01:51 GMT","W/""5975ae8eb22c990fc97dea507cf4c34c""",786700a8415b561ff1d42dd1c6f56ad051b0b0b12e3e4762d96839c723ff467e,22723,data/raw/src_0adf08e78b00/786700a8415b561ff1d42dd1c6f56ad051b0b0b12e3e4762d96839c723ff467e.json,https://donnees.electionsquebec.qc.ca/production/provincial/repaq/partis-politiques/pp_autorises.json
src_5e4b0ff5dd36,src_5e4b0ff5dd36_20261004140738940_f0624f8a6eb7,2026-10-04T14:07:38.940Z,2026-10-04T14:07:39.051Z,NA,"Sat, 03 Oct 2026 13:14:30 GMT","W/""f402d563ce11a4fac6a8d0cccb91ad93""",f0624f8a6eb77f8d825bb50d20801edd94e03551116e27ab49764499b049a6d5,51464,data/raw/src_5e4b0ff5dd36/f0624f8a6eb77f8d825bb50d20801edd94e03551116e27ab49764499b049a6d5.html,https://www.electionsquebec.qc.ca/resultats-et-statistiques/taux-de-participation-preliminaire/
src_fd99c43283f3,src_fd99c43283f3_20261004140739986_f8fc61a6f059,2026-10-04T14:07:39.986Z,2026-10-04T14:07:39.999Z,NA,"Fri, 02 Oct 2026 13:00:47 GMT","""51a427b657c6685b17d90e929c74f2c6""",f8fc61a6f059c1071b49e30960946fec7217a4d3a054bc76af980d36c1314665,3115,data/raw/src_fd99c43283f3/f8fc61a6f059c1071b49e30960946fec7217a4d3a054bc76af980d36c1314665.csv,https://donnees.electionsquebec.qc.ca/autres/provincial/taux_participation_preliminaire.csv
src_054c00a7b03c,src_054c00a7b03c_20261004140740852_e4b81d3c0da8,2026-10-04T14:07:40.852Z,2026-10-04T14:07:40.871Z,NA,"Sat, 03 Oct 2026 13:14:30 GMT","W/""1231c4525c811fe1d6b10d5aa13f67e9""",e4b81d3c0da8bd9098b6b2e7db6c366e2aeddb08a9666e6669aed2d9b8a76c6b,64022,data/raw/src_054c00a7b03c/e4b81d3c0da8bd9098b6b2e7db6c366e2aeddb08a9666e6669aed2d9b8a76c6b.html,https://www.electionsquebec.qc.ca/resultats-et-statistiques/statistiques-sur-les-candidatures/statistiques-sur-les-candidatures-5-octobre-2026/
src_fd3351236900,src_fd3351236900_20261005171151957_caf8e275157b,2026-10-05T17:11:51.957Z,2026-10-05T17:11:52.073Z,NA,"Fri, 02 Oct 2026 15:16:25 GMT","""9adf893f99ac8304876e6e5dcdd20a65""",caf8e275157b66c4761f6ab9280005d1fe5f600b98cf6ec9c3da0919878b46dd,6116,data/raw/src_fd3351236900/caf8e275157b66c4761f6ab9280005d1fe5f600b98cf6ec9c3da0919878b46dd.csv,https://donnees.electionsquebec.qc.ca/autres/provincial/electeur_inscrit.csv
src_22fefd6fc574,src_22fefd6fc574_20261005171152955_39e2bdb23cf8,2026-10-05T17:11:52.955Z,2026-10-05T17:11:52.984Z,NA,"Tue, 22 Sep 2026 19:37:52 GMT","W/""28e50e9da533bf81fdcc53bce3164988""",39e2bdb23cf8bfb43a42df3457e52cd7fcef85c57f02242e4747de2a99c0d3bd,699852,data/raw/src_22fefd6fc574/39e2bdb23cf8bfb43a42df3457e52cd7fcef85c57f02242e4747de2a99c0d3bd.json,https://donnees.electionsquebec.qc.ca/production/provincial/candidatures/candidatures.json
src_0adf08e78b00,src_0adf08e78b00_20261005171154643_786700a8415b,2026-10-05T17:11:54.643Z,2026-10-05T17:11:54.661Z,NA,"Mon, 05 Oct 2026 14:04:07 GMT","W/""5975ae8eb22c990fc97dea507cf4c34c""",786700a8415b561ff1d42dd1c6f56ad051b0b0b12e3e4762d96839c723ff467e,22723,data/raw/src_0adf08e78b00/786700a8415b561ff1d42dd1c6f56ad051b0b0b12e3e4762d96839c723ff467e.json,https://donnees.electionsquebec.qc.ca/production/provincial/repaq/partis-politiques/pp_autorises.json
src_5e4b0ff5dd36,src_5e4b0ff5dd36_20261005171155522_543ac1e3bb4a,2026-10-05T17:11:55.522Z,2026-10-05T17:11:55.649Z,NA,"Mon, 05 Oct 2026 16:24:33 GMT","W/""574ef447f4432b1a2aa462e01d8a19f4""",543ac1e3bb4a9a015cccc2be8869b4f893dd8b9bb6dd6bbe61da3c3cb5036df1,51464,data/raw/src_5e4b0ff5dd36/543ac1e3bb4a9a015cccc2be8869b4f893dd8b9bb6dd6bbe61da3c3cb5036df1.html,https://www.electionsquebec.qc.ca/resultats-et-statistiques/taux-de-participation-preliminaire/
src_fd99c43283f3,src_fd99c43283f3_20261005171156593_83d2ce528f94,2026-10-05T17:11:56.593Z,2026-10-05T17:11:56.606Z,NA,"Mon, 05 Oct 2026 16:22:53 GMT","""50d9a99a143f88807fb7f416a3c1d2c8""",83d2ce528f94fff8411a719cb4f00d4b69efb760b57e52051ec1cda94aae4ee5,3132,data/raw/src_fd99c43283f3/83d2ce528f94fff8411a719cb4f00d4b69efb760b57e52051ec1cda94aae4ee5.csv,https://donnees.electionsquebec.qc.ca/autres/provincial/taux_participation_preliminaire.csv
src_054c00a7b03c,src_054c00a7b03c_20261005171157467_e4b81d3c0da8,2026-10-05T17:11:57.467Z,2026-10-05T17:11:57.483Z,NA,"Sat, 03 Oct 2026 13:14:30 GMT","W/""1231c4525c811fe1d6b10d5aa13f67e9""",e4b81d3c0da8bd9098b6b2e7db6c366e2aeddb08a9666e6669aed2d9b8a76c6b,64022,data/raw/src_054c00a7b03c/e4b81d3c0da8bd9098b6b2e7db6c366e2aeddb08a9666e6669aed2d9b8a76c6b.html,https://www.electionsquebec.qc.ca/resultats-et-statistiques/statistiques-sur-les-candidatures/statistiques-sur-les-candidatures-5-octobre-2026/
src_3bbf709ff718,src_3bbf709ff718_20261006060145196_626649ba1833,2026-10-06T06:01:45.196Z,2026-10-06T06:01:45.273Z,NA,"Tue, 06 Oct 2026 05:49:40 GMT","W/""5e61d69ea822dce3ea3e252ed125df22""",626649ba18331fa4204fad818b74a087a642a25d264b7a53d82a4ea8acddfeed,208794,data/raw/src_3bbf709ff718/626649ba18331fa4204fad818b74a087a642a25d264b7a53d82a4ea8acddfeed.json,https://donnees.electionsquebec.qc.ca/production/provincial/resultats/resultats.json
