table,variable,label_fr,description_fr,type,unit,allowed_values,missing_definition,source,derived,derivation,notes
by_elections,election_id,election id,"Identifiant contextualisé : Québec, provincial, date et type.",character,selon description,NA,"NA : absent, non diffusé, non applicable ou conversion impossible; jamais imputé. Consulter source et quality_report.",src_04249426efff;src_23a95c0b8ace;src_2d4e90d4e476;src_335c9751e725;src_46b2b80361d8;src_4e9171631c9b;src_53258148a5e9;src_68477afa07d6;src_81c5fe8d1b02;src_8f0698d69120;src_9869ef080ebd;src_9ef2a7b66e04;src_a0bedefcbbb2;src_c0d45adf2a1b;src_d0efa9a1d2ca;src_d46eedaf6c55;src_fc8fc11eea9d,TRUE,voir R/common.R et script de transformation,Droits : consulter DATA_LICENSES.md.
by_elections,election_date,election date,"Date de scrutin, tirée de la date officielle présente dans le lien d’archive.",character,selon description,NA,"NA : absent, non diffusé, non applicable ou conversion impossible; jamais imputé. Consulter source et quality_report.",src_04249426efff;src_23a95c0b8ace;src_2d4e90d4e476;src_335c9751e725;src_46b2b80361d8;src_4e9171631c9b;src_53258148a5e9;src_68477afa07d6;src_81c5fe8d1b02;src_8f0698d69120;src_9869ef080ebd;src_9ef2a7b66e04;src_a0bedefcbbb2;src_c0d45adf2a1b;src_d0efa9a1d2ca;src_d46eedaf6c55;src_fc8fc11eea9d,FALSE,NA,Droits : consulter DATA_LICENSES.md.
by_elections,election_type,election type,general ou partial : type indiqué par l’archive officielle.,character,selon description,NA,"NA : absent, non diffusé, non applicable ou conversion impossible; jamais imputé. Consulter source et quality_report.",src_04249426efff;src_23a95c0b8ace;src_2d4e90d4e476;src_335c9751e725;src_46b2b80361d8;src_4e9171631c9b;src_53258148a5e9;src_68477afa07d6;src_81c5fe8d1b02;src_8f0698d69120;src_9869ef080ebd;src_9ef2a7b66e04;src_a0bedefcbbb2;src_c0d45adf2a1b;src_d0efa9a1d2ca;src_d46eedaf6c55;src_fc8fc11eea9d,FALSE,NA,Droits : consulter DATA_LICENSES.md.
by_elections,electoral_level,electoral level,provincial dans cette version.,character,selon description,NA,"NA : absent, non diffusé, non applicable ou conversion impossible; jamais imputé. Consulter source et quality_report.",src_04249426efff;src_23a95c0b8ace;src_2d4e90d4e476;src_335c9751e725;src_46b2b80361d8;src_4e9171631c9b;src_53258148a5e9;src_68477afa07d6;src_81c5fe8d1b02;src_8f0698d69120;src_9869ef080ebd;src_9ef2a7b66e04;src_a0bedefcbbb2;src_c0d45adf2a1b;src_d0efa9a1d2ca;src_d46eedaf6c55;src_fc8fc11eea9d,FALSE,NA,Droits : consulter DATA_LICENSES.md.
by_elections,map_year,map year,"Année d’établissement de la carte, attribuée selon l’historique officiel; manquante lorsqu’elle n’est pas confirmée.",character,selon description,NA,"NA : absent, non diffusé, non applicable ou conversion impossible; jamais imputé. Consulter source et quality_report.",src_04249426efff;src_23a95c0b8ace;src_2d4e90d4e476;src_335c9751e725;src_46b2b80361d8;src_4e9171631c9b;src_53258148a5e9;src_68477afa07d6;src_81c5fe8d1b02;src_8f0698d69120;src_9869ef080ebd;src_9ef2a7b66e04;src_a0bedefcbbb2;src_c0d45adf2a1b;src_d0efa9a1d2ca;src_d46eedaf6c55;src_fc8fc11eea9d,FALSE,NA,Droits : consulter DATA_LICENSES.md.
by_elections,code_edition,code edition,Édition de nomenclature; 2022 conserve la carte de 2017 avec changement de nom. Une édition historique contextuelle ne garantit pas une continuité des codes.,character,selon description,NA,"NA : absent, non diffusé, non applicable ou conversion impossible; jamais imputé. Consulter source et quality_report.",src_04249426efff;src_23a95c0b8ace;src_2d4e90d4e476;src_335c9751e725;src_46b2b80361d8;src_4e9171631c9b;src_53258148a5e9;src_68477afa07d6;src_81c5fe8d1b02;src_8f0698d69120;src_9869ef080ebd;src_9ef2a7b66e04;src_a0bedefcbbb2;src_c0d45adf2a1b;src_d0efa9a1d2ca;src_d46eedaf6c55;src_fc8fc11eea9d,FALSE,NA,Droits : consulter DATA_LICENSES.md.
by_elections,district_count,district count,"Nombre de circonscriptions dans l’événement, selon source ou comptage documenté.",numeric,selon description,NA,"NA : absent, non diffusé, non applicable ou conversion impossible; jamais imputé. Consulter source et quality_report.",src_04249426efff;src_23a95c0b8ace;src_2d4e90d4e476;src_335c9751e725;src_46b2b80361d8;src_4e9171631c9b;src_53258148a5e9;src_68477afa07d6;src_81c5fe8d1b02;src_8f0698d69120;src_9869ef080ebd;src_9ef2a7b66e04;src_a0bedefcbbb2;src_c0d45adf2a1b;src_d0efa9a1d2ca;src_d46eedaf6c55;src_fc8fc11eea9d,FALSE,NA,Droits : consulter DATA_LICENSES.md.
by_elections,registered,registered,Nombre d’électrices et électeurs inscrits selon le périmètre de ce fichier.,numeric,selon description,NA,"NA : absent, non diffusé, non applicable ou conversion impossible; jamais imputé. Consulter source et quality_report.",src_04249426efff;src_23a95c0b8ace;src_2d4e90d4e476;src_335c9751e725;src_46b2b80361d8;src_4e9171631c9b;src_53258148a5e9;src_68477afa07d6;src_81c5fe8d1b02;src_8f0698d69120;src_9869ef080ebd;src_9ef2a7b66e04;src_a0bedefcbbb2;src_c0d45adf2a1b;src_d0efa9a1d2ca;src_d46eedaf6c55;src_fc8fc11eea9d,FALSE,NA,Droits : consulter DATA_LICENSES.md.
by_elections,valid_ballots,valid ballots,Nombre de bulletins valides publié.,numeric,selon description,NA,"NA : absent, non diffusé, non applicable ou conversion impossible; jamais imputé. Consulter source et quality_report.",src_04249426efff;src_23a95c0b8ace;src_2d4e90d4e476;src_335c9751e725;src_46b2b80361d8;src_4e9171631c9b;src_53258148a5e9;src_68477afa07d6;src_81c5fe8d1b02;src_8f0698d69120;src_9869ef080ebd;src_9ef2a7b66e04;src_a0bedefcbbb2;src_c0d45adf2a1b;src_d0efa9a1d2ca;src_d46eedaf6c55;src_fc8fc11eea9d,FALSE,NA,Droits : consulter DATA_LICENSES.md.
by_elections,rejected_ballots,rejected ballots,Nombre de bulletins rejetés publié.,numeric,selon description,NA,"NA : absent, non diffusé, non applicable ou conversion impossible; jamais imputé. Consulter source et quality_report.",src_04249426efff;src_23a95c0b8ace;src_2d4e90d4e476;src_335c9751e725;src_46b2b80361d8;src_4e9171631c9b;src_53258148a5e9;src_68477afa07d6;src_81c5fe8d1b02;src_8f0698d69120;src_9869ef080ebd;src_9ef2a7b66e04;src_a0bedefcbbb2;src_c0d45adf2a1b;src_d0efa9a1d2ca;src_d46eedaf6c55;src_fc8fc11eea9d,FALSE,NA,Droits : consulter DATA_LICENSES.md.
by_elections,votes_cast,votes cast,Bulletins valides et rejetés; valeur source si disponible.,numeric,selon description,NA,"NA : absent, non diffusé, non applicable ou conversion impossible; jamais imputé. Consulter source et quality_report.",src_04249426efff;src_23a95c0b8ace;src_2d4e90d4e476;src_335c9751e725;src_46b2b80361d8;src_4e9171631c9b;src_53258148a5e9;src_68477afa07d6;src_81c5fe8d1b02;src_8f0698d69120;src_9869ef080ebd;src_9ef2a7b66e04;src_a0bedefcbbb2;src_c0d45adf2a1b;src_d0efa9a1d2ca;src_d46eedaf6c55;src_fc8fc11eea9d,FALSE,NA,Droits : consulter DATA_LICENSES.md.
by_elections,polls_total,polls total,Nombre total de bureaux annoncé.,numeric,selon description,NA,"NA : absent, non diffusé, non applicable ou conversion impossible; jamais imputé. Consulter source et quality_report.",src_04249426efff;src_23a95c0b8ace;src_2d4e90d4e476;src_335c9751e725;src_46b2b80361d8;src_4e9171631c9b;src_53258148a5e9;src_68477afa07d6;src_81c5fe8d1b02;src_8f0698d69120;src_9869ef080ebd;src_9ef2a7b66e04;src_a0bedefcbbb2;src_c0d45adf2a1b;src_d0efa9a1d2ca;src_d46eedaf6c55;src_fc8fc11eea9d,FALSE,NA,Droits : consulter DATA_LICENSES.md.
by_elections,polls_counted,polls counted,Nombre de bureaux dont les résultats sont renseignés.,numeric,selon description,NA,"NA : absent, non diffusé, non applicable ou conversion impossible; jamais imputé. Consulter source et quality_report.",src_04249426efff;src_23a95c0b8ace;src_2d4e90d4e476;src_335c9751e725;src_46b2b80361d8;src_4e9171631c9b;src_53258148a5e9;src_68477afa07d6;src_81c5fe8d1b02;src_8f0698d69120;src_9869ef080ebd;src_9ef2a7b66e04;src_a0bedefcbbb2;src_c0d45adf2a1b;src_d0efa9a1d2ca;src_d46eedaf6c55;src_fc8fc11eea9d,FALSE,NA,Droits : consulter DATA_LICENSES.md.
by_elections,turnout_observed_pct,turnout observed pct,"Rapport des votes actuellement comptés aux inscrits; pendant le dépouillement, ce n’est pas la participation finale.",numeric,pourcentage 0-100,NA,"NA : absent, non diffusé, non applicable ou conversion impossible; jamais imputé. Consulter source et quality_report.",src_04249426efff;src_23a95c0b8ace;src_2d4e90d4e476;src_335c9751e725;src_46b2b80361d8;src_4e9171631c9b;src_53258148a5e9;src_68477afa07d6;src_81c5fe8d1b02;src_8f0698d69120;src_9869ef080ebd;src_9ef2a7b66e04;src_a0bedefcbbb2;src_c0d45adf2a1b;src_d0efa9a1d2ca;src_d46eedaf6c55;src_fc8fc11eea9d,TRUE,"100 * votes_cast / registered, si registered > 0",Droits : consulter DATA_LICENSES.md.
by_elections,source_id,source id,Identifiant SHA-256 de l’URL dans le catalogue maître.,character,selon description,NA,"NA : absent, non diffusé, non applicable ou conversion impossible; jamais imputé. Consulter source et quality_report.",src_04249426efff;src_23a95c0b8ace;src_2d4e90d4e476;src_335c9751e725;src_46b2b80361d8;src_4e9171631c9b;src_53258148a5e9;src_68477afa07d6;src_81c5fe8d1b02;src_8f0698d69120;src_9869ef080ebd;src_9ef2a7b66e04;src_a0bedefcbbb2;src_c0d45adf2a1b;src_d0efa9a1d2ca;src_d46eedaf6c55;src_fc8fc11eea9d,TRUE,voir R/common.R et script de transformation,Droits : consulter DATA_LICENSES.md.
by_elections,snapshot_id,snapshot id,Identifiant unique de la consultation et des octets sources.,character,selon description,NA,"NA : absent, non diffusé, non applicable ou conversion impossible; jamais imputé. Consulter source et quality_report.",src_04249426efff;src_23a95c0b8ace;src_2d4e90d4e476;src_335c9751e725;src_46b2b80361d8;src_4e9171631c9b;src_53258148a5e9;src_68477afa07d6;src_81c5fe8d1b02;src_8f0698d69120;src_9869ef080ebd;src_9ef2a7b66e04;src_a0bedefcbbb2;src_c0d45adf2a1b;src_d0efa9a1d2ca;src_d46eedaf6c55;src_fc8fc11eea9d,TRUE,voir R/common.R et script de transformation,Droits : consulter DATA_LICENSES.md.
by_elections,observed_at,observed at,Instant UTC où la source a été consultée; ne désigne pas la date de l’événement.,character,selon description,NA,"NA : absent, non diffusé, non applicable ou conversion impossible; jamais imputé. Consulter source et quality_report.",src_04249426efff;src_23a95c0b8ace;src_2d4e90d4e476;src_335c9751e725;src_46b2b80361d8;src_4e9171631c9b;src_53258148a5e9;src_68477afa07d6;src_81c5fe8d1b02;src_8f0698d69120;src_9869ef080ebd;src_9ef2a7b66e04;src_a0bedefcbbb2;src_c0d45adf2a1b;src_d0efa9a1d2ca;src_d46eedaf6c55;src_fc8fc11eea9d,TRUE,voir R/common.R et script de transformation,Droits : consulter DATA_LICENSES.md.
by_elections,retrieved_at,retrieved at,"Fin de la récupération, en UTC.",character,selon description,NA,"NA : absent, non diffusé, non applicable ou conversion impossible; jamais imputé. Consulter source et quality_report.",src_04249426efff;src_23a95c0b8ace;src_2d4e90d4e476;src_335c9751e725;src_46b2b80361d8;src_4e9171631c9b;src_53258148a5e9;src_68477afa07d6;src_81c5fe8d1b02;src_8f0698d69120;src_9869ef080ebd;src_9ef2a7b66e04;src_a0bedefcbbb2;src_c0d45adf2a1b;src_d0efa9a1d2ca;src_d46eedaf6c55;src_fc8fc11eea9d,TRUE,voir R/common.R et script de transformation,Droits : consulter DATA_LICENSES.md.
by_elections,source_updated_at,source updated at,"Horodatage annoncé par le producteur, converti en UTC; manquant si absent.",character,selon description,NA,"NA : absent, non diffusé, non applicable ou conversion impossible; jamais imputé. Consulter source et quality_report.",src_04249426efff;src_23a95c0b8ace;src_2d4e90d4e476;src_335c9751e725;src_46b2b80361d8;src_4e9171631c9b;src_53258148a5e9;src_68477afa07d6;src_81c5fe8d1b02;src_8f0698d69120;src_9869ef080ebd;src_9ef2a7b66e04;src_a0bedefcbbb2;src_c0d45adf2a1b;src_d0efa9a1d2ca;src_d46eedaf6c55;src_fc8fc11eea9d,FALSE,NA,Droits : consulter DATA_LICENSES.md.
by_elections,data_status,data status,État fourni par la source ou type explicite de transformation; finalité jamais inférée d’un pourcentage de dépouillement.,character,selon description,final;preliminary,"NA : absent, non diffusé, non applicable ou conversion impossible; jamais imputé. Consulter source et quality_report.",src_04249426efff;src_23a95c0b8ace;src_2d4e90d4e476;src_335c9751e725;src_46b2b80361d8;src_4e9171631c9b;src_53258148a5e9;src_68477afa07d6;src_81c5fe8d1b02;src_8f0698d69120;src_9869ef080ebd;src_9ef2a7b66e04;src_a0bedefcbbb2;src_c0d45adf2a1b;src_d0efa9a1d2ca;src_d46eedaf6c55;src_fc8fc11eea9d,FALSE,NA,Droits : consulter DATA_LICENSES.md.
by_elections,candidate_count,candidate count,Nombre de candidatures dans la capture courante.,numeric,selon description,NA,"NA : absent, non diffusé, non applicable ou conversion impossible; jamais imputé. Consulter source et quality_report.",src_04249426efff;src_23a95c0b8ace;src_2d4e90d4e476;src_335c9751e725;src_46b2b80361d8;src_4e9171631c9b;src_53258148a5e9;src_68477afa07d6;src_81c5fe8d1b02;src_8f0698d69120;src_9869ef080ebd;src_9ef2a7b66e04;src_a0bedefcbbb2;src_c0d45adf2a1b;src_d0efa9a1d2ca;src_d46eedaf6c55;src_fc8fc11eea9d,FALSE,NA,Droits : consulter DATA_LICENSES.md.
by_elections,party_count,party count,Nombre de groupes politiques présents dans les candidatures; indépendants selon regroupement de la source.,numeric,selon description,NA,"NA : absent, non diffusé, non applicable ou conversion impossible; jamais imputé. Consulter source et quality_report.",src_04249426efff;src_23a95c0b8ace;src_2d4e90d4e476;src_335c9751e725;src_46b2b80361d8;src_4e9171631c9b;src_53258148a5e9;src_68477afa07d6;src_81c5fe8d1b02;src_8f0698d69120;src_9869ef080ebd;src_9ef2a7b66e04;src_a0bedefcbbb2;src_c0d45adf2a1b;src_d0efa9a1d2ca;src_d46eedaf6c55;src_fc8fc11eea9d,FALSE,NA,Droits : consulter DATA_LICENSES.md.
candidate_statistics,source_row,source row,Numéro de ligne à l’intérieur du tableau extrait.,integer,selon description,NA,"NA : absent, non diffusé, non applicable ou conversion impossible; jamais imputé. Consulter source et quality_report.",src_054c00a7b03c,FALSE,NA,Transformation locale; autorisation d’adaptation non confirmée.
candidate_statistics,source_variable,source variable,Intitulé de colonne original du tableau officiel.,character,selon description,NA,"NA : absent, non diffusé, non applicable ou conversion impossible; jamais imputé. Consulter source et quality_report.",src_054c00a7b03c,FALSE,NA,Transformation locale; autorisation d’adaptation non confirmée.
candidate_statistics,value_source,value source,"Valeur originale, y compris les symboles de suppression; ne pas les remplacer par zéro.",character,selon description,NA,"NA : absent, non diffusé, non applicable ou conversion impossible; jamais imputé. Consulter source et quality_report.",src_054c00a7b03c,FALSE,NA,Transformation locale; autorisation d’adaptation non confirmée.
candidate_statistics,source_table_number,source table number,Numéro du tableau dans la page HTML source.,integer,selon description,NA,"NA : absent, non diffusé, non applicable ou conversion impossible; jamais imputé. Consulter source et quality_report.",src_054c00a7b03c,FALSE,NA,Transformation locale; autorisation d’adaptation non confirmée.
candidate_statistics,source_title,source title,Titre officiel du document ou de la page dans l’inventaire.,character,selon description,NA,"NA : absent, non diffusé, non applicable ou conversion impossible; jamais imputé. Consulter source et quality_report.",src_054c00a7b03c,FALSE,NA,Transformation locale; autorisation d’adaptation non confirmée.
candidate_statistics,source_id,source id,Identifiant SHA-256 de l’URL dans le catalogue maître.,character,selon description,NA,"NA : absent, non diffusé, non applicable ou conversion impossible; jamais imputé. Consulter source et quality_report.",src_054c00a7b03c,TRUE,voir R/common.R et script de transformation,Transformation locale; autorisation d’adaptation non confirmée.
candidate_statistics,snapshot_id,snapshot id,Identifiant unique de la consultation et des octets sources.,character,selon description,NA,"NA : absent, non diffusé, non applicable ou conversion impossible; jamais imputé. Consulter source et quality_report.",src_054c00a7b03c,TRUE,voir R/common.R et script de transformation,Transformation locale; autorisation d’adaptation non confirmée.
candidate_statistics,observed_at,observed at,Instant UTC où la source a été consultée; ne désigne pas la date de l’événement.,character,selon description,NA,"NA : absent, non diffusé, non applicable ou conversion impossible; jamais imputé. Consulter source et quality_report.",src_054c00a7b03c,TRUE,voir R/common.R et script de transformation,Transformation locale; autorisation d’adaptation non confirmée.
candidate_statistics,retrieved_at,retrieved at,"Fin de la récupération, en UTC.",character,selon description,NA,"NA : absent, non diffusé, non applicable ou conversion impossible; jamais imputé. Consulter source et quality_report.",src_054c00a7b03c,TRUE,voir R/common.R et script de transformation,Transformation locale; autorisation d’adaptation non confirmée.
candidate_statistics,source_updated_at,source updated at,"Horodatage annoncé par le producteur, converti en UTC; manquant si absent.",character,selon description,NA,"NA : absent, non diffusé, non applicable ou conversion impossible; jamais imputé. Consulter source et quality_report.",src_054c00a7b03c,FALSE,NA,Transformation locale; autorisation d’adaptation non confirmée.
candidate_statistics,data_status,data status,État fourni par la source ou type explicite de transformation; finalité jamais inférée d’un pourcentage de dépouillement.,character,selon description,observed,"NA : absent, non diffusé, non applicable ou conversion impossible; jamais imputé. Consulter source et quality_report.",src_054c00a7b03c,FALSE,NA,Transformation locale; autorisation d’adaptation non confirmée.
candidates,election_id,election id,"Identifiant contextualisé : Québec, provincial, date et type.",character,selon description,NA,"NA : absent, non diffusé, non applicable ou conversion impossible; jamais imputé. Consulter source et quality_report.",src_22fefd6fc574,TRUE,voir R/common.R et script de transformation,Droits : consulter DATA_LICENSES.md.
candidates,district_id,district id,"Carte, édition des codes et code de circonscription; ne pas joindre par nom.",character,selon description,NA,"NA : absent, non diffusé, non applicable ou conversion impossible; jamais imputé. Consulter source et quality_report.",src_22fefd6fc574,TRUE,voir R/common.R et script de transformation,Droits : consulter DATA_LICENSES.md.
candidates,candidate_id,candidate id,Identifiant de candidature contextualisé; ne désigne pas une personne entre élections.,character,selon description,NA,"NA : absent, non diffusé, non applicable ou conversion impossible; jamais imputé. Consulter source et quality_report.",src_22fefd6fc574,TRUE,voir R/common.R et script de transformation,Droits : consulter DATA_LICENSES.md.
candidates,candidate_code,candidate code,"Code de candidature fourni par la liste ou le résultat officiel, contextualisé par élection.",character,selon description,NA,"NA : absent, non diffusé, non applicable ou conversion impossible; jamais imputé. Consulter source et quality_report.",src_22fefd6fc574,FALSE,NA,Droits : consulter DATA_LICENSES.md.
candidates,source_event_id,source event id,Identifiant d’événement fourni par le producteur.,character,selon description,NA,"NA : absent, non diffusé, non applicable ou conversion impossible; jamais imputé. Consulter source et quality_report.",src_22fefd6fc574,TRUE,voir R/common.R et script de transformation,Droits : consulter DATA_LICENSES.md.
candidates,first_name,first name,Prénom officiellement publié dans le contexte d’une candidature.,character,selon description,NA,"NA : absent, non diffusé, non applicable ou conversion impossible; jamais imputé. Consulter source et quality_report.",src_22fefd6fc574,FALSE,NA,Droits : consulter DATA_LICENSES.md.
candidates,last_name,last name,Nom officiellement publié dans le contexte d’une candidature.,character,selon description,NA,"NA : absent, non diffusé, non applicable ou conversion impossible; jamais imputé. Consulter source et quality_report.",src_22fefd6fc574,FALSE,NA,Droits : consulter DATA_LICENSES.md.
candidates,party_id,party id,Identifiant administratif de groupe politique dans une élection.,character,selon description,NA,"NA : absent, non diffusé, non applicable ou conversion impossible; jamais imputé. Consulter source et quality_report.",src_22fefd6fc574,TRUE,voir R/common.R et script de transformation,Droits : consulter DATA_LICENSES.md.
candidates,party_code,party code,Code politique source dans l’événement.,character,selon description,NA,"NA : absent, non diffusé, non applicable ou conversion impossible; jamais imputé. Consulter source et quality_report.",src_22fefd6fc574,FALSE,NA,Droits : consulter DATA_LICENSES.md.
candidates,party_name,party name,Nom politique fourni pour cet événement; ne pas présumer que les codes sont stables.,character,selon description,NA,"NA : absent, non diffusé, non applicable ou conversion impossible; jamais imputé. Consulter source et quality_report.",src_22fefd6fc574,FALSE,NA,Droits : consulter DATA_LICENSES.md.
candidates,party_abbreviation,party abbreviation,Abréviation politique source; variantes typographiques conservées.,character,selon description,NA,"NA : absent, non diffusé, non applicable ou conversion impossible; jamais imputé. Consulter source et quality_report.",src_22fefd6fc574,FALSE,NA,Droits : consulter DATA_LICENSES.md.
candidates,independent_mention_source,independent mention source,Mention d’indépendance fournie explicitement dans la source.,character,selon description,NA,"NA : absent, non diffusé, non applicable ou conversion impossible; jamais imputé. Consulter source et quality_report.",src_22fefd6fc574,FALSE,NA,Droits : consulter DATA_LICENSES.md.
candidates,status_source,status source,Statut original de candidature.,character,selon description,NA,"NA : absent, non diffusé, non applicable ou conversion impossible; jamais imputé. Consulter source et quality_report.",src_22fefd6fc574,FALSE,NA,Droits : consulter DATA_LICENSES.md.
candidates,state_source,state source,"État original de candidature, sans recodage non documenté.",character,selon description,NA,"NA : absent, non diffusé, non applicable ou conversion impossible; jamais imputé. Consulter source et quality_report.",src_22fefd6fc574,FALSE,NA,Droits : consulter DATA_LICENSES.md.
candidates,outgoing_member_source,outgoing member source,Indication source de député sortant; pas une recherche biographique supplémentaire.,character,selon description,NA,"NA : absent, non diffusé, non applicable ou conversion impossible; jamais imputé. Consulter source et quality_report.",src_22fefd6fc574,FALSE,NA,Droits : consulter DATA_LICENSES.md.
candidates,official_agent_first_name,official agent first name,"Prénom de l’agent officiel, fonction politique publique.",character,selon description,NA,"NA : absent, non diffusé, non applicable ou conversion impossible; jamais imputé. Consulter source et quality_report.",src_22fefd6fc574,FALSE,NA,Droits : consulter DATA_LICENSES.md.
candidates,official_agent_last_name,official agent last name,"Nom de l’agent officiel, fonction politique publique.",character,selon description,NA,"NA : absent, non diffusé, non applicable ou conversion impossible; jamais imputé. Consulter source et quality_report.",src_22fefd6fc574,FALSE,NA,Droits : consulter DATA_LICENSES.md.
candidates,sex_source,sex source,Code de sexe original; non attribué à partir du prénom et non interprété sans dictionnaire source.,character,selon description,NA,"NA : absent, non diffusé, non applicable ou conversion impossible; jamais imputé. Consulter source et quality_report.",src_22fefd6fc574,FALSE,NA,Droits : consulter DATA_LICENSES.md.
candidates,age_source,age source,"Âge publié, sans inférence; absent des candidatures 2026 consultées.",numeric,selon description,NA,"NA : absent, non diffusé, non applicable ou conversion impossible; jamais imputé. Consulter source et quality_report.",src_22fefd6fc574,FALSE,NA,Droits : consulter DATA_LICENSES.md.
candidates,row_source_updated_at,row source updated at,Date de mise à jour de la candidature annoncée dans la source.,character,selon description,NA,"NA : absent, non diffusé, non applicable ou conversion impossible; jamais imputé. Consulter source et quality_report.",src_22fefd6fc574,FALSE,NA,Droits : consulter DATA_LICENSES.md.
candidates,source_id,source id,Identifiant SHA-256 de l’URL dans le catalogue maître.,character,selon description,NA,"NA : absent, non diffusé, non applicable ou conversion impossible; jamais imputé. Consulter source et quality_report.",src_22fefd6fc574,TRUE,voir R/common.R et script de transformation,Droits : consulter DATA_LICENSES.md.
candidates,snapshot_id,snapshot id,Identifiant unique de la consultation et des octets sources.,character,selon description,NA,"NA : absent, non diffusé, non applicable ou conversion impossible; jamais imputé. Consulter source et quality_report.",src_22fefd6fc574,TRUE,voir R/common.R et script de transformation,Droits : consulter DATA_LICENSES.md.
candidates,observed_at,observed at,Instant UTC où la source a été consultée; ne désigne pas la date de l’événement.,character,selon description,NA,"NA : absent, non diffusé, non applicable ou conversion impossible; jamais imputé. Consulter source et quality_report.",src_22fefd6fc574,TRUE,voir R/common.R et script de transformation,Droits : consulter DATA_LICENSES.md.
candidates,retrieved_at,retrieved at,"Fin de la récupération, en UTC.",character,selon description,NA,"NA : absent, non diffusé, non applicable ou conversion impossible; jamais imputé. Consulter source et quality_report.",src_22fefd6fc574,TRUE,voir R/common.R et script de transformation,Droits : consulter DATA_LICENSES.md.
candidates,source_updated_at,source updated at,"Horodatage annoncé par le producteur, converti en UTC; manquant si absent.",character,selon description,NA,"NA : absent, non diffusé, non applicable ou conversion impossible; jamais imputé. Consulter source et quality_report.",src_22fefd6fc574,FALSE,NA,Droits : consulter DATA_LICENSES.md.
candidates,data_status,data status,État fourni par la source ou type explicite de transformation; finalité jamais inférée d’un pourcentage de dépouillement.,character,selon description,accepted_list,"NA : absent, non diffusé, non applicable ou conversion impossible; jamais imputé. Consulter source et quality_report.",src_22fefd6fc574,FALSE,NA,Droits : consulter DATA_LICENSES.md.
candidates_2012,election_id,election id,"Identifiant contextualisé : Québec, provincial, date et type.",character,selon description,NA,"NA : absent, non diffusé, non applicable ou conversion impossible; jamais imputé. Consulter source et quality_report.",src_e91d45d3f2aa,TRUE,voir R/common.R et script de transformation,Droits : consulter DATA_LICENSES.md.
candidates_2012,district_id,district id,"Carte, édition des codes et code de circonscription; ne pas joindre par nom.",character,selon description,NA,"NA : absent, non diffusé, non applicable ou conversion impossible; jamais imputé. Consulter source et quality_report.",src_e91d45d3f2aa,TRUE,voir R/common.R et script de transformation,Droits : consulter DATA_LICENSES.md.
candidates_2012,candidate_id,candidate id,Identifiant de candidature contextualisé; ne désigne pas une personne entre élections.,character,selon description,NA,"NA : absent, non diffusé, non applicable ou conversion impossible; jamais imputé. Consulter source et quality_report.",src_e91d45d3f2aa,TRUE,voir R/common.R et script de transformation,Droits : consulter DATA_LICENSES.md.
candidates_2012,candidate_code,candidate code,"Code de candidature fourni par la liste ou le résultat officiel, contextualisé par élection.",character,selon description,NA,"NA : absent, non diffusé, non applicable ou conversion impossible; jamais imputé. Consulter source et quality_report.",src_e91d45d3f2aa,FALSE,NA,Droits : consulter DATA_LICENSES.md.
candidates_2012,last_name,last name,Nom officiellement publié dans le contexte d’une candidature.,character,selon description,NA,"NA : absent, non diffusé, non applicable ou conversion impossible; jamais imputé. Consulter source et quality_report.",src_e91d45d3f2aa,FALSE,NA,Droits : consulter DATA_LICENSES.md.
candidates_2012,first_name,first name,Prénom officiellement publié dans le contexte d’une candidature.,character,selon description,NA,"NA : absent, non diffusé, non applicable ou conversion impossible; jamais imputé. Consulter source et quality_report.",src_e91d45d3f2aa,FALSE,NA,Droits : consulter DATA_LICENSES.md.
candidates_2012,party_name,party name,Nom politique fourni pour cet événement; ne pas présumer que les codes sont stables.,character,selon description,NA,"NA : absent, non diffusé, non applicable ou conversion impossible; jamais imputé. Consulter source et quality_report.",src_e91d45d3f2aa,FALSE,NA,Droits : consulter DATA_LICENSES.md.
candidates_2012,party_abbreviation,party abbreviation,Abréviation politique source; variantes typographiques conservées.,character,selon description,NA,"NA : absent, non diffusé, non applicable ou conversion impossible; jamais imputé. Consulter source et quality_report.",src_e91d45d3f2aa,FALSE,NA,Droits : consulter DATA_LICENSES.md.
candidates_2012,sex_source,sex source,Code de sexe original; non attribué à partir du prénom et non interprété sans dictionnaire source.,character,selon description,NA,"NA : absent, non diffusé, non applicable ou conversion impossible; jamais imputé. Consulter source et quality_report.",src_e91d45d3f2aa,FALSE,NA,Droits : consulter DATA_LICENSES.md.
candidates_2012,source_id,source id,Identifiant SHA-256 de l’URL dans le catalogue maître.,character,selon description,NA,"NA : absent, non diffusé, non applicable ou conversion impossible; jamais imputé. Consulter source et quality_report.",src_e91d45d3f2aa,TRUE,voir R/common.R et script de transformation,Droits : consulter DATA_LICENSES.md.
candidates_2012,snapshot_id,snapshot id,Identifiant unique de la consultation et des octets sources.,character,selon description,NA,"NA : absent, non diffusé, non applicable ou conversion impossible; jamais imputé. Consulter source et quality_report.",src_e91d45d3f2aa,TRUE,voir R/common.R et script de transformation,Droits : consulter DATA_LICENSES.md.
candidates_2012,observed_at,observed at,Instant UTC où la source a été consultée; ne désigne pas la date de l’événement.,character,selon description,NA,"NA : absent, non diffusé, non applicable ou conversion impossible; jamais imputé. Consulter source et quality_report.",src_e91d45d3f2aa,TRUE,voir R/common.R et script de transformation,Droits : consulter DATA_LICENSES.md.
candidates_2012,retrieved_at,retrieved at,"Fin de la récupération, en UTC.",character,selon description,NA,"NA : absent, non diffusé, non applicable ou conversion impossible; jamais imputé. Consulter source et quality_report.",src_e91d45d3f2aa,TRUE,voir R/common.R et script de transformation,Droits : consulter DATA_LICENSES.md.
candidates_2012,source_updated_at,source updated at,"Horodatage annoncé par le producteur, converti en UTC; manquant si absent.",character,selon description,NA,"NA : absent, non diffusé, non applicable ou conversion impossible; jamais imputé. Consulter source et quality_report.",src_e91d45d3f2aa,FALSE,NA,Droits : consulter DATA_LICENSES.md.
candidates_2012,data_status,data status,État fourni par la source ou type explicite de transformation; finalité jamais inférée d’un pourcentage de dépouillement.,character,selon description,official_candidate_list,"NA : absent, non diffusé, non applicable ou conversion impossible; jamais imputé. Consulter source et quality_report.",src_e91d45d3f2aa,FALSE,NA,Droits : consulter DATA_LICENSES.md.
district_crosswalk_2017_2026,old_district_id,old district id,Identifiant de territoire dans l’ancienne édition.,character,selon description,NA,"NA : absent, non diffusé, non applicable ou conversion impossible; jamais imputé. Consulter source et quality_report.",src_982233d9cc25;src_4a2457749372,TRUE,voir R/common.R et script de transformation,Droits : consulter DATA_LICENSES.md.
district_crosswalk_2017_2026,old_area_km2,old area km2,"Superficie de l’ancienne géométrie utilisée pour l’intersection, en EPSG:6933.",numeric,km2,NA,"NA : absent, non diffusé, non applicable ou conversion impossible; jamais imputé. Consulter source et quality_report.",src_982233d9cc25;src_4a2457749372,FALSE,NA,Droits : consulter DATA_LICENSES.md.
district_crosswalk_2017_2026,new_district_id,new district id,Identifiant de territoire dans la nouvelle édition.,character,selon description,NA,"NA : absent, non diffusé, non applicable ou conversion impossible; jamais imputé. Consulter source et quality_report.",src_982233d9cc25;src_4a2457749372,TRUE,voir R/common.R et script de transformation,Droits : consulter DATA_LICENSES.md.
district_crosswalk_2017_2026,new_area_km2,new area km2,"Superficie de la nouvelle géométrie utilisée pour l’intersection, en EPSG:6933.",numeric,km2,NA,"NA : absent, non diffusé, non applicable ou conversion impossible; jamais imputé. Consulter source et quality_report.",src_982233d9cc25;src_4a2457749372,FALSE,NA,Droits : consulter DATA_LICENSES.md.
district_crosswalk_2017_2026,intersection_area_km2,intersection area km2,Superficie d’intersection des deux produits géométriques officiels en EPSG:6933.,numeric,km2,NA,"NA : absent, non diffusé, non applicable ou conversion impossible; jamais imputé. Consulter source et quality_report.",src_982233d9cc25;src_4a2457749372,FALSE,NA,Droits : consulter DATA_LICENSES.md.
district_crosswalk_2017_2026,old_area_fraction,old area fraction,Part de la géométrie ancienne comprise dans l’intersection.,numeric,proportion 0-1,NA,"NA : absent, non diffusé, non applicable ou conversion impossible; jamais imputé. Consulter source et quality_report.",src_982233d9cc25;src_4a2457749372,TRUE,intersection_area_km2 / old_area_km2,Droits : consulter DATA_LICENSES.md.
district_crosswalk_2017_2026,new_area_fraction,new area fraction,Part de la géométrie nouvelle comprise dans l’intersection.,numeric,proportion 0-1,NA,"NA : absent, non diffusé, non applicable ou conversion impossible; jamais imputé. Consulter source et quality_report.",src_982233d9cc25;src_4a2457749372,TRUE,intersection_area_km2 / new_area_km2,Droits : consulter DATA_LICENSES.md.
district_crosswalk_2017_2026,method,method,Méthode explicite de calcul de la correspondance.,character,selon description,NA,"NA : absent, non diffusé, non applicable ou conversion impossible; jamais imputé. Consulter source et quality_report.",src_982233d9cc25;src_4a2457749372,FALSE,NA,Droits : consulter DATA_LICENSES.md.
district_crosswalk_2017_2026,population_fraction,population fraction,Non estimée : aucune réallocation territoriale de population n’est effectuée.,numeric,proportion 0-1,NA,"NA : absent, non diffusé, non applicable ou conversion impossible; jamais imputé. Consulter source et quality_report.",src_982233d9cc25;src_4a2457749372,FALSE,NA,Droits : consulter DATA_LICENSES.md.
district_crosswalk_2017_2026,data_status,data status,État fourni par la source ou type explicite de transformation; finalité jamais inférée d’un pourcentage de dépouillement.,character,selon description,derived,"NA : absent, non diffusé, non applicable ou conversion impossible; jamais imputé. Consulter source et quality_report.",src_982233d9cc25;src_4a2457749372,FALSE,NA,Droits : consulter DATA_LICENSES.md.
district_crosswalk_2017_2026,source_id,source id,Identifiant SHA-256 de l’URL dans le catalogue maître.,character,selon description,NA,"NA : absent, non diffusé, non applicable ou conversion impossible; jamais imputé. Consulter source et quality_report.",src_982233d9cc25;src_4a2457749372,TRUE,voir R/common.R et script de transformation,Droits : consulter DATA_LICENSES.md.
district_crosswalk_2017_2026,snapshot_id,snapshot id,Identifiant unique de la consultation et des octets sources.,character,selon description,NA,"NA : absent, non diffusé, non applicable ou conversion impossible; jamais imputé. Consulter source et quality_report.",src_982233d9cc25;src_4a2457749372,TRUE,voir R/common.R et script de transformation,Droits : consulter DATA_LICENSES.md.
district_crosswalk_2017_2026,observed_at,observed at,Instant UTC où la source a été consultée; ne désigne pas la date de l’événement.,character,selon description,NA,"NA : absent, non diffusé, non applicable ou conversion impossible; jamais imputé. Consulter source et quality_report.",src_982233d9cc25;src_4a2457749372,TRUE,voir R/common.R et script de transformation,Droits : consulter DATA_LICENSES.md.
district_crosswalk_2017_2026,retrieved_at,retrieved at,"Fin de la récupération, en UTC.",character,selon description,NA,"NA : absent, non diffusé, non applicable ou conversion impossible; jamais imputé. Consulter source et quality_report.",src_982233d9cc25;src_4a2457749372,TRUE,voir R/common.R et script de transformation,Droits : consulter DATA_LICENSES.md.
district_crosswalk_2017_2026,source_updated_at,source updated at,"Horodatage annoncé par le producteur, converti en UTC; manquant si absent.",character,selon description,NA,"NA : absent, non diffusé, non applicable ou conversion impossible; jamais imputé. Consulter source et quality_report.",src_982233d9cc25;src_4a2457749372,FALSE,NA,Droits : consulter DATA_LICENSES.md.
district_indicators,election_id,election id,"Identifiant contextualisé : Québec, provincial, date et type.",character,selon description,NA,"NA : absent, non diffusé, non applicable ou conversion impossible; jamais imputé. Consulter source et quality_report.",src_f428cc11d231;src_a0bedefcbbb2;src_f5041537304c;src_04249426efff;src_68477afa07d6;src_d0efa9a1d2ca;src_46b2b80361d8;src_9869ef080ebd;src_2d4e90d4e476;src_4e9171631c9b;src_c0d45adf2a1b;src_6ce929ca1736;src_9ef2a7b66e04;src_81c5fe8d1b02;src_53258148a5e9;src_3ee19c14cf6d;src_8f0698d69120;src_335c9751e725;src_fc8fc11eea9d;src_d46eedaf6c55;src_23a95c0b8ace;src_3bbf709ff718,TRUE,voir R/common.R et script de transformation,Droits : consulter DATA_LICENSES.md.
district_indicators,district_id,district id,"Carte, édition des codes et code de circonscription; ne pas joindre par nom.",character,selon description,NA,"NA : absent, non diffusé, non applicable ou conversion impossible; jamais imputé. Consulter source et quality_report.",src_f428cc11d231;src_a0bedefcbbb2;src_f5041537304c;src_04249426efff;src_68477afa07d6;src_d0efa9a1d2ca;src_46b2b80361d8;src_9869ef080ebd;src_2d4e90d4e476;src_4e9171631c9b;src_c0d45adf2a1b;src_6ce929ca1736;src_9ef2a7b66e04;src_81c5fe8d1b02;src_53258148a5e9;src_3ee19c14cf6d;src_8f0698d69120;src_335c9751e725;src_fc8fc11eea9d;src_d46eedaf6c55;src_23a95c0b8ace;src_3bbf709ff718,TRUE,voir R/common.R et script de transformation,Droits : consulter DATA_LICENSES.md.
district_indicators,snapshot_id,snapshot id,Identifiant unique de la consultation et des octets sources.,character,selon description,NA,"NA : absent, non diffusé, non applicable ou conversion impossible; jamais imputé. Consulter source et quality_report.",src_f428cc11d231;src_a0bedefcbbb2;src_f5041537304c;src_04249426efff;src_68477afa07d6;src_d0efa9a1d2ca;src_46b2b80361d8;src_9869ef080ebd;src_2d4e90d4e476;src_4e9171631c9b;src_c0d45adf2a1b;src_6ce929ca1736;src_9ef2a7b66e04;src_81c5fe8d1b02;src_53258148a5e9;src_3ee19c14cf6d;src_8f0698d69120;src_335c9751e725;src_fc8fc11eea9d;src_d46eedaf6c55;src_23a95c0b8ace;src_3bbf709ff718,TRUE,voir R/common.R et script de transformation,Droits : consulter DATA_LICENSES.md.
district_indicators,data_status,data status,État fourni par la source ou type explicite de transformation; finalité jamais inférée d’un pourcentage de dépouillement.,character,selon description,final;preliminary,"NA : absent, non diffusé, non applicable ou conversion impossible; jamais imputé. Consulter source et quality_report.",src_f428cc11d231;src_a0bedefcbbb2;src_f5041537304c;src_04249426efff;src_68477afa07d6;src_d0efa9a1d2ca;src_46b2b80361d8;src_9869ef080ebd;src_2d4e90d4e476;src_4e9171631c9b;src_c0d45adf2a1b;src_6ce929ca1736;src_9ef2a7b66e04;src_81c5fe8d1b02;src_53258148a5e9;src_3ee19c14cf6d;src_8f0698d69120;src_335c9751e725;src_fc8fc11eea9d;src_d46eedaf6c55;src_23a95c0b8ace;src_3bbf709ff718,FALSE,NA,Droits : consulter DATA_LICENSES.md.
district_indicators,source_id,source id,Identifiant SHA-256 de l’URL dans le catalogue maître.,character,selon description,NA,"NA : absent, non diffusé, non applicable ou conversion impossible; jamais imputé. Consulter source et quality_report.",src_f428cc11d231;src_a0bedefcbbb2;src_f5041537304c;src_04249426efff;src_68477afa07d6;src_d0efa9a1d2ca;src_46b2b80361d8;src_9869ef080ebd;src_2d4e90d4e476;src_4e9171631c9b;src_c0d45adf2a1b;src_6ce929ca1736;src_9ef2a7b66e04;src_81c5fe8d1b02;src_53258148a5e9;src_3ee19c14cf6d;src_8f0698d69120;src_335c9751e725;src_fc8fc11eea9d;src_d46eedaf6c55;src_23a95c0b8ace;src_3bbf709ff718,TRUE,voir R/common.R et script de transformation,Droits : consulter DATA_LICENSES.md.
district_indicators,observed_at,observed at,Instant UTC où la source a été consultée; ne désigne pas la date de l’événement.,character,selon description,NA,"NA : absent, non diffusé, non applicable ou conversion impossible; jamais imputé. Consulter source et quality_report.",src_f428cc11d231;src_a0bedefcbbb2;src_f5041537304c;src_04249426efff;src_68477afa07d6;src_d0efa9a1d2ca;src_46b2b80361d8;src_9869ef080ebd;src_2d4e90d4e476;src_4e9171631c9b;src_c0d45adf2a1b;src_6ce929ca1736;src_9ef2a7b66e04;src_81c5fe8d1b02;src_53258148a5e9;src_3ee19c14cf6d;src_8f0698d69120;src_335c9751e725;src_fc8fc11eea9d;src_d46eedaf6c55;src_23a95c0b8ace;src_3bbf709ff718,TRUE,voir R/common.R et script de transformation,Droits : consulter DATA_LICENSES.md.
district_indicators,retrieved_at,retrieved at,"Fin de la récupération, en UTC.",character,selon description,NA,"NA : absent, non diffusé, non applicable ou conversion impossible; jamais imputé. Consulter source et quality_report.",src_f428cc11d231;src_a0bedefcbbb2;src_f5041537304c;src_04249426efff;src_68477afa07d6;src_d0efa9a1d2ca;src_46b2b80361d8;src_9869ef080ebd;src_2d4e90d4e476;src_4e9171631c9b;src_c0d45adf2a1b;src_6ce929ca1736;src_9ef2a7b66e04;src_81c5fe8d1b02;src_53258148a5e9;src_3ee19c14cf6d;src_8f0698d69120;src_335c9751e725;src_fc8fc11eea9d;src_d46eedaf6c55;src_23a95c0b8ace;src_3bbf709ff718,TRUE,voir R/common.R et script de transformation,Droits : consulter DATA_LICENSES.md.
district_indicators,source_updated_at,source updated at,"Horodatage annoncé par le producteur, converti en UTC; manquant si absent.",character,selon description,NA,"NA : absent, non diffusé, non applicable ou conversion impossible; jamais imputé. Consulter source et quality_report.",src_f428cc11d231;src_a0bedefcbbb2;src_f5041537304c;src_04249426efff;src_68477afa07d6;src_d0efa9a1d2ca;src_46b2b80361d8;src_9869ef080ebd;src_2d4e90d4e476;src_4e9171631c9b;src_c0d45adf2a1b;src_6ce929ca1736;src_9ef2a7b66e04;src_81c5fe8d1b02;src_53258148a5e9;src_3ee19c14cf6d;src_8f0698d69120;src_335c9751e725;src_fc8fc11eea9d;src_d46eedaf6c55;src_23a95c0b8ace;src_3bbf709ff718,FALSE,NA,Droits : consulter DATA_LICENSES.md.
district_indicators,candidates_count,candidates count,Nombre de candidatures dans le groupe de la table.,integer,selon description,NA,"NA : absent, non diffusé, non applicable ou conversion impossible; jamais imputé. Consulter source et quality_report.",src_f428cc11d231;src_a0bedefcbbb2;src_f5041537304c;src_04249426efff;src_68477afa07d6;src_d0efa9a1d2ca;src_46b2b80361d8;src_9869ef080ebd;src_2d4e90d4e476;src_4e9171631c9b;src_c0d45adf2a1b;src_6ce929ca1736;src_9ef2a7b66e04;src_81c5fe8d1b02;src_53258148a5e9;src_3ee19c14cf6d;src_8f0698d69120;src_335c9751e725;src_fc8fc11eea9d;src_d46eedaf6c55;src_23a95c0b8ace;src_3bbf709ff718,FALSE,NA,Droits : consulter DATA_LICENSES.md.
district_indicators,parties_count,parties count,Nombre d’identifiants de groupes politiques non manquants dans le groupe.,integer,selon description,NA,"NA : absent, non diffusé, non applicable ou conversion impossible; jamais imputé. Consulter source et quality_report.",src_f428cc11d231;src_a0bedefcbbb2;src_f5041537304c;src_04249426efff;src_68477afa07d6;src_d0efa9a1d2ca;src_46b2b80361d8;src_9869ef080ebd;src_2d4e90d4e476;src_4e9171631c9b;src_c0d45adf2a1b;src_6ce929ca1736;src_9ef2a7b66e04;src_81c5fe8d1b02;src_53258148a5e9;src_3ee19c14cf6d;src_8f0698d69120;src_335c9751e725;src_fc8fc11eea9d;src_d46eedaf6c55;src_23a95c0b8ace;src_3bbf709ff718,FALSE,NA,Droits : consulter DATA_LICENSES.md.
district_indicators,valid_votes_from_candidates,valid votes from candidates,"Somme des votes des candidatures, manquante si un vote manque.",numeric,selon description,NA,"NA : absent, non diffusé, non applicable ou conversion impossible; jamais imputé. Consulter source et quality_report.",src_f428cc11d231;src_a0bedefcbbb2;src_f5041537304c;src_04249426efff;src_68477afa07d6;src_d0efa9a1d2ca;src_46b2b80361d8;src_9869ef080ebd;src_2d4e90d4e476;src_4e9171631c9b;src_c0d45adf2a1b;src_6ce929ca1736;src_9ef2a7b66e04;src_81c5fe8d1b02;src_53258148a5e9;src_3ee19c14cf6d;src_8f0698d69120;src_335c9751e725;src_fc8fc11eea9d;src_d46eedaf6c55;src_23a95c0b8ace;src_3bbf709ff718,FALSE,NA,Droits : consulter DATA_LICENSES.md.
district_indicators,margin_votes,margin votes,Différence de votes entre les deux premiers; manquant si moins de deux candidatures ou vote manquant.,numeric,selon description,NA,"NA : absent, non diffusé, non applicable ou conversion impossible; jamais imputé. Consulter source et quality_report.",src_f428cc11d231;src_a0bedefcbbb2;src_f5041537304c;src_04249426efff;src_68477afa07d6;src_d0efa9a1d2ca;src_46b2b80361d8;src_9869ef080ebd;src_2d4e90d4e476;src_4e9171631c9b;src_c0d45adf2a1b;src_6ce929ca1736;src_9ef2a7b66e04;src_81c5fe8d1b02;src_53258148a5e9;src_3ee19c14cf6d;src_8f0698d69120;src_335c9751e725;src_fc8fc11eea9d;src_d46eedaf6c55;src_23a95c0b8ace;src_3bbf709ff718,TRUE,max(votes) - second_max(votes),Droits : consulter DATA_LICENSES.md.
district_indicators,effective_parties,effective parties,Inverse de la somme des carrés des parts par groupe politique source; indépendants regroupés si le producteur les regroupe.,numeric,selon description,NA,"NA : absent, non diffusé, non applicable ou conversion impossible; jamais imputé. Consulter source et quality_report.",src_f428cc11d231;src_a0bedefcbbb2;src_f5041537304c;src_04249426efff;src_68477afa07d6;src_d0efa9a1d2ca;src_46b2b80361d8;src_9869ef080ebd;src_2d4e90d4e476;src_4e9171631c9b;src_c0d45adf2a1b;src_6ce929ca1736;src_9ef2a7b66e04;src_81c5fe8d1b02;src_53258148a5e9;src_3ee19c14cf6d;src_8f0698d69120;src_335c9751e725;src_fc8fc11eea9d;src_d46eedaf6c55;src_23a95c0b8ace;src_3bbf709ff718,TRUE,1 / sum((votes_par_groupe / sum(votes))^2),Droits : consulter DATA_LICENSES.md.
district_map_changes_spatial,old_district_id,old district id,Identifiant de territoire dans l’ancienne édition.,character,selon description,NA,"NA : absent, non diffusé, non applicable ou conversion impossible; jamais imputé. Consulter source et quality_report.",src_982233d9cc25;src_4a2457749372,TRUE,voir R/common.R et script de transformation,Droits : consulter DATA_LICENSES.md.
district_map_changes_spatial,old_area_km2,old area km2,"Superficie de l’ancienne géométrie utilisée pour l’intersection, en EPSG:6933.",numeric,km2,NA,"NA : absent, non diffusé, non applicable ou conversion impossible; jamais imputé. Consulter source et quality_report.",src_982233d9cc25;src_4a2457749372,FALSE,NA,Droits : consulter DATA_LICENSES.md.
district_map_changes_spatial,new_district_id,new district id,Identifiant de territoire dans la nouvelle édition.,character,selon description,NA,"NA : absent, non diffusé, non applicable ou conversion impossible; jamais imputé. Consulter source et quality_report.",src_982233d9cc25;src_4a2457749372,TRUE,voir R/common.R et script de transformation,Droits : consulter DATA_LICENSES.md.
district_map_changes_spatial,new_area_km2,new area km2,"Superficie de la nouvelle géométrie utilisée pour l’intersection, en EPSG:6933.",numeric,km2,NA,"NA : absent, non diffusé, non applicable ou conversion impossible; jamais imputé. Consulter source et quality_report.",src_982233d9cc25;src_4a2457749372,FALSE,NA,Droits : consulter DATA_LICENSES.md.
district_map_changes_spatial,intersection_area_km2,intersection area km2,Superficie d’intersection des deux produits géométriques officiels en EPSG:6933.,numeric,km2,NA,"NA : absent, non diffusé, non applicable ou conversion impossible; jamais imputé. Consulter source et quality_report.",src_982233d9cc25;src_4a2457749372,FALSE,NA,Droits : consulter DATA_LICENSES.md.
district_map_changes_spatial,old_area_fraction,old area fraction,Part de la géométrie ancienne comprise dans l’intersection.,numeric,proportion 0-1,NA,"NA : absent, non diffusé, non applicable ou conversion impossible; jamais imputé. Consulter source et quality_report.",src_982233d9cc25;src_4a2457749372,TRUE,intersection_area_km2 / old_area_km2,Droits : consulter DATA_LICENSES.md.
district_map_changes_spatial,new_area_fraction,new area fraction,Part de la géométrie nouvelle comprise dans l’intersection.,numeric,proportion 0-1,NA,"NA : absent, non diffusé, non applicable ou conversion impossible; jamais imputé. Consulter source et quality_report.",src_982233d9cc25;src_4a2457749372,TRUE,intersection_area_km2 / new_area_km2,Droits : consulter DATA_LICENSES.md.
district_map_changes_spatial,method,method,Méthode explicite de calcul de la correspondance.,character,selon description,NA,"NA : absent, non diffusé, non applicable ou conversion impossible; jamais imputé. Consulter source et quality_report.",src_982233d9cc25;src_4a2457749372,FALSE,NA,Droits : consulter DATA_LICENSES.md.
district_map_changes_spatial,population_fraction,population fraction,Non estimée : aucune réallocation territoriale de population n’est effectuée.,numeric,proportion 0-1,NA,"NA : absent, non diffusé, non applicable ou conversion impossible; jamais imputé. Consulter source et quality_report.",src_982233d9cc25;src_4a2457749372,FALSE,NA,Droits : consulter DATA_LICENSES.md.
district_map_changes_spatial,data_status,data status,État fourni par la source ou type explicite de transformation; finalité jamais inférée d’un pourcentage de dépouillement.,character,selon description,derived,"NA : absent, non diffusé, non applicable ou conversion impossible; jamais imputé. Consulter source et quality_report.",src_982233d9cc25;src_4a2457749372,FALSE,NA,Droits : consulter DATA_LICENSES.md.
district_map_changes_spatial,source_id,source id,Identifiant SHA-256 de l’URL dans le catalogue maître.,character,selon description,NA,"NA : absent, non diffusé, non applicable ou conversion impossible; jamais imputé. Consulter source et quality_report.",src_982233d9cc25;src_4a2457749372,TRUE,voir R/common.R et script de transformation,Droits : consulter DATA_LICENSES.md.
district_map_changes_spatial,snapshot_id,snapshot id,Identifiant unique de la consultation et des octets sources.,character,selon description,NA,"NA : absent, non diffusé, non applicable ou conversion impossible; jamais imputé. Consulter source et quality_report.",src_982233d9cc25;src_4a2457749372,TRUE,voir R/common.R et script de transformation,Droits : consulter DATA_LICENSES.md.
district_map_changes_spatial,observed_at,observed at,Instant UTC où la source a été consultée; ne désigne pas la date de l’événement.,character,selon description,NA,"NA : absent, non diffusé, non applicable ou conversion impossible; jamais imputé. Consulter source et quality_report.",src_982233d9cc25;src_4a2457749372,TRUE,voir R/common.R et script de transformation,Droits : consulter DATA_LICENSES.md.
district_map_changes_spatial,retrieved_at,retrieved at,"Fin de la récupération, en UTC.",character,selon description,NA,"NA : absent, non diffusé, non applicable ou conversion impossible; jamais imputé. Consulter source et quality_report.",src_982233d9cc25;src_4a2457749372,TRUE,voir R/common.R et script de transformation,Droits : consulter DATA_LICENSES.md.
district_map_changes_spatial,source_updated_at,source updated at,"Horodatage annoncé par le producteur, converti en UTC; manquant si absent.",character,selon description,NA,"NA : absent, non diffusé, non applicable ou conversion impossible; jamais imputé. Consulter source et quality_report.",src_982233d9cc25;src_4a2457749372,FALSE,NA,Droits : consulter DATA_LICENSES.md.
district_map_changes_spatial,old_name_source,old name source,Nom officiel dans l’ancienne édition.,character,selon description,NA,"NA : absent, non diffusé, non applicable ou conversion impossible; jamais imputé. Consulter source et quality_report.",src_982233d9cc25;src_4a2457749372,FALSE,NA,Droits : consulter DATA_LICENSES.md.
district_map_changes_spatial,new_name_source,new name source,Nom officiel dans la nouvelle édition.,character,selon description,NA,"NA : absent, non diffusé, non applicable ou conversion impossible; jamais imputé. Consulter source et quality_report.",src_982233d9cc25;src_4a2457749372,FALSE,NA,Droits : consulter DATA_LICENSES.md.
district_map_changes_spatial,change_evidence,change evidence,Nature de la preuve de correspondance; un recouvrement spatial ne prouve pas une succession administrative.,character,selon description,NA,"NA : absent, non diffusé, non applicable ou conversion impossible; jamais imputé. Consulter source et quality_report.",src_982233d9cc25;src_4a2457749372,FALSE,NA,Droits : consulter DATA_LICENSES.md.
election_calendar_2026,event_code,event code,Code descriptif du jalon du calendrier.,character,selon description,NA,"NA : absent, non diffusé, non applicable ou conversion impossible; jamais imputé. Consulter source et quality_report.",src_68ba8c08b190,FALSE,NA,Droits : consulter DATA_LICENSES.md.
election_calendar_2026,event_date,event date,Date du jalon transcrite du calendrier officiel.,character,selon description,NA,"NA : absent, non diffusé, non applicable ou conversion impossible; jamais imputé. Consulter source et quality_report.",src_68ba8c08b190,FALSE,NA,Droits : consulter DATA_LICENSES.md.
election_calendar_2026,event_label,event label,Libellé descriptif du jalon officiel.,character,selon description,NA,"NA : absent, non diffusé, non applicable ou conversion impossible; jamais imputé. Consulter source et quality_report.",src_68ba8c08b190,FALSE,NA,Droits : consulter DATA_LICENSES.md.
election_calendar_2026,local_start,local start,Heure locale de début lorsqu’explicitement indiquée; manquante autrement.,character,selon description,NA,"NA : absent, non diffusé, non applicable ou conversion impossible; jamais imputé. Consulter source et quality_report.",src_68ba8c08b190,FALSE,NA,Droits : consulter DATA_LICENSES.md.
election_calendar_2026,local_end,local end,Heure locale de fin ou échéance lorsqu’indiquée.,character,selon description,NA,"NA : absent, non diffusé, non applicable ou conversion impossible; jamais imputé. Consulter source et quality_report.",src_68ba8c08b190,FALSE,NA,Droits : consulter DATA_LICENSES.md.
election_calendar_2026,legal_article_source,legal article source,Articles de Loi électorale indiqués dans le calendrier source.,character,selon description,NA,"NA : absent, non diffusé, non applicable ou conversion impossible; jamais imputé. Consulter source et quality_report.",src_68ba8c08b190,FALSE,NA,Droits : consulter DATA_LICENSES.md.
election_calendar_2026,election_id,election id,"Identifiant contextualisé : Québec, provincial, date et type.",character,selon description,NA,"NA : absent, non diffusé, non applicable ou conversion impossible; jamais imputé. Consulter source et quality_report.",src_68ba8c08b190,TRUE,voir R/common.R et script de transformation,Droits : consulter DATA_LICENSES.md.
election_calendar_2026,event_id,event id,Identifiant d’événement du calendrier dans l’élection 2026.,character,selon description,NA,"NA : absent, non diffusé, non applicable ou conversion impossible; jamais imputé. Consulter source et quality_report.",src_68ba8c08b190,TRUE,voir R/common.R et script de transformation,Droits : consulter DATA_LICENSES.md.
election_calendar_2026,time_zone,time zone,"America/Toronto, pour interpréter les heures locales.",character,selon description,NA,"NA : absent, non diffusé, non applicable ou conversion impossible; jamais imputé. Consulter source et quality_report.",src_68ba8c08b190,FALSE,NA,Droits : consulter DATA_LICENSES.md.
election_calendar_2026,source_document_version,source document version,Version du calendrier effectivement vérifiée.,character,selon description,NA,"NA : absent, non diffusé, non applicable ou conversion impossible; jamais imputé. Consulter source et quality_report.",src_68ba8c08b190,FALSE,NA,Droits : consulter DATA_LICENSES.md.
election_calendar_2026,source_page,source page,"Numéro de page dans le PDF, à partir de 1; peut différer de la pagination imprimée.",numeric,selon description,NA,"NA : absent, non diffusé, non applicable ou conversion impossible; jamais imputé. Consulter source et quality_report.",src_68ba8c08b190,FALSE,NA,Droits : consulter DATA_LICENSES.md.
election_calendar_2026,source_id,source id,Identifiant SHA-256 de l’URL dans le catalogue maître.,character,selon description,NA,"NA : absent, non diffusé, non applicable ou conversion impossible; jamais imputé. Consulter source et quality_report.",src_68ba8c08b190,TRUE,voir R/common.R et script de transformation,Droits : consulter DATA_LICENSES.md.
election_calendar_2026,snapshot_id,snapshot id,Identifiant unique de la consultation et des octets sources.,character,selon description,NA,"NA : absent, non diffusé, non applicable ou conversion impossible; jamais imputé. Consulter source et quality_report.",src_68ba8c08b190,TRUE,voir R/common.R et script de transformation,Droits : consulter DATA_LICENSES.md.
election_calendar_2026,observed_at,observed at,Instant UTC où la source a été consultée; ne désigne pas la date de l’événement.,character,selon description,NA,"NA : absent, non diffusé, non applicable ou conversion impossible; jamais imputé. Consulter source et quality_report.",src_68ba8c08b190,TRUE,voir R/common.R et script de transformation,Droits : consulter DATA_LICENSES.md.
election_calendar_2026,retrieved_at,retrieved at,"Fin de la récupération, en UTC.",character,selon description,NA,"NA : absent, non diffusé, non applicable ou conversion impossible; jamais imputé. Consulter source et quality_report.",src_68ba8c08b190,TRUE,voir R/common.R et script de transformation,Droits : consulter DATA_LICENSES.md.
election_calendar_2026,source_updated_at,source updated at,"Horodatage annoncé par le producteur, converti en UTC; manquant si absent.",character,selon description,NA,"NA : absent, non diffusé, non applicable ou conversion impossible; jamais imputé. Consulter source et quality_report.",src_68ba8c08b190,FALSE,NA,Droits : consulter DATA_LICENSES.md.
election_calendar_2026,data_status,data status,État fourni par la source ou type explicite de transformation; finalité jamais inférée d’un pourcentage de dépouillement.,character,selon description,official_calendar_transcribed,"NA : absent, non diffusé, non applicable ou conversion impossible; jamais imputé. Consulter source et quality_report.",src_68ba8c08b190,FALSE,NA,Droits : consulter DATA_LICENSES.md.
elections,election_id,election id,"Identifiant contextualisé : Québec, provincial, date et type.",character,selon description,NA,"NA : absent, non diffusé, non applicable ou conversion impossible; jamais imputé. Consulter source et quality_report.",src_04249426efff;src_23a95c0b8ace;src_2d4e90d4e476;src_335c9751e725;src_3ee19c14cf6d;src_46b2b80361d8;src_4e9171631c9b;src_53258148a5e9;src_68477afa07d6;src_6ce929ca1736;src_81c5fe8d1b02;src_8f0698d69120;src_9869ef080ebd;src_9ef2a7b66e04;src_a0bedefcbbb2;src_c0d45adf2a1b;src_d0efa9a1d2ca;src_d46eedaf6c55;src_f5041537304c;src_fc8fc11eea9d;src_22fefd6fc574;src_3bbf709ff718;src_f428cc11d231,TRUE,voir R/common.R et script de transformation,Droits : consulter DATA_LICENSES.md.
elections,election_date,election date,"Date de scrutin, tirée de la date officielle présente dans le lien d’archive.",character,selon description,NA,"NA : absent, non diffusé, non applicable ou conversion impossible; jamais imputé. Consulter source et quality_report.",src_04249426efff;src_23a95c0b8ace;src_2d4e90d4e476;src_335c9751e725;src_3ee19c14cf6d;src_46b2b80361d8;src_4e9171631c9b;src_53258148a5e9;src_68477afa07d6;src_6ce929ca1736;src_81c5fe8d1b02;src_8f0698d69120;src_9869ef080ebd;src_9ef2a7b66e04;src_a0bedefcbbb2;src_c0d45adf2a1b;src_d0efa9a1d2ca;src_d46eedaf6c55;src_f5041537304c;src_fc8fc11eea9d;src_22fefd6fc574;src_3bbf709ff718;src_f428cc11d231,FALSE,NA,Droits : consulter DATA_LICENSES.md.
elections,election_type,election type,general ou partial : type indiqué par l’archive officielle.,character,selon description,NA,"NA : absent, non diffusé, non applicable ou conversion impossible; jamais imputé. Consulter source et quality_report.",src_04249426efff;src_23a95c0b8ace;src_2d4e90d4e476;src_335c9751e725;src_3ee19c14cf6d;src_46b2b80361d8;src_4e9171631c9b;src_53258148a5e9;src_68477afa07d6;src_6ce929ca1736;src_81c5fe8d1b02;src_8f0698d69120;src_9869ef080ebd;src_9ef2a7b66e04;src_a0bedefcbbb2;src_c0d45adf2a1b;src_d0efa9a1d2ca;src_d46eedaf6c55;src_f5041537304c;src_fc8fc11eea9d;src_22fefd6fc574;src_3bbf709ff718;src_f428cc11d231,FALSE,NA,Droits : consulter DATA_LICENSES.md.
elections,electoral_level,electoral level,provincial dans cette version.,character,selon description,NA,"NA : absent, non diffusé, non applicable ou conversion impossible; jamais imputé. Consulter source et quality_report.",src_04249426efff;src_23a95c0b8ace;src_2d4e90d4e476;src_335c9751e725;src_3ee19c14cf6d;src_46b2b80361d8;src_4e9171631c9b;src_53258148a5e9;src_68477afa07d6;src_6ce929ca1736;src_81c5fe8d1b02;src_8f0698d69120;src_9869ef080ebd;src_9ef2a7b66e04;src_a0bedefcbbb2;src_c0d45adf2a1b;src_d0efa9a1d2ca;src_d46eedaf6c55;src_f5041537304c;src_fc8fc11eea9d;src_22fefd6fc574;src_3bbf709ff718;src_f428cc11d231,FALSE,NA,Droits : consulter DATA_LICENSES.md.
elections,map_year,map year,"Année d’établissement de la carte, attribuée selon l’historique officiel; manquante lorsqu’elle n’est pas confirmée.",character,selon description,NA,"NA : absent, non diffusé, non applicable ou conversion impossible; jamais imputé. Consulter source et quality_report.",src_04249426efff;src_23a95c0b8ace;src_2d4e90d4e476;src_335c9751e725;src_3ee19c14cf6d;src_46b2b80361d8;src_4e9171631c9b;src_53258148a5e9;src_68477afa07d6;src_6ce929ca1736;src_81c5fe8d1b02;src_8f0698d69120;src_9869ef080ebd;src_9ef2a7b66e04;src_a0bedefcbbb2;src_c0d45adf2a1b;src_d0efa9a1d2ca;src_d46eedaf6c55;src_f5041537304c;src_fc8fc11eea9d;src_22fefd6fc574;src_3bbf709ff718;src_f428cc11d231,FALSE,NA,Droits : consulter DATA_LICENSES.md.
elections,code_edition,code edition,Édition de nomenclature; 2022 conserve la carte de 2017 avec changement de nom. Une édition historique contextuelle ne garantit pas une continuité des codes.,character,selon description,NA,"NA : absent, non diffusé, non applicable ou conversion impossible; jamais imputé. Consulter source et quality_report.",src_04249426efff;src_23a95c0b8ace;src_2d4e90d4e476;src_335c9751e725;src_3ee19c14cf6d;src_46b2b80361d8;src_4e9171631c9b;src_53258148a5e9;src_68477afa07d6;src_6ce929ca1736;src_81c5fe8d1b02;src_8f0698d69120;src_9869ef080ebd;src_9ef2a7b66e04;src_a0bedefcbbb2;src_c0d45adf2a1b;src_d0efa9a1d2ca;src_d46eedaf6c55;src_f5041537304c;src_fc8fc11eea9d;src_22fefd6fc574;src_3bbf709ff718;src_f428cc11d231,FALSE,NA,Droits : consulter DATA_LICENSES.md.
elections,district_count,district count,"Nombre de circonscriptions dans l’événement, selon source ou comptage documenté.",numeric,selon description,NA,"NA : absent, non diffusé, non applicable ou conversion impossible; jamais imputé. Consulter source et quality_report.",src_04249426efff;src_23a95c0b8ace;src_2d4e90d4e476;src_335c9751e725;src_3ee19c14cf6d;src_46b2b80361d8;src_4e9171631c9b;src_53258148a5e9;src_68477afa07d6;src_6ce929ca1736;src_81c5fe8d1b02;src_8f0698d69120;src_9869ef080ebd;src_9ef2a7b66e04;src_a0bedefcbbb2;src_c0d45adf2a1b;src_d0efa9a1d2ca;src_d46eedaf6c55;src_f5041537304c;src_fc8fc11eea9d;src_22fefd6fc574;src_3bbf709ff718;src_f428cc11d231,FALSE,NA,Droits : consulter DATA_LICENSES.md.
elections,registered,registered,Nombre d’électrices et électeurs inscrits selon le périmètre de ce fichier.,numeric,selon description,NA,"NA : absent, non diffusé, non applicable ou conversion impossible; jamais imputé. Consulter source et quality_report.",src_04249426efff;src_23a95c0b8ace;src_2d4e90d4e476;src_335c9751e725;src_3ee19c14cf6d;src_46b2b80361d8;src_4e9171631c9b;src_53258148a5e9;src_68477afa07d6;src_6ce929ca1736;src_81c5fe8d1b02;src_8f0698d69120;src_9869ef080ebd;src_9ef2a7b66e04;src_a0bedefcbbb2;src_c0d45adf2a1b;src_d0efa9a1d2ca;src_d46eedaf6c55;src_f5041537304c;src_fc8fc11eea9d;src_22fefd6fc574;src_3bbf709ff718;src_f428cc11d231,FALSE,NA,Droits : consulter DATA_LICENSES.md.
elections,valid_ballots,valid ballots,Nombre de bulletins valides publié.,numeric,selon description,NA,"NA : absent, non diffusé, non applicable ou conversion impossible; jamais imputé. Consulter source et quality_report.",src_04249426efff;src_23a95c0b8ace;src_2d4e90d4e476;src_335c9751e725;src_3ee19c14cf6d;src_46b2b80361d8;src_4e9171631c9b;src_53258148a5e9;src_68477afa07d6;src_6ce929ca1736;src_81c5fe8d1b02;src_8f0698d69120;src_9869ef080ebd;src_9ef2a7b66e04;src_a0bedefcbbb2;src_c0d45adf2a1b;src_d0efa9a1d2ca;src_d46eedaf6c55;src_f5041537304c;src_fc8fc11eea9d;src_22fefd6fc574;src_3bbf709ff718;src_f428cc11d231,FALSE,NA,Droits : consulter DATA_LICENSES.md.
elections,rejected_ballots,rejected ballots,Nombre de bulletins rejetés publié.,numeric,selon description,NA,"NA : absent, non diffusé, non applicable ou conversion impossible; jamais imputé. Consulter source et quality_report.",src_04249426efff;src_23a95c0b8ace;src_2d4e90d4e476;src_335c9751e725;src_3ee19c14cf6d;src_46b2b80361d8;src_4e9171631c9b;src_53258148a5e9;src_68477afa07d6;src_6ce929ca1736;src_81c5fe8d1b02;src_8f0698d69120;src_9869ef080ebd;src_9ef2a7b66e04;src_a0bedefcbbb2;src_c0d45adf2a1b;src_d0efa9a1d2ca;src_d46eedaf6c55;src_f5041537304c;src_fc8fc11eea9d;src_22fefd6fc574;src_3bbf709ff718;src_f428cc11d231,FALSE,NA,Droits : consulter DATA_LICENSES.md.
elections,votes_cast,votes cast,Bulletins valides et rejetés; valeur source si disponible.,numeric,selon description,NA,"NA : absent, non diffusé, non applicable ou conversion impossible; jamais imputé. Consulter source et quality_report.",src_04249426efff;src_23a95c0b8ace;src_2d4e90d4e476;src_335c9751e725;src_3ee19c14cf6d;src_46b2b80361d8;src_4e9171631c9b;src_53258148a5e9;src_68477afa07d6;src_6ce929ca1736;src_81c5fe8d1b02;src_8f0698d69120;src_9869ef080ebd;src_9ef2a7b66e04;src_a0bedefcbbb2;src_c0d45adf2a1b;src_d0efa9a1d2ca;src_d46eedaf6c55;src_f5041537304c;src_fc8fc11eea9d;src_22fefd6fc574;src_3bbf709ff718;src_f428cc11d231,FALSE,NA,Droits : consulter DATA_LICENSES.md.
elections,polls_total,polls total,Nombre total de bureaux annoncé.,numeric,selon description,NA,"NA : absent, non diffusé, non applicable ou conversion impossible; jamais imputé. Consulter source et quality_report.",src_04249426efff;src_23a95c0b8ace;src_2d4e90d4e476;src_335c9751e725;src_3ee19c14cf6d;src_46b2b80361d8;src_4e9171631c9b;src_53258148a5e9;src_68477afa07d6;src_6ce929ca1736;src_81c5fe8d1b02;src_8f0698d69120;src_9869ef080ebd;src_9ef2a7b66e04;src_a0bedefcbbb2;src_c0d45adf2a1b;src_d0efa9a1d2ca;src_d46eedaf6c55;src_f5041537304c;src_fc8fc11eea9d;src_22fefd6fc574;src_3bbf709ff718;src_f428cc11d231,FALSE,NA,Droits : consulter DATA_LICENSES.md.
elections,polls_counted,polls counted,Nombre de bureaux dont les résultats sont renseignés.,numeric,selon description,NA,"NA : absent, non diffusé, non applicable ou conversion impossible; jamais imputé. Consulter source et quality_report.",src_04249426efff;src_23a95c0b8ace;src_2d4e90d4e476;src_335c9751e725;src_3ee19c14cf6d;src_46b2b80361d8;src_4e9171631c9b;src_53258148a5e9;src_68477afa07d6;src_6ce929ca1736;src_81c5fe8d1b02;src_8f0698d69120;src_9869ef080ebd;src_9ef2a7b66e04;src_a0bedefcbbb2;src_c0d45adf2a1b;src_d0efa9a1d2ca;src_d46eedaf6c55;src_f5041537304c;src_fc8fc11eea9d;src_22fefd6fc574;src_3bbf709ff718;src_f428cc11d231,FALSE,NA,Droits : consulter DATA_LICENSES.md.
elections,turnout_observed_pct,turnout observed pct,"Rapport des votes actuellement comptés aux inscrits; pendant le dépouillement, ce n’est pas la participation finale.",numeric,pourcentage 0-100,NA,"NA : absent, non diffusé, non applicable ou conversion impossible; jamais imputé. Consulter source et quality_report.",src_04249426efff;src_23a95c0b8ace;src_2d4e90d4e476;src_335c9751e725;src_3ee19c14cf6d;src_46b2b80361d8;src_4e9171631c9b;src_53258148a5e9;src_68477afa07d6;src_6ce929ca1736;src_81c5fe8d1b02;src_8f0698d69120;src_9869ef080ebd;src_9ef2a7b66e04;src_a0bedefcbbb2;src_c0d45adf2a1b;src_d0efa9a1d2ca;src_d46eedaf6c55;src_f5041537304c;src_fc8fc11eea9d;src_22fefd6fc574;src_3bbf709ff718;src_f428cc11d231,TRUE,"100 * votes_cast / registered, si registered > 0",Droits : consulter DATA_LICENSES.md.
elections,source_id,source id,Identifiant SHA-256 de l’URL dans le catalogue maître.,character,selon description,NA,"NA : absent, non diffusé, non applicable ou conversion impossible; jamais imputé. Consulter source et quality_report.",src_04249426efff;src_23a95c0b8ace;src_2d4e90d4e476;src_335c9751e725;src_3ee19c14cf6d;src_46b2b80361d8;src_4e9171631c9b;src_53258148a5e9;src_68477afa07d6;src_6ce929ca1736;src_81c5fe8d1b02;src_8f0698d69120;src_9869ef080ebd;src_9ef2a7b66e04;src_a0bedefcbbb2;src_c0d45adf2a1b;src_d0efa9a1d2ca;src_d46eedaf6c55;src_f5041537304c;src_fc8fc11eea9d;src_22fefd6fc574;src_3bbf709ff718;src_f428cc11d231,TRUE,voir R/common.R et script de transformation,Droits : consulter DATA_LICENSES.md.
elections,snapshot_id,snapshot id,Identifiant unique de la consultation et des octets sources.,character,selon description,NA,"NA : absent, non diffusé, non applicable ou conversion impossible; jamais imputé. Consulter source et quality_report.",src_04249426efff;src_23a95c0b8ace;src_2d4e90d4e476;src_335c9751e725;src_3ee19c14cf6d;src_46b2b80361d8;src_4e9171631c9b;src_53258148a5e9;src_68477afa07d6;src_6ce929ca1736;src_81c5fe8d1b02;src_8f0698d69120;src_9869ef080ebd;src_9ef2a7b66e04;src_a0bedefcbbb2;src_c0d45adf2a1b;src_d0efa9a1d2ca;src_d46eedaf6c55;src_f5041537304c;src_fc8fc11eea9d;src_22fefd6fc574;src_3bbf709ff718;src_f428cc11d231,TRUE,voir R/common.R et script de transformation,Droits : consulter DATA_LICENSES.md.
elections,observed_at,observed at,Instant UTC où la source a été consultée; ne désigne pas la date de l’événement.,character,selon description,NA,"NA : absent, non diffusé, non applicable ou conversion impossible; jamais imputé. Consulter source et quality_report.",src_04249426efff;src_23a95c0b8ace;src_2d4e90d4e476;src_335c9751e725;src_3ee19c14cf6d;src_46b2b80361d8;src_4e9171631c9b;src_53258148a5e9;src_68477afa07d6;src_6ce929ca1736;src_81c5fe8d1b02;src_8f0698d69120;src_9869ef080ebd;src_9ef2a7b66e04;src_a0bedefcbbb2;src_c0d45adf2a1b;src_d0efa9a1d2ca;src_d46eedaf6c55;src_f5041537304c;src_fc8fc11eea9d;src_22fefd6fc574;src_3bbf709ff718;src_f428cc11d231,TRUE,voir R/common.R et script de transformation,Droits : consulter DATA_LICENSES.md.
elections,retrieved_at,retrieved at,"Fin de la récupération, en UTC.",character,selon description,NA,"NA : absent, non diffusé, non applicable ou conversion impossible; jamais imputé. Consulter source et quality_report.",src_04249426efff;src_23a95c0b8ace;src_2d4e90d4e476;src_335c9751e725;src_3ee19c14cf6d;src_46b2b80361d8;src_4e9171631c9b;src_53258148a5e9;src_68477afa07d6;src_6ce929ca1736;src_81c5fe8d1b02;src_8f0698d69120;src_9869ef080ebd;src_9ef2a7b66e04;src_a0bedefcbbb2;src_c0d45adf2a1b;src_d0efa9a1d2ca;src_d46eedaf6c55;src_f5041537304c;src_fc8fc11eea9d;src_22fefd6fc574;src_3bbf709ff718;src_f428cc11d231,TRUE,voir R/common.R et script de transformation,Droits : consulter DATA_LICENSES.md.
elections,source_updated_at,source updated at,"Horodatage annoncé par le producteur, converti en UTC; manquant si absent.",character,selon description,NA,"NA : absent, non diffusé, non applicable ou conversion impossible; jamais imputé. Consulter source et quality_report.",src_04249426efff;src_23a95c0b8ace;src_2d4e90d4e476;src_335c9751e725;src_3ee19c14cf6d;src_46b2b80361d8;src_4e9171631c9b;src_53258148a5e9;src_68477afa07d6;src_6ce929ca1736;src_81c5fe8d1b02;src_8f0698d69120;src_9869ef080ebd;src_9ef2a7b66e04;src_a0bedefcbbb2;src_c0d45adf2a1b;src_d0efa9a1d2ca;src_d46eedaf6c55;src_f5041537304c;src_fc8fc11eea9d;src_22fefd6fc574;src_3bbf709ff718;src_f428cc11d231,FALSE,NA,Droits : consulter DATA_LICENSES.md.
elections,data_status,data status,État fourni par la source ou type explicite de transformation; finalité jamais inférée d’un pourcentage de dépouillement.,character,selon description,final;pre_election;preliminary,"NA : absent, non diffusé, non applicable ou conversion impossible; jamais imputé. Consulter source et quality_report.",src_04249426efff;src_23a95c0b8ace;src_2d4e90d4e476;src_335c9751e725;src_3ee19c14cf6d;src_46b2b80361d8;src_4e9171631c9b;src_53258148a5e9;src_68477afa07d6;src_6ce929ca1736;src_81c5fe8d1b02;src_8f0698d69120;src_9869ef080ebd;src_9ef2a7b66e04;src_a0bedefcbbb2;src_c0d45adf2a1b;src_d0efa9a1d2ca;src_d46eedaf6c55;src_f5041537304c;src_fc8fc11eea9d;src_22fefd6fc574;src_3bbf709ff718;src_f428cc11d231,FALSE,NA,Droits : consulter DATA_LICENSES.md.
elections,candidate_count,candidate count,Nombre de candidatures dans la capture courante.,numeric,selon description,NA,"NA : absent, non diffusé, non applicable ou conversion impossible; jamais imputé. Consulter source et quality_report.",src_04249426efff;src_23a95c0b8ace;src_2d4e90d4e476;src_335c9751e725;src_3ee19c14cf6d;src_46b2b80361d8;src_4e9171631c9b;src_53258148a5e9;src_68477afa07d6;src_6ce929ca1736;src_81c5fe8d1b02;src_8f0698d69120;src_9869ef080ebd;src_9ef2a7b66e04;src_a0bedefcbbb2;src_c0d45adf2a1b;src_d0efa9a1d2ca;src_d46eedaf6c55;src_f5041537304c;src_fc8fc11eea9d;src_22fefd6fc574;src_3bbf709ff718;src_f428cc11d231,FALSE,NA,Droits : consulter DATA_LICENSES.md.
elections,party_count,party count,Nombre de groupes politiques présents dans les candidatures; indépendants selon regroupement de la source.,numeric,selon description,NA,"NA : absent, non diffusé, non applicable ou conversion impossible; jamais imputé. Consulter source et quality_report.",src_04249426efff;src_23a95c0b8ace;src_2d4e90d4e476;src_335c9751e725;src_3ee19c14cf6d;src_46b2b80361d8;src_4e9171631c9b;src_53258148a5e9;src_68477afa07d6;src_6ce929ca1736;src_81c5fe8d1b02;src_8f0698d69120;src_9869ef080ebd;src_9ef2a7b66e04;src_a0bedefcbbb2;src_c0d45adf2a1b;src_d0efa9a1d2ca;src_d46eedaf6c55;src_f5041537304c;src_fc8fc11eea9d;src_22fefd6fc574;src_3bbf709ff718;src_f428cc11d231,FALSE,NA,Droits : consulter DATA_LICENSES.md.
electoral_district_geometries,district_id,district id,"Carte, édition des codes et code de circonscription; ne pas joindre par nom.",character,selon description,NA,"NA : absent, non diffusé, non applicable ou conversion impossible; jamais imputé. Consulter source et quality_report.",src_4a2457749372;src_982233d9cc25;src_038f7589e400,TRUE,voir R/common.R et script de transformation,Droits : consulter DATA_LICENSES.md.
electoral_district_geometries,map_year,map year,"Année d’établissement de la carte, attribuée selon l’historique officiel; manquante lorsqu’elle n’est pas confirmée.",character,selon description,NA,"NA : absent, non diffusé, non applicable ou conversion impossible; jamais imputé. Consulter source et quality_report.",src_4a2457749372;src_982233d9cc25;src_038f7589e400,FALSE,NA,Droits : consulter DATA_LICENSES.md.
electoral_district_geometries,code_edition,code edition,Édition de nomenclature; 2022 conserve la carte de 2017 avec changement de nom. Une édition historique contextuelle ne garantit pas une continuité des codes.,character,selon description,NA,"NA : absent, non diffusé, non applicable ou conversion impossible; jamais imputé. Consulter source et quality_report.",src_4a2457749372;src_982233d9cc25;src_038f7589e400,FALSE,NA,Droits : consulter DATA_LICENSES.md.
electoral_district_geometries,district_name,district name,Nom officiel dans cette édition et cette source.,character,selon description,NA,"NA : absent, non diffusé, non applicable ou conversion impossible; jamais imputé. Consulter source et quality_report.",src_4a2457749372;src_982233d9cc25;src_038f7589e400,FALSE,NA,Droits : consulter DATA_LICENSES.md.
electoral_district_geometries,geometry_valid_source,geometry valid source,"Validité topologique de la géométrie originale selon sf/GEOS, avant réparation pour les calculs.",logical,selon description,NA,"NA : absent, non diffusé, non applicable ou conversion impossible; jamais imputé. Consulter source et quality_report.",src_4a2457749372;src_982233d9cc25;src_038f7589e400,FALSE,NA,Droits : consulter DATA_LICENSES.md.
electoral_district_geometries,supplied_geometry_area_km2,supplied geometry area km2,"Superficie de la géométrie fournie, calculée en projection équivalente EPSG:6933.",numeric,km2,NA,"NA : absent, non diffusé, non applicable ou conversion impossible; jamais imputé. Consulter source et quality_report.",src_4a2457749372;src_982233d9cc25;src_038f7589e400,FALSE,NA,Droits : consulter DATA_LICENSES.md.
electoral_district_geometries,source_geometry_product,source geometry product,Nom du fichier officiel de géométrie utilisé.,character,selon description,NA,"NA : absent, non diffusé, non applicable ou conversion impossible; jamais imputé. Consulter source et quality_report.",src_4a2457749372;src_982233d9cc25;src_038f7589e400,FALSE,NA,Droits : consulter DATA_LICENSES.md.
electoral_district_geometries,source_id,source id,Identifiant SHA-256 de l’URL dans le catalogue maître.,character,selon description,NA,"NA : absent, non diffusé, non applicable ou conversion impossible; jamais imputé. Consulter source et quality_report.",src_4a2457749372;src_982233d9cc25;src_038f7589e400,TRUE,voir R/common.R et script de transformation,Droits : consulter DATA_LICENSES.md.
electoral_district_geometries,snapshot_id,snapshot id,Identifiant unique de la consultation et des octets sources.,character,selon description,NA,"NA : absent, non diffusé, non applicable ou conversion impossible; jamais imputé. Consulter source et quality_report.",src_4a2457749372;src_982233d9cc25;src_038f7589e400,TRUE,voir R/common.R et script de transformation,Droits : consulter DATA_LICENSES.md.
electoral_district_geometries,observed_at,observed at,Instant UTC où la source a été consultée; ne désigne pas la date de l’événement.,character,selon description,NA,"NA : absent, non diffusé, non applicable ou conversion impossible; jamais imputé. Consulter source et quality_report.",src_4a2457749372;src_982233d9cc25;src_038f7589e400,TRUE,voir R/common.R et script de transformation,Droits : consulter DATA_LICENSES.md.
electoral_district_geometries,retrieved_at,retrieved at,"Fin de la récupération, en UTC.",character,selon description,NA,"NA : absent, non diffusé, non applicable ou conversion impossible; jamais imputé. Consulter source et quality_report.",src_4a2457749372;src_982233d9cc25;src_038f7589e400,TRUE,voir R/common.R et script de transformation,Droits : consulter DATA_LICENSES.md.
electoral_district_geometries,source_updated_at,source updated at,"Horodatage annoncé par le producteur, converti en UTC; manquant si absent.",character,selon description,NA,"NA : absent, non diffusé, non applicable ou conversion impossible; jamais imputé. Consulter source et quality_report.",src_4a2457749372;src_982233d9cc25;src_038f7589e400,FALSE,NA,Droits : consulter DATA_LICENSES.md.
electoral_district_geometries,data_status,data status,État fourni par la source ou type explicite de transformation; finalité jamais inférée d’un pourcentage de dépouillement.,character,selon description,official_boundary,"NA : absent, non diffusé, non applicable ou conversion impossible; jamais imputé. Consulter source et quality_report.",src_4a2457749372;src_982233d9cc25;src_038f7589e400,FALSE,NA,Droits : consulter DATA_LICENSES.md.
electoral_districts,district_id,district id,"Carte, édition des codes et code de circonscription; ne pas joindre par nom.",character,selon description,NA,"NA : absent, non diffusé, non applicable ou conversion impossible; jamais imputé. Consulter source et quality_report.",src_02de9feae13c;src_1320ae322de0;src_6d260c49cd29;src_73afd1588720,TRUE,voir R/common.R et script de transformation,Droits : consulter DATA_LICENSES.md.
electoral_districts,district_code,district code,Code de circonscription tel que fourni; sa signification dépend de l’édition.,character,selon description,NA,"NA : absent, non diffusé, non applicable ou conversion impossible; jamais imputé. Consulter source et quality_report.",src_02de9feae13c;src_1320ae322de0;src_6d260c49cd29;src_73afd1588720,FALSE,NA,Droits : consulter DATA_LICENSES.md.
electoral_districts,district_name,district name,Nom officiel dans cette édition et cette source.,character,selon description,NA,"NA : absent, non diffusé, non applicable ou conversion impossible; jamais imputé. Consulter source et quality_report.",src_02de9feae13c;src_1320ae322de0;src_6d260c49cd29;src_73afd1588720,FALSE,NA,Droits : consulter DATA_LICENSES.md.
electoral_districts,map_year,map year,"Année d’établissement de la carte, attribuée selon l’historique officiel; manquante lorsqu’elle n’est pas confirmée.",character,selon description,NA,"NA : absent, non diffusé, non applicable ou conversion impossible; jamais imputé. Consulter source et quality_report.",src_02de9feae13c;src_1320ae322de0;src_6d260c49cd29;src_73afd1588720,FALSE,NA,Droits : consulter DATA_LICENSES.md.
electoral_districts,code_edition,code edition,Édition de nomenclature; 2022 conserve la carte de 2017 avec changement de nom. Une édition historique contextuelle ne garantit pas une continuité des codes.,character,selon description,NA,"NA : absent, non diffusé, non applicable ou conversion impossible; jamais imputé. Consulter source et quality_report.",src_02de9feae13c;src_1320ae322de0;src_6d260c49cd29;src_73afd1588720,FALSE,NA,Droits : consulter DATA_LICENSES.md.
electoral_districts,source_id,source id,Identifiant SHA-256 de l’URL dans le catalogue maître.,character,selon description,NA,"NA : absent, non diffusé, non applicable ou conversion impossible; jamais imputé. Consulter source et quality_report.",src_02de9feae13c;src_1320ae322de0;src_6d260c49cd29;src_73afd1588720,TRUE,voir R/common.R et script de transformation,Droits : consulter DATA_LICENSES.md.
electoral_districts,snapshot_id,snapshot id,Identifiant unique de la consultation et des octets sources.,character,selon description,NA,"NA : absent, non diffusé, non applicable ou conversion impossible; jamais imputé. Consulter source et quality_report.",src_02de9feae13c;src_1320ae322de0;src_6d260c49cd29;src_73afd1588720,TRUE,voir R/common.R et script de transformation,Droits : consulter DATA_LICENSES.md.
electoral_districts,observed_at,observed at,Instant UTC où la source a été consultée; ne désigne pas la date de l’événement.,character,selon description,NA,"NA : absent, non diffusé, non applicable ou conversion impossible; jamais imputé. Consulter source et quality_report.",src_02de9feae13c;src_1320ae322de0;src_6d260c49cd29;src_73afd1588720,TRUE,voir R/common.R et script de transformation,Droits : consulter DATA_LICENSES.md.
electoral_districts,retrieved_at,retrieved at,"Fin de la récupération, en UTC.",character,selon description,NA,"NA : absent, non diffusé, non applicable ou conversion impossible; jamais imputé. Consulter source et quality_report.",src_02de9feae13c;src_1320ae322de0;src_6d260c49cd29;src_73afd1588720,TRUE,voir R/common.R et script de transformation,Droits : consulter DATA_LICENSES.md.
electoral_districts,source_updated_at,source updated at,"Horodatage annoncé par le producteur, converti en UTC; manquant si absent.",character,selon description,NA,"NA : absent, non diffusé, non applicable ou conversion impossible; jamais imputé. Consulter source et quality_report.",src_02de9feae13c;src_1320ae322de0;src_6d260c49cd29;src_73afd1588720,FALSE,NA,Droits : consulter DATA_LICENSES.md.
electoral_districts,data_status,data status,État fourni par la source ou type explicite de transformation; finalité jamais inférée d’un pourcentage de dépouillement.,character,selon description,observed,"NA : absent, non diffusé, non applicable ou conversion impossible; jamais imputé. Consulter source et quality_report.",src_02de9feae13c;src_1320ae322de0;src_6d260c49cd29;src_73afd1588720,FALSE,NA,Droits : consulter DATA_LICENSES.md.
financial_document_index,document_id,document id,Identifiant de document égal à l’identifiant source de son URL.,character,selon description,NA,"NA : absent, non diffusé, non applicable ou conversion impossible; jamais imputé. Consulter source et quality_report.",src_b0ef08f0bdfb;src_e4c70ec5dd92;src_b57789261106;src_06599b3ec306;src_b2d99a2a3c38;src_cfa059b20a2d;src_8e7bf04b4fe1;src_59f64ad94c02;src_3b92b8cc26b6;src_251ab0443811;src_392003166bb2;src_cd2c60ae4c6f;src_01db39f4e4f2;src_8344685c75c9;src_4130101dd276;src_65edafd16f87;src_7dd31b970087;src_21aaee328a50;src_8577ec740ac7;src_ac0cb08c837d;src_0e7cf8e163b5;src_f5ccbf4af143;src_b9dde0657417;src_e7b880c95d34;src_7b1f1238df02;src_adc81a41ea0d;src_0d1d6cdde36f;src_3cb676498080;src_cdfd61f2d179;src_dd068e225997;src_7e9e3954bd04;src_73c753ead3d5;src_d2b064deac6f;src_558d29f3a92b;src_c5c8ca7eeeec;src_77b4511c2119;src_f495bda36f8d;src_d99abe36efb8;src_c6d71d6d580d;src_0430ecbf1742;src_9cbc327320c6;src_84d64b0bbdff;src_4fb8bcb556fb;src_5e280cd552cb;src_0d28abe6a2f0;src_63d4ba97bf4f;src_40e521c05526;src_e50ac29d2302;src_4199d4233974;src_390a840e73f7;src_31f2eb3b2622;src_d4169719140d;src_e22f007bbf1a;src_fed3b569ec4c;src_575d2987addb;src_39edca168dc8;src_13e09283669f;src_ce10886d40ac;src_01653decb21f;src_cc5cdeafbc27;src_b26df8df1011;src_da98722f41f3;src_9d9a4eb99727;src_ed34c69c5ecd;src_d5d3dc32bb16;src_a6523fa7d68d;src_08f6d4dd797b;src_71fd573af26d;src_6dbb95ae2ee7;src_22d2ccbe1ef9;src_904bc4c13c21;src_8c6e64b8b7dd;src_4030453a1a09;src_9b242a7b20c0;src_197bee911bd5;src_563344971807;src_3457d4b19498;src_8b46f44f81a2;src_c670b2ad96cd;src_447546851c00;src_c684e6486512;src_be60303b8e1a;src_d5493b320855;src_4ac6705b1733;src_172d80020f33;src_9760322a26cc;src_8fac60efafa5;src_b5b4cb2a6f00;src_99371d5e70de;src_33f448bae42f;src_71f42be68dcf;src_1d3134adf692;src_845baa6b22e3;src_0b7a46df3ff2;src_eca05b07125b;src_16def4ce33a4;src_e7445643d3d4;src_3d51b813921f;src_06c98e429bbc;src_dd29e2c459c7;src_945db0e19a86;src_50e87f4bc76d;src_ef3f44f8c54b;src_f87b90873988;src_20b050cb2b74;src_678ea79704de;src_2a046ae04271;src_14dc136c3aa7;src_ade90b033b7a;src_214987e95e50;src_65713a00c1bc;src_cbaf90c3a68c;src_cdff887a5b04;src_c96ce46e6374;src_bea0d9ef1d15;src_04c89e4f89ee;src_9af91896facf;src_b09d549f52ad;src_183a98cc0bf4;src_d69ef57bf71f;src_2ec4ed615282;src_839eb18fb2a9;src_6b9a22aa98e9;src_73b4206cabc5;src_27ed207ba624;src_5077ea4ccdc5;src_87672327e22a;src_d9a571d64a43;src_9a1ea8f29823;src_f87c3bf527a2;src_9f2f0f6c475b;src_083d5316a9d7;src_03307f0efba9;src_8de2ad80413f;src_c5dc594cb4e3;src_3418ed630670;src_90967c6f4fa3;src_7d9f5a4ca37e;src_3881b6441404;src_466e1d461a11;src_a5755d671651;src_fb2651494845;src_115a079ab306;src_c77306c24d74;src_54b48e4576fa;src_1a978f7fe3c7;src_140312574af1;src_6a1b5d8db7aa;src_2cdc699b6ab3;src_194531bf16f2;src_8762a1d8570a;src_c58af81ddc84;src_47f2e29d249f;src_8461772fb5b1;src_0491eb92dd0d;src_83b822a4511b;src_8d74c4a9707d;src_4b97d93847fb;src_30aa6da0cc8f;src_379eae41d674;src_739db2c62342;src_3350f46b5b55;src_f4a3c2665490;src_52df0c4c5fd7;src_70c6575d406d;src_7ad103d64f43;src_e772efa2dca2;src_7be8c2b29cc2;src_1577b9d7a614;src_54dae94ab22e;src_9db479e4b0d2;src_64a4ea49bec9;src_6d6e4dbbb41c;src_10de0010b623;src_e468ade1c431;src_ae55a9b3eed8;src_34151d79a5b3;src_04c37da3c24d;src_db7488a5731c;src_cdf7b135c1b5;src_f8958dbeb42a;src_01dced0b049a;src_a302b48cf94d;src_a58efc86a53b;src_cd6992b2ac73;src_fa55dc6c0172;src_6efacfc3cc2b;src_04c15c593c29;src_81d75ee6bec2;src_57a86a9a7233;src_4d318dab12bb;src_2757b8f9e694;src_c91c894a665a;src_33bf1e694f01;src_1ad1d7d4bce2;src_b6b8da657b49;src_e8dfdf2d589b;src_fcb0c6109e23;src_cbd9eaeff4c7;src_b91168ebe47f;src_a38edcb55657;src_cfe22416fb0b;src_f097f1933104;src_85c842ba25d7;src_0e99e006f132;src_9ddc65070b51;src_7edae706c80f;src_a835da1cb6e8;src_2efb37ecb0cc;src_bc27f2afd192;src_e0df11670b07;src_a1b8ce3f9327;src_599c155a843f,TRUE,voir R/common.R et script de transformation,Transformation locale; autorisation d’adaptation non confirmée.
financial_document_index,document_title,document title,Titre du document dans l’index officiel.,character,selon description,NA,"NA : absent, non diffusé, non applicable ou conversion impossible; jamais imputé. Consulter source et quality_report.",src_b0ef08f0bdfb;src_e4c70ec5dd92;src_b57789261106;src_06599b3ec306;src_b2d99a2a3c38;src_cfa059b20a2d;src_8e7bf04b4fe1;src_59f64ad94c02;src_3b92b8cc26b6;src_251ab0443811;src_392003166bb2;src_cd2c60ae4c6f;src_01db39f4e4f2;src_8344685c75c9;src_4130101dd276;src_65edafd16f87;src_7dd31b970087;src_21aaee328a50;src_8577ec740ac7;src_ac0cb08c837d;src_0e7cf8e163b5;src_f5ccbf4af143;src_b9dde0657417;src_e7b880c95d34;src_7b1f1238df02;src_adc81a41ea0d;src_0d1d6cdde36f;src_3cb676498080;src_cdfd61f2d179;src_dd068e225997;src_7e9e3954bd04;src_73c753ead3d5;src_d2b064deac6f;src_558d29f3a92b;src_c5c8ca7eeeec;src_77b4511c2119;src_f495bda36f8d;src_d99abe36efb8;src_c6d71d6d580d;src_0430ecbf1742;src_9cbc327320c6;src_84d64b0bbdff;src_4fb8bcb556fb;src_5e280cd552cb;src_0d28abe6a2f0;src_63d4ba97bf4f;src_40e521c05526;src_e50ac29d2302;src_4199d4233974;src_390a840e73f7;src_31f2eb3b2622;src_d4169719140d;src_e22f007bbf1a;src_fed3b569ec4c;src_575d2987addb;src_39edca168dc8;src_13e09283669f;src_ce10886d40ac;src_01653decb21f;src_cc5cdeafbc27;src_b26df8df1011;src_da98722f41f3;src_9d9a4eb99727;src_ed34c69c5ecd;src_d5d3dc32bb16;src_a6523fa7d68d;src_08f6d4dd797b;src_71fd573af26d;src_6dbb95ae2ee7;src_22d2ccbe1ef9;src_904bc4c13c21;src_8c6e64b8b7dd;src_4030453a1a09;src_9b242a7b20c0;src_197bee911bd5;src_563344971807;src_3457d4b19498;src_8b46f44f81a2;src_c670b2ad96cd;src_447546851c00;src_c684e6486512;src_be60303b8e1a;src_d5493b320855;src_4ac6705b1733;src_172d80020f33;src_9760322a26cc;src_8fac60efafa5;src_b5b4cb2a6f00;src_99371d5e70de;src_33f448bae42f;src_71f42be68dcf;src_1d3134adf692;src_845baa6b22e3;src_0b7a46df3ff2;src_eca05b07125b;src_16def4ce33a4;src_e7445643d3d4;src_3d51b813921f;src_06c98e429bbc;src_dd29e2c459c7;src_945db0e19a86;src_50e87f4bc76d;src_ef3f44f8c54b;src_f87b90873988;src_20b050cb2b74;src_678ea79704de;src_2a046ae04271;src_14dc136c3aa7;src_ade90b033b7a;src_214987e95e50;src_65713a00c1bc;src_cbaf90c3a68c;src_cdff887a5b04;src_c96ce46e6374;src_bea0d9ef1d15;src_04c89e4f89ee;src_9af91896facf;src_b09d549f52ad;src_183a98cc0bf4;src_d69ef57bf71f;src_2ec4ed615282;src_839eb18fb2a9;src_6b9a22aa98e9;src_73b4206cabc5;src_27ed207ba624;src_5077ea4ccdc5;src_87672327e22a;src_d9a571d64a43;src_9a1ea8f29823;src_f87c3bf527a2;src_9f2f0f6c475b;src_083d5316a9d7;src_03307f0efba9;src_8de2ad80413f;src_c5dc594cb4e3;src_3418ed630670;src_90967c6f4fa3;src_7d9f5a4ca37e;src_3881b6441404;src_466e1d461a11;src_a5755d671651;src_fb2651494845;src_115a079ab306;src_c77306c24d74;src_54b48e4576fa;src_1a978f7fe3c7;src_140312574af1;src_6a1b5d8db7aa;src_2cdc699b6ab3;src_194531bf16f2;src_8762a1d8570a;src_c58af81ddc84;src_47f2e29d249f;src_8461772fb5b1;src_0491eb92dd0d;src_83b822a4511b;src_8d74c4a9707d;src_4b97d93847fb;src_30aa6da0cc8f;src_379eae41d674;src_739db2c62342;src_3350f46b5b55;src_f4a3c2665490;src_52df0c4c5fd7;src_70c6575d406d;src_7ad103d64f43;src_e772efa2dca2;src_7be8c2b29cc2;src_1577b9d7a614;src_54dae94ab22e;src_9db479e4b0d2;src_64a4ea49bec9;src_6d6e4dbbb41c;src_10de0010b623;src_e468ade1c431;src_ae55a9b3eed8;src_34151d79a5b3;src_04c37da3c24d;src_db7488a5731c;src_cdf7b135c1b5;src_f8958dbeb42a;src_01dced0b049a;src_a302b48cf94d;src_a58efc86a53b;src_cd6992b2ac73;src_fa55dc6c0172;src_6efacfc3cc2b;src_04c15c593c29;src_81d75ee6bec2;src_57a86a9a7233;src_4d318dab12bb;src_2757b8f9e694;src_c91c894a665a;src_33bf1e694f01;src_1ad1d7d4bce2;src_b6b8da657b49;src_e8dfdf2d589b;src_fcb0c6109e23;src_cbd9eaeff4c7;src_b91168ebe47f;src_a38edcb55657;src_cfe22416fb0b;src_f097f1933104;src_85c842ba25d7;src_0e99e006f132;src_9ddc65070b51;src_7edae706c80f;src_a835da1cb6e8;src_2efb37ecb0cc;src_bc27f2afd192;src_e0df11670b07;src_a1b8ce3f9327;src_599c155a843f,FALSE,NA,Transformation locale; autorisation d’adaptation non confirmée.
financial_document_index,document_url,document url,URL effectivement diffusée par le producteur.,character,selon description,NA,"NA : absent, non diffusé, non applicable ou conversion impossible; jamais imputé. Consulter source et quality_report.",src_b0ef08f0bdfb;src_e4c70ec5dd92;src_b57789261106;src_06599b3ec306;src_b2d99a2a3c38;src_cfa059b20a2d;src_8e7bf04b4fe1;src_59f64ad94c02;src_3b92b8cc26b6;src_251ab0443811;src_392003166bb2;src_cd2c60ae4c6f;src_01db39f4e4f2;src_8344685c75c9;src_4130101dd276;src_65edafd16f87;src_7dd31b970087;src_21aaee328a50;src_8577ec740ac7;src_ac0cb08c837d;src_0e7cf8e163b5;src_f5ccbf4af143;src_b9dde0657417;src_e7b880c95d34;src_7b1f1238df02;src_adc81a41ea0d;src_0d1d6cdde36f;src_3cb676498080;src_cdfd61f2d179;src_dd068e225997;src_7e9e3954bd04;src_73c753ead3d5;src_d2b064deac6f;src_558d29f3a92b;src_c5c8ca7eeeec;src_77b4511c2119;src_f495bda36f8d;src_d99abe36efb8;src_c6d71d6d580d;src_0430ecbf1742;src_9cbc327320c6;src_84d64b0bbdff;src_4fb8bcb556fb;src_5e280cd552cb;src_0d28abe6a2f0;src_63d4ba97bf4f;src_40e521c05526;src_e50ac29d2302;src_4199d4233974;src_390a840e73f7;src_31f2eb3b2622;src_d4169719140d;src_e22f007bbf1a;src_fed3b569ec4c;src_575d2987addb;src_39edca168dc8;src_13e09283669f;src_ce10886d40ac;src_01653decb21f;src_cc5cdeafbc27;src_b26df8df1011;src_da98722f41f3;src_9d9a4eb99727;src_ed34c69c5ecd;src_d5d3dc32bb16;src_a6523fa7d68d;src_08f6d4dd797b;src_71fd573af26d;src_6dbb95ae2ee7;src_22d2ccbe1ef9;src_904bc4c13c21;src_8c6e64b8b7dd;src_4030453a1a09;src_9b242a7b20c0;src_197bee911bd5;src_563344971807;src_3457d4b19498;src_8b46f44f81a2;src_c670b2ad96cd;src_447546851c00;src_c684e6486512;src_be60303b8e1a;src_d5493b320855;src_4ac6705b1733;src_172d80020f33;src_9760322a26cc;src_8fac60efafa5;src_b5b4cb2a6f00;src_99371d5e70de;src_33f448bae42f;src_71f42be68dcf;src_1d3134adf692;src_845baa6b22e3;src_0b7a46df3ff2;src_eca05b07125b;src_16def4ce33a4;src_e7445643d3d4;src_3d51b813921f;src_06c98e429bbc;src_dd29e2c459c7;src_945db0e19a86;src_50e87f4bc76d;src_ef3f44f8c54b;src_f87b90873988;src_20b050cb2b74;src_678ea79704de;src_2a046ae04271;src_14dc136c3aa7;src_ade90b033b7a;src_214987e95e50;src_65713a00c1bc;src_cbaf90c3a68c;src_cdff887a5b04;src_c96ce46e6374;src_bea0d9ef1d15;src_04c89e4f89ee;src_9af91896facf;src_b09d549f52ad;src_183a98cc0bf4;src_d69ef57bf71f;src_2ec4ed615282;src_839eb18fb2a9;src_6b9a22aa98e9;src_73b4206cabc5;src_27ed207ba624;src_5077ea4ccdc5;src_87672327e22a;src_d9a571d64a43;src_9a1ea8f29823;src_f87c3bf527a2;src_9f2f0f6c475b;src_083d5316a9d7;src_03307f0efba9;src_8de2ad80413f;src_c5dc594cb4e3;src_3418ed630670;src_90967c6f4fa3;src_7d9f5a4ca37e;src_3881b6441404;src_466e1d461a11;src_a5755d671651;src_fb2651494845;src_115a079ab306;src_c77306c24d74;src_54b48e4576fa;src_1a978f7fe3c7;src_140312574af1;src_6a1b5d8db7aa;src_2cdc699b6ab3;src_194531bf16f2;src_8762a1d8570a;src_c58af81ddc84;src_47f2e29d249f;src_8461772fb5b1;src_0491eb92dd0d;src_83b822a4511b;src_8d74c4a9707d;src_4b97d93847fb;src_30aa6da0cc8f;src_379eae41d674;src_739db2c62342;src_3350f46b5b55;src_f4a3c2665490;src_52df0c4c5fd7;src_70c6575d406d;src_7ad103d64f43;src_e772efa2dca2;src_7be8c2b29cc2;src_1577b9d7a614;src_54dae94ab22e;src_9db479e4b0d2;src_64a4ea49bec9;src_6d6e4dbbb41c;src_10de0010b623;src_e468ade1c431;src_ae55a9b3eed8;src_34151d79a5b3;src_04c37da3c24d;src_db7488a5731c;src_cdf7b135c1b5;src_f8958dbeb42a;src_01dced0b049a;src_a302b48cf94d;src_a58efc86a53b;src_cd6992b2ac73;src_fa55dc6c0172;src_6efacfc3cc2b;src_04c15c593c29;src_81d75ee6bec2;src_57a86a9a7233;src_4d318dab12bb;src_2757b8f9e694;src_c91c894a665a;src_33bf1e694f01;src_1ad1d7d4bce2;src_b6b8da657b49;src_e8dfdf2d589b;src_fcb0c6109e23;src_cbd9eaeff4c7;src_b91168ebe47f;src_a38edcb55657;src_cfe22416fb0b;src_f097f1933104;src_85c842ba25d7;src_0e99e006f132;src_9ddc65070b51;src_7edae706c80f;src_a835da1cb6e8;src_2efb37ecb0cc;src_bc27f2afd192;src_e0df11670b07;src_a1b8ce3f9327;src_599c155a843f,FALSE,NA,Transformation locale; autorisation d’adaptation non confirmée.
financial_document_index,financial_year_source,financial year source,Année présente dans le nom du document; ne définit pas l’exercice de chaque colonne comparative.,character,selon description,NA,"NA : absent, non diffusé, non applicable ou conversion impossible; jamais imputé. Consulter source et quality_report.",src_b0ef08f0bdfb;src_e4c70ec5dd92;src_b57789261106;src_06599b3ec306;src_b2d99a2a3c38;src_cfa059b20a2d;src_8e7bf04b4fe1;src_59f64ad94c02;src_3b92b8cc26b6;src_251ab0443811;src_392003166bb2;src_cd2c60ae4c6f;src_01db39f4e4f2;src_8344685c75c9;src_4130101dd276;src_65edafd16f87;src_7dd31b970087;src_21aaee328a50;src_8577ec740ac7;src_ac0cb08c837d;src_0e7cf8e163b5;src_f5ccbf4af143;src_b9dde0657417;src_e7b880c95d34;src_7b1f1238df02;src_adc81a41ea0d;src_0d1d6cdde36f;src_3cb676498080;src_cdfd61f2d179;src_dd068e225997;src_7e9e3954bd04;src_73c753ead3d5;src_d2b064deac6f;src_558d29f3a92b;src_c5c8ca7eeeec;src_77b4511c2119;src_f495bda36f8d;src_d99abe36efb8;src_c6d71d6d580d;src_0430ecbf1742;src_9cbc327320c6;src_84d64b0bbdff;src_4fb8bcb556fb;src_5e280cd552cb;src_0d28abe6a2f0;src_63d4ba97bf4f;src_40e521c05526;src_e50ac29d2302;src_4199d4233974;src_390a840e73f7;src_31f2eb3b2622;src_d4169719140d;src_e22f007bbf1a;src_fed3b569ec4c;src_575d2987addb;src_39edca168dc8;src_13e09283669f;src_ce10886d40ac;src_01653decb21f;src_cc5cdeafbc27;src_b26df8df1011;src_da98722f41f3;src_9d9a4eb99727;src_ed34c69c5ecd;src_d5d3dc32bb16;src_a6523fa7d68d;src_08f6d4dd797b;src_71fd573af26d;src_6dbb95ae2ee7;src_22d2ccbe1ef9;src_904bc4c13c21;src_8c6e64b8b7dd;src_4030453a1a09;src_9b242a7b20c0;src_197bee911bd5;src_563344971807;src_3457d4b19498;src_8b46f44f81a2;src_c670b2ad96cd;src_447546851c00;src_c684e6486512;src_be60303b8e1a;src_d5493b320855;src_4ac6705b1733;src_172d80020f33;src_9760322a26cc;src_8fac60efafa5;src_b5b4cb2a6f00;src_99371d5e70de;src_33f448bae42f;src_71f42be68dcf;src_1d3134adf692;src_845baa6b22e3;src_0b7a46df3ff2;src_eca05b07125b;src_16def4ce33a4;src_e7445643d3d4;src_3d51b813921f;src_06c98e429bbc;src_dd29e2c459c7;src_945db0e19a86;src_50e87f4bc76d;src_ef3f44f8c54b;src_f87b90873988;src_20b050cb2b74;src_678ea79704de;src_2a046ae04271;src_14dc136c3aa7;src_ade90b033b7a;src_214987e95e50;src_65713a00c1bc;src_cbaf90c3a68c;src_cdff887a5b04;src_c96ce46e6374;src_bea0d9ef1d15;src_04c89e4f89ee;src_9af91896facf;src_b09d549f52ad;src_183a98cc0bf4;src_d69ef57bf71f;src_2ec4ed615282;src_839eb18fb2a9;src_6b9a22aa98e9;src_73b4206cabc5;src_27ed207ba624;src_5077ea4ccdc5;src_87672327e22a;src_d9a571d64a43;src_9a1ea8f29823;src_f87c3bf527a2;src_9f2f0f6c475b;src_083d5316a9d7;src_03307f0efba9;src_8de2ad80413f;src_c5dc594cb4e3;src_3418ed630670;src_90967c6f4fa3;src_7d9f5a4ca37e;src_3881b6441404;src_466e1d461a11;src_a5755d671651;src_fb2651494845;src_115a079ab306;src_c77306c24d74;src_54b48e4576fa;src_1a978f7fe3c7;src_140312574af1;src_6a1b5d8db7aa;src_2cdc699b6ab3;src_194531bf16f2;src_8762a1d8570a;src_c58af81ddc84;src_47f2e29d249f;src_8461772fb5b1;src_0491eb92dd0d;src_83b822a4511b;src_8d74c4a9707d;src_4b97d93847fb;src_30aa6da0cc8f;src_379eae41d674;src_739db2c62342;src_3350f46b5b55;src_f4a3c2665490;src_52df0c4c5fd7;src_70c6575d406d;src_7ad103d64f43;src_e772efa2dca2;src_7be8c2b29cc2;src_1577b9d7a614;src_54dae94ab22e;src_9db479e4b0d2;src_64a4ea49bec9;src_6d6e4dbbb41c;src_10de0010b623;src_e468ade1c431;src_ae55a9b3eed8;src_34151d79a5b3;src_04c37da3c24d;src_db7488a5731c;src_cdf7b135c1b5;src_f8958dbeb42a;src_01dced0b049a;src_a302b48cf94d;src_a58efc86a53b;src_cd6992b2ac73;src_fa55dc6c0172;src_6efacfc3cc2b;src_04c15c593c29;src_81d75ee6bec2;src_57a86a9a7233;src_4d318dab12bb;src_2757b8f9e694;src_c91c894a665a;src_33bf1e694f01;src_1ad1d7d4bce2;src_b6b8da657b49;src_e8dfdf2d589b;src_fcb0c6109e23;src_cbd9eaeff4c7;src_b91168ebe47f;src_a38edcb55657;src_cfe22416fb0b;src_f097f1933104;src_85c842ba25d7;src_0e99e006f132;src_9ddc65070b51;src_7edae706c80f;src_a835da1cb6e8;src_2efb37ecb0cc;src_bc27f2afd192;src_e0df11670b07;src_a1b8ce3f9327;src_599c155a843f,FALSE,NA,Transformation locale; autorisation d’adaptation non confirmée.
financial_document_index,document_group,document group,Famille de document dans le catalogue.,character,selon description,NA,"NA : absent, non diffusé, non applicable ou conversion impossible; jamais imputé. Consulter source et quality_report.",src_b0ef08f0bdfb;src_e4c70ec5dd92;src_b57789261106;src_06599b3ec306;src_b2d99a2a3c38;src_cfa059b20a2d;src_8e7bf04b4fe1;src_59f64ad94c02;src_3b92b8cc26b6;src_251ab0443811;src_392003166bb2;src_cd2c60ae4c6f;src_01db39f4e4f2;src_8344685c75c9;src_4130101dd276;src_65edafd16f87;src_7dd31b970087;src_21aaee328a50;src_8577ec740ac7;src_ac0cb08c837d;src_0e7cf8e163b5;src_f5ccbf4af143;src_b9dde0657417;src_e7b880c95d34;src_7b1f1238df02;src_adc81a41ea0d;src_0d1d6cdde36f;src_3cb676498080;src_cdfd61f2d179;src_dd068e225997;src_7e9e3954bd04;src_73c753ead3d5;src_d2b064deac6f;src_558d29f3a92b;src_c5c8ca7eeeec;src_77b4511c2119;src_f495bda36f8d;src_d99abe36efb8;src_c6d71d6d580d;src_0430ecbf1742;src_9cbc327320c6;src_84d64b0bbdff;src_4fb8bcb556fb;src_5e280cd552cb;src_0d28abe6a2f0;src_63d4ba97bf4f;src_40e521c05526;src_e50ac29d2302;src_4199d4233974;src_390a840e73f7;src_31f2eb3b2622;src_d4169719140d;src_e22f007bbf1a;src_fed3b569ec4c;src_575d2987addb;src_39edca168dc8;src_13e09283669f;src_ce10886d40ac;src_01653decb21f;src_cc5cdeafbc27;src_b26df8df1011;src_da98722f41f3;src_9d9a4eb99727;src_ed34c69c5ecd;src_d5d3dc32bb16;src_a6523fa7d68d;src_08f6d4dd797b;src_71fd573af26d;src_6dbb95ae2ee7;src_22d2ccbe1ef9;src_904bc4c13c21;src_8c6e64b8b7dd;src_4030453a1a09;src_9b242a7b20c0;src_197bee911bd5;src_563344971807;src_3457d4b19498;src_8b46f44f81a2;src_c670b2ad96cd;src_447546851c00;src_c684e6486512;src_be60303b8e1a;src_d5493b320855;src_4ac6705b1733;src_172d80020f33;src_9760322a26cc;src_8fac60efafa5;src_b5b4cb2a6f00;src_99371d5e70de;src_33f448bae42f;src_71f42be68dcf;src_1d3134adf692;src_845baa6b22e3;src_0b7a46df3ff2;src_eca05b07125b;src_16def4ce33a4;src_e7445643d3d4;src_3d51b813921f;src_06c98e429bbc;src_dd29e2c459c7;src_945db0e19a86;src_50e87f4bc76d;src_ef3f44f8c54b;src_f87b90873988;src_20b050cb2b74;src_678ea79704de;src_2a046ae04271;src_14dc136c3aa7;src_ade90b033b7a;src_214987e95e50;src_65713a00c1bc;src_cbaf90c3a68c;src_cdff887a5b04;src_c96ce46e6374;src_bea0d9ef1d15;src_04c89e4f89ee;src_9af91896facf;src_b09d549f52ad;src_183a98cc0bf4;src_d69ef57bf71f;src_2ec4ed615282;src_839eb18fb2a9;src_6b9a22aa98e9;src_73b4206cabc5;src_27ed207ba624;src_5077ea4ccdc5;src_87672327e22a;src_d9a571d64a43;src_9a1ea8f29823;src_f87c3bf527a2;src_9f2f0f6c475b;src_083d5316a9d7;src_03307f0efba9;src_8de2ad80413f;src_c5dc594cb4e3;src_3418ed630670;src_90967c6f4fa3;src_7d9f5a4ca37e;src_3881b6441404;src_466e1d461a11;src_a5755d671651;src_fb2651494845;src_115a079ab306;src_c77306c24d74;src_54b48e4576fa;src_1a978f7fe3c7;src_140312574af1;src_6a1b5d8db7aa;src_2cdc699b6ab3;src_194531bf16f2;src_8762a1d8570a;src_c58af81ddc84;src_47f2e29d249f;src_8461772fb5b1;src_0491eb92dd0d;src_83b822a4511b;src_8d74c4a9707d;src_4b97d93847fb;src_30aa6da0cc8f;src_379eae41d674;src_739db2c62342;src_3350f46b5b55;src_f4a3c2665490;src_52df0c4c5fd7;src_70c6575d406d;src_7ad103d64f43;src_e772efa2dca2;src_7be8c2b29cc2;src_1577b9d7a614;src_54dae94ab22e;src_9db479e4b0d2;src_64a4ea49bec9;src_6d6e4dbbb41c;src_10de0010b623;src_e468ade1c431;src_ae55a9b3eed8;src_34151d79a5b3;src_04c37da3c24d;src_db7488a5731c;src_cdf7b135c1b5;src_f8958dbeb42a;src_01dced0b049a;src_a302b48cf94d;src_a58efc86a53b;src_cd6992b2ac73;src_fa55dc6c0172;src_6efacfc3cc2b;src_04c15c593c29;src_81d75ee6bec2;src_57a86a9a7233;src_4d318dab12bb;src_2757b8f9e694;src_c91c894a665a;src_33bf1e694f01;src_1ad1d7d4bce2;src_b6b8da657b49;src_e8dfdf2d589b;src_fcb0c6109e23;src_cbd9eaeff4c7;src_b91168ebe47f;src_a38edcb55657;src_cfe22416fb0b;src_f097f1933104;src_85c842ba25d7;src_0e99e006f132;src_9ddc65070b51;src_7edae706c80f;src_a835da1cb6e8;src_2efb37ecb0cc;src_bc27f2afd192;src_e0df11670b07;src_a1b8ce3f9327;src_599c155a843f,FALSE,NA,Transformation locale; autorisation d’adaptation non confirmée.
financial_document_index,sha256,sha256,"Empreinte des octets, calculée sans transformer le fichier.",character,selon description,NA,"NA : absent, non diffusé, non applicable ou conversion impossible; jamais imputé. Consulter source et quality_report.",src_b0ef08f0bdfb;src_e4c70ec5dd92;src_b57789261106;src_06599b3ec306;src_b2d99a2a3c38;src_cfa059b20a2d;src_8e7bf04b4fe1;src_59f64ad94c02;src_3b92b8cc26b6;src_251ab0443811;src_392003166bb2;src_cd2c60ae4c6f;src_01db39f4e4f2;src_8344685c75c9;src_4130101dd276;src_65edafd16f87;src_7dd31b970087;src_21aaee328a50;src_8577ec740ac7;src_ac0cb08c837d;src_0e7cf8e163b5;src_f5ccbf4af143;src_b9dde0657417;src_e7b880c95d34;src_7b1f1238df02;src_adc81a41ea0d;src_0d1d6cdde36f;src_3cb676498080;src_cdfd61f2d179;src_dd068e225997;src_7e9e3954bd04;src_73c753ead3d5;src_d2b064deac6f;src_558d29f3a92b;src_c5c8ca7eeeec;src_77b4511c2119;src_f495bda36f8d;src_d99abe36efb8;src_c6d71d6d580d;src_0430ecbf1742;src_9cbc327320c6;src_84d64b0bbdff;src_4fb8bcb556fb;src_5e280cd552cb;src_0d28abe6a2f0;src_63d4ba97bf4f;src_40e521c05526;src_e50ac29d2302;src_4199d4233974;src_390a840e73f7;src_31f2eb3b2622;src_d4169719140d;src_e22f007bbf1a;src_fed3b569ec4c;src_575d2987addb;src_39edca168dc8;src_13e09283669f;src_ce10886d40ac;src_01653decb21f;src_cc5cdeafbc27;src_b26df8df1011;src_da98722f41f3;src_9d9a4eb99727;src_ed34c69c5ecd;src_d5d3dc32bb16;src_a6523fa7d68d;src_08f6d4dd797b;src_71fd573af26d;src_6dbb95ae2ee7;src_22d2ccbe1ef9;src_904bc4c13c21;src_8c6e64b8b7dd;src_4030453a1a09;src_9b242a7b20c0;src_197bee911bd5;src_563344971807;src_3457d4b19498;src_8b46f44f81a2;src_c670b2ad96cd;src_447546851c00;src_c684e6486512;src_be60303b8e1a;src_d5493b320855;src_4ac6705b1733;src_172d80020f33;src_9760322a26cc;src_8fac60efafa5;src_b5b4cb2a6f00;src_99371d5e70de;src_33f448bae42f;src_71f42be68dcf;src_1d3134adf692;src_845baa6b22e3;src_0b7a46df3ff2;src_eca05b07125b;src_16def4ce33a4;src_e7445643d3d4;src_3d51b813921f;src_06c98e429bbc;src_dd29e2c459c7;src_945db0e19a86;src_50e87f4bc76d;src_ef3f44f8c54b;src_f87b90873988;src_20b050cb2b74;src_678ea79704de;src_2a046ae04271;src_14dc136c3aa7;src_ade90b033b7a;src_214987e95e50;src_65713a00c1bc;src_cbaf90c3a68c;src_cdff887a5b04;src_c96ce46e6374;src_bea0d9ef1d15;src_04c89e4f89ee;src_9af91896facf;src_b09d549f52ad;src_183a98cc0bf4;src_d69ef57bf71f;src_2ec4ed615282;src_839eb18fb2a9;src_6b9a22aa98e9;src_73b4206cabc5;src_27ed207ba624;src_5077ea4ccdc5;src_87672327e22a;src_d9a571d64a43;src_9a1ea8f29823;src_f87c3bf527a2;src_9f2f0f6c475b;src_083d5316a9d7;src_03307f0efba9;src_8de2ad80413f;src_c5dc594cb4e3;src_3418ed630670;src_90967c6f4fa3;src_7d9f5a4ca37e;src_3881b6441404;src_466e1d461a11;src_a5755d671651;src_fb2651494845;src_115a079ab306;src_c77306c24d74;src_54b48e4576fa;src_1a978f7fe3c7;src_140312574af1;src_6a1b5d8db7aa;src_2cdc699b6ab3;src_194531bf16f2;src_8762a1d8570a;src_c58af81ddc84;src_47f2e29d249f;src_8461772fb5b1;src_0491eb92dd0d;src_83b822a4511b;src_8d74c4a9707d;src_4b97d93847fb;src_30aa6da0cc8f;src_379eae41d674;src_739db2c62342;src_3350f46b5b55;src_f4a3c2665490;src_52df0c4c5fd7;src_70c6575d406d;src_7ad103d64f43;src_e772efa2dca2;src_7be8c2b29cc2;src_1577b9d7a614;src_54dae94ab22e;src_9db479e4b0d2;src_64a4ea49bec9;src_6d6e4dbbb41c;src_10de0010b623;src_e468ade1c431;src_ae55a9b3eed8;src_34151d79a5b3;src_04c37da3c24d;src_db7488a5731c;src_cdf7b135c1b5;src_f8958dbeb42a;src_01dced0b049a;src_a302b48cf94d;src_a58efc86a53b;src_cd6992b2ac73;src_fa55dc6c0172;src_6efacfc3cc2b;src_04c15c593c29;src_81d75ee6bec2;src_57a86a9a7233;src_4d318dab12bb;src_2757b8f9e694;src_c91c894a665a;src_33bf1e694f01;src_1ad1d7d4bce2;src_b6b8da657b49;src_e8dfdf2d589b;src_fcb0c6109e23;src_cbd9eaeff4c7;src_b91168ebe47f;src_a38edcb55657;src_cfe22416fb0b;src_f097f1933104;src_85c842ba25d7;src_0e99e006f132;src_9ddc65070b51;src_7edae706c80f;src_a835da1cb6e8;src_2efb37ecb0cc;src_bc27f2afd192;src_e0df11670b07;src_a1b8ce3f9327;src_599c155a843f,FALSE,NA,Transformation locale; autorisation d’adaptation non confirmée.
financial_document_index,bytes,bytes,Taille des octets effectivement reçus.,numeric,selon description,NA,"NA : absent, non diffusé, non applicable ou conversion impossible; jamais imputé. Consulter source et quality_report.",src_b0ef08f0bdfb;src_e4c70ec5dd92;src_b57789261106;src_06599b3ec306;src_b2d99a2a3c38;src_cfa059b20a2d;src_8e7bf04b4fe1;src_59f64ad94c02;src_3b92b8cc26b6;src_251ab0443811;src_392003166bb2;src_cd2c60ae4c6f;src_01db39f4e4f2;src_8344685c75c9;src_4130101dd276;src_65edafd16f87;src_7dd31b970087;src_21aaee328a50;src_8577ec740ac7;src_ac0cb08c837d;src_0e7cf8e163b5;src_f5ccbf4af143;src_b9dde0657417;src_e7b880c95d34;src_7b1f1238df02;src_adc81a41ea0d;src_0d1d6cdde36f;src_3cb676498080;src_cdfd61f2d179;src_dd068e225997;src_7e9e3954bd04;src_73c753ead3d5;src_d2b064deac6f;src_558d29f3a92b;src_c5c8ca7eeeec;src_77b4511c2119;src_f495bda36f8d;src_d99abe36efb8;src_c6d71d6d580d;src_0430ecbf1742;src_9cbc327320c6;src_84d64b0bbdff;src_4fb8bcb556fb;src_5e280cd552cb;src_0d28abe6a2f0;src_63d4ba97bf4f;src_40e521c05526;src_e50ac29d2302;src_4199d4233974;src_390a840e73f7;src_31f2eb3b2622;src_d4169719140d;src_e22f007bbf1a;src_fed3b569ec4c;src_575d2987addb;src_39edca168dc8;src_13e09283669f;src_ce10886d40ac;src_01653decb21f;src_cc5cdeafbc27;src_b26df8df1011;src_da98722f41f3;src_9d9a4eb99727;src_ed34c69c5ecd;src_d5d3dc32bb16;src_a6523fa7d68d;src_08f6d4dd797b;src_71fd573af26d;src_6dbb95ae2ee7;src_22d2ccbe1ef9;src_904bc4c13c21;src_8c6e64b8b7dd;src_4030453a1a09;src_9b242a7b20c0;src_197bee911bd5;src_563344971807;src_3457d4b19498;src_8b46f44f81a2;src_c670b2ad96cd;src_447546851c00;src_c684e6486512;src_be60303b8e1a;src_d5493b320855;src_4ac6705b1733;src_172d80020f33;src_9760322a26cc;src_8fac60efafa5;src_b5b4cb2a6f00;src_99371d5e70de;src_33f448bae42f;src_71f42be68dcf;src_1d3134adf692;src_845baa6b22e3;src_0b7a46df3ff2;src_eca05b07125b;src_16def4ce33a4;src_e7445643d3d4;src_3d51b813921f;src_06c98e429bbc;src_dd29e2c459c7;src_945db0e19a86;src_50e87f4bc76d;src_ef3f44f8c54b;src_f87b90873988;src_20b050cb2b74;src_678ea79704de;src_2a046ae04271;src_14dc136c3aa7;src_ade90b033b7a;src_214987e95e50;src_65713a00c1bc;src_cbaf90c3a68c;src_cdff887a5b04;src_c96ce46e6374;src_bea0d9ef1d15;src_04c89e4f89ee;src_9af91896facf;src_b09d549f52ad;src_183a98cc0bf4;src_d69ef57bf71f;src_2ec4ed615282;src_839eb18fb2a9;src_6b9a22aa98e9;src_73b4206cabc5;src_27ed207ba624;src_5077ea4ccdc5;src_87672327e22a;src_d9a571d64a43;src_9a1ea8f29823;src_f87c3bf527a2;src_9f2f0f6c475b;src_083d5316a9d7;src_03307f0efba9;src_8de2ad80413f;src_c5dc594cb4e3;src_3418ed630670;src_90967c6f4fa3;src_7d9f5a4ca37e;src_3881b6441404;src_466e1d461a11;src_a5755d671651;src_fb2651494845;src_115a079ab306;src_c77306c24d74;src_54b48e4576fa;src_1a978f7fe3c7;src_140312574af1;src_6a1b5d8db7aa;src_2cdc699b6ab3;src_194531bf16f2;src_8762a1d8570a;src_c58af81ddc84;src_47f2e29d249f;src_8461772fb5b1;src_0491eb92dd0d;src_83b822a4511b;src_8d74c4a9707d;src_4b97d93847fb;src_30aa6da0cc8f;src_379eae41d674;src_739db2c62342;src_3350f46b5b55;src_f4a3c2665490;src_52df0c4c5fd7;src_70c6575d406d;src_7ad103d64f43;src_e772efa2dca2;src_7be8c2b29cc2;src_1577b9d7a614;src_54dae94ab22e;src_9db479e4b0d2;src_64a4ea49bec9;src_6d6e4dbbb41c;src_10de0010b623;src_e468ade1c431;src_ae55a9b3eed8;src_34151d79a5b3;src_04c37da3c24d;src_db7488a5731c;src_cdf7b135c1b5;src_f8958dbeb42a;src_01dced0b049a;src_a302b48cf94d;src_a58efc86a53b;src_cd6992b2ac73;src_fa55dc6c0172;src_6efacfc3cc2b;src_04c15c593c29;src_81d75ee6bec2;src_57a86a9a7233;src_4d318dab12bb;src_2757b8f9e694;src_c91c894a665a;src_33bf1e694f01;src_1ad1d7d4bce2;src_b6b8da657b49;src_e8dfdf2d589b;src_fcb0c6109e23;src_cbd9eaeff4c7;src_b91168ebe47f;src_a38edcb55657;src_cfe22416fb0b;src_f097f1933104;src_85c842ba25d7;src_0e99e006f132;src_9ddc65070b51;src_7edae706c80f;src_a835da1cb6e8;src_2efb37ecb0cc;src_bc27f2afd192;src_e0df11670b07;src_a1b8ce3f9327;src_599c155a843f,FALSE,NA,Transformation locale; autorisation d’adaptation non confirmée.
financial_document_index,extraction_status,extraction status,"État d’extraction, distinct de la validation des valeurs.",character,selon description,NA,"NA : absent, non diffusé, non applicable ou conversion impossible; jamais imputé. Consulter source et quality_report.",src_b0ef08f0bdfb;src_e4c70ec5dd92;src_b57789261106;src_06599b3ec306;src_b2d99a2a3c38;src_cfa059b20a2d;src_8e7bf04b4fe1;src_59f64ad94c02;src_3b92b8cc26b6;src_251ab0443811;src_392003166bb2;src_cd2c60ae4c6f;src_01db39f4e4f2;src_8344685c75c9;src_4130101dd276;src_65edafd16f87;src_7dd31b970087;src_21aaee328a50;src_8577ec740ac7;src_ac0cb08c837d;src_0e7cf8e163b5;src_f5ccbf4af143;src_b9dde0657417;src_e7b880c95d34;src_7b1f1238df02;src_adc81a41ea0d;src_0d1d6cdde36f;src_3cb676498080;src_cdfd61f2d179;src_dd068e225997;src_7e9e3954bd04;src_73c753ead3d5;src_d2b064deac6f;src_558d29f3a92b;src_c5c8ca7eeeec;src_77b4511c2119;src_f495bda36f8d;src_d99abe36efb8;src_c6d71d6d580d;src_0430ecbf1742;src_9cbc327320c6;src_84d64b0bbdff;src_4fb8bcb556fb;src_5e280cd552cb;src_0d28abe6a2f0;src_63d4ba97bf4f;src_40e521c05526;src_e50ac29d2302;src_4199d4233974;src_390a840e73f7;src_31f2eb3b2622;src_d4169719140d;src_e22f007bbf1a;src_fed3b569ec4c;src_575d2987addb;src_39edca168dc8;src_13e09283669f;src_ce10886d40ac;src_01653decb21f;src_cc5cdeafbc27;src_b26df8df1011;src_da98722f41f3;src_9d9a4eb99727;src_ed34c69c5ecd;src_d5d3dc32bb16;src_a6523fa7d68d;src_08f6d4dd797b;src_71fd573af26d;src_6dbb95ae2ee7;src_22d2ccbe1ef9;src_904bc4c13c21;src_8c6e64b8b7dd;src_4030453a1a09;src_9b242a7b20c0;src_197bee911bd5;src_563344971807;src_3457d4b19498;src_8b46f44f81a2;src_c670b2ad96cd;src_447546851c00;src_c684e6486512;src_be60303b8e1a;src_d5493b320855;src_4ac6705b1733;src_172d80020f33;src_9760322a26cc;src_8fac60efafa5;src_b5b4cb2a6f00;src_99371d5e70de;src_33f448bae42f;src_71f42be68dcf;src_1d3134adf692;src_845baa6b22e3;src_0b7a46df3ff2;src_eca05b07125b;src_16def4ce33a4;src_e7445643d3d4;src_3d51b813921f;src_06c98e429bbc;src_dd29e2c459c7;src_945db0e19a86;src_50e87f4bc76d;src_ef3f44f8c54b;src_f87b90873988;src_20b050cb2b74;src_678ea79704de;src_2a046ae04271;src_14dc136c3aa7;src_ade90b033b7a;src_214987e95e50;src_65713a00c1bc;src_cbaf90c3a68c;src_cdff887a5b04;src_c96ce46e6374;src_bea0d9ef1d15;src_04c89e4f89ee;src_9af91896facf;src_b09d549f52ad;src_183a98cc0bf4;src_d69ef57bf71f;src_2ec4ed615282;src_839eb18fb2a9;src_6b9a22aa98e9;src_73b4206cabc5;src_27ed207ba624;src_5077ea4ccdc5;src_87672327e22a;src_d9a571d64a43;src_9a1ea8f29823;src_f87c3bf527a2;src_9f2f0f6c475b;src_083d5316a9d7;src_03307f0efba9;src_8de2ad80413f;src_c5dc594cb4e3;src_3418ed630670;src_90967c6f4fa3;src_7d9f5a4ca37e;src_3881b6441404;src_466e1d461a11;src_a5755d671651;src_fb2651494845;src_115a079ab306;src_c77306c24d74;src_54b48e4576fa;src_1a978f7fe3c7;src_140312574af1;src_6a1b5d8db7aa;src_2cdc699b6ab3;src_194531bf16f2;src_8762a1d8570a;src_c58af81ddc84;src_47f2e29d249f;src_8461772fb5b1;src_0491eb92dd0d;src_83b822a4511b;src_8d74c4a9707d;src_4b97d93847fb;src_30aa6da0cc8f;src_379eae41d674;src_739db2c62342;src_3350f46b5b55;src_f4a3c2665490;src_52df0c4c5fd7;src_70c6575d406d;src_7ad103d64f43;src_e772efa2dca2;src_7be8c2b29cc2;src_1577b9d7a614;src_54dae94ab22e;src_9db479e4b0d2;src_64a4ea49bec9;src_6d6e4dbbb41c;src_10de0010b623;src_e468ade1c431;src_ae55a9b3eed8;src_34151d79a5b3;src_04c37da3c24d;src_db7488a5731c;src_cdf7b135c1b5;src_f8958dbeb42a;src_01dced0b049a;src_a302b48cf94d;src_a58efc86a53b;src_cd6992b2ac73;src_fa55dc6c0172;src_6efacfc3cc2b;src_04c15c593c29;src_81d75ee6bec2;src_57a86a9a7233;src_4d318dab12bb;src_2757b8f9e694;src_c91c894a665a;src_33bf1e694f01;src_1ad1d7d4bce2;src_b6b8da657b49;src_e8dfdf2d589b;src_fcb0c6109e23;src_cbd9eaeff4c7;src_b91168ebe47f;src_a38edcb55657;src_cfe22416fb0b;src_f097f1933104;src_85c842ba25d7;src_0e99e006f132;src_9ddc65070b51;src_7edae706c80f;src_a835da1cb6e8;src_2efb37ecb0cc;src_bc27f2afd192;src_e0df11670b07;src_a1b8ce3f9327;src_599c155a843f,FALSE,NA,Transformation locale; autorisation d’adaptation non confirmée.
financial_document_index,source_id,source id,Identifiant SHA-256 de l’URL dans le catalogue maître.,character,selon description,NA,"NA : absent, non diffusé, non applicable ou conversion impossible; jamais imputé. Consulter source et quality_report.",src_b0ef08f0bdfb;src_e4c70ec5dd92;src_b57789261106;src_06599b3ec306;src_b2d99a2a3c38;src_cfa059b20a2d;src_8e7bf04b4fe1;src_59f64ad94c02;src_3b92b8cc26b6;src_251ab0443811;src_392003166bb2;src_cd2c60ae4c6f;src_01db39f4e4f2;src_8344685c75c9;src_4130101dd276;src_65edafd16f87;src_7dd31b970087;src_21aaee328a50;src_8577ec740ac7;src_ac0cb08c837d;src_0e7cf8e163b5;src_f5ccbf4af143;src_b9dde0657417;src_e7b880c95d34;src_7b1f1238df02;src_adc81a41ea0d;src_0d1d6cdde36f;src_3cb676498080;src_cdfd61f2d179;src_dd068e225997;src_7e9e3954bd04;src_73c753ead3d5;src_d2b064deac6f;src_558d29f3a92b;src_c5c8ca7eeeec;src_77b4511c2119;src_f495bda36f8d;src_d99abe36efb8;src_c6d71d6d580d;src_0430ecbf1742;src_9cbc327320c6;src_84d64b0bbdff;src_4fb8bcb556fb;src_5e280cd552cb;src_0d28abe6a2f0;src_63d4ba97bf4f;src_40e521c05526;src_e50ac29d2302;src_4199d4233974;src_390a840e73f7;src_31f2eb3b2622;src_d4169719140d;src_e22f007bbf1a;src_fed3b569ec4c;src_575d2987addb;src_39edca168dc8;src_13e09283669f;src_ce10886d40ac;src_01653decb21f;src_cc5cdeafbc27;src_b26df8df1011;src_da98722f41f3;src_9d9a4eb99727;src_ed34c69c5ecd;src_d5d3dc32bb16;src_a6523fa7d68d;src_08f6d4dd797b;src_71fd573af26d;src_6dbb95ae2ee7;src_22d2ccbe1ef9;src_904bc4c13c21;src_8c6e64b8b7dd;src_4030453a1a09;src_9b242a7b20c0;src_197bee911bd5;src_563344971807;src_3457d4b19498;src_8b46f44f81a2;src_c670b2ad96cd;src_447546851c00;src_c684e6486512;src_be60303b8e1a;src_d5493b320855;src_4ac6705b1733;src_172d80020f33;src_9760322a26cc;src_8fac60efafa5;src_b5b4cb2a6f00;src_99371d5e70de;src_33f448bae42f;src_71f42be68dcf;src_1d3134adf692;src_845baa6b22e3;src_0b7a46df3ff2;src_eca05b07125b;src_16def4ce33a4;src_e7445643d3d4;src_3d51b813921f;src_06c98e429bbc;src_dd29e2c459c7;src_945db0e19a86;src_50e87f4bc76d;src_ef3f44f8c54b;src_f87b90873988;src_20b050cb2b74;src_678ea79704de;src_2a046ae04271;src_14dc136c3aa7;src_ade90b033b7a;src_214987e95e50;src_65713a00c1bc;src_cbaf90c3a68c;src_cdff887a5b04;src_c96ce46e6374;src_bea0d9ef1d15;src_04c89e4f89ee;src_9af91896facf;src_b09d549f52ad;src_183a98cc0bf4;src_d69ef57bf71f;src_2ec4ed615282;src_839eb18fb2a9;src_6b9a22aa98e9;src_73b4206cabc5;src_27ed207ba624;src_5077ea4ccdc5;src_87672327e22a;src_d9a571d64a43;src_9a1ea8f29823;src_f87c3bf527a2;src_9f2f0f6c475b;src_083d5316a9d7;src_03307f0efba9;src_8de2ad80413f;src_c5dc594cb4e3;src_3418ed630670;src_90967c6f4fa3;src_7d9f5a4ca37e;src_3881b6441404;src_466e1d461a11;src_a5755d671651;src_fb2651494845;src_115a079ab306;src_c77306c24d74;src_54b48e4576fa;src_1a978f7fe3c7;src_140312574af1;src_6a1b5d8db7aa;src_2cdc699b6ab3;src_194531bf16f2;src_8762a1d8570a;src_c58af81ddc84;src_47f2e29d249f;src_8461772fb5b1;src_0491eb92dd0d;src_83b822a4511b;src_8d74c4a9707d;src_4b97d93847fb;src_30aa6da0cc8f;src_379eae41d674;src_739db2c62342;src_3350f46b5b55;src_f4a3c2665490;src_52df0c4c5fd7;src_70c6575d406d;src_7ad103d64f43;src_e772efa2dca2;src_7be8c2b29cc2;src_1577b9d7a614;src_54dae94ab22e;src_9db479e4b0d2;src_64a4ea49bec9;src_6d6e4dbbb41c;src_10de0010b623;src_e468ade1c431;src_ae55a9b3eed8;src_34151d79a5b3;src_04c37da3c24d;src_db7488a5731c;src_cdf7b135c1b5;src_f8958dbeb42a;src_01dced0b049a;src_a302b48cf94d;src_a58efc86a53b;src_cd6992b2ac73;src_fa55dc6c0172;src_6efacfc3cc2b;src_04c15c593c29;src_81d75ee6bec2;src_57a86a9a7233;src_4d318dab12bb;src_2757b8f9e694;src_c91c894a665a;src_33bf1e694f01;src_1ad1d7d4bce2;src_b6b8da657b49;src_e8dfdf2d589b;src_fcb0c6109e23;src_cbd9eaeff4c7;src_b91168ebe47f;src_a38edcb55657;src_cfe22416fb0b;src_f097f1933104;src_85c842ba25d7;src_0e99e006f132;src_9ddc65070b51;src_7edae706c80f;src_a835da1cb6e8;src_2efb37ecb0cc;src_bc27f2afd192;src_e0df11670b07;src_a1b8ce3f9327;src_599c155a843f,TRUE,voir R/common.R et script de transformation,Transformation locale; autorisation d’adaptation non confirmée.
financial_document_index,snapshot_id,snapshot id,Identifiant unique de la consultation et des octets sources.,character,selon description,NA,"NA : absent, non diffusé, non applicable ou conversion impossible; jamais imputé. Consulter source et quality_report.",src_b0ef08f0bdfb;src_e4c70ec5dd92;src_b57789261106;src_06599b3ec306;src_b2d99a2a3c38;src_cfa059b20a2d;src_8e7bf04b4fe1;src_59f64ad94c02;src_3b92b8cc26b6;src_251ab0443811;src_392003166bb2;src_cd2c60ae4c6f;src_01db39f4e4f2;src_8344685c75c9;src_4130101dd276;src_65edafd16f87;src_7dd31b970087;src_21aaee328a50;src_8577ec740ac7;src_ac0cb08c837d;src_0e7cf8e163b5;src_f5ccbf4af143;src_b9dde0657417;src_e7b880c95d34;src_7b1f1238df02;src_adc81a41ea0d;src_0d1d6cdde36f;src_3cb676498080;src_cdfd61f2d179;src_dd068e225997;src_7e9e3954bd04;src_73c753ead3d5;src_d2b064deac6f;src_558d29f3a92b;src_c5c8ca7eeeec;src_77b4511c2119;src_f495bda36f8d;src_d99abe36efb8;src_c6d71d6d580d;src_0430ecbf1742;src_9cbc327320c6;src_84d64b0bbdff;src_4fb8bcb556fb;src_5e280cd552cb;src_0d28abe6a2f0;src_63d4ba97bf4f;src_40e521c05526;src_e50ac29d2302;src_4199d4233974;src_390a840e73f7;src_31f2eb3b2622;src_d4169719140d;src_e22f007bbf1a;src_fed3b569ec4c;src_575d2987addb;src_39edca168dc8;src_13e09283669f;src_ce10886d40ac;src_01653decb21f;src_cc5cdeafbc27;src_b26df8df1011;src_da98722f41f3;src_9d9a4eb99727;src_ed34c69c5ecd;src_d5d3dc32bb16;src_a6523fa7d68d;src_08f6d4dd797b;src_71fd573af26d;src_6dbb95ae2ee7;src_22d2ccbe1ef9;src_904bc4c13c21;src_8c6e64b8b7dd;src_4030453a1a09;src_9b242a7b20c0;src_197bee911bd5;src_563344971807;src_3457d4b19498;src_8b46f44f81a2;src_c670b2ad96cd;src_447546851c00;src_c684e6486512;src_be60303b8e1a;src_d5493b320855;src_4ac6705b1733;src_172d80020f33;src_9760322a26cc;src_8fac60efafa5;src_b5b4cb2a6f00;src_99371d5e70de;src_33f448bae42f;src_71f42be68dcf;src_1d3134adf692;src_845baa6b22e3;src_0b7a46df3ff2;src_eca05b07125b;src_16def4ce33a4;src_e7445643d3d4;src_3d51b813921f;src_06c98e429bbc;src_dd29e2c459c7;src_945db0e19a86;src_50e87f4bc76d;src_ef3f44f8c54b;src_f87b90873988;src_20b050cb2b74;src_678ea79704de;src_2a046ae04271;src_14dc136c3aa7;src_ade90b033b7a;src_214987e95e50;src_65713a00c1bc;src_cbaf90c3a68c;src_cdff887a5b04;src_c96ce46e6374;src_bea0d9ef1d15;src_04c89e4f89ee;src_9af91896facf;src_b09d549f52ad;src_183a98cc0bf4;src_d69ef57bf71f;src_2ec4ed615282;src_839eb18fb2a9;src_6b9a22aa98e9;src_73b4206cabc5;src_27ed207ba624;src_5077ea4ccdc5;src_87672327e22a;src_d9a571d64a43;src_9a1ea8f29823;src_f87c3bf527a2;src_9f2f0f6c475b;src_083d5316a9d7;src_03307f0efba9;src_8de2ad80413f;src_c5dc594cb4e3;src_3418ed630670;src_90967c6f4fa3;src_7d9f5a4ca37e;src_3881b6441404;src_466e1d461a11;src_a5755d671651;src_fb2651494845;src_115a079ab306;src_c77306c24d74;src_54b48e4576fa;src_1a978f7fe3c7;src_140312574af1;src_6a1b5d8db7aa;src_2cdc699b6ab3;src_194531bf16f2;src_8762a1d8570a;src_c58af81ddc84;src_47f2e29d249f;src_8461772fb5b1;src_0491eb92dd0d;src_83b822a4511b;src_8d74c4a9707d;src_4b97d93847fb;src_30aa6da0cc8f;src_379eae41d674;src_739db2c62342;src_3350f46b5b55;src_f4a3c2665490;src_52df0c4c5fd7;src_70c6575d406d;src_7ad103d64f43;src_e772efa2dca2;src_7be8c2b29cc2;src_1577b9d7a614;src_54dae94ab22e;src_9db479e4b0d2;src_64a4ea49bec9;src_6d6e4dbbb41c;src_10de0010b623;src_e468ade1c431;src_ae55a9b3eed8;src_34151d79a5b3;src_04c37da3c24d;src_db7488a5731c;src_cdf7b135c1b5;src_f8958dbeb42a;src_01dced0b049a;src_a302b48cf94d;src_a58efc86a53b;src_cd6992b2ac73;src_fa55dc6c0172;src_6efacfc3cc2b;src_04c15c593c29;src_81d75ee6bec2;src_57a86a9a7233;src_4d318dab12bb;src_2757b8f9e694;src_c91c894a665a;src_33bf1e694f01;src_1ad1d7d4bce2;src_b6b8da657b49;src_e8dfdf2d589b;src_fcb0c6109e23;src_cbd9eaeff4c7;src_b91168ebe47f;src_a38edcb55657;src_cfe22416fb0b;src_f097f1933104;src_85c842ba25d7;src_0e99e006f132;src_9ddc65070b51;src_7edae706c80f;src_a835da1cb6e8;src_2efb37ecb0cc;src_bc27f2afd192;src_e0df11670b07;src_a1b8ce3f9327;src_599c155a843f,TRUE,voir R/common.R et script de transformation,Transformation locale; autorisation d’adaptation non confirmée.
financial_document_index,observed_at,observed at,Instant UTC où la source a été consultée; ne désigne pas la date de l’événement.,character,selon description,NA,"NA : absent, non diffusé, non applicable ou conversion impossible; jamais imputé. Consulter source et quality_report.",src_b0ef08f0bdfb;src_e4c70ec5dd92;src_b57789261106;src_06599b3ec306;src_b2d99a2a3c38;src_cfa059b20a2d;src_8e7bf04b4fe1;src_59f64ad94c02;src_3b92b8cc26b6;src_251ab0443811;src_392003166bb2;src_cd2c60ae4c6f;src_01db39f4e4f2;src_8344685c75c9;src_4130101dd276;src_65edafd16f87;src_7dd31b970087;src_21aaee328a50;src_8577ec740ac7;src_ac0cb08c837d;src_0e7cf8e163b5;src_f5ccbf4af143;src_b9dde0657417;src_e7b880c95d34;src_7b1f1238df02;src_adc81a41ea0d;src_0d1d6cdde36f;src_3cb676498080;src_cdfd61f2d179;src_dd068e225997;src_7e9e3954bd04;src_73c753ead3d5;src_d2b064deac6f;src_558d29f3a92b;src_c5c8ca7eeeec;src_77b4511c2119;src_f495bda36f8d;src_d99abe36efb8;src_c6d71d6d580d;src_0430ecbf1742;src_9cbc327320c6;src_84d64b0bbdff;src_4fb8bcb556fb;src_5e280cd552cb;src_0d28abe6a2f0;src_63d4ba97bf4f;src_40e521c05526;src_e50ac29d2302;src_4199d4233974;src_390a840e73f7;src_31f2eb3b2622;src_d4169719140d;src_e22f007bbf1a;src_fed3b569ec4c;src_575d2987addb;src_39edca168dc8;src_13e09283669f;src_ce10886d40ac;src_01653decb21f;src_cc5cdeafbc27;src_b26df8df1011;src_da98722f41f3;src_9d9a4eb99727;src_ed34c69c5ecd;src_d5d3dc32bb16;src_a6523fa7d68d;src_08f6d4dd797b;src_71fd573af26d;src_6dbb95ae2ee7;src_22d2ccbe1ef9;src_904bc4c13c21;src_8c6e64b8b7dd;src_4030453a1a09;src_9b242a7b20c0;src_197bee911bd5;src_563344971807;src_3457d4b19498;src_8b46f44f81a2;src_c670b2ad96cd;src_447546851c00;src_c684e6486512;src_be60303b8e1a;src_d5493b320855;src_4ac6705b1733;src_172d80020f33;src_9760322a26cc;src_8fac60efafa5;src_b5b4cb2a6f00;src_99371d5e70de;src_33f448bae42f;src_71f42be68dcf;src_1d3134adf692;src_845baa6b22e3;src_0b7a46df3ff2;src_eca05b07125b;src_16def4ce33a4;src_e7445643d3d4;src_3d51b813921f;src_06c98e429bbc;src_dd29e2c459c7;src_945db0e19a86;src_50e87f4bc76d;src_ef3f44f8c54b;src_f87b90873988;src_20b050cb2b74;src_678ea79704de;src_2a046ae04271;src_14dc136c3aa7;src_ade90b033b7a;src_214987e95e50;src_65713a00c1bc;src_cbaf90c3a68c;src_cdff887a5b04;src_c96ce46e6374;src_bea0d9ef1d15;src_04c89e4f89ee;src_9af91896facf;src_b09d549f52ad;src_183a98cc0bf4;src_d69ef57bf71f;src_2ec4ed615282;src_839eb18fb2a9;src_6b9a22aa98e9;src_73b4206cabc5;src_27ed207ba624;src_5077ea4ccdc5;src_87672327e22a;src_d9a571d64a43;src_9a1ea8f29823;src_f87c3bf527a2;src_9f2f0f6c475b;src_083d5316a9d7;src_03307f0efba9;src_8de2ad80413f;src_c5dc594cb4e3;src_3418ed630670;src_90967c6f4fa3;src_7d9f5a4ca37e;src_3881b6441404;src_466e1d461a11;src_a5755d671651;src_fb2651494845;src_115a079ab306;src_c77306c24d74;src_54b48e4576fa;src_1a978f7fe3c7;src_140312574af1;src_6a1b5d8db7aa;src_2cdc699b6ab3;src_194531bf16f2;src_8762a1d8570a;src_c58af81ddc84;src_47f2e29d249f;src_8461772fb5b1;src_0491eb92dd0d;src_83b822a4511b;src_8d74c4a9707d;src_4b97d93847fb;src_30aa6da0cc8f;src_379eae41d674;src_739db2c62342;src_3350f46b5b55;src_f4a3c2665490;src_52df0c4c5fd7;src_70c6575d406d;src_7ad103d64f43;src_e772efa2dca2;src_7be8c2b29cc2;src_1577b9d7a614;src_54dae94ab22e;src_9db479e4b0d2;src_64a4ea49bec9;src_6d6e4dbbb41c;src_10de0010b623;src_e468ade1c431;src_ae55a9b3eed8;src_34151d79a5b3;src_04c37da3c24d;src_db7488a5731c;src_cdf7b135c1b5;src_f8958dbeb42a;src_01dced0b049a;src_a302b48cf94d;src_a58efc86a53b;src_cd6992b2ac73;src_fa55dc6c0172;src_6efacfc3cc2b;src_04c15c593c29;src_81d75ee6bec2;src_57a86a9a7233;src_4d318dab12bb;src_2757b8f9e694;src_c91c894a665a;src_33bf1e694f01;src_1ad1d7d4bce2;src_b6b8da657b49;src_e8dfdf2d589b;src_fcb0c6109e23;src_cbd9eaeff4c7;src_b91168ebe47f;src_a38edcb55657;src_cfe22416fb0b;src_f097f1933104;src_85c842ba25d7;src_0e99e006f132;src_9ddc65070b51;src_7edae706c80f;src_a835da1cb6e8;src_2efb37ecb0cc;src_bc27f2afd192;src_e0df11670b07;src_a1b8ce3f9327;src_599c155a843f,TRUE,voir R/common.R et script de transformation,Transformation locale; autorisation d’adaptation non confirmée.
financial_document_index,retrieved_at,retrieved at,"Fin de la récupération, en UTC.",character,selon description,NA,"NA : absent, non diffusé, non applicable ou conversion impossible; jamais imputé. Consulter source et quality_report.",src_b0ef08f0bdfb;src_e4c70ec5dd92;src_b57789261106;src_06599b3ec306;src_b2d99a2a3c38;src_cfa059b20a2d;src_8e7bf04b4fe1;src_59f64ad94c02;src_3b92b8cc26b6;src_251ab0443811;src_392003166bb2;src_cd2c60ae4c6f;src_01db39f4e4f2;src_8344685c75c9;src_4130101dd276;src_65edafd16f87;src_7dd31b970087;src_21aaee328a50;src_8577ec740ac7;src_ac0cb08c837d;src_0e7cf8e163b5;src_f5ccbf4af143;src_b9dde0657417;src_e7b880c95d34;src_7b1f1238df02;src_adc81a41ea0d;src_0d1d6cdde36f;src_3cb676498080;src_cdfd61f2d179;src_dd068e225997;src_7e9e3954bd04;src_73c753ead3d5;src_d2b064deac6f;src_558d29f3a92b;src_c5c8ca7eeeec;src_77b4511c2119;src_f495bda36f8d;src_d99abe36efb8;src_c6d71d6d580d;src_0430ecbf1742;src_9cbc327320c6;src_84d64b0bbdff;src_4fb8bcb556fb;src_5e280cd552cb;src_0d28abe6a2f0;src_63d4ba97bf4f;src_40e521c05526;src_e50ac29d2302;src_4199d4233974;src_390a840e73f7;src_31f2eb3b2622;src_d4169719140d;src_e22f007bbf1a;src_fed3b569ec4c;src_575d2987addb;src_39edca168dc8;src_13e09283669f;src_ce10886d40ac;src_01653decb21f;src_cc5cdeafbc27;src_b26df8df1011;src_da98722f41f3;src_9d9a4eb99727;src_ed34c69c5ecd;src_d5d3dc32bb16;src_a6523fa7d68d;src_08f6d4dd797b;src_71fd573af26d;src_6dbb95ae2ee7;src_22d2ccbe1ef9;src_904bc4c13c21;src_8c6e64b8b7dd;src_4030453a1a09;src_9b242a7b20c0;src_197bee911bd5;src_563344971807;src_3457d4b19498;src_8b46f44f81a2;src_c670b2ad96cd;src_447546851c00;src_c684e6486512;src_be60303b8e1a;src_d5493b320855;src_4ac6705b1733;src_172d80020f33;src_9760322a26cc;src_8fac60efafa5;src_b5b4cb2a6f00;src_99371d5e70de;src_33f448bae42f;src_71f42be68dcf;src_1d3134adf692;src_845baa6b22e3;src_0b7a46df3ff2;src_eca05b07125b;src_16def4ce33a4;src_e7445643d3d4;src_3d51b813921f;src_06c98e429bbc;src_dd29e2c459c7;src_945db0e19a86;src_50e87f4bc76d;src_ef3f44f8c54b;src_f87b90873988;src_20b050cb2b74;src_678ea79704de;src_2a046ae04271;src_14dc136c3aa7;src_ade90b033b7a;src_214987e95e50;src_65713a00c1bc;src_cbaf90c3a68c;src_cdff887a5b04;src_c96ce46e6374;src_bea0d9ef1d15;src_04c89e4f89ee;src_9af91896facf;src_b09d549f52ad;src_183a98cc0bf4;src_d69ef57bf71f;src_2ec4ed615282;src_839eb18fb2a9;src_6b9a22aa98e9;src_73b4206cabc5;src_27ed207ba624;src_5077ea4ccdc5;src_87672327e22a;src_d9a571d64a43;src_9a1ea8f29823;src_f87c3bf527a2;src_9f2f0f6c475b;src_083d5316a9d7;src_03307f0efba9;src_8de2ad80413f;src_c5dc594cb4e3;src_3418ed630670;src_90967c6f4fa3;src_7d9f5a4ca37e;src_3881b6441404;src_466e1d461a11;src_a5755d671651;src_fb2651494845;src_115a079ab306;src_c77306c24d74;src_54b48e4576fa;src_1a978f7fe3c7;src_140312574af1;src_6a1b5d8db7aa;src_2cdc699b6ab3;src_194531bf16f2;src_8762a1d8570a;src_c58af81ddc84;src_47f2e29d249f;src_8461772fb5b1;src_0491eb92dd0d;src_83b822a4511b;src_8d74c4a9707d;src_4b97d93847fb;src_30aa6da0cc8f;src_379eae41d674;src_739db2c62342;src_3350f46b5b55;src_f4a3c2665490;src_52df0c4c5fd7;src_70c6575d406d;src_7ad103d64f43;src_e772efa2dca2;src_7be8c2b29cc2;src_1577b9d7a614;src_54dae94ab22e;src_9db479e4b0d2;src_64a4ea49bec9;src_6d6e4dbbb41c;src_10de0010b623;src_e468ade1c431;src_ae55a9b3eed8;src_34151d79a5b3;src_04c37da3c24d;src_db7488a5731c;src_cdf7b135c1b5;src_f8958dbeb42a;src_01dced0b049a;src_a302b48cf94d;src_a58efc86a53b;src_cd6992b2ac73;src_fa55dc6c0172;src_6efacfc3cc2b;src_04c15c593c29;src_81d75ee6bec2;src_57a86a9a7233;src_4d318dab12bb;src_2757b8f9e694;src_c91c894a665a;src_33bf1e694f01;src_1ad1d7d4bce2;src_b6b8da657b49;src_e8dfdf2d589b;src_fcb0c6109e23;src_cbd9eaeff4c7;src_b91168ebe47f;src_a38edcb55657;src_cfe22416fb0b;src_f097f1933104;src_85c842ba25d7;src_0e99e006f132;src_9ddc65070b51;src_7edae706c80f;src_a835da1cb6e8;src_2efb37ecb0cc;src_bc27f2afd192;src_e0df11670b07;src_a1b8ce3f9327;src_599c155a843f,TRUE,voir R/common.R et script de transformation,Transformation locale; autorisation d’adaptation non confirmée.
financial_document_index,source_updated_at,source updated at,"Horodatage annoncé par le producteur, converti en UTC; manquant si absent.",character,selon description,NA,"NA : absent, non diffusé, non applicable ou conversion impossible; jamais imputé. Consulter source et quality_report.",src_b0ef08f0bdfb;src_e4c70ec5dd92;src_b57789261106;src_06599b3ec306;src_b2d99a2a3c38;src_cfa059b20a2d;src_8e7bf04b4fe1;src_59f64ad94c02;src_3b92b8cc26b6;src_251ab0443811;src_392003166bb2;src_cd2c60ae4c6f;src_01db39f4e4f2;src_8344685c75c9;src_4130101dd276;src_65edafd16f87;src_7dd31b970087;src_21aaee328a50;src_8577ec740ac7;src_ac0cb08c837d;src_0e7cf8e163b5;src_f5ccbf4af143;src_b9dde0657417;src_e7b880c95d34;src_7b1f1238df02;src_adc81a41ea0d;src_0d1d6cdde36f;src_3cb676498080;src_cdfd61f2d179;src_dd068e225997;src_7e9e3954bd04;src_73c753ead3d5;src_d2b064deac6f;src_558d29f3a92b;src_c5c8ca7eeeec;src_77b4511c2119;src_f495bda36f8d;src_d99abe36efb8;src_c6d71d6d580d;src_0430ecbf1742;src_9cbc327320c6;src_84d64b0bbdff;src_4fb8bcb556fb;src_5e280cd552cb;src_0d28abe6a2f0;src_63d4ba97bf4f;src_40e521c05526;src_e50ac29d2302;src_4199d4233974;src_390a840e73f7;src_31f2eb3b2622;src_d4169719140d;src_e22f007bbf1a;src_fed3b569ec4c;src_575d2987addb;src_39edca168dc8;src_13e09283669f;src_ce10886d40ac;src_01653decb21f;src_cc5cdeafbc27;src_b26df8df1011;src_da98722f41f3;src_9d9a4eb99727;src_ed34c69c5ecd;src_d5d3dc32bb16;src_a6523fa7d68d;src_08f6d4dd797b;src_71fd573af26d;src_6dbb95ae2ee7;src_22d2ccbe1ef9;src_904bc4c13c21;src_8c6e64b8b7dd;src_4030453a1a09;src_9b242a7b20c0;src_197bee911bd5;src_563344971807;src_3457d4b19498;src_8b46f44f81a2;src_c670b2ad96cd;src_447546851c00;src_c684e6486512;src_be60303b8e1a;src_d5493b320855;src_4ac6705b1733;src_172d80020f33;src_9760322a26cc;src_8fac60efafa5;src_b5b4cb2a6f00;src_99371d5e70de;src_33f448bae42f;src_71f42be68dcf;src_1d3134adf692;src_845baa6b22e3;src_0b7a46df3ff2;src_eca05b07125b;src_16def4ce33a4;src_e7445643d3d4;src_3d51b813921f;src_06c98e429bbc;src_dd29e2c459c7;src_945db0e19a86;src_50e87f4bc76d;src_ef3f44f8c54b;src_f87b90873988;src_20b050cb2b74;src_678ea79704de;src_2a046ae04271;src_14dc136c3aa7;src_ade90b033b7a;src_214987e95e50;src_65713a00c1bc;src_cbaf90c3a68c;src_cdff887a5b04;src_c96ce46e6374;src_bea0d9ef1d15;src_04c89e4f89ee;src_9af91896facf;src_b09d549f52ad;src_183a98cc0bf4;src_d69ef57bf71f;src_2ec4ed615282;src_839eb18fb2a9;src_6b9a22aa98e9;src_73b4206cabc5;src_27ed207ba624;src_5077ea4ccdc5;src_87672327e22a;src_d9a571d64a43;src_9a1ea8f29823;src_f87c3bf527a2;src_9f2f0f6c475b;src_083d5316a9d7;src_03307f0efba9;src_8de2ad80413f;src_c5dc594cb4e3;src_3418ed630670;src_90967c6f4fa3;src_7d9f5a4ca37e;src_3881b6441404;src_466e1d461a11;src_a5755d671651;src_fb2651494845;src_115a079ab306;src_c77306c24d74;src_54b48e4576fa;src_1a978f7fe3c7;src_140312574af1;src_6a1b5d8db7aa;src_2cdc699b6ab3;src_194531bf16f2;src_8762a1d8570a;src_c58af81ddc84;src_47f2e29d249f;src_8461772fb5b1;src_0491eb92dd0d;src_83b822a4511b;src_8d74c4a9707d;src_4b97d93847fb;src_30aa6da0cc8f;src_379eae41d674;src_739db2c62342;src_3350f46b5b55;src_f4a3c2665490;src_52df0c4c5fd7;src_70c6575d406d;src_7ad103d64f43;src_e772efa2dca2;src_7be8c2b29cc2;src_1577b9d7a614;src_54dae94ab22e;src_9db479e4b0d2;src_64a4ea49bec9;src_6d6e4dbbb41c;src_10de0010b623;src_e468ade1c431;src_ae55a9b3eed8;src_34151d79a5b3;src_04c37da3c24d;src_db7488a5731c;src_cdf7b135c1b5;src_f8958dbeb42a;src_01dced0b049a;src_a302b48cf94d;src_a58efc86a53b;src_cd6992b2ac73;src_fa55dc6c0172;src_6efacfc3cc2b;src_04c15c593c29;src_81d75ee6bec2;src_57a86a9a7233;src_4d318dab12bb;src_2757b8f9e694;src_c91c894a665a;src_33bf1e694f01;src_1ad1d7d4bce2;src_b6b8da657b49;src_e8dfdf2d589b;src_fcb0c6109e23;src_cbd9eaeff4c7;src_b91168ebe47f;src_a38edcb55657;src_cfe22416fb0b;src_f097f1933104;src_85c842ba25d7;src_0e99e006f132;src_9ddc65070b51;src_7edae706c80f;src_a835da1cb6e8;src_2efb37ecb0cc;src_bc27f2afd192;src_e0df11670b07;src_a1b8ce3f9327;src_599c155a843f,FALSE,NA,Transformation locale; autorisation d’adaptation non confirmée.
financial_document_index,data_status,data status,État fourni par la source ou type explicite de transformation; finalité jamais inférée d’un pourcentage de dépouillement.,character,selon description,document_index,"NA : absent, non diffusé, non applicable ou conversion impossible; jamais imputé. Consulter source et quality_report.",src_b0ef08f0bdfb;src_e4c70ec5dd92;src_b57789261106;src_06599b3ec306;src_b2d99a2a3c38;src_cfa059b20a2d;src_8e7bf04b4fe1;src_59f64ad94c02;src_3b92b8cc26b6;src_251ab0443811;src_392003166bb2;src_cd2c60ae4c6f;src_01db39f4e4f2;src_8344685c75c9;src_4130101dd276;src_65edafd16f87;src_7dd31b970087;src_21aaee328a50;src_8577ec740ac7;src_ac0cb08c837d;src_0e7cf8e163b5;src_f5ccbf4af143;src_b9dde0657417;src_e7b880c95d34;src_7b1f1238df02;src_adc81a41ea0d;src_0d1d6cdde36f;src_3cb676498080;src_cdfd61f2d179;src_dd068e225997;src_7e9e3954bd04;src_73c753ead3d5;src_d2b064deac6f;src_558d29f3a92b;src_c5c8ca7eeeec;src_77b4511c2119;src_f495bda36f8d;src_d99abe36efb8;src_c6d71d6d580d;src_0430ecbf1742;src_9cbc327320c6;src_84d64b0bbdff;src_4fb8bcb556fb;src_5e280cd552cb;src_0d28abe6a2f0;src_63d4ba97bf4f;src_40e521c05526;src_e50ac29d2302;src_4199d4233974;src_390a840e73f7;src_31f2eb3b2622;src_d4169719140d;src_e22f007bbf1a;src_fed3b569ec4c;src_575d2987addb;src_39edca168dc8;src_13e09283669f;src_ce10886d40ac;src_01653decb21f;src_cc5cdeafbc27;src_b26df8df1011;src_da98722f41f3;src_9d9a4eb99727;src_ed34c69c5ecd;src_d5d3dc32bb16;src_a6523fa7d68d;src_08f6d4dd797b;src_71fd573af26d;src_6dbb95ae2ee7;src_22d2ccbe1ef9;src_904bc4c13c21;src_8c6e64b8b7dd;src_4030453a1a09;src_9b242a7b20c0;src_197bee911bd5;src_563344971807;src_3457d4b19498;src_8b46f44f81a2;src_c670b2ad96cd;src_447546851c00;src_c684e6486512;src_be60303b8e1a;src_d5493b320855;src_4ac6705b1733;src_172d80020f33;src_9760322a26cc;src_8fac60efafa5;src_b5b4cb2a6f00;src_99371d5e70de;src_33f448bae42f;src_71f42be68dcf;src_1d3134adf692;src_845baa6b22e3;src_0b7a46df3ff2;src_eca05b07125b;src_16def4ce33a4;src_e7445643d3d4;src_3d51b813921f;src_06c98e429bbc;src_dd29e2c459c7;src_945db0e19a86;src_50e87f4bc76d;src_ef3f44f8c54b;src_f87b90873988;src_20b050cb2b74;src_678ea79704de;src_2a046ae04271;src_14dc136c3aa7;src_ade90b033b7a;src_214987e95e50;src_65713a00c1bc;src_cbaf90c3a68c;src_cdff887a5b04;src_c96ce46e6374;src_bea0d9ef1d15;src_04c89e4f89ee;src_9af91896facf;src_b09d549f52ad;src_183a98cc0bf4;src_d69ef57bf71f;src_2ec4ed615282;src_839eb18fb2a9;src_6b9a22aa98e9;src_73b4206cabc5;src_27ed207ba624;src_5077ea4ccdc5;src_87672327e22a;src_d9a571d64a43;src_9a1ea8f29823;src_f87c3bf527a2;src_9f2f0f6c475b;src_083d5316a9d7;src_03307f0efba9;src_8de2ad80413f;src_c5dc594cb4e3;src_3418ed630670;src_90967c6f4fa3;src_7d9f5a4ca37e;src_3881b6441404;src_466e1d461a11;src_a5755d671651;src_fb2651494845;src_115a079ab306;src_c77306c24d74;src_54b48e4576fa;src_1a978f7fe3c7;src_140312574af1;src_6a1b5d8db7aa;src_2cdc699b6ab3;src_194531bf16f2;src_8762a1d8570a;src_c58af81ddc84;src_47f2e29d249f;src_8461772fb5b1;src_0491eb92dd0d;src_83b822a4511b;src_8d74c4a9707d;src_4b97d93847fb;src_30aa6da0cc8f;src_379eae41d674;src_739db2c62342;src_3350f46b5b55;src_f4a3c2665490;src_52df0c4c5fd7;src_70c6575d406d;src_7ad103d64f43;src_e772efa2dca2;src_7be8c2b29cc2;src_1577b9d7a614;src_54dae94ab22e;src_9db479e4b0d2;src_64a4ea49bec9;src_6d6e4dbbb41c;src_10de0010b623;src_e468ade1c431;src_ae55a9b3eed8;src_34151d79a5b3;src_04c37da3c24d;src_db7488a5731c;src_cdf7b135c1b5;src_f8958dbeb42a;src_01dced0b049a;src_a302b48cf94d;src_a58efc86a53b;src_cd6992b2ac73;src_fa55dc6c0172;src_6efacfc3cc2b;src_04c15c593c29;src_81d75ee6bec2;src_57a86a9a7233;src_4d318dab12bb;src_2757b8f9e694;src_c91c894a665a;src_33bf1e694f01;src_1ad1d7d4bce2;src_b6b8da657b49;src_e8dfdf2d589b;src_fcb0c6109e23;src_cbd9eaeff4c7;src_b91168ebe47f;src_a38edcb55657;src_cfe22416fb0b;src_f097f1933104;src_85c842ba25d7;src_0e99e006f132;src_9ddc65070b51;src_7edae706c80f;src_a835da1cb6e8;src_2efb37ecb0cc;src_bc27f2afd192;src_e0df11670b07;src_a1b8ce3f9327;src_599c155a843f,FALSE,NA,Transformation locale; autorisation d’adaptation non confirmée.
historical_candidate_results,election_id,election id,"Identifiant contextualisé : Québec, provincial, date et type.",character,selon description,NA,"NA : absent, non diffusé, non applicable ou conversion impossible; jamais imputé. Consulter source et quality_report.",src_04249426efff;src_23a95c0b8ace;src_2d4e90d4e476;src_335c9751e725;src_3ee19c14cf6d;src_46b2b80361d8;src_4e9171631c9b;src_53258148a5e9;src_68477afa07d6;src_6ce929ca1736;src_81c5fe8d1b02;src_8f0698d69120;src_9869ef080ebd;src_9ef2a7b66e04;src_a0bedefcbbb2;src_c0d45adf2a1b;src_d0efa9a1d2ca;src_d46eedaf6c55;src_f5041537304c;src_fc8fc11eea9d;src_f428cc11d231,TRUE,voir R/common.R et script de transformation,Droits : consulter DATA_LICENSES.md.
historical_candidate_results,district_id,district id,"Carte, édition des codes et code de circonscription; ne pas joindre par nom.",character,selon description,NA,"NA : absent, non diffusé, non applicable ou conversion impossible; jamais imputé. Consulter source et quality_report.",src_04249426efff;src_23a95c0b8ace;src_2d4e90d4e476;src_335c9751e725;src_3ee19c14cf6d;src_46b2b80361d8;src_4e9171631c9b;src_53258148a5e9;src_68477afa07d6;src_6ce929ca1736;src_81c5fe8d1b02;src_8f0698d69120;src_9869ef080ebd;src_9ef2a7b66e04;src_a0bedefcbbb2;src_c0d45adf2a1b;src_d0efa9a1d2ca;src_d46eedaf6c55;src_f5041537304c;src_fc8fc11eea9d;src_f428cc11d231,TRUE,voir R/common.R et script de transformation,Droits : consulter DATA_LICENSES.md.
historical_candidate_results,candidate_id,candidate id,Identifiant de candidature contextualisé; ne désigne pas une personne entre élections.,character,selon description,NA,"NA : absent, non diffusé, non applicable ou conversion impossible; jamais imputé. Consulter source et quality_report.",src_04249426efff;src_23a95c0b8ace;src_2d4e90d4e476;src_335c9751e725;src_3ee19c14cf6d;src_46b2b80361d8;src_4e9171631c9b;src_53258148a5e9;src_68477afa07d6;src_6ce929ca1736;src_81c5fe8d1b02;src_8f0698d69120;src_9869ef080ebd;src_9ef2a7b66e04;src_a0bedefcbbb2;src_c0d45adf2a1b;src_d0efa9a1d2ca;src_d46eedaf6c55;src_f5041537304c;src_fc8fc11eea9d;src_f428cc11d231,TRUE,voir R/common.R et script de transformation,Droits : consulter DATA_LICENSES.md.
historical_candidate_results,candidate_code,candidate code,"Code de candidature fourni par la liste ou le résultat officiel, contextualisé par élection.",character,selon description,NA,"NA : absent, non diffusé, non applicable ou conversion impossible; jamais imputé. Consulter source et quality_report.",src_04249426efff;src_23a95c0b8ace;src_2d4e90d4e476;src_335c9751e725;src_3ee19c14cf6d;src_46b2b80361d8;src_4e9171631c9b;src_53258148a5e9;src_68477afa07d6;src_6ce929ca1736;src_81c5fe8d1b02;src_8f0698d69120;src_9869ef080ebd;src_9ef2a7b66e04;src_a0bedefcbbb2;src_c0d45adf2a1b;src_d0efa9a1d2ca;src_d46eedaf6c55;src_f5041537304c;src_fc8fc11eea9d;src_f428cc11d231,FALSE,NA,Droits : consulter DATA_LICENSES.md.
historical_candidate_results,last_name,last name,Nom officiellement publié dans le contexte d’une candidature.,character,selon description,NA,"NA : absent, non diffusé, non applicable ou conversion impossible; jamais imputé. Consulter source et quality_report.",src_04249426efff;src_23a95c0b8ace;src_2d4e90d4e476;src_335c9751e725;src_3ee19c14cf6d;src_46b2b80361d8;src_4e9171631c9b;src_53258148a5e9;src_68477afa07d6;src_6ce929ca1736;src_81c5fe8d1b02;src_8f0698d69120;src_9869ef080ebd;src_9ef2a7b66e04;src_a0bedefcbbb2;src_c0d45adf2a1b;src_d0efa9a1d2ca;src_d46eedaf6c55;src_f5041537304c;src_fc8fc11eea9d;src_f428cc11d231,FALSE,NA,Droits : consulter DATA_LICENSES.md.
historical_candidate_results,first_name,first name,Prénom officiellement publié dans le contexte d’une candidature.,character,selon description,NA,"NA : absent, non diffusé, non applicable ou conversion impossible; jamais imputé. Consulter source et quality_report.",src_04249426efff;src_23a95c0b8ace;src_2d4e90d4e476;src_335c9751e725;src_3ee19c14cf6d;src_46b2b80361d8;src_4e9171631c9b;src_53258148a5e9;src_68477afa07d6;src_6ce929ca1736;src_81c5fe8d1b02;src_8f0698d69120;src_9869ef080ebd;src_9ef2a7b66e04;src_a0bedefcbbb2;src_c0d45adf2a1b;src_d0efa9a1d2ca;src_d46eedaf6c55;src_f5041537304c;src_fc8fc11eea9d;src_f428cc11d231,FALSE,NA,Droits : consulter DATA_LICENSES.md.
historical_candidate_results,party_id,party id,Identifiant administratif de groupe politique dans une élection.,character,selon description,NA,"NA : absent, non diffusé, non applicable ou conversion impossible; jamais imputé. Consulter source et quality_report.",src_04249426efff;src_23a95c0b8ace;src_2d4e90d4e476;src_335c9751e725;src_3ee19c14cf6d;src_46b2b80361d8;src_4e9171631c9b;src_53258148a5e9;src_68477afa07d6;src_6ce929ca1736;src_81c5fe8d1b02;src_8f0698d69120;src_9869ef080ebd;src_9ef2a7b66e04;src_a0bedefcbbb2;src_c0d45adf2a1b;src_d0efa9a1d2ca;src_d46eedaf6c55;src_f5041537304c;src_fc8fc11eea9d;src_f428cc11d231,TRUE,voir R/common.R et script de transformation,Droits : consulter DATA_LICENSES.md.
historical_candidate_results,party_code,party code,Code politique source dans l’événement.,character,selon description,NA,"NA : absent, non diffusé, non applicable ou conversion impossible; jamais imputé. Consulter source et quality_report.",src_04249426efff;src_23a95c0b8ace;src_2d4e90d4e476;src_335c9751e725;src_3ee19c14cf6d;src_46b2b80361d8;src_4e9171631c9b;src_53258148a5e9;src_68477afa07d6;src_6ce929ca1736;src_81c5fe8d1b02;src_8f0698d69120;src_9869ef080ebd;src_9ef2a7b66e04;src_a0bedefcbbb2;src_c0d45adf2a1b;src_d0efa9a1d2ca;src_d46eedaf6c55;src_f5041537304c;src_fc8fc11eea9d;src_f428cc11d231,FALSE,NA,Droits : consulter DATA_LICENSES.md.
historical_candidate_results,party_abbreviation,party abbreviation,Abréviation politique source; variantes typographiques conservées.,character,selon description,NA,"NA : absent, non diffusé, non applicable ou conversion impossible; jamais imputé. Consulter source et quality_report.",src_04249426efff;src_23a95c0b8ace;src_2d4e90d4e476;src_335c9751e725;src_3ee19c14cf6d;src_46b2b80361d8;src_4e9171631c9b;src_53258148a5e9;src_68477afa07d6;src_6ce929ca1736;src_81c5fe8d1b02;src_8f0698d69120;src_9869ef080ebd;src_9ef2a7b66e04;src_a0bedefcbbb2;src_c0d45adf2a1b;src_d0efa9a1d2ca;src_d46eedaf6c55;src_f5041537304c;src_fc8fc11eea9d;src_f428cc11d231,FALSE,NA,Droits : consulter DATA_LICENSES.md.
historical_candidate_results,votes,votes,Bulletins attribués à cette candidature ou ce groupe dans le périmètre indiqué.,numeric,selon description,NA,"NA : absent, non diffusé, non applicable ou conversion impossible; jamais imputé. Consulter source et quality_report.",src_04249426efff;src_23a95c0b8ace;src_2d4e90d4e476;src_335c9751e725;src_3ee19c14cf6d;src_46b2b80361d8;src_4e9171631c9b;src_53258148a5e9;src_68477afa07d6;src_6ce929ca1736;src_81c5fe8d1b02;src_8f0698d69120;src_9869ef080ebd;src_9ef2a7b66e04;src_a0bedefcbbb2;src_c0d45adf2a1b;src_d0efa9a1d2ca;src_d46eedaf6c55;src_f5041537304c;src_fc8fc11eea9d;src_f428cc11d231,FALSE,NA,Droits : consulter DATA_LICENSES.md.
historical_candidate_results,vote_share_source_pct,vote share source pct,"Pourcentage des votes tel que publié, avec ses arrondis.",numeric,pourcentage 0-100,NA,"NA : absent, non diffusé, non applicable ou conversion impossible; jamais imputé. Consulter source et quality_report.",src_04249426efff;src_23a95c0b8ace;src_2d4e90d4e476;src_335c9751e725;src_3ee19c14cf6d;src_46b2b80361d8;src_4e9171631c9b;src_53258148a5e9;src_68477afa07d6;src_6ce929ca1736;src_81c5fe8d1b02;src_8f0698d69120;src_9869ef080ebd;src_9ef2a7b66e04;src_a0bedefcbbb2;src_c0d45adf2a1b;src_d0efa9a1d2ca;src_d46eedaf6c55;src_f5041537304c;src_fc8fc11eea9d;src_f428cc11d231,FALSE,NA,Droits : consulter DATA_LICENSES.md.
historical_candidate_results,lead_votes_source,lead votes source,Avance publiée pour le premier; zéro pour les autres selon la source.,numeric,selon description,NA,"NA : absent, non diffusé, non applicable ou conversion impossible; jamais imputé. Consulter source et quality_report.",src_04249426efff;src_23a95c0b8ace;src_2d4e90d4e476;src_335c9751e725;src_3ee19c14cf6d;src_46b2b80361d8;src_4e9171631c9b;src_53258148a5e9;src_68477afa07d6;src_6ce929ca1736;src_81c5fe8d1b02;src_8f0698d69120;src_9869ef080ebd;src_9ef2a7b66e04;src_a0bedefcbbb2;src_c0d45adf2a1b;src_d0efa9a1d2ca;src_d46eedaf6c55;src_f5041537304c;src_fc8fc11eea9d;src_f428cc11d231,FALSE,NA,Droits : consulter DATA_LICENSES.md.
historical_candidate_results,vote_share_pct,vote share pct,"Part des bulletins valides obtenue, recalculée.",numeric,pourcentage 0-100,NA,"NA : absent, non diffusé, non applicable ou conversion impossible; jamais imputé. Consulter source et quality_report.",src_04249426efff;src_23a95c0b8ace;src_2d4e90d4e476;src_335c9751e725;src_3ee19c14cf6d;src_46b2b80361d8;src_4e9171631c9b;src_53258148a5e9;src_68477afa07d6;src_6ce929ca1736;src_81c5fe8d1b02;src_8f0698d69120;src_9869ef080ebd;src_9ef2a7b66e04;src_a0bedefcbbb2;src_c0d45adf2a1b;src_d0efa9a1d2ca;src_d46eedaf6c55;src_f5041537304c;src_fc8fc11eea9d;src_f428cc11d231,TRUE,"100 * votes / valid_ballots, si valid_ballots > 0",Droits : consulter DATA_LICENSES.md.
historical_candidate_results,rank_descriptive,rank descriptive,"Rang calculé sur les votes comptés; ex aequo au rang minimal, sans projection.",numeric,selon description,NA,"NA : absent, non diffusé, non applicable ou conversion impossible; jamais imputé. Consulter source et quality_report.",src_04249426efff;src_23a95c0b8ace;src_2d4e90d4e476;src_335c9751e725;src_3ee19c14cf6d;src_46b2b80361d8;src_4e9171631c9b;src_53258148a5e9;src_68477afa07d6;src_6ce929ca1736;src_81c5fe8d1b02;src_8f0698d69120;src_9869ef080ebd;src_9ef2a7b66e04;src_a0bedefcbbb2;src_c0d45adf2a1b;src_d0efa9a1d2ca;src_d46eedaf6c55;src_f5041537304c;src_fc8fc11eea9d;src_f428cc11d231,TRUE,"rank(-votes, ties.method = min)",Droits : consulter DATA_LICENSES.md.
historical_candidate_results,elected_source,elected source,Indication d’élection seulement si un champ officiel explicite existe; sinon manquant.,logical,selon description,NA,"NA : absent, non diffusé, non applicable ou conversion impossible; jamais imputé. Consulter source et quality_report.",src_04249426efff;src_23a95c0b8ace;src_2d4e90d4e476;src_335c9751e725;src_3ee19c14cf6d;src_46b2b80361d8;src_4e9171631c9b;src_53258148a5e9;src_68477afa07d6;src_6ce929ca1736;src_81c5fe8d1b02;src_8f0698d69120;src_9869ef080ebd;src_9ef2a7b66e04;src_a0bedefcbbb2;src_c0d45adf2a1b;src_d0efa9a1d2ca;src_d46eedaf6c55;src_f5041537304c;src_fc8fc11eea9d;src_f428cc11d231,FALSE,NA,Droits : consulter DATA_LICENSES.md.
historical_candidate_results,source_id,source id,Identifiant SHA-256 de l’URL dans le catalogue maître.,character,selon description,NA,"NA : absent, non diffusé, non applicable ou conversion impossible; jamais imputé. Consulter source et quality_report.",src_04249426efff;src_23a95c0b8ace;src_2d4e90d4e476;src_335c9751e725;src_3ee19c14cf6d;src_46b2b80361d8;src_4e9171631c9b;src_53258148a5e9;src_68477afa07d6;src_6ce929ca1736;src_81c5fe8d1b02;src_8f0698d69120;src_9869ef080ebd;src_9ef2a7b66e04;src_a0bedefcbbb2;src_c0d45adf2a1b;src_d0efa9a1d2ca;src_d46eedaf6c55;src_f5041537304c;src_fc8fc11eea9d;src_f428cc11d231,TRUE,voir R/common.R et script de transformation,Droits : consulter DATA_LICENSES.md.
historical_candidate_results,snapshot_id,snapshot id,Identifiant unique de la consultation et des octets sources.,character,selon description,NA,"NA : absent, non diffusé, non applicable ou conversion impossible; jamais imputé. Consulter source et quality_report.",src_04249426efff;src_23a95c0b8ace;src_2d4e90d4e476;src_335c9751e725;src_3ee19c14cf6d;src_46b2b80361d8;src_4e9171631c9b;src_53258148a5e9;src_68477afa07d6;src_6ce929ca1736;src_81c5fe8d1b02;src_8f0698d69120;src_9869ef080ebd;src_9ef2a7b66e04;src_a0bedefcbbb2;src_c0d45adf2a1b;src_d0efa9a1d2ca;src_d46eedaf6c55;src_f5041537304c;src_fc8fc11eea9d;src_f428cc11d231,TRUE,voir R/common.R et script de transformation,Droits : consulter DATA_LICENSES.md.
historical_candidate_results,observed_at,observed at,Instant UTC où la source a été consultée; ne désigne pas la date de l’événement.,character,selon description,NA,"NA : absent, non diffusé, non applicable ou conversion impossible; jamais imputé. Consulter source et quality_report.",src_04249426efff;src_23a95c0b8ace;src_2d4e90d4e476;src_335c9751e725;src_3ee19c14cf6d;src_46b2b80361d8;src_4e9171631c9b;src_53258148a5e9;src_68477afa07d6;src_6ce929ca1736;src_81c5fe8d1b02;src_8f0698d69120;src_9869ef080ebd;src_9ef2a7b66e04;src_a0bedefcbbb2;src_c0d45adf2a1b;src_d0efa9a1d2ca;src_d46eedaf6c55;src_f5041537304c;src_fc8fc11eea9d;src_f428cc11d231,TRUE,voir R/common.R et script de transformation,Droits : consulter DATA_LICENSES.md.
historical_candidate_results,retrieved_at,retrieved at,"Fin de la récupération, en UTC.",character,selon description,NA,"NA : absent, non diffusé, non applicable ou conversion impossible; jamais imputé. Consulter source et quality_report.",src_04249426efff;src_23a95c0b8ace;src_2d4e90d4e476;src_335c9751e725;src_3ee19c14cf6d;src_46b2b80361d8;src_4e9171631c9b;src_53258148a5e9;src_68477afa07d6;src_6ce929ca1736;src_81c5fe8d1b02;src_8f0698d69120;src_9869ef080ebd;src_9ef2a7b66e04;src_a0bedefcbbb2;src_c0d45adf2a1b;src_d0efa9a1d2ca;src_d46eedaf6c55;src_f5041537304c;src_fc8fc11eea9d;src_f428cc11d231,TRUE,voir R/common.R et script de transformation,Droits : consulter DATA_LICENSES.md.
historical_candidate_results,source_updated_at,source updated at,"Horodatage annoncé par le producteur, converti en UTC; manquant si absent.",character,selon description,NA,"NA : absent, non diffusé, non applicable ou conversion impossible; jamais imputé. Consulter source et quality_report.",src_04249426efff;src_23a95c0b8ace;src_2d4e90d4e476;src_335c9751e725;src_3ee19c14cf6d;src_46b2b80361d8;src_4e9171631c9b;src_53258148a5e9;src_68477afa07d6;src_6ce929ca1736;src_81c5fe8d1b02;src_8f0698d69120;src_9869ef080ebd;src_9ef2a7b66e04;src_a0bedefcbbb2;src_c0d45adf2a1b;src_d0efa9a1d2ca;src_d46eedaf6c55;src_f5041537304c;src_fc8fc11eea9d;src_f428cc11d231,FALSE,NA,Droits : consulter DATA_LICENSES.md.
historical_candidate_results,data_status,data status,État fourni par la source ou type explicite de transformation; finalité jamais inférée d’un pourcentage de dépouillement.,character,selon description,final,"NA : absent, non diffusé, non applicable ou conversion impossible; jamais imputé. Consulter source et quality_report.",src_04249426efff;src_23a95c0b8ace;src_2d4e90d4e476;src_335c9751e725;src_3ee19c14cf6d;src_46b2b80361d8;src_4e9171631c9b;src_53258148a5e9;src_68477afa07d6;src_6ce929ca1736;src_81c5fe8d1b02;src_8f0698d69120;src_9869ef080ebd;src_9ef2a7b66e04;src_a0bedefcbbb2;src_c0d45adf2a1b;src_d0efa9a1d2ca;src_d46eedaf6c55;src_f5041537304c;src_fc8fc11eea9d;src_f428cc11d231,FALSE,NA,Droits : consulter DATA_LICENSES.md.
historical_district_results,election_id,election id,"Identifiant contextualisé : Québec, provincial, date et type.",character,selon description,NA,"NA : absent, non diffusé, non applicable ou conversion impossible; jamais imputé. Consulter source et quality_report.",src_04249426efff;src_23a95c0b8ace;src_2d4e90d4e476;src_335c9751e725;src_3ee19c14cf6d;src_46b2b80361d8;src_4e9171631c9b;src_53258148a5e9;src_68477afa07d6;src_6ce929ca1736;src_81c5fe8d1b02;src_8f0698d69120;src_9869ef080ebd;src_9ef2a7b66e04;src_a0bedefcbbb2;src_c0d45adf2a1b;src_d0efa9a1d2ca;src_d46eedaf6c55;src_f5041537304c;src_fc8fc11eea9d;src_f428cc11d231,TRUE,voir R/common.R et script de transformation,Droits : consulter DATA_LICENSES.md.
historical_district_results,district_id,district id,"Carte, édition des codes et code de circonscription; ne pas joindre par nom.",character,selon description,NA,"NA : absent, non diffusé, non applicable ou conversion impossible; jamais imputé. Consulter source et quality_report.",src_04249426efff;src_23a95c0b8ace;src_2d4e90d4e476;src_335c9751e725;src_3ee19c14cf6d;src_46b2b80361d8;src_4e9171631c9b;src_53258148a5e9;src_68477afa07d6;src_6ce929ca1736;src_81c5fe8d1b02;src_8f0698d69120;src_9869ef080ebd;src_9ef2a7b66e04;src_a0bedefcbbb2;src_c0d45adf2a1b;src_d0efa9a1d2ca;src_d46eedaf6c55;src_f5041537304c;src_fc8fc11eea9d;src_f428cc11d231,TRUE,voir R/common.R et script de transformation,Droits : consulter DATA_LICENSES.md.
historical_district_results,district_code,district code,Code de circonscription tel que fourni; sa signification dépend de l’édition.,character,selon description,NA,"NA : absent, non diffusé, non applicable ou conversion impossible; jamais imputé. Consulter source et quality_report.",src_04249426efff;src_23a95c0b8ace;src_2d4e90d4e476;src_335c9751e725;src_3ee19c14cf6d;src_46b2b80361d8;src_4e9171631c9b;src_53258148a5e9;src_68477afa07d6;src_6ce929ca1736;src_81c5fe8d1b02;src_8f0698d69120;src_9869ef080ebd;src_9ef2a7b66e04;src_a0bedefcbbb2;src_c0d45adf2a1b;src_d0efa9a1d2ca;src_d46eedaf6c55;src_f5041537304c;src_fc8fc11eea9d;src_f428cc11d231,FALSE,NA,Droits : consulter DATA_LICENSES.md.
historical_district_results,district_name,district name,Nom officiel dans cette édition et cette source.,character,selon description,NA,"NA : absent, non diffusé, non applicable ou conversion impossible; jamais imputé. Consulter source et quality_report.",src_04249426efff;src_23a95c0b8ace;src_2d4e90d4e476;src_335c9751e725;src_3ee19c14cf6d;src_46b2b80361d8;src_4e9171631c9b;src_53258148a5e9;src_68477afa07d6;src_6ce929ca1736;src_81c5fe8d1b02;src_8f0698d69120;src_9869ef080ebd;src_9ef2a7b66e04;src_a0bedefcbbb2;src_c0d45adf2a1b;src_d0efa9a1d2ca;src_d46eedaf6c55;src_f5041537304c;src_fc8fc11eea9d;src_f428cc11d231,FALSE,NA,Droits : consulter DATA_LICENSES.md.
historical_district_results,map_year,map year,"Année d’établissement de la carte, attribuée selon l’historique officiel; manquante lorsqu’elle n’est pas confirmée.",character,selon description,NA,"NA : absent, non diffusé, non applicable ou conversion impossible; jamais imputé. Consulter source et quality_report.",src_04249426efff;src_23a95c0b8ace;src_2d4e90d4e476;src_335c9751e725;src_3ee19c14cf6d;src_46b2b80361d8;src_4e9171631c9b;src_53258148a5e9;src_68477afa07d6;src_6ce929ca1736;src_81c5fe8d1b02;src_8f0698d69120;src_9869ef080ebd;src_9ef2a7b66e04;src_a0bedefcbbb2;src_c0d45adf2a1b;src_d0efa9a1d2ca;src_d46eedaf6c55;src_f5041537304c;src_fc8fc11eea9d;src_f428cc11d231,FALSE,NA,Droits : consulter DATA_LICENSES.md.
historical_district_results,code_edition,code edition,Édition de nomenclature; 2022 conserve la carte de 2017 avec changement de nom. Une édition historique contextuelle ne garantit pas une continuité des codes.,character,selon description,NA,"NA : absent, non diffusé, non applicable ou conversion impossible; jamais imputé. Consulter source et quality_report.",src_04249426efff;src_23a95c0b8ace;src_2d4e90d4e476;src_335c9751e725;src_3ee19c14cf6d;src_46b2b80361d8;src_4e9171631c9b;src_53258148a5e9;src_68477afa07d6;src_6ce929ca1736;src_81c5fe8d1b02;src_8f0698d69120;src_9869ef080ebd;src_9ef2a7b66e04;src_a0bedefcbbb2;src_c0d45adf2a1b;src_d0efa9a1d2ca;src_d46eedaf6c55;src_f5041537304c;src_fc8fc11eea9d;src_f428cc11d231,FALSE,NA,Droits : consulter DATA_LICENSES.md.
historical_district_results,registered,registered,Nombre d’électrices et électeurs inscrits selon le périmètre de ce fichier.,numeric,selon description,NA,"NA : absent, non diffusé, non applicable ou conversion impossible; jamais imputé. Consulter source et quality_report.",src_04249426efff;src_23a95c0b8ace;src_2d4e90d4e476;src_335c9751e725;src_3ee19c14cf6d;src_46b2b80361d8;src_4e9171631c9b;src_53258148a5e9;src_68477afa07d6;src_6ce929ca1736;src_81c5fe8d1b02;src_8f0698d69120;src_9869ef080ebd;src_9ef2a7b66e04;src_a0bedefcbbb2;src_c0d45adf2a1b;src_d0efa9a1d2ca;src_d46eedaf6c55;src_f5041537304c;src_fc8fc11eea9d;src_f428cc11d231,FALSE,NA,Droits : consulter DATA_LICENSES.md.
historical_district_results,valid_ballots,valid ballots,Nombre de bulletins valides publié.,numeric,selon description,NA,"NA : absent, non diffusé, non applicable ou conversion impossible; jamais imputé. Consulter source et quality_report.",src_04249426efff;src_23a95c0b8ace;src_2d4e90d4e476;src_335c9751e725;src_3ee19c14cf6d;src_46b2b80361d8;src_4e9171631c9b;src_53258148a5e9;src_68477afa07d6;src_6ce929ca1736;src_81c5fe8d1b02;src_8f0698d69120;src_9869ef080ebd;src_9ef2a7b66e04;src_a0bedefcbbb2;src_c0d45adf2a1b;src_d0efa9a1d2ca;src_d46eedaf6c55;src_f5041537304c;src_fc8fc11eea9d;src_f428cc11d231,FALSE,NA,Droits : consulter DATA_LICENSES.md.
historical_district_results,rejected_ballots,rejected ballots,Nombre de bulletins rejetés publié.,numeric,selon description,NA,"NA : absent, non diffusé, non applicable ou conversion impossible; jamais imputé. Consulter source et quality_report.",src_04249426efff;src_23a95c0b8ace;src_2d4e90d4e476;src_335c9751e725;src_3ee19c14cf6d;src_46b2b80361d8;src_4e9171631c9b;src_53258148a5e9;src_68477afa07d6;src_6ce929ca1736;src_81c5fe8d1b02;src_8f0698d69120;src_9869ef080ebd;src_9ef2a7b66e04;src_a0bedefcbbb2;src_c0d45adf2a1b;src_d0efa9a1d2ca;src_d46eedaf6c55;src_f5041537304c;src_fc8fc11eea9d;src_f428cc11d231,FALSE,NA,Droits : consulter DATA_LICENSES.md.
historical_district_results,votes_cast,votes cast,Bulletins valides et rejetés; valeur source si disponible.,numeric,selon description,NA,"NA : absent, non diffusé, non applicable ou conversion impossible; jamais imputé. Consulter source et quality_report.",src_04249426efff;src_23a95c0b8ace;src_2d4e90d4e476;src_335c9751e725;src_3ee19c14cf6d;src_46b2b80361d8;src_4e9171631c9b;src_53258148a5e9;src_68477afa07d6;src_6ce929ca1736;src_81c5fe8d1b02;src_8f0698d69120;src_9869ef080ebd;src_9ef2a7b66e04;src_a0bedefcbbb2;src_c0d45adf2a1b;src_d0efa9a1d2ca;src_d46eedaf6c55;src_f5041537304c;src_fc8fc11eea9d;src_f428cc11d231,FALSE,NA,Droits : consulter DATA_LICENSES.md.
historical_district_results,turnout_source_pct,turnout source pct,Pourcentage de participation publié pour la circonscription.,numeric,pourcentage 0-100,NA,"NA : absent, non diffusé, non applicable ou conversion impossible; jamais imputé. Consulter source et quality_report.",src_04249426efff;src_23a95c0b8ace;src_2d4e90d4e476;src_335c9751e725;src_3ee19c14cf6d;src_46b2b80361d8;src_4e9171631c9b;src_53258148a5e9;src_68477afa07d6;src_6ce929ca1736;src_81c5fe8d1b02;src_8f0698d69120;src_9869ef080ebd;src_9ef2a7b66e04;src_a0bedefcbbb2;src_c0d45adf2a1b;src_d0efa9a1d2ca;src_d46eedaf6c55;src_f5041537304c;src_fc8fc11eea9d;src_f428cc11d231,FALSE,NA,Droits : consulter DATA_LICENSES.md.
historical_district_results,polls_counted,polls counted,Nombre de bureaux dont les résultats sont renseignés.,numeric,selon description,NA,"NA : absent, non diffusé, non applicable ou conversion impossible; jamais imputé. Consulter source et quality_report.",src_04249426efff;src_23a95c0b8ace;src_2d4e90d4e476;src_335c9751e725;src_3ee19c14cf6d;src_46b2b80361d8;src_4e9171631c9b;src_53258148a5e9;src_68477afa07d6;src_6ce929ca1736;src_81c5fe8d1b02;src_8f0698d69120;src_9869ef080ebd;src_9ef2a7b66e04;src_a0bedefcbbb2;src_c0d45adf2a1b;src_d0efa9a1d2ca;src_d46eedaf6c55;src_f5041537304c;src_fc8fc11eea9d;src_f428cc11d231,FALSE,NA,Droits : consulter DATA_LICENSES.md.
historical_district_results,polls_total,polls total,Nombre total de bureaux annoncé.,numeric,selon description,NA,"NA : absent, non diffusé, non applicable ou conversion impossible; jamais imputé. Consulter source et quality_report.",src_04249426efff;src_23a95c0b8ace;src_2d4e90d4e476;src_335c9751e725;src_3ee19c14cf6d;src_46b2b80361d8;src_4e9171631c9b;src_53258148a5e9;src_68477afa07d6;src_6ce929ca1736;src_81c5fe8d1b02;src_8f0698d69120;src_9869ef080ebd;src_9ef2a7b66e04;src_a0bedefcbbb2;src_c0d45adf2a1b;src_d0efa9a1d2ca;src_d46eedaf6c55;src_f5041537304c;src_fc8fc11eea9d;src_f428cc11d231,FALSE,NA,Droits : consulter DATA_LICENSES.md.
historical_district_results,turnout_observed_pct,turnout observed pct,"Rapport des votes actuellement comptés aux inscrits; pendant le dépouillement, ce n’est pas la participation finale.",numeric,pourcentage 0-100,NA,"NA : absent, non diffusé, non applicable ou conversion impossible; jamais imputé. Consulter source et quality_report.",src_04249426efff;src_23a95c0b8ace;src_2d4e90d4e476;src_335c9751e725;src_3ee19c14cf6d;src_46b2b80361d8;src_4e9171631c9b;src_53258148a5e9;src_68477afa07d6;src_6ce929ca1736;src_81c5fe8d1b02;src_8f0698d69120;src_9869ef080ebd;src_9ef2a7b66e04;src_a0bedefcbbb2;src_c0d45adf2a1b;src_d0efa9a1d2ca;src_d46eedaf6c55;src_f5041537304c;src_fc8fc11eea9d;src_f428cc11d231,TRUE,"100 * votes_cast / registered, si registered > 0",Droits : consulter DATA_LICENSES.md.
historical_district_results,rejected_ballots_pct,rejected ballots pct,"Pourcentage des votes exprimés constitué de bulletins rejetés, recalculé.",numeric,pourcentage 0-100,NA,"NA : absent, non diffusé, non applicable ou conversion impossible; jamais imputé. Consulter source et quality_report.",src_04249426efff;src_23a95c0b8ace;src_2d4e90d4e476;src_335c9751e725;src_3ee19c14cf6d;src_46b2b80361d8;src_4e9171631c9b;src_53258148a5e9;src_68477afa07d6;src_6ce929ca1736;src_81c5fe8d1b02;src_8f0698d69120;src_9869ef080ebd;src_9ef2a7b66e04;src_a0bedefcbbb2;src_c0d45adf2a1b;src_d0efa9a1d2ca;src_d46eedaf6c55;src_f5041537304c;src_fc8fc11eea9d;src_f428cc11d231,TRUE,100 * rejected_ballots / votes_cast,Droits : consulter DATA_LICENSES.md.
historical_district_results,source_id,source id,Identifiant SHA-256 de l’URL dans le catalogue maître.,character,selon description,NA,"NA : absent, non diffusé, non applicable ou conversion impossible; jamais imputé. Consulter source et quality_report.",src_04249426efff;src_23a95c0b8ace;src_2d4e90d4e476;src_335c9751e725;src_3ee19c14cf6d;src_46b2b80361d8;src_4e9171631c9b;src_53258148a5e9;src_68477afa07d6;src_6ce929ca1736;src_81c5fe8d1b02;src_8f0698d69120;src_9869ef080ebd;src_9ef2a7b66e04;src_a0bedefcbbb2;src_c0d45adf2a1b;src_d0efa9a1d2ca;src_d46eedaf6c55;src_f5041537304c;src_fc8fc11eea9d;src_f428cc11d231,TRUE,voir R/common.R et script de transformation,Droits : consulter DATA_LICENSES.md.
historical_district_results,snapshot_id,snapshot id,Identifiant unique de la consultation et des octets sources.,character,selon description,NA,"NA : absent, non diffusé, non applicable ou conversion impossible; jamais imputé. Consulter source et quality_report.",src_04249426efff;src_23a95c0b8ace;src_2d4e90d4e476;src_335c9751e725;src_3ee19c14cf6d;src_46b2b80361d8;src_4e9171631c9b;src_53258148a5e9;src_68477afa07d6;src_6ce929ca1736;src_81c5fe8d1b02;src_8f0698d69120;src_9869ef080ebd;src_9ef2a7b66e04;src_a0bedefcbbb2;src_c0d45adf2a1b;src_d0efa9a1d2ca;src_d46eedaf6c55;src_f5041537304c;src_fc8fc11eea9d;src_f428cc11d231,TRUE,voir R/common.R et script de transformation,Droits : consulter DATA_LICENSES.md.
historical_district_results,observed_at,observed at,Instant UTC où la source a été consultée; ne désigne pas la date de l’événement.,character,selon description,NA,"NA : absent, non diffusé, non applicable ou conversion impossible; jamais imputé. Consulter source et quality_report.",src_04249426efff;src_23a95c0b8ace;src_2d4e90d4e476;src_335c9751e725;src_3ee19c14cf6d;src_46b2b80361d8;src_4e9171631c9b;src_53258148a5e9;src_68477afa07d6;src_6ce929ca1736;src_81c5fe8d1b02;src_8f0698d69120;src_9869ef080ebd;src_9ef2a7b66e04;src_a0bedefcbbb2;src_c0d45adf2a1b;src_d0efa9a1d2ca;src_d46eedaf6c55;src_f5041537304c;src_fc8fc11eea9d;src_f428cc11d231,TRUE,voir R/common.R et script de transformation,Droits : consulter DATA_LICENSES.md.
historical_district_results,retrieved_at,retrieved at,"Fin de la récupération, en UTC.",character,selon description,NA,"NA : absent, non diffusé, non applicable ou conversion impossible; jamais imputé. Consulter source et quality_report.",src_04249426efff;src_23a95c0b8ace;src_2d4e90d4e476;src_335c9751e725;src_3ee19c14cf6d;src_46b2b80361d8;src_4e9171631c9b;src_53258148a5e9;src_68477afa07d6;src_6ce929ca1736;src_81c5fe8d1b02;src_8f0698d69120;src_9869ef080ebd;src_9ef2a7b66e04;src_a0bedefcbbb2;src_c0d45adf2a1b;src_d0efa9a1d2ca;src_d46eedaf6c55;src_f5041537304c;src_fc8fc11eea9d;src_f428cc11d231,TRUE,voir R/common.R et script de transformation,Droits : consulter DATA_LICENSES.md.
historical_district_results,source_updated_at,source updated at,"Horodatage annoncé par le producteur, converti en UTC; manquant si absent.",character,selon description,NA,"NA : absent, non diffusé, non applicable ou conversion impossible; jamais imputé. Consulter source et quality_report.",src_04249426efff;src_23a95c0b8ace;src_2d4e90d4e476;src_335c9751e725;src_3ee19c14cf6d;src_46b2b80361d8;src_4e9171631c9b;src_53258148a5e9;src_68477afa07d6;src_6ce929ca1736;src_81c5fe8d1b02;src_8f0698d69120;src_9869ef080ebd;src_9ef2a7b66e04;src_a0bedefcbbb2;src_c0d45adf2a1b;src_d0efa9a1d2ca;src_d46eedaf6c55;src_f5041537304c;src_fc8fc11eea9d;src_f428cc11d231,FALSE,NA,Droits : consulter DATA_LICENSES.md.
historical_district_results,data_status,data status,État fourni par la source ou type explicite de transformation; finalité jamais inférée d’un pourcentage de dépouillement.,character,selon description,final,"NA : absent, non diffusé, non applicable ou conversion impossible; jamais imputé. Consulter source et quality_report.",src_04249426efff;src_23a95c0b8ace;src_2d4e90d4e476;src_335c9751e725;src_3ee19c14cf6d;src_46b2b80361d8;src_4e9171631c9b;src_53258148a5e9;src_68477afa07d6;src_6ce929ca1736;src_81c5fe8d1b02;src_8f0698d69120;src_9869ef080ebd;src_9ef2a7b66e04;src_a0bedefcbbb2;src_c0d45adf2a1b;src_d0efa9a1d2ca;src_d46eedaf6c55;src_f5041537304c;src_fc8fc11eea9d;src_f428cc11d231,FALSE,NA,Droits : consulter DATA_LICENSES.md.
historical_party_results,election_id,election id,"Identifiant contextualisé : Québec, provincial, date et type.",character,selon description,NA,"NA : absent, non diffusé, non applicable ou conversion impossible; jamais imputé. Consulter source et quality_report.",src_04249426efff;src_23a95c0b8ace;src_2d4e90d4e476;src_335c9751e725;src_3ee19c14cf6d;src_46b2b80361d8;src_4e9171631c9b;src_53258148a5e9;src_68477afa07d6;src_6ce929ca1736;src_81c5fe8d1b02;src_8f0698d69120;src_9869ef080ebd;src_9ef2a7b66e04;src_a0bedefcbbb2;src_c0d45adf2a1b;src_d0efa9a1d2ca;src_d46eedaf6c55;src_f5041537304c;src_fc8fc11eea9d;src_f428cc11d231,TRUE,voir R/common.R et script de transformation,Droits : consulter DATA_LICENSES.md.
historical_party_results,party_id,party id,Identifiant administratif de groupe politique dans une élection.,character,selon description,NA,"NA : absent, non diffusé, non applicable ou conversion impossible; jamais imputé. Consulter source et quality_report.",src_04249426efff;src_23a95c0b8ace;src_2d4e90d4e476;src_335c9751e725;src_3ee19c14cf6d;src_46b2b80361d8;src_4e9171631c9b;src_53258148a5e9;src_68477afa07d6;src_6ce929ca1736;src_81c5fe8d1b02;src_8f0698d69120;src_9869ef080ebd;src_9ef2a7b66e04;src_a0bedefcbbb2;src_c0d45adf2a1b;src_d0efa9a1d2ca;src_d46eedaf6c55;src_f5041537304c;src_fc8fc11eea9d;src_f428cc11d231,TRUE,voir R/common.R et script de transformation,Droits : consulter DATA_LICENSES.md.
historical_party_results,party_code,party code,Code politique source dans l’événement.,character,selon description,NA,"NA : absent, non diffusé, non applicable ou conversion impossible; jamais imputé. Consulter source et quality_report.",src_04249426efff;src_23a95c0b8ace;src_2d4e90d4e476;src_335c9751e725;src_3ee19c14cf6d;src_46b2b80361d8;src_4e9171631c9b;src_53258148a5e9;src_68477afa07d6;src_6ce929ca1736;src_81c5fe8d1b02;src_8f0698d69120;src_9869ef080ebd;src_9ef2a7b66e04;src_a0bedefcbbb2;src_c0d45adf2a1b;src_d0efa9a1d2ca;src_d46eedaf6c55;src_f5041537304c;src_fc8fc11eea9d;src_f428cc11d231,FALSE,NA,Droits : consulter DATA_LICENSES.md.
historical_party_results,party_name,party name,Nom politique fourni pour cet événement; ne pas présumer que les codes sont stables.,character,selon description,NA,"NA : absent, non diffusé, non applicable ou conversion impossible; jamais imputé. Consulter source et quality_report.",src_04249426efff;src_23a95c0b8ace;src_2d4e90d4e476;src_335c9751e725;src_3ee19c14cf6d;src_46b2b80361d8;src_4e9171631c9b;src_53258148a5e9;src_68477afa07d6;src_6ce929ca1736;src_81c5fe8d1b02;src_8f0698d69120;src_9869ef080ebd;src_9ef2a7b66e04;src_a0bedefcbbb2;src_c0d45adf2a1b;src_d0efa9a1d2ca;src_d46eedaf6c55;src_f5041537304c;src_fc8fc11eea9d;src_f428cc11d231,FALSE,NA,Droits : consulter DATA_LICENSES.md.
historical_party_results,party_abbreviation,party abbreviation,Abréviation politique source; variantes typographiques conservées.,character,selon description,NA,"NA : absent, non diffusé, non applicable ou conversion impossible; jamais imputé. Consulter source et quality_report.",src_04249426efff;src_23a95c0b8ace;src_2d4e90d4e476;src_335c9751e725;src_3ee19c14cf6d;src_46b2b80361d8;src_4e9171631c9b;src_53258148a5e9;src_68477afa07d6;src_6ce929ca1736;src_81c5fe8d1b02;src_8f0698d69120;src_9869ef080ebd;src_9ef2a7b66e04;src_a0bedefcbbb2;src_c0d45adf2a1b;src_d0efa9a1d2ca;src_d46eedaf6c55;src_f5041537304c;src_fc8fc11eea9d;src_f428cc11d231,FALSE,NA,Droits : consulter DATA_LICENSES.md.
historical_party_results,votes,votes,Bulletins attribués à cette candidature ou ce groupe dans le périmètre indiqué.,numeric,selon description,NA,"NA : absent, non diffusé, non applicable ou conversion impossible; jamais imputé. Consulter source et quality_report.",src_04249426efff;src_23a95c0b8ace;src_2d4e90d4e476;src_335c9751e725;src_3ee19c14cf6d;src_46b2b80361d8;src_4e9171631c9b;src_53258148a5e9;src_68477afa07d6;src_6ce929ca1736;src_81c5fe8d1b02;src_8f0698d69120;src_9869ef080ebd;src_9ef2a7b66e04;src_a0bedefcbbb2;src_c0d45adf2a1b;src_d0efa9a1d2ca;src_d46eedaf6c55;src_f5041537304c;src_fc8fc11eea9d;src_f428cc11d231,FALSE,NA,Droits : consulter DATA_LICENSES.md.
historical_party_results,vote_share_source_pct,vote share source pct,"Pourcentage des votes tel que publié, avec ses arrondis.",numeric,pourcentage 0-100,NA,"NA : absent, non diffusé, non applicable ou conversion impossible; jamais imputé. Consulter source et quality_report.",src_04249426efff;src_23a95c0b8ace;src_2d4e90d4e476;src_335c9751e725;src_3ee19c14cf6d;src_46b2b80361d8;src_4e9171631c9b;src_53258148a5e9;src_68477afa07d6;src_6ce929ca1736;src_81c5fe8d1b02;src_8f0698d69120;src_9869ef080ebd;src_9ef2a7b66e04;src_a0bedefcbbb2;src_c0d45adf2a1b;src_d0efa9a1d2ca;src_d46eedaf6c55;src_f5041537304c;src_fc8fc11eea9d;src_f428cc11d231,FALSE,NA,Droits : consulter DATA_LICENSES.md.
historical_party_results,candidates_count_source,candidates count source,Nombre de candidatures par parti annoncé dans les statistiques du producteur.,numeric,selon description,NA,"NA : absent, non diffusé, non applicable ou conversion impossible; jamais imputé. Consulter source et quality_report.",src_04249426efff;src_23a95c0b8ace;src_2d4e90d4e476;src_335c9751e725;src_3ee19c14cf6d;src_46b2b80361d8;src_4e9171631c9b;src_53258148a5e9;src_68477afa07d6;src_6ce929ca1736;src_81c5fe8d1b02;src_8f0698d69120;src_9869ef080ebd;src_9ef2a7b66e04;src_a0bedefcbbb2;src_c0d45adf2a1b;src_d0efa9a1d2ca;src_d46eedaf6c55;src_f5041537304c;src_fc8fc11eea9d;src_f428cc11d231,FALSE,NA,Droits : consulter DATA_LICENSES.md.
historical_party_results,districts_leading_source,districts leading source,Nombre de circonscriptions en avance fourni par le producteur; avant finalité ne constitue pas un nombre d’élus.,numeric,selon description,NA,"NA : absent, non diffusé, non applicable ou conversion impossible; jamais imputé. Consulter source et quality_report.",src_04249426efff;src_23a95c0b8ace;src_2d4e90d4e476;src_335c9751e725;src_3ee19c14cf6d;src_46b2b80361d8;src_4e9171631c9b;src_53258148a5e9;src_68477afa07d6;src_6ce929ca1736;src_81c5fe8d1b02;src_8f0698d69120;src_9869ef080ebd;src_9ef2a7b66e04;src_a0bedefcbbb2;src_c0d45adf2a1b;src_d0efa9a1d2ca;src_d46eedaf6c55;src_f5041537304c;src_fc8fc11eea9d;src_f428cc11d231,FALSE,NA,Droits : consulter DATA_LICENSES.md.
historical_party_results,vote_share_pct,vote share pct,"Part des bulletins valides obtenue, recalculée.",numeric,pourcentage 0-100,NA,"NA : absent, non diffusé, non applicable ou conversion impossible; jamais imputé. Consulter source et quality_report.",src_04249426efff;src_23a95c0b8ace;src_2d4e90d4e476;src_335c9751e725;src_3ee19c14cf6d;src_46b2b80361d8;src_4e9171631c9b;src_53258148a5e9;src_68477afa07d6;src_6ce929ca1736;src_81c5fe8d1b02;src_8f0698d69120;src_9869ef080ebd;src_9ef2a7b66e04;src_a0bedefcbbb2;src_c0d45adf2a1b;src_d0efa9a1d2ca;src_d46eedaf6c55;src_f5041537304c;src_fc8fc11eea9d;src_f428cc11d231,TRUE,"100 * votes / valid_ballots, si valid_ballots > 0",Droits : consulter DATA_LICENSES.md.
historical_party_results,seats_final_from_source,seats final from source,Nombre de circonscriptions en avance dans le fichier explicitement final; dérivation du champ source.,numeric,selon description,NA,"NA : absent, non diffusé, non applicable ou conversion impossible; jamais imputé. Consulter source et quality_report.",src_04249426efff;src_23a95c0b8ace;src_2d4e90d4e476;src_335c9751e725;src_3ee19c14cf6d;src_46b2b80361d8;src_4e9171631c9b;src_53258148a5e9;src_68477afa07d6;src_6ce929ca1736;src_81c5fe8d1b02;src_8f0698d69120;src_9869ef080ebd;src_9ef2a7b66e04;src_a0bedefcbbb2;src_c0d45adf2a1b;src_d0efa9a1d2ca;src_d46eedaf6c55;src_f5041537304c;src_fc8fc11eea9d;src_f428cc11d231,TRUE,districts_leading_source si data_status == final,Droits : consulter DATA_LICENSES.md.
historical_party_results,source_id,source id,Identifiant SHA-256 de l’URL dans le catalogue maître.,character,selon description,NA,"NA : absent, non diffusé, non applicable ou conversion impossible; jamais imputé. Consulter source et quality_report.",src_04249426efff;src_23a95c0b8ace;src_2d4e90d4e476;src_335c9751e725;src_3ee19c14cf6d;src_46b2b80361d8;src_4e9171631c9b;src_53258148a5e9;src_68477afa07d6;src_6ce929ca1736;src_81c5fe8d1b02;src_8f0698d69120;src_9869ef080ebd;src_9ef2a7b66e04;src_a0bedefcbbb2;src_c0d45adf2a1b;src_d0efa9a1d2ca;src_d46eedaf6c55;src_f5041537304c;src_fc8fc11eea9d;src_f428cc11d231,TRUE,voir R/common.R et script de transformation,Droits : consulter DATA_LICENSES.md.
historical_party_results,snapshot_id,snapshot id,Identifiant unique de la consultation et des octets sources.,character,selon description,NA,"NA : absent, non diffusé, non applicable ou conversion impossible; jamais imputé. Consulter source et quality_report.",src_04249426efff;src_23a95c0b8ace;src_2d4e90d4e476;src_335c9751e725;src_3ee19c14cf6d;src_46b2b80361d8;src_4e9171631c9b;src_53258148a5e9;src_68477afa07d6;src_6ce929ca1736;src_81c5fe8d1b02;src_8f0698d69120;src_9869ef080ebd;src_9ef2a7b66e04;src_a0bedefcbbb2;src_c0d45adf2a1b;src_d0efa9a1d2ca;src_d46eedaf6c55;src_f5041537304c;src_fc8fc11eea9d;src_f428cc11d231,TRUE,voir R/common.R et script de transformation,Droits : consulter DATA_LICENSES.md.
historical_party_results,observed_at,observed at,Instant UTC où la source a été consultée; ne désigne pas la date de l’événement.,character,selon description,NA,"NA : absent, non diffusé, non applicable ou conversion impossible; jamais imputé. Consulter source et quality_report.",src_04249426efff;src_23a95c0b8ace;src_2d4e90d4e476;src_335c9751e725;src_3ee19c14cf6d;src_46b2b80361d8;src_4e9171631c9b;src_53258148a5e9;src_68477afa07d6;src_6ce929ca1736;src_81c5fe8d1b02;src_8f0698d69120;src_9869ef080ebd;src_9ef2a7b66e04;src_a0bedefcbbb2;src_c0d45adf2a1b;src_d0efa9a1d2ca;src_d46eedaf6c55;src_f5041537304c;src_fc8fc11eea9d;src_f428cc11d231,TRUE,voir R/common.R et script de transformation,Droits : consulter DATA_LICENSES.md.
historical_party_results,retrieved_at,retrieved at,"Fin de la récupération, en UTC.",character,selon description,NA,"NA : absent, non diffusé, non applicable ou conversion impossible; jamais imputé. Consulter source et quality_report.",src_04249426efff;src_23a95c0b8ace;src_2d4e90d4e476;src_335c9751e725;src_3ee19c14cf6d;src_46b2b80361d8;src_4e9171631c9b;src_53258148a5e9;src_68477afa07d6;src_6ce929ca1736;src_81c5fe8d1b02;src_8f0698d69120;src_9869ef080ebd;src_9ef2a7b66e04;src_a0bedefcbbb2;src_c0d45adf2a1b;src_d0efa9a1d2ca;src_d46eedaf6c55;src_f5041537304c;src_fc8fc11eea9d;src_f428cc11d231,TRUE,voir R/common.R et script de transformation,Droits : consulter DATA_LICENSES.md.
historical_party_results,source_updated_at,source updated at,"Horodatage annoncé par le producteur, converti en UTC; manquant si absent.",character,selon description,NA,"NA : absent, non diffusé, non applicable ou conversion impossible; jamais imputé. Consulter source et quality_report.",src_04249426efff;src_23a95c0b8ace;src_2d4e90d4e476;src_335c9751e725;src_3ee19c14cf6d;src_46b2b80361d8;src_4e9171631c9b;src_53258148a5e9;src_68477afa07d6;src_6ce929ca1736;src_81c5fe8d1b02;src_8f0698d69120;src_9869ef080ebd;src_9ef2a7b66e04;src_a0bedefcbbb2;src_c0d45adf2a1b;src_d0efa9a1d2ca;src_d46eedaf6c55;src_f5041537304c;src_fc8fc11eea9d;src_f428cc11d231,FALSE,NA,Droits : consulter DATA_LICENSES.md.
historical_party_results,data_status,data status,État fourni par la source ou type explicite de transformation; finalité jamais inférée d’un pourcentage de dépouillement.,character,selon description,final;preliminary,"NA : absent, non diffusé, non applicable ou conversion impossible; jamais imputé. Consulter source et quality_report.",src_04249426efff;src_23a95c0b8ace;src_2d4e90d4e476;src_335c9751e725;src_3ee19c14cf6d;src_46b2b80361d8;src_4e9171631c9b;src_53258148a5e9;src_68477afa07d6;src_6ce929ca1736;src_81c5fe8d1b02;src_8f0698d69120;src_9869ef080ebd;src_9ef2a7b66e04;src_a0bedefcbbb2;src_c0d45adf2a1b;src_d0efa9a1d2ca;src_d46eedaf6c55;src_f5041537304c;src_fc8fc11eea9d;src_f428cc11d231,FALSE,NA,Droits : consulter DATA_LICENSES.md.
historical_turnout,election_id,election id,"Identifiant contextualisé : Québec, provincial, date et type.",character,selon description,NA,"NA : absent, non diffusé, non applicable ou conversion impossible; jamais imputé. Consulter source et quality_report.",src_04249426efff;src_23a95c0b8ace;src_2d4e90d4e476;src_335c9751e725;src_3ee19c14cf6d;src_46b2b80361d8;src_4e9171631c9b;src_53258148a5e9;src_68477afa07d6;src_6ce929ca1736;src_81c5fe8d1b02;src_8f0698d69120;src_9869ef080ebd;src_9ef2a7b66e04;src_a0bedefcbbb2;src_c0d45adf2a1b;src_d0efa9a1d2ca;src_d46eedaf6c55;src_f5041537304c;src_fc8fc11eea9d;src_f428cc11d231,TRUE,voir R/common.R et script de transformation,Droits : consulter DATA_LICENSES.md.
historical_turnout,district_id,district id,"Carte, édition des codes et code de circonscription; ne pas joindre par nom.",character,selon description,NA,"NA : absent, non diffusé, non applicable ou conversion impossible; jamais imputé. Consulter source et quality_report.",src_04249426efff;src_23a95c0b8ace;src_2d4e90d4e476;src_335c9751e725;src_3ee19c14cf6d;src_46b2b80361d8;src_4e9171631c9b;src_53258148a5e9;src_68477afa07d6;src_6ce929ca1736;src_81c5fe8d1b02;src_8f0698d69120;src_9869ef080ebd;src_9ef2a7b66e04;src_a0bedefcbbb2;src_c0d45adf2a1b;src_d0efa9a1d2ca;src_d46eedaf6c55;src_f5041537304c;src_fc8fc11eea9d;src_f428cc11d231,TRUE,voir R/common.R et script de transformation,Droits : consulter DATA_LICENSES.md.
historical_turnout,district_code,district code,Code de circonscription tel que fourni; sa signification dépend de l’édition.,character,selon description,NA,"NA : absent, non diffusé, non applicable ou conversion impossible; jamais imputé. Consulter source et quality_report.",src_04249426efff;src_23a95c0b8ace;src_2d4e90d4e476;src_335c9751e725;src_3ee19c14cf6d;src_46b2b80361d8;src_4e9171631c9b;src_53258148a5e9;src_68477afa07d6;src_6ce929ca1736;src_81c5fe8d1b02;src_8f0698d69120;src_9869ef080ebd;src_9ef2a7b66e04;src_a0bedefcbbb2;src_c0d45adf2a1b;src_d0efa9a1d2ca;src_d46eedaf6c55;src_f5041537304c;src_fc8fc11eea9d;src_f428cc11d231,FALSE,NA,Droits : consulter DATA_LICENSES.md.
historical_turnout,district_name,district name,Nom officiel dans cette édition et cette source.,character,selon description,NA,"NA : absent, non diffusé, non applicable ou conversion impossible; jamais imputé. Consulter source et quality_report.",src_04249426efff;src_23a95c0b8ace;src_2d4e90d4e476;src_335c9751e725;src_3ee19c14cf6d;src_46b2b80361d8;src_4e9171631c9b;src_53258148a5e9;src_68477afa07d6;src_6ce929ca1736;src_81c5fe8d1b02;src_8f0698d69120;src_9869ef080ebd;src_9ef2a7b66e04;src_a0bedefcbbb2;src_c0d45adf2a1b;src_d0efa9a1d2ca;src_d46eedaf6c55;src_f5041537304c;src_fc8fc11eea9d;src_f428cc11d231,FALSE,NA,Droits : consulter DATA_LICENSES.md.
historical_turnout,map_year,map year,"Année d’établissement de la carte, attribuée selon l’historique officiel; manquante lorsqu’elle n’est pas confirmée.",character,selon description,NA,"NA : absent, non diffusé, non applicable ou conversion impossible; jamais imputé. Consulter source et quality_report.",src_04249426efff;src_23a95c0b8ace;src_2d4e90d4e476;src_335c9751e725;src_3ee19c14cf6d;src_46b2b80361d8;src_4e9171631c9b;src_53258148a5e9;src_68477afa07d6;src_6ce929ca1736;src_81c5fe8d1b02;src_8f0698d69120;src_9869ef080ebd;src_9ef2a7b66e04;src_a0bedefcbbb2;src_c0d45adf2a1b;src_d0efa9a1d2ca;src_d46eedaf6c55;src_f5041537304c;src_fc8fc11eea9d;src_f428cc11d231,FALSE,NA,Droits : consulter DATA_LICENSES.md.
historical_turnout,code_edition,code edition,Édition de nomenclature; 2022 conserve la carte de 2017 avec changement de nom. Une édition historique contextuelle ne garantit pas une continuité des codes.,character,selon description,NA,"NA : absent, non diffusé, non applicable ou conversion impossible; jamais imputé. Consulter source et quality_report.",src_04249426efff;src_23a95c0b8ace;src_2d4e90d4e476;src_335c9751e725;src_3ee19c14cf6d;src_46b2b80361d8;src_4e9171631c9b;src_53258148a5e9;src_68477afa07d6;src_6ce929ca1736;src_81c5fe8d1b02;src_8f0698d69120;src_9869ef080ebd;src_9ef2a7b66e04;src_a0bedefcbbb2;src_c0d45adf2a1b;src_d0efa9a1d2ca;src_d46eedaf6c55;src_f5041537304c;src_fc8fc11eea9d;src_f428cc11d231,FALSE,NA,Droits : consulter DATA_LICENSES.md.
historical_turnout,registered,registered,Nombre d’électrices et électeurs inscrits selon le périmètre de ce fichier.,numeric,selon description,NA,"NA : absent, non diffusé, non applicable ou conversion impossible; jamais imputé. Consulter source et quality_report.",src_04249426efff;src_23a95c0b8ace;src_2d4e90d4e476;src_335c9751e725;src_3ee19c14cf6d;src_46b2b80361d8;src_4e9171631c9b;src_53258148a5e9;src_68477afa07d6;src_6ce929ca1736;src_81c5fe8d1b02;src_8f0698d69120;src_9869ef080ebd;src_9ef2a7b66e04;src_a0bedefcbbb2;src_c0d45adf2a1b;src_d0efa9a1d2ca;src_d46eedaf6c55;src_f5041537304c;src_fc8fc11eea9d;src_f428cc11d231,FALSE,NA,Droits : consulter DATA_LICENSES.md.
historical_turnout,valid_ballots,valid ballots,Nombre de bulletins valides publié.,numeric,selon description,NA,"NA : absent, non diffusé, non applicable ou conversion impossible; jamais imputé. Consulter source et quality_report.",src_04249426efff;src_23a95c0b8ace;src_2d4e90d4e476;src_335c9751e725;src_3ee19c14cf6d;src_46b2b80361d8;src_4e9171631c9b;src_53258148a5e9;src_68477afa07d6;src_6ce929ca1736;src_81c5fe8d1b02;src_8f0698d69120;src_9869ef080ebd;src_9ef2a7b66e04;src_a0bedefcbbb2;src_c0d45adf2a1b;src_d0efa9a1d2ca;src_d46eedaf6c55;src_f5041537304c;src_fc8fc11eea9d;src_f428cc11d231,FALSE,NA,Droits : consulter DATA_LICENSES.md.
historical_turnout,rejected_ballots,rejected ballots,Nombre de bulletins rejetés publié.,numeric,selon description,NA,"NA : absent, non diffusé, non applicable ou conversion impossible; jamais imputé. Consulter source et quality_report.",src_04249426efff;src_23a95c0b8ace;src_2d4e90d4e476;src_335c9751e725;src_3ee19c14cf6d;src_46b2b80361d8;src_4e9171631c9b;src_53258148a5e9;src_68477afa07d6;src_6ce929ca1736;src_81c5fe8d1b02;src_8f0698d69120;src_9869ef080ebd;src_9ef2a7b66e04;src_a0bedefcbbb2;src_c0d45adf2a1b;src_d0efa9a1d2ca;src_d46eedaf6c55;src_f5041537304c;src_fc8fc11eea9d;src_f428cc11d231,FALSE,NA,Droits : consulter DATA_LICENSES.md.
historical_turnout,votes_cast,votes cast,Bulletins valides et rejetés; valeur source si disponible.,numeric,selon description,NA,"NA : absent, non diffusé, non applicable ou conversion impossible; jamais imputé. Consulter source et quality_report.",src_04249426efff;src_23a95c0b8ace;src_2d4e90d4e476;src_335c9751e725;src_3ee19c14cf6d;src_46b2b80361d8;src_4e9171631c9b;src_53258148a5e9;src_68477afa07d6;src_6ce929ca1736;src_81c5fe8d1b02;src_8f0698d69120;src_9869ef080ebd;src_9ef2a7b66e04;src_a0bedefcbbb2;src_c0d45adf2a1b;src_d0efa9a1d2ca;src_d46eedaf6c55;src_f5041537304c;src_fc8fc11eea9d;src_f428cc11d231,FALSE,NA,Droits : consulter DATA_LICENSES.md.
historical_turnout,turnout_source_pct,turnout source pct,Pourcentage de participation publié pour la circonscription.,numeric,pourcentage 0-100,NA,"NA : absent, non diffusé, non applicable ou conversion impossible; jamais imputé. Consulter source et quality_report.",src_04249426efff;src_23a95c0b8ace;src_2d4e90d4e476;src_335c9751e725;src_3ee19c14cf6d;src_46b2b80361d8;src_4e9171631c9b;src_53258148a5e9;src_68477afa07d6;src_6ce929ca1736;src_81c5fe8d1b02;src_8f0698d69120;src_9869ef080ebd;src_9ef2a7b66e04;src_a0bedefcbbb2;src_c0d45adf2a1b;src_d0efa9a1d2ca;src_d46eedaf6c55;src_f5041537304c;src_fc8fc11eea9d;src_f428cc11d231,FALSE,NA,Droits : consulter DATA_LICENSES.md.
historical_turnout,polls_counted,polls counted,Nombre de bureaux dont les résultats sont renseignés.,numeric,selon description,NA,"NA : absent, non diffusé, non applicable ou conversion impossible; jamais imputé. Consulter source et quality_report.",src_04249426efff;src_23a95c0b8ace;src_2d4e90d4e476;src_335c9751e725;src_3ee19c14cf6d;src_46b2b80361d8;src_4e9171631c9b;src_53258148a5e9;src_68477afa07d6;src_6ce929ca1736;src_81c5fe8d1b02;src_8f0698d69120;src_9869ef080ebd;src_9ef2a7b66e04;src_a0bedefcbbb2;src_c0d45adf2a1b;src_d0efa9a1d2ca;src_d46eedaf6c55;src_f5041537304c;src_fc8fc11eea9d;src_f428cc11d231,FALSE,NA,Droits : consulter DATA_LICENSES.md.
historical_turnout,polls_total,polls total,Nombre total de bureaux annoncé.,numeric,selon description,NA,"NA : absent, non diffusé, non applicable ou conversion impossible; jamais imputé. Consulter source et quality_report.",src_04249426efff;src_23a95c0b8ace;src_2d4e90d4e476;src_335c9751e725;src_3ee19c14cf6d;src_46b2b80361d8;src_4e9171631c9b;src_53258148a5e9;src_68477afa07d6;src_6ce929ca1736;src_81c5fe8d1b02;src_8f0698d69120;src_9869ef080ebd;src_9ef2a7b66e04;src_a0bedefcbbb2;src_c0d45adf2a1b;src_d0efa9a1d2ca;src_d46eedaf6c55;src_f5041537304c;src_fc8fc11eea9d;src_f428cc11d231,FALSE,NA,Droits : consulter DATA_LICENSES.md.
historical_turnout,turnout_observed_pct,turnout observed pct,"Rapport des votes actuellement comptés aux inscrits; pendant le dépouillement, ce n’est pas la participation finale.",numeric,pourcentage 0-100,NA,"NA : absent, non diffusé, non applicable ou conversion impossible; jamais imputé. Consulter source et quality_report.",src_04249426efff;src_23a95c0b8ace;src_2d4e90d4e476;src_335c9751e725;src_3ee19c14cf6d;src_46b2b80361d8;src_4e9171631c9b;src_53258148a5e9;src_68477afa07d6;src_6ce929ca1736;src_81c5fe8d1b02;src_8f0698d69120;src_9869ef080ebd;src_9ef2a7b66e04;src_a0bedefcbbb2;src_c0d45adf2a1b;src_d0efa9a1d2ca;src_d46eedaf6c55;src_f5041537304c;src_fc8fc11eea9d;src_f428cc11d231,TRUE,"100 * votes_cast / registered, si registered > 0",Droits : consulter DATA_LICENSES.md.
historical_turnout,rejected_ballots_pct,rejected ballots pct,"Pourcentage des votes exprimés constitué de bulletins rejetés, recalculé.",numeric,pourcentage 0-100,NA,"NA : absent, non diffusé, non applicable ou conversion impossible; jamais imputé. Consulter source et quality_report.",src_04249426efff;src_23a95c0b8ace;src_2d4e90d4e476;src_335c9751e725;src_3ee19c14cf6d;src_46b2b80361d8;src_4e9171631c9b;src_53258148a5e9;src_68477afa07d6;src_6ce929ca1736;src_81c5fe8d1b02;src_8f0698d69120;src_9869ef080ebd;src_9ef2a7b66e04;src_a0bedefcbbb2;src_c0d45adf2a1b;src_d0efa9a1d2ca;src_d46eedaf6c55;src_f5041537304c;src_fc8fc11eea9d;src_f428cc11d231,TRUE,100 * rejected_ballots / votes_cast,Droits : consulter DATA_LICENSES.md.
historical_turnout,source_id,source id,Identifiant SHA-256 de l’URL dans le catalogue maître.,character,selon description,NA,"NA : absent, non diffusé, non applicable ou conversion impossible; jamais imputé. Consulter source et quality_report.",src_04249426efff;src_23a95c0b8ace;src_2d4e90d4e476;src_335c9751e725;src_3ee19c14cf6d;src_46b2b80361d8;src_4e9171631c9b;src_53258148a5e9;src_68477afa07d6;src_6ce929ca1736;src_81c5fe8d1b02;src_8f0698d69120;src_9869ef080ebd;src_9ef2a7b66e04;src_a0bedefcbbb2;src_c0d45adf2a1b;src_d0efa9a1d2ca;src_d46eedaf6c55;src_f5041537304c;src_fc8fc11eea9d;src_f428cc11d231,TRUE,voir R/common.R et script de transformation,Droits : consulter DATA_LICENSES.md.
historical_turnout,snapshot_id,snapshot id,Identifiant unique de la consultation et des octets sources.,character,selon description,NA,"NA : absent, non diffusé, non applicable ou conversion impossible; jamais imputé. Consulter source et quality_report.",src_04249426efff;src_23a95c0b8ace;src_2d4e90d4e476;src_335c9751e725;src_3ee19c14cf6d;src_46b2b80361d8;src_4e9171631c9b;src_53258148a5e9;src_68477afa07d6;src_6ce929ca1736;src_81c5fe8d1b02;src_8f0698d69120;src_9869ef080ebd;src_9ef2a7b66e04;src_a0bedefcbbb2;src_c0d45adf2a1b;src_d0efa9a1d2ca;src_d46eedaf6c55;src_f5041537304c;src_fc8fc11eea9d;src_f428cc11d231,TRUE,voir R/common.R et script de transformation,Droits : consulter DATA_LICENSES.md.
historical_turnout,observed_at,observed at,Instant UTC où la source a été consultée; ne désigne pas la date de l’événement.,character,selon description,NA,"NA : absent, non diffusé, non applicable ou conversion impossible; jamais imputé. Consulter source et quality_report.",src_04249426efff;src_23a95c0b8ace;src_2d4e90d4e476;src_335c9751e725;src_3ee19c14cf6d;src_46b2b80361d8;src_4e9171631c9b;src_53258148a5e9;src_68477afa07d6;src_6ce929ca1736;src_81c5fe8d1b02;src_8f0698d69120;src_9869ef080ebd;src_9ef2a7b66e04;src_a0bedefcbbb2;src_c0d45adf2a1b;src_d0efa9a1d2ca;src_d46eedaf6c55;src_f5041537304c;src_fc8fc11eea9d;src_f428cc11d231,TRUE,voir R/common.R et script de transformation,Droits : consulter DATA_LICENSES.md.
historical_turnout,retrieved_at,retrieved at,"Fin de la récupération, en UTC.",character,selon description,NA,"NA : absent, non diffusé, non applicable ou conversion impossible; jamais imputé. Consulter source et quality_report.",src_04249426efff;src_23a95c0b8ace;src_2d4e90d4e476;src_335c9751e725;src_3ee19c14cf6d;src_46b2b80361d8;src_4e9171631c9b;src_53258148a5e9;src_68477afa07d6;src_6ce929ca1736;src_81c5fe8d1b02;src_8f0698d69120;src_9869ef080ebd;src_9ef2a7b66e04;src_a0bedefcbbb2;src_c0d45adf2a1b;src_d0efa9a1d2ca;src_d46eedaf6c55;src_f5041537304c;src_fc8fc11eea9d;src_f428cc11d231,TRUE,voir R/common.R et script de transformation,Droits : consulter DATA_LICENSES.md.
historical_turnout,source_updated_at,source updated at,"Horodatage annoncé par le producteur, converti en UTC; manquant si absent.",character,selon description,NA,"NA : absent, non diffusé, non applicable ou conversion impossible; jamais imputé. Consulter source et quality_report.",src_04249426efff;src_23a95c0b8ace;src_2d4e90d4e476;src_335c9751e725;src_3ee19c14cf6d;src_46b2b80361d8;src_4e9171631c9b;src_53258148a5e9;src_68477afa07d6;src_6ce929ca1736;src_81c5fe8d1b02;src_8f0698d69120;src_9869ef080ebd;src_9ef2a7b66e04;src_a0bedefcbbb2;src_c0d45adf2a1b;src_d0efa9a1d2ca;src_d46eedaf6c55;src_f5041537304c;src_fc8fc11eea9d;src_f428cc11d231,FALSE,NA,Droits : consulter DATA_LICENSES.md.
historical_turnout,data_status,data status,État fourni par la source ou type explicite de transformation; finalité jamais inférée d’un pourcentage de dépouillement.,character,selon description,final,"NA : absent, non diffusé, non applicable ou conversion impossible; jamais imputé. Consulter source et quality_report.",src_04249426efff;src_23a95c0b8ace;src_2d4e90d4e476;src_335c9751e725;src_3ee19c14cf6d;src_46b2b80361d8;src_4e9171631c9b;src_53258148a5e9;src_68477afa07d6;src_6ce929ca1736;src_81c5fe8d1b02;src_8f0698d69120;src_9869ef080ebd;src_9ef2a7b66e04;src_a0bedefcbbb2;src_c0d45adf2a1b;src_d0efa9a1d2ca;src_d46eedaf6c55;src_f5041537304c;src_fc8fc11eea9d;src_f428cc11d231,FALSE,NA,Droits : consulter DATA_LICENSES.md.
parties,party_registry_id,party registry id,Identifiant de parti dans le REPAQ; distinct des anciens codes de résultats.,character,selon description,NA,"NA : absent, non diffusé, non applicable ou conversion impossible; jamais imputé. Consulter source et quality_report.",src_0adf08e78b00,TRUE,voir R/common.R et script de transformation,Droits : consulter DATA_LICENSES.md.
parties,registry_code,registry code,"Code actuel du registre, distinct des codes d’anciennes élections.",character,selon description,NA,"NA : absent, non diffusé, non applicable ou conversion impossible; jamais imputé. Consulter source et quality_report.",src_0adf08e78b00,FALSE,NA,Droits : consulter DATA_LICENSES.md.
parties,former_code,former code,Ancien code fourni explicitement par le registre.,character,selon description,NA,"NA : absent, non diffusé, non applicable ou conversion impossible; jamais imputé. Consulter source et quality_report.",src_0adf08e78b00,FALSE,NA,Droits : consulter DATA_LICENSES.md.
parties,party_name,party name,Nom politique fourni pour cet événement; ne pas présumer que les codes sont stables.,character,selon description,NA,"NA : absent, non diffusé, non applicable ou conversion impossible; jamais imputé. Consulter source et quality_report.",src_0adf08e78b00,FALSE,NA,Droits : consulter DATA_LICENSES.md.
parties,former_name,former name,Ancien nom fourni explicitement par le registre.,character,selon description,NA,"NA : absent, non diffusé, non applicable ou conversion impossible; jamais imputé. Consulter source et quality_report.",src_0adf08e78b00,FALSE,NA,Droits : consulter DATA_LICENSES.md.
parties,name_changed_on,name changed on,Date de changement de nom explicitement fournie.,character,selon description,NA,"NA : absent, non diffusé, non applicable ou conversion impossible; jamais imputé. Consulter source et quality_report.",src_0adf08e78b00,FALSE,NA,Droits : consulter DATA_LICENSES.md.
parties,authorized_on,authorized on,Date d’autorisation telle que fournie.,character,selon description,NA,"NA : absent, non diffusé, non applicable ou conversion impossible; jamais imputé. Consulter source et quality_report.",src_0adf08e78b00,FALSE,NA,Droits : consulter DATA_LICENSES.md.
parties,registry_status,registry status,État administratif diffusé dans la capture du registre.,character,selon description,NA,"NA : absent, non diffusé, non applicable ou conversion impossible; jamais imputé. Consulter source et quality_report.",src_0adf08e78b00,FALSE,NA,Droits : consulter DATA_LICENSES.md.
parties,source_id,source id,Identifiant SHA-256 de l’URL dans le catalogue maître.,character,selon description,NA,"NA : absent, non diffusé, non applicable ou conversion impossible; jamais imputé. Consulter source et quality_report.",src_0adf08e78b00,TRUE,voir R/common.R et script de transformation,Droits : consulter DATA_LICENSES.md.
parties,snapshot_id,snapshot id,Identifiant unique de la consultation et des octets sources.,character,selon description,NA,"NA : absent, non diffusé, non applicable ou conversion impossible; jamais imputé. Consulter source et quality_report.",src_0adf08e78b00,TRUE,voir R/common.R et script de transformation,Droits : consulter DATA_LICENSES.md.
parties,observed_at,observed at,Instant UTC où la source a été consultée; ne désigne pas la date de l’événement.,character,selon description,NA,"NA : absent, non diffusé, non applicable ou conversion impossible; jamais imputé. Consulter source et quality_report.",src_0adf08e78b00,TRUE,voir R/common.R et script de transformation,Droits : consulter DATA_LICENSES.md.
parties,retrieved_at,retrieved at,"Fin de la récupération, en UTC.",character,selon description,NA,"NA : absent, non diffusé, non applicable ou conversion impossible; jamais imputé. Consulter source et quality_report.",src_0adf08e78b00,TRUE,voir R/common.R et script de transformation,Droits : consulter DATA_LICENSES.md.
parties,source_updated_at,source updated at,"Horodatage annoncé par le producteur, converti en UTC; manquant si absent.",character,selon description,NA,"NA : absent, non diffusé, non applicable ou conversion impossible; jamais imputé. Consulter source et quality_report.",src_0adf08e78b00,FALSE,NA,Droits : consulter DATA_LICENSES.md.
parties,data_status,data status,État fourni par la source ou type explicite de transformation; finalité jamais inférée d’un pourcentage de dépouillement.,character,selon description,observed,"NA : absent, non diffusé, non applicable ou conversion impossible; jamais imputé. Consulter source et quality_report.",src_0adf08e78b00,FALSE,NA,Droits : consulter DATA_LICENSES.md.
party_authorization_history,party_registry_id,party registry id,Identifiant de parti dans le REPAQ; distinct des anciens codes de résultats.,character,selon description,NA,"NA : absent, non diffusé, non applicable ou conversion impossible; jamais imputé. Consulter source et quality_report.",src_0adf08e78b00,TRUE,voir R/common.R et script de transformation,Droits : consulter DATA_LICENSES.md.
party_authorization_history,authorized_on,authorized on,Date d’autorisation telle que fournie.,character,selon description,NA,"NA : absent, non diffusé, non applicable ou conversion impossible; jamais imputé. Consulter source et quality_report.",src_0adf08e78b00,FALSE,NA,Droits : consulter DATA_LICENSES.md.
party_authorization_history,source_id,source id,Identifiant SHA-256 de l’URL dans le catalogue maître.,character,selon description,NA,"NA : absent, non diffusé, non applicable ou conversion impossible; jamais imputé. Consulter source et quality_report.",src_0adf08e78b00,TRUE,voir R/common.R et script de transformation,Droits : consulter DATA_LICENSES.md.
party_authorization_history,snapshot_id,snapshot id,Identifiant unique de la consultation et des octets sources.,character,selon description,NA,"NA : absent, non diffusé, non applicable ou conversion impossible; jamais imputé. Consulter source et quality_report.",src_0adf08e78b00,TRUE,voir R/common.R et script de transformation,Droits : consulter DATA_LICENSES.md.
party_authorization_history,observed_at,observed at,Instant UTC où la source a été consultée; ne désigne pas la date de l’événement.,character,selon description,NA,"NA : absent, non diffusé, non applicable ou conversion impossible; jamais imputé. Consulter source et quality_report.",src_0adf08e78b00,TRUE,voir R/common.R et script de transformation,Droits : consulter DATA_LICENSES.md.
party_authorization_history,retrieved_at,retrieved at,"Fin de la récupération, en UTC.",character,selon description,NA,"NA : absent, non diffusé, non applicable ou conversion impossible; jamais imputé. Consulter source et quality_report.",src_0adf08e78b00,TRUE,voir R/common.R et script de transformation,Droits : consulter DATA_LICENSES.md.
party_authorization_history,source_updated_at,source updated at,"Horodatage annoncé par le producteur, converti en UTC; manquant si absent.",character,selon description,NA,"NA : absent, non diffusé, non applicable ou conversion impossible; jamais imputé. Consulter source et quality_report.",src_0adf08e78b00,FALSE,NA,Droits : consulter DATA_LICENSES.md.
party_authorization_history,data_status,data status,État fourni par la source ou type explicite de transformation; finalité jamais inférée d’un pourcentage de dépouillement.,character,selon description,observed,"NA : absent, non diffusé, non applicable ou conversion impossible; jamais imputé. Consulter source et quality_report.",src_0adf08e78b00,FALSE,NA,Droits : consulter DATA_LICENSES.md.
party_officials,party_registry_id,party registry id,Identifiant de parti dans le REPAQ; distinct des anciens codes de résultats.,character,selon description,NA,"NA : absent, non diffusé, non applicable ou conversion impossible; jamais imputé. Consulter source et quality_report.",src_0adf08e78b00,TRUE,voir R/common.R et script de transformation,Droits : consulter DATA_LICENSES.md.
party_officials,role_source,role source,"Code original de fonction publique; seules les fonctions chef, représentant officiel et agent officiel sont conservées.",character,selon description,NA,"NA : absent, non diffusé, non applicable ou conversion impossible; jamais imputé. Consulter source et quality_report.",src_0adf08e78b00,FALSE,NA,Droits : consulter DATA_LICENSES.md.
party_officials,official_name,official name,Nom courant fourni par le registre des partis autorisés.,character,selon description,NA,"NA : absent, non diffusé, non applicable ou conversion impossible; jamais imputé. Consulter source et quality_report.",src_0adf08e78b00,FALSE,NA,Droits : consulter DATA_LICENSES.md.
party_officials,appointed_on,appointed on,Date de nomination officiellement diffusée pour cette fonction.,character,selon description,NA,"NA : absent, non diffusé, non applicable ou conversion impossible; jamais imputé. Consulter source et quality_report.",src_0adf08e78b00,FALSE,NA,Droits : consulter DATA_LICENSES.md.
party_officials,resigned_on,resigned on,Date de démission fournie; manquante si absente.,character,selon description,NA,"NA : absent, non diffusé, non applicable ou conversion impossible; jamais imputé. Consulter source et quality_report.",src_0adf08e78b00,FALSE,NA,Droits : consulter DATA_LICENSES.md.
party_officials,source_id,source id,Identifiant SHA-256 de l’URL dans le catalogue maître.,character,selon description,NA,"NA : absent, non diffusé, non applicable ou conversion impossible; jamais imputé. Consulter source et quality_report.",src_0adf08e78b00,TRUE,voir R/common.R et script de transformation,Droits : consulter DATA_LICENSES.md.
party_officials,snapshot_id,snapshot id,Identifiant unique de la consultation et des octets sources.,character,selon description,NA,"NA : absent, non diffusé, non applicable ou conversion impossible; jamais imputé. Consulter source et quality_report.",src_0adf08e78b00,TRUE,voir R/common.R et script de transformation,Droits : consulter DATA_LICENSES.md.
party_officials,observed_at,observed at,Instant UTC où la source a été consultée; ne désigne pas la date de l’événement.,character,selon description,NA,"NA : absent, non diffusé, non applicable ou conversion impossible; jamais imputé. Consulter source et quality_report.",src_0adf08e78b00,TRUE,voir R/common.R et script de transformation,Droits : consulter DATA_LICENSES.md.
party_officials,retrieved_at,retrieved at,"Fin de la récupération, en UTC.",character,selon description,NA,"NA : absent, non diffusé, non applicable ou conversion impossible; jamais imputé. Consulter source et quality_report.",src_0adf08e78b00,TRUE,voir R/common.R et script de transformation,Droits : consulter DATA_LICENSES.md.
party_officials,source_updated_at,source updated at,"Horodatage annoncé par le producteur, converti en UTC; manquant si absent.",character,selon description,NA,"NA : absent, non diffusé, non applicable ou conversion impossible; jamais imputé. Consulter source et quality_report.",src_0adf08e78b00,FALSE,NA,Droits : consulter DATA_LICENSES.md.
party_officials,data_status,data status,État fourni par la source ou type explicite de transformation; finalité jamais inférée d’un pourcentage de dépouillement.,character,selon description,observed,"NA : absent, non diffusé, non applicable ou conversion impossible; jamais imputé. Consulter source et quality_report.",src_0adf08e78b00,FALSE,NA,Droits : consulter DATA_LICENSES.md.
polling_candidate_links,election_id,election id,"Identifiant contextualisé : Québec, provincial, date et type.",character,selon description,NA,"NA : absent, non diffusé, non applicable ou conversion impossible; jamais imputé. Consulter source et quality_report.",src_f428cc11d231;src_95002082f0df;src_71826904d44e;src_3c0feca35341;src_0ce80283f028;src_4b31782ef406;src_790afb52d855;src_71477ce5c01a;src_979ff86575ac;src_827a94931755;src_324607d7dfe9;src_a0012cc28850;src_70d5ee7502b1;src_f80644e75365;src_0f7998c94572;src_0fb95c6f3b76;src_02aae4952a51;src_e82b708fe54b;src_57c005bbf0f6;src_8c25176b3b11;src_04bf0e127029,TRUE,voir R/common.R et script de transformation,Droits : consulter DATA_LICENSES.md.
polling_candidate_links,district_id,district id,"Carte, édition des codes et code de circonscription; ne pas joindre par nom.",character,selon description,NA,"NA : absent, non diffusé, non applicable ou conversion impossible; jamais imputé. Consulter source et quality_report.",src_f428cc11d231;src_95002082f0df;src_71826904d44e;src_3c0feca35341;src_0ce80283f028;src_4b31782ef406;src_790afb52d855;src_71477ce5c01a;src_979ff86575ac;src_827a94931755;src_324607d7dfe9;src_a0012cc28850;src_70d5ee7502b1;src_f80644e75365;src_0f7998c94572;src_0fb95c6f3b76;src_02aae4952a51;src_e82b708fe54b;src_57c005bbf0f6;src_8c25176b3b11;src_04bf0e127029,TRUE,voir R/common.R et script de transformation,Droits : consulter DATA_LICENSES.md.
polling_candidate_links,candidate_id,candidate id,Identifiant de candidature contextualisé; ne désigne pas une personne entre élections.,character,selon description,NA,"NA : absent, non diffusé, non applicable ou conversion impossible; jamais imputé. Consulter source et quality_report.",src_f428cc11d231;src_95002082f0df;src_71826904d44e;src_3c0feca35341;src_0ce80283f028;src_4b31782ef406;src_790afb52d855;src_71477ce5c01a;src_979ff86575ac;src_827a94931755;src_324607d7dfe9;src_a0012cc28850;src_70d5ee7502b1;src_f80644e75365;src_0f7998c94572;src_0fb95c6f3b76;src_02aae4952a51;src_e82b708fe54b;src_57c005bbf0f6;src_8c25176b3b11;src_04bf0e127029,TRUE,voir R/common.R et script de transformation,Droits : consulter DATA_LICENSES.md.
polling_candidate_links,candidate_header_source,candidate header source,"En-tête original nom, prénom et appartenance politique dans le fichier de bureaux.",character,selon description,NA,"NA : absent, non diffusé, non applicable ou conversion impossible; jamais imputé. Consulter source et quality_report.",src_f428cc11d231;src_95002082f0df;src_71826904d44e;src_3c0feca35341;src_0ce80283f028;src_4b31782ef406;src_790afb52d855;src_71477ce5c01a;src_979ff86575ac;src_827a94931755;src_324607d7dfe9;src_a0012cc28850;src_70d5ee7502b1;src_f80644e75365;src_0f7998c94572;src_0fb95c6f3b76;src_02aae4952a51;src_e82b708fe54b;src_57c005bbf0f6;src_8c25176b3b11;src_04bf0e127029,FALSE,NA,Droits : consulter DATA_LICENSES.md.
polling_candidate_links,candidate_link_status,candidate link status,"Appariement exact dans une même élection, circonscription et appartenance; aucun rapprochement de personnes entre années.",character,selon description,NA,"NA : absent, non diffusé, non applicable ou conversion impossible; jamais imputé. Consulter source et quality_report.",src_f428cc11d231;src_95002082f0df;src_71826904d44e;src_3c0feca35341;src_0ce80283f028;src_4b31782ef406;src_790afb52d855;src_71477ce5c01a;src_979ff86575ac;src_827a94931755;src_324607d7dfe9;src_a0012cc28850;src_70d5ee7502b1;src_f80644e75365;src_0f7998c94572;src_0fb95c6f3b76;src_02aae4952a51;src_e82b708fe54b;src_57c005bbf0f6;src_8c25176b3b11;src_04bf0e127029,FALSE,NA,Droits : consulter DATA_LICENSES.md.
polling_candidate_links,source_id,source id,Identifiant SHA-256 de l’URL dans le catalogue maître.,character,selon description,NA,"NA : absent, non diffusé, non applicable ou conversion impossible; jamais imputé. Consulter source et quality_report.",src_f428cc11d231;src_95002082f0df;src_71826904d44e;src_3c0feca35341;src_0ce80283f028;src_4b31782ef406;src_790afb52d855;src_71477ce5c01a;src_979ff86575ac;src_827a94931755;src_324607d7dfe9;src_a0012cc28850;src_70d5ee7502b1;src_f80644e75365;src_0f7998c94572;src_0fb95c6f3b76;src_02aae4952a51;src_e82b708fe54b;src_57c005bbf0f6;src_8c25176b3b11;src_04bf0e127029,TRUE,voir R/common.R et script de transformation,Droits : consulter DATA_LICENSES.md.
polling_candidate_links,snapshot_id,snapshot id,Identifiant unique de la consultation et des octets sources.,character,selon description,NA,"NA : absent, non diffusé, non applicable ou conversion impossible; jamais imputé. Consulter source et quality_report.",src_f428cc11d231;src_95002082f0df;src_71826904d44e;src_3c0feca35341;src_0ce80283f028;src_4b31782ef406;src_790afb52d855;src_71477ce5c01a;src_979ff86575ac;src_827a94931755;src_324607d7dfe9;src_a0012cc28850;src_70d5ee7502b1;src_f80644e75365;src_0f7998c94572;src_0fb95c6f3b76;src_02aae4952a51;src_e82b708fe54b;src_57c005bbf0f6;src_8c25176b3b11;src_04bf0e127029,TRUE,voir R/common.R et script de transformation,Droits : consulter DATA_LICENSES.md.
polling_candidate_links,observed_at,observed at,Instant UTC où la source a été consultée; ne désigne pas la date de l’événement.,character,selon description,NA,"NA : absent, non diffusé, non applicable ou conversion impossible; jamais imputé. Consulter source et quality_report.",src_f428cc11d231;src_95002082f0df;src_71826904d44e;src_3c0feca35341;src_0ce80283f028;src_4b31782ef406;src_790afb52d855;src_71477ce5c01a;src_979ff86575ac;src_827a94931755;src_324607d7dfe9;src_a0012cc28850;src_70d5ee7502b1;src_f80644e75365;src_0f7998c94572;src_0fb95c6f3b76;src_02aae4952a51;src_e82b708fe54b;src_57c005bbf0f6;src_8c25176b3b11;src_04bf0e127029,TRUE,voir R/common.R et script de transformation,Droits : consulter DATA_LICENSES.md.
polling_candidate_links,retrieved_at,retrieved at,"Fin de la récupération, en UTC.",character,selon description,NA,"NA : absent, non diffusé, non applicable ou conversion impossible; jamais imputé. Consulter source et quality_report.",src_f428cc11d231;src_95002082f0df;src_71826904d44e;src_3c0feca35341;src_0ce80283f028;src_4b31782ef406;src_790afb52d855;src_71477ce5c01a;src_979ff86575ac;src_827a94931755;src_324607d7dfe9;src_a0012cc28850;src_70d5ee7502b1;src_f80644e75365;src_0f7998c94572;src_0fb95c6f3b76;src_02aae4952a51;src_e82b708fe54b;src_57c005bbf0f6;src_8c25176b3b11;src_04bf0e127029,TRUE,voir R/common.R et script de transformation,Droits : consulter DATA_LICENSES.md.
polling_candidate_links,source_updated_at,source updated at,"Horodatage annoncé par le producteur, converti en UTC; manquant si absent.",character,selon description,NA,"NA : absent, non diffusé, non applicable ou conversion impossible; jamais imputé. Consulter source et quality_report.",src_f428cc11d231;src_95002082f0df;src_71826904d44e;src_3c0feca35341;src_0ce80283f028;src_4b31782ef406;src_790afb52d855;src_71477ce5c01a;src_979ff86575ac;src_827a94931755;src_324607d7dfe9;src_a0012cc28850;src_70d5ee7502b1;src_f80644e75365;src_0f7998c94572;src_0fb95c6f3b76;src_02aae4952a51;src_e82b708fe54b;src_57c005bbf0f6;src_8c25176b3b11;src_04bf0e127029,FALSE,NA,Droits : consulter DATA_LICENSES.md.
polling_candidate_links,data_status,data status,État fourni par la source ou type explicite de transformation; finalité jamais inférée d’un pourcentage de dépouillement.,character,selon description,final,"NA : absent, non diffusé, non applicable ou conversion impossible; jamais imputé. Consulter source et quality_report.",src_f428cc11d231;src_95002082f0df;src_71826904d44e;src_3c0feca35341;src_0ce80283f028;src_4b31782ef406;src_790afb52d855;src_71477ce5c01a;src_979ff86575ac;src_827a94931755;src_324607d7dfe9;src_a0012cc28850;src_70d5ee7502b1;src_f80644e75365;src_0f7998c94572;src_0fb95c6f3b76;src_02aae4952a51;src_e82b708fe54b;src_57c005bbf0f6;src_8c25176b3b11;src_04bf0e127029,FALSE,NA,Droits : consulter DATA_LICENSES.md.
polling_candidate_links,published_units,published units,Nombre de lignes d’unités publiées portant cet en-tête; ne signifie pas un nombre de sections géographiques distinctes.,integer,selon description,NA,"NA : absent, non diffusé, non applicable ou conversion impossible; jamais imputé. Consulter source et quality_report.",src_f428cc11d231;src_95002082f0df;src_71826904d44e;src_3c0feca35341;src_0ce80283f028;src_4b31782ef406;src_790afb52d855;src_71477ce5c01a;src_979ff86575ac;src_827a94931755;src_324607d7dfe9;src_a0012cc28850;src_70d5ee7502b1;src_f80644e75365;src_0f7998c94572;src_0fb95c6f3b76;src_02aae4952a51;src_e82b708fe54b;src_57c005bbf0f6;src_8c25176b3b11;src_04bf0e127029,FALSE,NA,Droits : consulter DATA_LICENSES.md.
polling_division_results,election_id,election id,"Identifiant contextualisé : Québec, provincial, date et type.",character,selon description,NA,"NA : absent, non diffusé, non applicable ou conversion impossible; jamais imputé. Consulter source et quality_report.",src_02aae4952a51;src_04bf0e127029;src_0ce80283f028;src_0f7998c94572;src_0fb95c6f3b76;src_324607d7dfe9;src_3c0feca35341;src_4b31782ef406;src_57c005bbf0f6;src_70d5ee7502b1;src_71477ce5c01a;src_71826904d44e;src_790afb52d855;src_827a94931755;src_8c25176b3b11;src_95002082f0df;src_979ff86575ac;src_a0012cc28850;src_e82b708fe54b;src_f428cc11d231;src_f80644e75365,TRUE,voir R/common.R et script de transformation,Droits : consulter DATA_LICENSES.md.
polling_division_results,district_id,district id,"Carte, édition des codes et code de circonscription; ne pas joindre par nom.",character,selon description,NA,"NA : absent, non diffusé, non applicable ou conversion impossible; jamais imputé. Consulter source et quality_report.",src_02aae4952a51;src_04bf0e127029;src_0ce80283f028;src_0f7998c94572;src_0fb95c6f3b76;src_324607d7dfe9;src_3c0feca35341;src_4b31782ef406;src_57c005bbf0f6;src_70d5ee7502b1;src_71477ce5c01a;src_71826904d44e;src_790afb52d855;src_827a94931755;src_8c25176b3b11;src_95002082f0df;src_979ff86575ac;src_a0012cc28850;src_e82b708fe54b;src_f428cc11d231;src_f80644e75365,TRUE,voir R/common.R et script de transformation,Droits : consulter DATA_LICENSES.md.
polling_division_results,polling_unit_id,polling unit id,Identifiant de ligne d’unité publiée dans un fichier et une élection; les numéros se répètent entre modalités.,character,selon description,NA,"NA : absent, non diffusé, non applicable ou conversion impossible; jamais imputé. Consulter source et quality_report.",src_02aae4952a51;src_04bf0e127029;src_0ce80283f028;src_0f7998c94572;src_0fb95c6f3b76;src_324607d7dfe9;src_3c0feca35341;src_4b31782ef406;src_57c005bbf0f6;src_70d5ee7502b1;src_71477ce5c01a;src_71826904d44e;src_790afb52d855;src_827a94931755;src_8c25176b3b11;src_95002082f0df;src_979ff86575ac;src_a0012cc28850;src_e82b708fe54b;src_f428cc11d231;src_f80644e75365,TRUE,voir R/common.R et script de transformation,Droits : consulter DATA_LICENSES.md.
polling_division_results,candidate_id,candidate id,Identifiant de candidature contextualisé; ne désigne pas une personne entre élections.,character,selon description,NA,"NA : absent, non diffusé, non applicable ou conversion impossible; jamais imputé. Consulter source et quality_report.",src_02aae4952a51;src_04bf0e127029;src_0ce80283f028;src_0f7998c94572;src_0fb95c6f3b76;src_324607d7dfe9;src_3c0feca35341;src_4b31782ef406;src_57c005bbf0f6;src_70d5ee7502b1;src_71477ce5c01a;src_71826904d44e;src_790afb52d855;src_827a94931755;src_8c25176b3b11;src_95002082f0df;src_979ff86575ac;src_a0012cc28850;src_e82b708fe54b;src_f428cc11d231;src_f80644e75365,TRUE,voir R/common.R et script de transformation,Droits : consulter DATA_LICENSES.md.
polling_division_results,candidate_header_source,candidate header source,"En-tête original nom, prénom et appartenance politique dans le fichier de bureaux.",character,selon description,NA,"NA : absent, non diffusé, non applicable ou conversion impossible; jamais imputé. Consulter source et quality_report.",src_02aae4952a51;src_04bf0e127029;src_0ce80283f028;src_0f7998c94572;src_0fb95c6f3b76;src_324607d7dfe9;src_3c0feca35341;src_4b31782ef406;src_57c005bbf0f6;src_70d5ee7502b1;src_71477ce5c01a;src_71826904d44e;src_790afb52d855;src_827a94931755;src_8c25176b3b11;src_95002082f0df;src_979ff86575ac;src_a0012cc28850;src_e82b708fe54b;src_f428cc11d231;src_f80644e75365,FALSE,NA,Droits : consulter DATA_LICENSES.md.
polling_division_results,candidate_link_status,candidate link status,"Appariement exact dans une même élection, circonscription et appartenance; aucun rapprochement de personnes entre années.",character,selon description,NA,"NA : absent, non diffusé, non applicable ou conversion impossible; jamais imputé. Consulter source et quality_report.",src_02aae4952a51;src_04bf0e127029;src_0ce80283f028;src_0f7998c94572;src_0fb95c6f3b76;src_324607d7dfe9;src_3c0feca35341;src_4b31782ef406;src_57c005bbf0f6;src_70d5ee7502b1;src_71477ce5c01a;src_71826904d44e;src_790afb52d855;src_827a94931755;src_8c25176b3b11;src_95002082f0df;src_979ff86575ac;src_a0012cc28850;src_e82b708fe54b;src_f428cc11d231;src_f80644e75365,FALSE,NA,Droits : consulter DATA_LICENSES.md.
polling_division_results,votes,votes,Bulletins attribués à cette candidature ou ce groupe dans le périmètre indiqué.,numeric,selon description,NA,"NA : absent, non diffusé, non applicable ou conversion impossible; jamais imputé. Consulter source et quality_report.",src_02aae4952a51;src_04bf0e127029;src_0ce80283f028;src_0f7998c94572;src_0fb95c6f3b76;src_324607d7dfe9;src_3c0feca35341;src_4b31782ef406;src_57c005bbf0f6;src_70d5ee7502b1;src_71477ce5c01a;src_71826904d44e;src_790afb52d855;src_827a94931755;src_8c25176b3b11;src_95002082f0df;src_979ff86575ac;src_a0012cc28850;src_e82b708fe54b;src_f428cc11d231;src_f80644e75365,FALSE,NA,Droits : consulter DATA_LICENSES.md.
polling_division_results,source_id,source id,Identifiant SHA-256 de l’URL dans le catalogue maître.,character,selon description,NA,"NA : absent, non diffusé, non applicable ou conversion impossible; jamais imputé. Consulter source et quality_report.",src_02aae4952a51;src_04bf0e127029;src_0ce80283f028;src_0f7998c94572;src_0fb95c6f3b76;src_324607d7dfe9;src_3c0feca35341;src_4b31782ef406;src_57c005bbf0f6;src_70d5ee7502b1;src_71477ce5c01a;src_71826904d44e;src_790afb52d855;src_827a94931755;src_8c25176b3b11;src_95002082f0df;src_979ff86575ac;src_a0012cc28850;src_e82b708fe54b;src_f428cc11d231;src_f80644e75365,TRUE,voir R/common.R et script de transformation,Droits : consulter DATA_LICENSES.md.
polling_division_results,snapshot_id,snapshot id,Identifiant unique de la consultation et des octets sources.,character,selon description,NA,"NA : absent, non diffusé, non applicable ou conversion impossible; jamais imputé. Consulter source et quality_report.",src_02aae4952a51;src_04bf0e127029;src_0ce80283f028;src_0f7998c94572;src_0fb95c6f3b76;src_324607d7dfe9;src_3c0feca35341;src_4b31782ef406;src_57c005bbf0f6;src_70d5ee7502b1;src_71477ce5c01a;src_71826904d44e;src_790afb52d855;src_827a94931755;src_8c25176b3b11;src_95002082f0df;src_979ff86575ac;src_a0012cc28850;src_e82b708fe54b;src_f428cc11d231;src_f80644e75365,TRUE,voir R/common.R et script de transformation,Droits : consulter DATA_LICENSES.md.
polling_division_results,observed_at,observed at,Instant UTC où la source a été consultée; ne désigne pas la date de l’événement.,character,selon description,NA,"NA : absent, non diffusé, non applicable ou conversion impossible; jamais imputé. Consulter source et quality_report.",src_02aae4952a51;src_04bf0e127029;src_0ce80283f028;src_0f7998c94572;src_0fb95c6f3b76;src_324607d7dfe9;src_3c0feca35341;src_4b31782ef406;src_57c005bbf0f6;src_70d5ee7502b1;src_71477ce5c01a;src_71826904d44e;src_790afb52d855;src_827a94931755;src_8c25176b3b11;src_95002082f0df;src_979ff86575ac;src_a0012cc28850;src_e82b708fe54b;src_f428cc11d231;src_f80644e75365,TRUE,voir R/common.R et script de transformation,Droits : consulter DATA_LICENSES.md.
polling_division_results,retrieved_at,retrieved at,"Fin de la récupération, en UTC.",character,selon description,NA,"NA : absent, non diffusé, non applicable ou conversion impossible; jamais imputé. Consulter source et quality_report.",src_02aae4952a51;src_04bf0e127029;src_0ce80283f028;src_0f7998c94572;src_0fb95c6f3b76;src_324607d7dfe9;src_3c0feca35341;src_4b31782ef406;src_57c005bbf0f6;src_70d5ee7502b1;src_71477ce5c01a;src_71826904d44e;src_790afb52d855;src_827a94931755;src_8c25176b3b11;src_95002082f0df;src_979ff86575ac;src_a0012cc28850;src_e82b708fe54b;src_f428cc11d231;src_f80644e75365,TRUE,voir R/common.R et script de transformation,Droits : consulter DATA_LICENSES.md.
polling_division_results,source_updated_at,source updated at,"Horodatage annoncé par le producteur, converti en UTC; manquant si absent.",character,selon description,NA,"NA : absent, non diffusé, non applicable ou conversion impossible; jamais imputé. Consulter source et quality_report.",src_02aae4952a51;src_04bf0e127029;src_0ce80283f028;src_0f7998c94572;src_0fb95c6f3b76;src_324607d7dfe9;src_3c0feca35341;src_4b31782ef406;src_57c005bbf0f6;src_70d5ee7502b1;src_71477ce5c01a;src_71826904d44e;src_790afb52d855;src_827a94931755;src_8c25176b3b11;src_95002082f0df;src_979ff86575ac;src_a0012cc28850;src_e82b708fe54b;src_f428cc11d231;src_f80644e75365,FALSE,NA,Droits : consulter DATA_LICENSES.md.
polling_division_results,data_status,data status,État fourni par la source ou type explicite de transformation; finalité jamais inférée d’un pourcentage de dépouillement.,character,selon description,final,"NA : absent, non diffusé, non applicable ou conversion impossible; jamais imputé. Consulter source et quality_report.",src_02aae4952a51;src_04bf0e127029;src_0ce80283f028;src_0f7998c94572;src_0fb95c6f3b76;src_324607d7dfe9;src_3c0feca35341;src_4b31782ef406;src_57c005bbf0f6;src_70d5ee7502b1;src_71477ce5c01a;src_71826904d44e;src_790afb52d855;src_827a94931755;src_8c25176b3b11;src_95002082f0df;src_979ff86575ac;src_a0012cc28850;src_e82b708fe54b;src_f428cc11d231;src_f80644e75365,FALSE,NA,Droits : consulter DATA_LICENSES.md.
polling_summary_fields,source_summary_row,source summary row,Libellé original d’une ligne de total ou sous-total; exclue des unités individuelles.,character,selon description,NA,"NA : absent, non diffusé, non applicable ou conversion impossible; jamais imputé. Consulter source et quality_report.",src_02aae4952a51;src_04bf0e127029;src_0ce80283f028;src_0f7998c94572;src_0fb95c6f3b76;src_324607d7dfe9;src_3c0feca35341;src_4b31782ef406;src_57c005bbf0f6;src_70d5ee7502b1;src_71477ce5c01a;src_71826904d44e;src_790afb52d855;src_827a94931755;src_8c25176b3b11;src_95002082f0df;src_979ff86575ac;src_a0012cc28850;src_e82b708fe54b;src_f80644e75365,FALSE,NA,Droits : consulter DATA_LICENSES.md.
polling_summary_fields,source_field,source field,Nom original de champ; toutes les valeurs scalaires utiles sont conservées.,character,selon description,NA,"NA : absent, non diffusé, non applicable ou conversion impossible; jamais imputé. Consulter source et quality_report.",src_02aae4952a51;src_04bf0e127029;src_0ce80283f028;src_0f7998c94572;src_0fb95c6f3b76;src_324607d7dfe9;src_3c0feca35341;src_4b31782ef406;src_57c005bbf0f6;src_70d5ee7502b1;src_71477ce5c01a;src_71826904d44e;src_790afb52d855;src_827a94931755;src_8c25176b3b11;src_95002082f0df;src_979ff86575ac;src_a0012cc28850;src_e82b708fe54b;src_f80644e75365,FALSE,NA,Droits : consulter DATA_LICENSES.md.
polling_summary_fields,source_value,source value,Valeur originale sérialisée en texte; les types normalisés sont dans les tables spécialisées.,character,selon description,NA,"NA : absent, non diffusé, non applicable ou conversion impossible; jamais imputé. Consulter source et quality_report.",src_02aae4952a51;src_04bf0e127029;src_0ce80283f028;src_0f7998c94572;src_0fb95c6f3b76;src_324607d7dfe9;src_3c0feca35341;src_4b31782ef406;src_57c005bbf0f6;src_70d5ee7502b1;src_71477ce5c01a;src_71826904d44e;src_790afb52d855;src_827a94931755;src_8c25176b3b11;src_95002082f0df;src_979ff86575ac;src_a0012cc28850;src_e82b708fe54b;src_f80644e75365,FALSE,NA,Droits : consulter DATA_LICENSES.md.
polling_summary_fields,source_file,source file,"Nom original du membre de l’archive, conservé même quand l’extraction utilise un nom ASCII.",character,selon description,NA,"NA : absent, non diffusé, non applicable ou conversion impossible; jamais imputé. Consulter source et quality_report.",src_02aae4952a51;src_04bf0e127029;src_0ce80283f028;src_0f7998c94572;src_0fb95c6f3b76;src_324607d7dfe9;src_3c0feca35341;src_4b31782ef406;src_57c005bbf0f6;src_70d5ee7502b1;src_71477ce5c01a;src_71826904d44e;src_790afb52d855;src_827a94931755;src_8c25176b3b11;src_95002082f0df;src_979ff86575ac;src_a0012cc28850;src_e82b708fe54b;src_f80644e75365,FALSE,NA,Droits : consulter DATA_LICENSES.md.
polling_summary_fields,election_id,election id,"Identifiant contextualisé : Québec, provincial, date et type.",character,selon description,NA,"NA : absent, non diffusé, non applicable ou conversion impossible; jamais imputé. Consulter source et quality_report.",src_02aae4952a51;src_04bf0e127029;src_0ce80283f028;src_0f7998c94572;src_0fb95c6f3b76;src_324607d7dfe9;src_3c0feca35341;src_4b31782ef406;src_57c005bbf0f6;src_70d5ee7502b1;src_71477ce5c01a;src_71826904d44e;src_790afb52d855;src_827a94931755;src_8c25176b3b11;src_95002082f0df;src_979ff86575ac;src_a0012cc28850;src_e82b708fe54b;src_f80644e75365,TRUE,voir R/common.R et script de transformation,Droits : consulter DATA_LICENSES.md.
polling_summary_fields,source_id,source id,Identifiant SHA-256 de l’URL dans le catalogue maître.,character,selon description,NA,"NA : absent, non diffusé, non applicable ou conversion impossible; jamais imputé. Consulter source et quality_report.",src_02aae4952a51;src_04bf0e127029;src_0ce80283f028;src_0f7998c94572;src_0fb95c6f3b76;src_324607d7dfe9;src_3c0feca35341;src_4b31782ef406;src_57c005bbf0f6;src_70d5ee7502b1;src_71477ce5c01a;src_71826904d44e;src_790afb52d855;src_827a94931755;src_8c25176b3b11;src_95002082f0df;src_979ff86575ac;src_a0012cc28850;src_e82b708fe54b;src_f80644e75365,TRUE,voir R/common.R et script de transformation,Droits : consulter DATA_LICENSES.md.
polling_summary_fields,snapshot_id,snapshot id,Identifiant unique de la consultation et des octets sources.,character,selon description,NA,"NA : absent, non diffusé, non applicable ou conversion impossible; jamais imputé. Consulter source et quality_report.",src_02aae4952a51;src_04bf0e127029;src_0ce80283f028;src_0f7998c94572;src_0fb95c6f3b76;src_324607d7dfe9;src_3c0feca35341;src_4b31782ef406;src_57c005bbf0f6;src_70d5ee7502b1;src_71477ce5c01a;src_71826904d44e;src_790afb52d855;src_827a94931755;src_8c25176b3b11;src_95002082f0df;src_979ff86575ac;src_a0012cc28850;src_e82b708fe54b;src_f80644e75365,TRUE,voir R/common.R et script de transformation,Droits : consulter DATA_LICENSES.md.
polling_summary_fields,observed_at,observed at,Instant UTC où la source a été consultée; ne désigne pas la date de l’événement.,character,selon description,NA,"NA : absent, non diffusé, non applicable ou conversion impossible; jamais imputé. Consulter source et quality_report.",src_02aae4952a51;src_04bf0e127029;src_0ce80283f028;src_0f7998c94572;src_0fb95c6f3b76;src_324607d7dfe9;src_3c0feca35341;src_4b31782ef406;src_57c005bbf0f6;src_70d5ee7502b1;src_71477ce5c01a;src_71826904d44e;src_790afb52d855;src_827a94931755;src_8c25176b3b11;src_95002082f0df;src_979ff86575ac;src_a0012cc28850;src_e82b708fe54b;src_f80644e75365,TRUE,voir R/common.R et script de transformation,Droits : consulter DATA_LICENSES.md.
polling_summary_fields,retrieved_at,retrieved at,"Fin de la récupération, en UTC.",character,selon description,NA,"NA : absent, non diffusé, non applicable ou conversion impossible; jamais imputé. Consulter source et quality_report.",src_02aae4952a51;src_04bf0e127029;src_0ce80283f028;src_0f7998c94572;src_0fb95c6f3b76;src_324607d7dfe9;src_3c0feca35341;src_4b31782ef406;src_57c005bbf0f6;src_70d5ee7502b1;src_71477ce5c01a;src_71826904d44e;src_790afb52d855;src_827a94931755;src_8c25176b3b11;src_95002082f0df;src_979ff86575ac;src_a0012cc28850;src_e82b708fe54b;src_f80644e75365,TRUE,voir R/common.R et script de transformation,Droits : consulter DATA_LICENSES.md.
polling_summary_fields,source_updated_at,source updated at,"Horodatage annoncé par le producteur, converti en UTC; manquant si absent.",character,selon description,NA,"NA : absent, non diffusé, non applicable ou conversion impossible; jamais imputé. Consulter source et quality_report.",src_02aae4952a51;src_04bf0e127029;src_0ce80283f028;src_0f7998c94572;src_0fb95c6f3b76;src_324607d7dfe9;src_3c0feca35341;src_4b31782ef406;src_57c005bbf0f6;src_70d5ee7502b1;src_71477ce5c01a;src_71826904d44e;src_790afb52d855;src_827a94931755;src_8c25176b3b11;src_95002082f0df;src_979ff86575ac;src_a0012cc28850;src_e82b708fe54b;src_f80644e75365,FALSE,NA,Droits : consulter DATA_LICENSES.md.
polling_summary_fields,data_status,data status,État fourni par la source ou type explicite de transformation; finalité jamais inférée d’un pourcentage de dépouillement.,character,selon description,final,"NA : absent, non diffusé, non applicable ou conversion impossible; jamais imputé. Consulter source et quality_report.",src_02aae4952a51;src_04bf0e127029;src_0ce80283f028;src_0f7998c94572;src_0fb95c6f3b76;src_324607d7dfe9;src_3c0feca35341;src_4b31782ef406;src_57c005bbf0f6;src_70d5ee7502b1;src_71477ce5c01a;src_71826904d44e;src_790afb52d855;src_827a94931755;src_8c25176b3b11;src_95002082f0df;src_979ff86575ac;src_a0012cc28850;src_e82b708fe54b;src_f80644e75365,FALSE,NA,Droits : consulter DATA_LICENSES.md.
polling_units,election_id,election id,"Identifiant contextualisé : Québec, provincial, date et type.",character,selon description,NA,"NA : absent, non diffusé, non applicable ou conversion impossible; jamais imputé. Consulter source et quality_report.",src_02aae4952a51;src_04bf0e127029;src_0ce80283f028;src_0f7998c94572;src_0fb95c6f3b76;src_324607d7dfe9;src_3c0feca35341;src_4b31782ef406;src_57c005bbf0f6;src_70d5ee7502b1;src_71477ce5c01a;src_71826904d44e;src_790afb52d855;src_827a94931755;src_8c25176b3b11;src_95002082f0df;src_979ff86575ac;src_a0012cc28850;src_e82b708fe54b;src_f428cc11d231;src_f80644e75365,TRUE,voir R/common.R et script de transformation,Droits : consulter DATA_LICENSES.md.
polling_units,district_id,district id,"Carte, édition des codes et code de circonscription; ne pas joindre par nom.",character,selon description,NA,"NA : absent, non diffusé, non applicable ou conversion impossible; jamais imputé. Consulter source et quality_report.",src_02aae4952a51;src_04bf0e127029;src_0ce80283f028;src_0f7998c94572;src_0fb95c6f3b76;src_324607d7dfe9;src_3c0feca35341;src_4b31782ef406;src_57c005bbf0f6;src_70d5ee7502b1;src_71477ce5c01a;src_71826904d44e;src_790afb52d855;src_827a94931755;src_8c25176b3b11;src_95002082f0df;src_979ff86575ac;src_a0012cc28850;src_e82b708fe54b;src_f428cc11d231;src_f80644e75365,TRUE,voir R/common.R et script de transformation,Droits : consulter DATA_LICENSES.md.
polling_units,polling_division_source,polling division source,Libellé de section/bureau/regroupement original; ne garantit pas une unité géographique unique.,character,selon description,NA,"NA : absent, non diffusé, non applicable ou conversion impossible; jamais imputé. Consulter source et quality_report.",src_02aae4952a51;src_04bf0e127029;src_0ce80283f028;src_0f7998c94572;src_0fb95c6f3b76;src_324607d7dfe9;src_3c0feca35341;src_4b31782ef406;src_57c005bbf0f6;src_70d5ee7502b1;src_71477ce5c01a;src_71826904d44e;src_790afb52d855;src_827a94931755;src_8c25176b3b11;src_95002082f0df;src_979ff86575ac;src_a0012cc28850;src_e82b708fe54b;src_f428cc11d231;src_f80644e75365,FALSE,NA,Droits : consulter DATA_LICENSES.md.
polling_units,polling_unit_id,polling unit id,Identifiant de ligne d’unité publiée dans un fichier et une élection; les numéros se répètent entre modalités.,character,selon description,NA,"NA : absent, non diffusé, non applicable ou conversion impossible; jamais imputé. Consulter source et quality_report.",src_02aae4952a51;src_04bf0e127029;src_0ce80283f028;src_0f7998c94572;src_0fb95c6f3b76;src_324607d7dfe9;src_3c0feca35341;src_4b31782ef406;src_57c005bbf0f6;src_70d5ee7502b1;src_71477ce5c01a;src_71826904d44e;src_790afb52d855;src_827a94931755;src_8c25176b3b11;src_95002082f0df;src_979ff86575ac;src_a0012cc28850;src_e82b708fe54b;src_f428cc11d231;src_f80644e75365,TRUE,voir R/common.R et script de transformation,Droits : consulter DATA_LICENSES.md.
polling_units,district_name,district name,Nom officiel dans cette édition et cette source.,character,selon description,NA,"NA : absent, non diffusé, non applicable ou conversion impossible; jamais imputé. Consulter source et quality_report.",src_02aae4952a51;src_04bf0e127029;src_0ce80283f028;src_0f7998c94572;src_0fb95c6f3b76;src_324607d7dfe9;src_3c0feca35341;src_4b31782ef406;src_57c005bbf0f6;src_70d5ee7502b1;src_71477ce5c01a;src_71826904d44e;src_790afb52d855;src_827a94931755;src_8c25176b3b11;src_95002082f0df;src_979ff86575ac;src_a0012cc28850;src_e82b708fe54b;src_f428cc11d231;src_f80644e75365,FALSE,NA,Droits : consulter DATA_LICENSES.md.
polling_units,registered,registered,Nombre d’électrices et électeurs inscrits selon le périmètre de ce fichier.,numeric,selon description,NA,"NA : absent, non diffusé, non applicable ou conversion impossible; jamais imputé. Consulter source et quality_report.",src_02aae4952a51;src_04bf0e127029;src_0ce80283f028;src_0f7998c94572;src_0fb95c6f3b76;src_324607d7dfe9;src_3c0feca35341;src_4b31782ef406;src_57c005bbf0f6;src_70d5ee7502b1;src_71477ce5c01a;src_71826904d44e;src_790afb52d855;src_827a94931755;src_8c25176b3b11;src_95002082f0df;src_979ff86575ac;src_a0012cc28850;src_e82b708fe54b;src_f428cc11d231;src_f80644e75365,FALSE,NA,Droits : consulter DATA_LICENSES.md.
polling_units,valid_ballots,valid ballots,Nombre de bulletins valides publié.,numeric,selon description,NA,"NA : absent, non diffusé, non applicable ou conversion impossible; jamais imputé. Consulter source et quality_report.",src_02aae4952a51;src_04bf0e127029;src_0ce80283f028;src_0f7998c94572;src_0fb95c6f3b76;src_324607d7dfe9;src_3c0feca35341;src_4b31782ef406;src_57c005bbf0f6;src_70d5ee7502b1;src_71477ce5c01a;src_71826904d44e;src_790afb52d855;src_827a94931755;src_8c25176b3b11;src_95002082f0df;src_979ff86575ac;src_a0012cc28850;src_e82b708fe54b;src_f428cc11d231;src_f80644e75365,FALSE,NA,Droits : consulter DATA_LICENSES.md.
polling_units,rejected_ballots,rejected ballots,Nombre de bulletins rejetés publié.,numeric,selon description,NA,"NA : absent, non diffusé, non applicable ou conversion impossible; jamais imputé. Consulter source et quality_report.",src_02aae4952a51;src_04bf0e127029;src_0ce80283f028;src_0f7998c94572;src_0fb95c6f3b76;src_324607d7dfe9;src_3c0feca35341;src_4b31782ef406;src_57c005bbf0f6;src_70d5ee7502b1;src_71477ce5c01a;src_71826904d44e;src_790afb52d855;src_827a94931755;src_8c25176b3b11;src_95002082f0df;src_979ff86575ac;src_a0012cc28850;src_e82b708fe54b;src_f428cc11d231;src_f80644e75365,FALSE,NA,Droits : consulter DATA_LICENSES.md.
polling_units,source_file,source file,"Nom original du membre de l’archive, conservé même quand l’extraction utilise un nom ASCII.",character,selon description,NA,"NA : absent, non diffusé, non applicable ou conversion impossible; jamais imputé. Consulter source et quality_report.",src_02aae4952a51;src_04bf0e127029;src_0ce80283f028;src_0f7998c94572;src_0fb95c6f3b76;src_324607d7dfe9;src_3c0feca35341;src_4b31782ef406;src_57c005bbf0f6;src_70d5ee7502b1;src_71477ce5c01a;src_71826904d44e;src_790afb52d855;src_827a94931755;src_8c25176b3b11;src_95002082f0df;src_979ff86575ac;src_a0012cc28850;src_e82b708fe54b;src_f428cc11d231;src_f80644e75365,FALSE,NA,Droits : consulter DATA_LICENSES.md.
polling_units,sector_source,sector source,Secteur tel que publié; aucune géométrie attribuée automatiquement.,character,selon description,NA,"NA : absent, non diffusé, non applicable ou conversion impossible; jamais imputé. Consulter source et quality_report.",src_02aae4952a51;src_04bf0e127029;src_0ce80283f028;src_0f7998c94572;src_0fb95c6f3b76;src_324607d7dfe9;src_3c0feca35341;src_4b31782ef406;src_57c005bbf0f6;src_70d5ee7502b1;src_71477ce5c01a;src_71826904d44e;src_790afb52d855;src_827a94931755;src_8c25176b3b11;src_95002082f0df;src_979ff86575ac;src_a0012cc28850;src_e82b708fe54b;src_f428cc11d231;src_f80644e75365,FALSE,NA,Droits : consulter DATA_LICENSES.md.
polling_units,grouping_source,grouping source,"Regroupement d’urnes tel que publié, conservé sans désagrégation.",character,selon description,NA,"NA : absent, non diffusé, non applicable ou conversion impossible; jamais imputé. Consulter source et quality_report.",src_02aae4952a51;src_04bf0e127029;src_0ce80283f028;src_0f7998c94572;src_0fb95c6f3b76;src_324607d7dfe9;src_3c0feca35341;src_4b31782ef406;src_57c005bbf0f6;src_70d5ee7502b1;src_71477ce5c01a;src_71826904d44e;src_790afb52d855;src_827a94931755;src_8c25176b3b11;src_95002082f0df;src_979ff86575ac;src_a0012cc28850;src_e82b708fe54b;src_f428cc11d231;src_f80644e75365,FALSE,NA,Droits : consulter DATA_LICENSES.md.
polling_units,municipalities_source,municipalities source,Libellé de municipalité dans la ligne publiée; ne garantit pas une seule municipalité ni une géométrie.,character,selon description,NA,"NA : absent, non diffusé, non applicable ou conversion impossible; jamais imputé. Consulter source et quality_report.",src_02aae4952a51;src_04bf0e127029;src_0ce80283f028;src_0f7998c94572;src_0fb95c6f3b76;src_324607d7dfe9;src_3c0feca35341;src_4b31782ef406;src_57c005bbf0f6;src_70d5ee7502b1;src_71477ce5c01a;src_71826904d44e;src_790afb52d855;src_827a94931755;src_8c25176b3b11;src_95002082f0df;src_979ff86575ac;src_a0012cc28850;src_e82b708fe54b;src_f428cc11d231;src_f80644e75365,FALSE,NA,Droits : consulter DATA_LICENSES.md.
polling_units,votes_cast,votes cast,Bulletins valides et rejetés; valeur source si disponible.,numeric,selon description,NA,"NA : absent, non diffusé, non applicable ou conversion impossible; jamais imputé. Consulter source et quality_report.",src_02aae4952a51;src_04bf0e127029;src_0ce80283f028;src_0f7998c94572;src_0fb95c6f3b76;src_324607d7dfe9;src_3c0feca35341;src_4b31782ef406;src_57c005bbf0f6;src_70d5ee7502b1;src_71477ce5c01a;src_71826904d44e;src_790afb52d855;src_827a94931755;src_8c25176b3b11;src_95002082f0df;src_979ff86575ac;src_a0012cc28850;src_e82b708fe54b;src_f428cc11d231;src_f80644e75365,FALSE,NA,Droits : consulter DATA_LICENSES.md.
polling_units,source_id,source id,Identifiant SHA-256 de l’URL dans le catalogue maître.,character,selon description,NA,"NA : absent, non diffusé, non applicable ou conversion impossible; jamais imputé. Consulter source et quality_report.",src_02aae4952a51;src_04bf0e127029;src_0ce80283f028;src_0f7998c94572;src_0fb95c6f3b76;src_324607d7dfe9;src_3c0feca35341;src_4b31782ef406;src_57c005bbf0f6;src_70d5ee7502b1;src_71477ce5c01a;src_71826904d44e;src_790afb52d855;src_827a94931755;src_8c25176b3b11;src_95002082f0df;src_979ff86575ac;src_a0012cc28850;src_e82b708fe54b;src_f428cc11d231;src_f80644e75365,TRUE,voir R/common.R et script de transformation,Droits : consulter DATA_LICENSES.md.
polling_units,snapshot_id,snapshot id,Identifiant unique de la consultation et des octets sources.,character,selon description,NA,"NA : absent, non diffusé, non applicable ou conversion impossible; jamais imputé. Consulter source et quality_report.",src_02aae4952a51;src_04bf0e127029;src_0ce80283f028;src_0f7998c94572;src_0fb95c6f3b76;src_324607d7dfe9;src_3c0feca35341;src_4b31782ef406;src_57c005bbf0f6;src_70d5ee7502b1;src_71477ce5c01a;src_71826904d44e;src_790afb52d855;src_827a94931755;src_8c25176b3b11;src_95002082f0df;src_979ff86575ac;src_a0012cc28850;src_e82b708fe54b;src_f428cc11d231;src_f80644e75365,TRUE,voir R/common.R et script de transformation,Droits : consulter DATA_LICENSES.md.
polling_units,observed_at,observed at,Instant UTC où la source a été consultée; ne désigne pas la date de l’événement.,character,selon description,NA,"NA : absent, non diffusé, non applicable ou conversion impossible; jamais imputé. Consulter source et quality_report.",src_02aae4952a51;src_04bf0e127029;src_0ce80283f028;src_0f7998c94572;src_0fb95c6f3b76;src_324607d7dfe9;src_3c0feca35341;src_4b31782ef406;src_57c005bbf0f6;src_70d5ee7502b1;src_71477ce5c01a;src_71826904d44e;src_790afb52d855;src_827a94931755;src_8c25176b3b11;src_95002082f0df;src_979ff86575ac;src_a0012cc28850;src_e82b708fe54b;src_f428cc11d231;src_f80644e75365,TRUE,voir R/common.R et script de transformation,Droits : consulter DATA_LICENSES.md.
polling_units,retrieved_at,retrieved at,"Fin de la récupération, en UTC.",character,selon description,NA,"NA : absent, non diffusé, non applicable ou conversion impossible; jamais imputé. Consulter source et quality_report.",src_02aae4952a51;src_04bf0e127029;src_0ce80283f028;src_0f7998c94572;src_0fb95c6f3b76;src_324607d7dfe9;src_3c0feca35341;src_4b31782ef406;src_57c005bbf0f6;src_70d5ee7502b1;src_71477ce5c01a;src_71826904d44e;src_790afb52d855;src_827a94931755;src_8c25176b3b11;src_95002082f0df;src_979ff86575ac;src_a0012cc28850;src_e82b708fe54b;src_f428cc11d231;src_f80644e75365,TRUE,voir R/common.R et script de transformation,Droits : consulter DATA_LICENSES.md.
polling_units,source_updated_at,source updated at,"Horodatage annoncé par le producteur, converti en UTC; manquant si absent.",character,selon description,NA,"NA : absent, non diffusé, non applicable ou conversion impossible; jamais imputé. Consulter source et quality_report.",src_02aae4952a51;src_04bf0e127029;src_0ce80283f028;src_0f7998c94572;src_0fb95c6f3b76;src_324607d7dfe9;src_3c0feca35341;src_4b31782ef406;src_57c005bbf0f6;src_70d5ee7502b1;src_71477ce5c01a;src_71826904d44e;src_790afb52d855;src_827a94931755;src_8c25176b3b11;src_95002082f0df;src_979ff86575ac;src_a0012cc28850;src_e82b708fe54b;src_f428cc11d231;src_f80644e75365,FALSE,NA,Droits : consulter DATA_LICENSES.md.
polling_units,data_status,data status,État fourni par la source ou type explicite de transformation; finalité jamais inférée d’un pourcentage de dépouillement.,character,selon description,final,"NA : absent, non diffusé, non applicable ou conversion impossible; jamais imputé. Consulter source et quality_report.",src_02aae4952a51;src_04bf0e127029;src_0ce80283f028;src_0f7998c94572;src_0fb95c6f3b76;src_324607d7dfe9;src_3c0feca35341;src_4b31782ef406;src_57c005bbf0f6;src_70d5ee7502b1;src_71477ce5c01a;src_71826904d44e;src_790afb52d855;src_827a94931755;src_8c25176b3b11;src_95002082f0df;src_979ff86575ac;src_a0012cc28850;src_e82b708fe54b;src_f428cc11d231;src_f80644e75365,FALSE,NA,Droits : consulter DATA_LICENSES.md.
registered_electors,election_id,election id,"Identifiant contextualisé : Québec, provincial, date et type.",character,selon description,NA,"NA : absent, non diffusé, non applicable ou conversion impossible; jamais imputé. Consulter source et quality_report.",src_fd3351236900,TRUE,voir R/common.R et script de transformation,Droits : consulter DATA_LICENSES.md.
registered_electors,district_id,district id,"Carte, édition des codes et code de circonscription; ne pas joindre par nom.",character,selon description,NA,"NA : absent, non diffusé, non applicable ou conversion impossible; jamais imputé. Consulter source et quality_report.",src_fd3351236900,TRUE,voir R/common.R et script de transformation,Droits : consulter DATA_LICENSES.md.
registered_electors,registered_at_decree,registered at decree,Inscrits au décret; exclut détention et vote hors Québec selon le producteur.,numeric,selon description,NA,"NA : absent, non diffusé, non applicable ou conversion impossible; jamais imputé. Consulter source et quality_report.",src_fd3351236900,FALSE,NA,Droits : consulter DATA_LICENSES.md.
registered_electors,registered_after_revision,registered after revision,Inscrits après révision ordinaire; même exclusion.,numeric,selon description,NA,"NA : absent, non diffusé, non applicable ou conversion impossible; jamais imputé. Consulter source et quality_report.",src_fd3351236900,FALSE,NA,Droits : consulter DATA_LICENSES.md.
registered_electors,registered_after_special_revision,registered after special revision,Inscrits après révision spéciale; même exclusion.,numeric,selon description,NA,"NA : absent, non diffusé, non applicable ou conversion impossible; jamais imputé. Consulter source et quality_report.",src_fd3351236900,FALSE,NA,Droits : consulter DATA_LICENSES.md.
registered_electors,source_id,source id,Identifiant SHA-256 de l’URL dans le catalogue maître.,character,selon description,NA,"NA : absent, non diffusé, non applicable ou conversion impossible; jamais imputé. Consulter source et quality_report.",src_fd3351236900,TRUE,voir R/common.R et script de transformation,Droits : consulter DATA_LICENSES.md.
registered_electors,snapshot_id,snapshot id,Identifiant unique de la consultation et des octets sources.,character,selon description,NA,"NA : absent, non diffusé, non applicable ou conversion impossible; jamais imputé. Consulter source et quality_report.",src_fd3351236900,TRUE,voir R/common.R et script de transformation,Droits : consulter DATA_LICENSES.md.
registered_electors,observed_at,observed at,Instant UTC où la source a été consultée; ne désigne pas la date de l’événement.,character,selon description,NA,"NA : absent, non diffusé, non applicable ou conversion impossible; jamais imputé. Consulter source et quality_report.",src_fd3351236900,TRUE,voir R/common.R et script de transformation,Droits : consulter DATA_LICENSES.md.
registered_electors,retrieved_at,retrieved at,"Fin de la récupération, en UTC.",character,selon description,NA,"NA : absent, non diffusé, non applicable ou conversion impossible; jamais imputé. Consulter source et quality_report.",src_fd3351236900,TRUE,voir R/common.R et script de transformation,Droits : consulter DATA_LICENSES.md.
registered_electors,source_updated_at,source updated at,"Horodatage annoncé par le producteur, converti en UTC; manquant si absent.",character,selon description,NA,"NA : absent, non diffusé, non applicable ou conversion impossible; jamais imputé. Consulter source et quality_report.",src_fd3351236900,FALSE,NA,Droits : consulter DATA_LICENSES.md.
registered_electors,data_status,data status,État fourni par la source ou type explicite de transformation; finalité jamais inférée d’un pourcentage de dépouillement.,character,selon description,electoral_roll_stage,"NA : absent, non diffusé, non applicable ou conversion impossible; jamais imputé. Consulter source et quality_report.",src_fd3351236900,FALSE,NA,Droits : consulter DATA_LICENSES.md.
result_source_fields,election_id,election id,"Identifiant contextualisé : Québec, provincial, date et type.",character,selon description,NA,"NA : absent, non diffusé, non applicable ou conversion impossible; jamais imputé. Consulter source et quality_report.",src_04249426efff;src_23a95c0b8ace;src_2d4e90d4e476;src_335c9751e725;src_3ee19c14cf6d;src_46b2b80361d8;src_4e9171631c9b;src_53258148a5e9;src_68477afa07d6;src_6ce929ca1736;src_81c5fe8d1b02;src_8f0698d69120;src_9869ef080ebd;src_9ef2a7b66e04;src_a0bedefcbbb2;src_c0d45adf2a1b;src_d0efa9a1d2ca;src_d46eedaf6c55;src_f5041537304c;src_fc8fc11eea9d;src_3bbf709ff718,TRUE,voir R/common.R et script de transformation,Droits : consulter DATA_LICENSES.md.
result_source_fields,entity_type,entity type,Type d’entité dans les champs scalaires du résultat.,character,selon description,NA,"NA : absent, non diffusé, non applicable ou conversion impossible; jamais imputé. Consulter source et quality_report.",src_04249426efff;src_23a95c0b8ace;src_2d4e90d4e476;src_335c9751e725;src_3ee19c14cf6d;src_46b2b80361d8;src_4e9171631c9b;src_53258148a5e9;src_68477afa07d6;src_6ce929ca1736;src_81c5fe8d1b02;src_8f0698d69120;src_9869ef080ebd;src_9ef2a7b66e04;src_a0bedefcbbb2;src_c0d45adf2a1b;src_d0efa9a1d2ca;src_d46eedaf6c55;src_f5041537304c;src_fc8fc11eea9d;src_3bbf709ff718,FALSE,NA,Droits : consulter DATA_LICENSES.md.
result_source_fields,entity_id,entity id,Identifiant de l’entité dont les champs originaux sont conservés.,character,selon description,NA,"NA : absent, non diffusé, non applicable ou conversion impossible; jamais imputé. Consulter source et quality_report.",src_04249426efff;src_23a95c0b8ace;src_2d4e90d4e476;src_335c9751e725;src_3ee19c14cf6d;src_46b2b80361d8;src_4e9171631c9b;src_53258148a5e9;src_68477afa07d6;src_6ce929ca1736;src_81c5fe8d1b02;src_8f0698d69120;src_9869ef080ebd;src_9ef2a7b66e04;src_a0bedefcbbb2;src_c0d45adf2a1b;src_d0efa9a1d2ca;src_d46eedaf6c55;src_f5041537304c;src_fc8fc11eea9d;src_3bbf709ff718,TRUE,voir R/common.R et script de transformation,Droits : consulter DATA_LICENSES.md.
result_source_fields,source_field,source field,Nom original de champ; toutes les valeurs scalaires utiles sont conservées.,character,selon description,NA,"NA : absent, non diffusé, non applicable ou conversion impossible; jamais imputé. Consulter source et quality_report.",src_04249426efff;src_23a95c0b8ace;src_2d4e90d4e476;src_335c9751e725;src_3ee19c14cf6d;src_46b2b80361d8;src_4e9171631c9b;src_53258148a5e9;src_68477afa07d6;src_6ce929ca1736;src_81c5fe8d1b02;src_8f0698d69120;src_9869ef080ebd;src_9ef2a7b66e04;src_a0bedefcbbb2;src_c0d45adf2a1b;src_d0efa9a1d2ca;src_d46eedaf6c55;src_f5041537304c;src_fc8fc11eea9d;src_3bbf709ff718,FALSE,NA,Droits : consulter DATA_LICENSES.md.
result_source_fields,source_value,source value,Valeur originale sérialisée en texte; les types normalisés sont dans les tables spécialisées.,character,selon description,NA,"NA : absent, non diffusé, non applicable ou conversion impossible; jamais imputé. Consulter source et quality_report.",src_04249426efff;src_23a95c0b8ace;src_2d4e90d4e476;src_335c9751e725;src_3ee19c14cf6d;src_46b2b80361d8;src_4e9171631c9b;src_53258148a5e9;src_68477afa07d6;src_6ce929ca1736;src_81c5fe8d1b02;src_8f0698d69120;src_9869ef080ebd;src_9ef2a7b66e04;src_a0bedefcbbb2;src_c0d45adf2a1b;src_d0efa9a1d2ca;src_d46eedaf6c55;src_f5041537304c;src_fc8fc11eea9d;src_3bbf709ff718,FALSE,NA,Droits : consulter DATA_LICENSES.md.
result_source_fields,source_id,source id,Identifiant SHA-256 de l’URL dans le catalogue maître.,character,selon description,NA,"NA : absent, non diffusé, non applicable ou conversion impossible; jamais imputé. Consulter source et quality_report.",src_04249426efff;src_23a95c0b8ace;src_2d4e90d4e476;src_335c9751e725;src_3ee19c14cf6d;src_46b2b80361d8;src_4e9171631c9b;src_53258148a5e9;src_68477afa07d6;src_6ce929ca1736;src_81c5fe8d1b02;src_8f0698d69120;src_9869ef080ebd;src_9ef2a7b66e04;src_a0bedefcbbb2;src_c0d45adf2a1b;src_d0efa9a1d2ca;src_d46eedaf6c55;src_f5041537304c;src_fc8fc11eea9d;src_3bbf709ff718,TRUE,voir R/common.R et script de transformation,Droits : consulter DATA_LICENSES.md.
result_source_fields,snapshot_id,snapshot id,Identifiant unique de la consultation et des octets sources.,character,selon description,NA,"NA : absent, non diffusé, non applicable ou conversion impossible; jamais imputé. Consulter source et quality_report.",src_04249426efff;src_23a95c0b8ace;src_2d4e90d4e476;src_335c9751e725;src_3ee19c14cf6d;src_46b2b80361d8;src_4e9171631c9b;src_53258148a5e9;src_68477afa07d6;src_6ce929ca1736;src_81c5fe8d1b02;src_8f0698d69120;src_9869ef080ebd;src_9ef2a7b66e04;src_a0bedefcbbb2;src_c0d45adf2a1b;src_d0efa9a1d2ca;src_d46eedaf6c55;src_f5041537304c;src_fc8fc11eea9d;src_3bbf709ff718,TRUE,voir R/common.R et script de transformation,Droits : consulter DATA_LICENSES.md.
result_source_fields,observed_at,observed at,Instant UTC où la source a été consultée; ne désigne pas la date de l’événement.,character,selon description,NA,"NA : absent, non diffusé, non applicable ou conversion impossible; jamais imputé. Consulter source et quality_report.",src_04249426efff;src_23a95c0b8ace;src_2d4e90d4e476;src_335c9751e725;src_3ee19c14cf6d;src_46b2b80361d8;src_4e9171631c9b;src_53258148a5e9;src_68477afa07d6;src_6ce929ca1736;src_81c5fe8d1b02;src_8f0698d69120;src_9869ef080ebd;src_9ef2a7b66e04;src_a0bedefcbbb2;src_c0d45adf2a1b;src_d0efa9a1d2ca;src_d46eedaf6c55;src_f5041537304c;src_fc8fc11eea9d;src_3bbf709ff718,TRUE,voir R/common.R et script de transformation,Droits : consulter DATA_LICENSES.md.
result_source_fields,retrieved_at,retrieved at,"Fin de la récupération, en UTC.",character,selon description,NA,"NA : absent, non diffusé, non applicable ou conversion impossible; jamais imputé. Consulter source et quality_report.",src_04249426efff;src_23a95c0b8ace;src_2d4e90d4e476;src_335c9751e725;src_3ee19c14cf6d;src_46b2b80361d8;src_4e9171631c9b;src_53258148a5e9;src_68477afa07d6;src_6ce929ca1736;src_81c5fe8d1b02;src_8f0698d69120;src_9869ef080ebd;src_9ef2a7b66e04;src_a0bedefcbbb2;src_c0d45adf2a1b;src_d0efa9a1d2ca;src_d46eedaf6c55;src_f5041537304c;src_fc8fc11eea9d;src_3bbf709ff718,TRUE,voir R/common.R et script de transformation,Droits : consulter DATA_LICENSES.md.
result_source_fields,source_updated_at,source updated at,"Horodatage annoncé par le producteur, converti en UTC; manquant si absent.",character,selon description,NA,"NA : absent, non diffusé, non applicable ou conversion impossible; jamais imputé. Consulter source et quality_report.",src_04249426efff;src_23a95c0b8ace;src_2d4e90d4e476;src_335c9751e725;src_3ee19c14cf6d;src_46b2b80361d8;src_4e9171631c9b;src_53258148a5e9;src_68477afa07d6;src_6ce929ca1736;src_81c5fe8d1b02;src_8f0698d69120;src_9869ef080ebd;src_9ef2a7b66e04;src_a0bedefcbbb2;src_c0d45adf2a1b;src_d0efa9a1d2ca;src_d46eedaf6c55;src_f5041537304c;src_fc8fc11eea9d;src_3bbf709ff718,FALSE,NA,Droits : consulter DATA_LICENSES.md.
result_source_fields,data_status,data status,État fourni par la source ou type explicite de transformation; finalité jamais inférée d’un pourcentage de dépouillement.,character,selon description,final;preliminary,"NA : absent, non diffusé, non applicable ou conversion impossible; jamais imputé. Consulter source et quality_report.",src_04249426efff;src_23a95c0b8ace;src_2d4e90d4e476;src_335c9751e725;src_3ee19c14cf6d;src_46b2b80361d8;src_4e9171631c9b;src_53258148a5e9;src_68477afa07d6;src_6ce929ca1736;src_81c5fe8d1b02;src_8f0698d69120;src_9869ef080ebd;src_9ef2a7b66e04;src_a0bedefcbbb2;src_c0d45adf2a1b;src_d0efa9a1d2ca;src_d46eedaf6c55;src_f5041537304c;src_fc8fc11eea9d;src_3bbf709ff718,FALSE,NA,Droits : consulter DATA_LICENSES.md.
results_candidate,election_id,election id,"Identifiant contextualisé : Québec, provincial, date et type.",character,selon description,NA,"NA : absent, non diffusé, non applicable ou conversion impossible; jamais imputé. Consulter source et quality_report.",src_04249426efff;src_23a95c0b8ace;src_2d4e90d4e476;src_335c9751e725;src_3ee19c14cf6d;src_46b2b80361d8;src_4e9171631c9b;src_53258148a5e9;src_68477afa07d6;src_6ce929ca1736;src_81c5fe8d1b02;src_8f0698d69120;src_9869ef080ebd;src_9ef2a7b66e04;src_a0bedefcbbb2;src_c0d45adf2a1b;src_d0efa9a1d2ca;src_d46eedaf6c55;src_f5041537304c;src_fc8fc11eea9d;src_f428cc11d231;src_3bbf709ff718,TRUE,voir R/common.R et script de transformation,Droits : consulter DATA_LICENSES.md.
results_candidate,district_id,district id,"Carte, édition des codes et code de circonscription; ne pas joindre par nom.",character,selon description,NA,"NA : absent, non diffusé, non applicable ou conversion impossible; jamais imputé. Consulter source et quality_report.",src_04249426efff;src_23a95c0b8ace;src_2d4e90d4e476;src_335c9751e725;src_3ee19c14cf6d;src_46b2b80361d8;src_4e9171631c9b;src_53258148a5e9;src_68477afa07d6;src_6ce929ca1736;src_81c5fe8d1b02;src_8f0698d69120;src_9869ef080ebd;src_9ef2a7b66e04;src_a0bedefcbbb2;src_c0d45adf2a1b;src_d0efa9a1d2ca;src_d46eedaf6c55;src_f5041537304c;src_fc8fc11eea9d;src_f428cc11d231;src_3bbf709ff718,TRUE,voir R/common.R et script de transformation,Droits : consulter DATA_LICENSES.md.
results_candidate,candidate_id,candidate id,Identifiant de candidature contextualisé; ne désigne pas une personne entre élections.,character,selon description,NA,"NA : absent, non diffusé, non applicable ou conversion impossible; jamais imputé. Consulter source et quality_report.",src_04249426efff;src_23a95c0b8ace;src_2d4e90d4e476;src_335c9751e725;src_3ee19c14cf6d;src_46b2b80361d8;src_4e9171631c9b;src_53258148a5e9;src_68477afa07d6;src_6ce929ca1736;src_81c5fe8d1b02;src_8f0698d69120;src_9869ef080ebd;src_9ef2a7b66e04;src_a0bedefcbbb2;src_c0d45adf2a1b;src_d0efa9a1d2ca;src_d46eedaf6c55;src_f5041537304c;src_fc8fc11eea9d;src_f428cc11d231;src_3bbf709ff718,TRUE,voir R/common.R et script de transformation,Droits : consulter DATA_LICENSES.md.
results_candidate,candidate_code,candidate code,"Code de candidature fourni par la liste ou le résultat officiel, contextualisé par élection.",character,selon description,NA,"NA : absent, non diffusé, non applicable ou conversion impossible; jamais imputé. Consulter source et quality_report.",src_04249426efff;src_23a95c0b8ace;src_2d4e90d4e476;src_335c9751e725;src_3ee19c14cf6d;src_46b2b80361d8;src_4e9171631c9b;src_53258148a5e9;src_68477afa07d6;src_6ce929ca1736;src_81c5fe8d1b02;src_8f0698d69120;src_9869ef080ebd;src_9ef2a7b66e04;src_a0bedefcbbb2;src_c0d45adf2a1b;src_d0efa9a1d2ca;src_d46eedaf6c55;src_f5041537304c;src_fc8fc11eea9d;src_f428cc11d231;src_3bbf709ff718,FALSE,NA,Droits : consulter DATA_LICENSES.md.
results_candidate,last_name,last name,Nom officiellement publié dans le contexte d’une candidature.,character,selon description,NA,"NA : absent, non diffusé, non applicable ou conversion impossible; jamais imputé. Consulter source et quality_report.",src_04249426efff;src_23a95c0b8ace;src_2d4e90d4e476;src_335c9751e725;src_3ee19c14cf6d;src_46b2b80361d8;src_4e9171631c9b;src_53258148a5e9;src_68477afa07d6;src_6ce929ca1736;src_81c5fe8d1b02;src_8f0698d69120;src_9869ef080ebd;src_9ef2a7b66e04;src_a0bedefcbbb2;src_c0d45adf2a1b;src_d0efa9a1d2ca;src_d46eedaf6c55;src_f5041537304c;src_fc8fc11eea9d;src_f428cc11d231;src_3bbf709ff718,FALSE,NA,Droits : consulter DATA_LICENSES.md.
results_candidate,first_name,first name,Prénom officiellement publié dans le contexte d’une candidature.,character,selon description,NA,"NA : absent, non diffusé, non applicable ou conversion impossible; jamais imputé. Consulter source et quality_report.",src_04249426efff;src_23a95c0b8ace;src_2d4e90d4e476;src_335c9751e725;src_3ee19c14cf6d;src_46b2b80361d8;src_4e9171631c9b;src_53258148a5e9;src_68477afa07d6;src_6ce929ca1736;src_81c5fe8d1b02;src_8f0698d69120;src_9869ef080ebd;src_9ef2a7b66e04;src_a0bedefcbbb2;src_c0d45adf2a1b;src_d0efa9a1d2ca;src_d46eedaf6c55;src_f5041537304c;src_fc8fc11eea9d;src_f428cc11d231;src_3bbf709ff718,FALSE,NA,Droits : consulter DATA_LICENSES.md.
results_candidate,party_id,party id,Identifiant administratif de groupe politique dans une élection.,character,selon description,NA,"NA : absent, non diffusé, non applicable ou conversion impossible; jamais imputé. Consulter source et quality_report.",src_04249426efff;src_23a95c0b8ace;src_2d4e90d4e476;src_335c9751e725;src_3ee19c14cf6d;src_46b2b80361d8;src_4e9171631c9b;src_53258148a5e9;src_68477afa07d6;src_6ce929ca1736;src_81c5fe8d1b02;src_8f0698d69120;src_9869ef080ebd;src_9ef2a7b66e04;src_a0bedefcbbb2;src_c0d45adf2a1b;src_d0efa9a1d2ca;src_d46eedaf6c55;src_f5041537304c;src_fc8fc11eea9d;src_f428cc11d231;src_3bbf709ff718,TRUE,voir R/common.R et script de transformation,Droits : consulter DATA_LICENSES.md.
results_candidate,party_code,party code,Code politique source dans l’événement.,character,selon description,NA,"NA : absent, non diffusé, non applicable ou conversion impossible; jamais imputé. Consulter source et quality_report.",src_04249426efff;src_23a95c0b8ace;src_2d4e90d4e476;src_335c9751e725;src_3ee19c14cf6d;src_46b2b80361d8;src_4e9171631c9b;src_53258148a5e9;src_68477afa07d6;src_6ce929ca1736;src_81c5fe8d1b02;src_8f0698d69120;src_9869ef080ebd;src_9ef2a7b66e04;src_a0bedefcbbb2;src_c0d45adf2a1b;src_d0efa9a1d2ca;src_d46eedaf6c55;src_f5041537304c;src_fc8fc11eea9d;src_f428cc11d231;src_3bbf709ff718,FALSE,NA,Droits : consulter DATA_LICENSES.md.
results_candidate,party_abbreviation,party abbreviation,Abréviation politique source; variantes typographiques conservées.,character,selon description,NA,"NA : absent, non diffusé, non applicable ou conversion impossible; jamais imputé. Consulter source et quality_report.",src_04249426efff;src_23a95c0b8ace;src_2d4e90d4e476;src_335c9751e725;src_3ee19c14cf6d;src_46b2b80361d8;src_4e9171631c9b;src_53258148a5e9;src_68477afa07d6;src_6ce929ca1736;src_81c5fe8d1b02;src_8f0698d69120;src_9869ef080ebd;src_9ef2a7b66e04;src_a0bedefcbbb2;src_c0d45adf2a1b;src_d0efa9a1d2ca;src_d46eedaf6c55;src_f5041537304c;src_fc8fc11eea9d;src_f428cc11d231;src_3bbf709ff718,FALSE,NA,Droits : consulter DATA_LICENSES.md.
results_candidate,votes,votes,Bulletins attribués à cette candidature ou ce groupe dans le périmètre indiqué.,numeric,selon description,NA,"NA : absent, non diffusé, non applicable ou conversion impossible; jamais imputé. Consulter source et quality_report.",src_04249426efff;src_23a95c0b8ace;src_2d4e90d4e476;src_335c9751e725;src_3ee19c14cf6d;src_46b2b80361d8;src_4e9171631c9b;src_53258148a5e9;src_68477afa07d6;src_6ce929ca1736;src_81c5fe8d1b02;src_8f0698d69120;src_9869ef080ebd;src_9ef2a7b66e04;src_a0bedefcbbb2;src_c0d45adf2a1b;src_d0efa9a1d2ca;src_d46eedaf6c55;src_f5041537304c;src_fc8fc11eea9d;src_f428cc11d231;src_3bbf709ff718,FALSE,NA,Droits : consulter DATA_LICENSES.md.
results_candidate,vote_share_source_pct,vote share source pct,"Pourcentage des votes tel que publié, avec ses arrondis.",numeric,pourcentage 0-100,NA,"NA : absent, non diffusé, non applicable ou conversion impossible; jamais imputé. Consulter source et quality_report.",src_04249426efff;src_23a95c0b8ace;src_2d4e90d4e476;src_335c9751e725;src_3ee19c14cf6d;src_46b2b80361d8;src_4e9171631c9b;src_53258148a5e9;src_68477afa07d6;src_6ce929ca1736;src_81c5fe8d1b02;src_8f0698d69120;src_9869ef080ebd;src_9ef2a7b66e04;src_a0bedefcbbb2;src_c0d45adf2a1b;src_d0efa9a1d2ca;src_d46eedaf6c55;src_f5041537304c;src_fc8fc11eea9d;src_f428cc11d231;src_3bbf709ff718,FALSE,NA,Droits : consulter DATA_LICENSES.md.
results_candidate,lead_votes_source,lead votes source,Avance publiée pour le premier; zéro pour les autres selon la source.,numeric,selon description,NA,"NA : absent, non diffusé, non applicable ou conversion impossible; jamais imputé. Consulter source et quality_report.",src_04249426efff;src_23a95c0b8ace;src_2d4e90d4e476;src_335c9751e725;src_3ee19c14cf6d;src_46b2b80361d8;src_4e9171631c9b;src_53258148a5e9;src_68477afa07d6;src_6ce929ca1736;src_81c5fe8d1b02;src_8f0698d69120;src_9869ef080ebd;src_9ef2a7b66e04;src_a0bedefcbbb2;src_c0d45adf2a1b;src_d0efa9a1d2ca;src_d46eedaf6c55;src_f5041537304c;src_fc8fc11eea9d;src_f428cc11d231;src_3bbf709ff718,FALSE,NA,Droits : consulter DATA_LICENSES.md.
results_candidate,vote_share_pct,vote share pct,"Part des bulletins valides obtenue, recalculée.",numeric,pourcentage 0-100,NA,"NA : absent, non diffusé, non applicable ou conversion impossible; jamais imputé. Consulter source et quality_report.",src_04249426efff;src_23a95c0b8ace;src_2d4e90d4e476;src_335c9751e725;src_3ee19c14cf6d;src_46b2b80361d8;src_4e9171631c9b;src_53258148a5e9;src_68477afa07d6;src_6ce929ca1736;src_81c5fe8d1b02;src_8f0698d69120;src_9869ef080ebd;src_9ef2a7b66e04;src_a0bedefcbbb2;src_c0d45adf2a1b;src_d0efa9a1d2ca;src_d46eedaf6c55;src_f5041537304c;src_fc8fc11eea9d;src_f428cc11d231;src_3bbf709ff718,TRUE,"100 * votes / valid_ballots, si valid_ballots > 0",Droits : consulter DATA_LICENSES.md.
results_candidate,rank_descriptive,rank descriptive,"Rang calculé sur les votes comptés; ex aequo au rang minimal, sans projection.",numeric,selon description,NA,"NA : absent, non diffusé, non applicable ou conversion impossible; jamais imputé. Consulter source et quality_report.",src_04249426efff;src_23a95c0b8ace;src_2d4e90d4e476;src_335c9751e725;src_3ee19c14cf6d;src_46b2b80361d8;src_4e9171631c9b;src_53258148a5e9;src_68477afa07d6;src_6ce929ca1736;src_81c5fe8d1b02;src_8f0698d69120;src_9869ef080ebd;src_9ef2a7b66e04;src_a0bedefcbbb2;src_c0d45adf2a1b;src_d0efa9a1d2ca;src_d46eedaf6c55;src_f5041537304c;src_fc8fc11eea9d;src_f428cc11d231;src_3bbf709ff718,TRUE,"rank(-votes, ties.method = min)",Droits : consulter DATA_LICENSES.md.
results_candidate,elected_source,elected source,Indication d’élection seulement si un champ officiel explicite existe; sinon manquant.,logical,selon description,NA,"NA : absent, non diffusé, non applicable ou conversion impossible; jamais imputé. Consulter source et quality_report.",src_04249426efff;src_23a95c0b8ace;src_2d4e90d4e476;src_335c9751e725;src_3ee19c14cf6d;src_46b2b80361d8;src_4e9171631c9b;src_53258148a5e9;src_68477afa07d6;src_6ce929ca1736;src_81c5fe8d1b02;src_8f0698d69120;src_9869ef080ebd;src_9ef2a7b66e04;src_a0bedefcbbb2;src_c0d45adf2a1b;src_d0efa9a1d2ca;src_d46eedaf6c55;src_f5041537304c;src_fc8fc11eea9d;src_f428cc11d231;src_3bbf709ff718,FALSE,NA,Droits : consulter DATA_LICENSES.md.
results_candidate,source_id,source id,Identifiant SHA-256 de l’URL dans le catalogue maître.,character,selon description,NA,"NA : absent, non diffusé, non applicable ou conversion impossible; jamais imputé. Consulter source et quality_report.",src_04249426efff;src_23a95c0b8ace;src_2d4e90d4e476;src_335c9751e725;src_3ee19c14cf6d;src_46b2b80361d8;src_4e9171631c9b;src_53258148a5e9;src_68477afa07d6;src_6ce929ca1736;src_81c5fe8d1b02;src_8f0698d69120;src_9869ef080ebd;src_9ef2a7b66e04;src_a0bedefcbbb2;src_c0d45adf2a1b;src_d0efa9a1d2ca;src_d46eedaf6c55;src_f5041537304c;src_fc8fc11eea9d;src_f428cc11d231;src_3bbf709ff718,TRUE,voir R/common.R et script de transformation,Droits : consulter DATA_LICENSES.md.
results_candidate,snapshot_id,snapshot id,Identifiant unique de la consultation et des octets sources.,character,selon description,NA,"NA : absent, non diffusé, non applicable ou conversion impossible; jamais imputé. Consulter source et quality_report.",src_04249426efff;src_23a95c0b8ace;src_2d4e90d4e476;src_335c9751e725;src_3ee19c14cf6d;src_46b2b80361d8;src_4e9171631c9b;src_53258148a5e9;src_68477afa07d6;src_6ce929ca1736;src_81c5fe8d1b02;src_8f0698d69120;src_9869ef080ebd;src_9ef2a7b66e04;src_a0bedefcbbb2;src_c0d45adf2a1b;src_d0efa9a1d2ca;src_d46eedaf6c55;src_f5041537304c;src_fc8fc11eea9d;src_f428cc11d231;src_3bbf709ff718,TRUE,voir R/common.R et script de transformation,Droits : consulter DATA_LICENSES.md.
results_candidate,observed_at,observed at,Instant UTC où la source a été consultée; ne désigne pas la date de l’événement.,character,selon description,NA,"NA : absent, non diffusé, non applicable ou conversion impossible; jamais imputé. Consulter source et quality_report.",src_04249426efff;src_23a95c0b8ace;src_2d4e90d4e476;src_335c9751e725;src_3ee19c14cf6d;src_46b2b80361d8;src_4e9171631c9b;src_53258148a5e9;src_68477afa07d6;src_6ce929ca1736;src_81c5fe8d1b02;src_8f0698d69120;src_9869ef080ebd;src_9ef2a7b66e04;src_a0bedefcbbb2;src_c0d45adf2a1b;src_d0efa9a1d2ca;src_d46eedaf6c55;src_f5041537304c;src_fc8fc11eea9d;src_f428cc11d231;src_3bbf709ff718,TRUE,voir R/common.R et script de transformation,Droits : consulter DATA_LICENSES.md.
results_candidate,retrieved_at,retrieved at,"Fin de la récupération, en UTC.",character,selon description,NA,"NA : absent, non diffusé, non applicable ou conversion impossible; jamais imputé. Consulter source et quality_report.",src_04249426efff;src_23a95c0b8ace;src_2d4e90d4e476;src_335c9751e725;src_3ee19c14cf6d;src_46b2b80361d8;src_4e9171631c9b;src_53258148a5e9;src_68477afa07d6;src_6ce929ca1736;src_81c5fe8d1b02;src_8f0698d69120;src_9869ef080ebd;src_9ef2a7b66e04;src_a0bedefcbbb2;src_c0d45adf2a1b;src_d0efa9a1d2ca;src_d46eedaf6c55;src_f5041537304c;src_fc8fc11eea9d;src_f428cc11d231;src_3bbf709ff718,TRUE,voir R/common.R et script de transformation,Droits : consulter DATA_LICENSES.md.
results_candidate,source_updated_at,source updated at,"Horodatage annoncé par le producteur, converti en UTC; manquant si absent.",character,selon description,NA,"NA : absent, non diffusé, non applicable ou conversion impossible; jamais imputé. Consulter source et quality_report.",src_04249426efff;src_23a95c0b8ace;src_2d4e90d4e476;src_335c9751e725;src_3ee19c14cf6d;src_46b2b80361d8;src_4e9171631c9b;src_53258148a5e9;src_68477afa07d6;src_6ce929ca1736;src_81c5fe8d1b02;src_8f0698d69120;src_9869ef080ebd;src_9ef2a7b66e04;src_a0bedefcbbb2;src_c0d45adf2a1b;src_d0efa9a1d2ca;src_d46eedaf6c55;src_f5041537304c;src_fc8fc11eea9d;src_f428cc11d231;src_3bbf709ff718,FALSE,NA,Droits : consulter DATA_LICENSES.md.
results_candidate,data_status,data status,État fourni par la source ou type explicite de transformation; finalité jamais inférée d’un pourcentage de dépouillement.,character,selon description,final;preliminary,"NA : absent, non diffusé, non applicable ou conversion impossible; jamais imputé. Consulter source et quality_report.",src_04249426efff;src_23a95c0b8ace;src_2d4e90d4e476;src_335c9751e725;src_3ee19c14cf6d;src_46b2b80361d8;src_4e9171631c9b;src_53258148a5e9;src_68477afa07d6;src_6ce929ca1736;src_81c5fe8d1b02;src_8f0698d69120;src_9869ef080ebd;src_9ef2a7b66e04;src_a0bedefcbbb2;src_c0d45adf2a1b;src_d0efa9a1d2ca;src_d46eedaf6c55;src_f5041537304c;src_fc8fc11eea9d;src_f428cc11d231;src_3bbf709ff718,FALSE,NA,Droits : consulter DATA_LICENSES.md.
results_candidate_2026,election_id,election id,"Identifiant contextualisé : Québec, provincial, date et type.",character,selon description,NA,"NA : absent, non diffusé, non applicable ou conversion impossible; jamais imputé. Consulter source et quality_report.",src_3bbf709ff718,TRUE,voir R/common.R et script de transformation,Droits : consulter DATA_LICENSES.md.
results_candidate_2026,district_id,district id,"Carte, édition des codes et code de circonscription; ne pas joindre par nom.",character,selon description,NA,"NA : absent, non diffusé, non applicable ou conversion impossible; jamais imputé. Consulter source et quality_report.",src_3bbf709ff718,TRUE,voir R/common.R et script de transformation,Droits : consulter DATA_LICENSES.md.
results_candidate_2026,candidate_id,candidate id,Identifiant de candidature contextualisé; ne désigne pas une personne entre élections.,character,selon description,NA,"NA : absent, non diffusé, non applicable ou conversion impossible; jamais imputé. Consulter source et quality_report.",src_3bbf709ff718,TRUE,voir R/common.R et script de transformation,Droits : consulter DATA_LICENSES.md.
results_candidate_2026,candidate_code,candidate code,"Code de candidature fourni par la liste ou le résultat officiel, contextualisé par élection.",character,selon description,NA,"NA : absent, non diffusé, non applicable ou conversion impossible; jamais imputé. Consulter source et quality_report.",src_3bbf709ff718,FALSE,NA,Droits : consulter DATA_LICENSES.md.
results_candidate_2026,last_name,last name,Nom officiellement publié dans le contexte d’une candidature.,character,selon description,NA,"NA : absent, non diffusé, non applicable ou conversion impossible; jamais imputé. Consulter source et quality_report.",src_3bbf709ff718,FALSE,NA,Droits : consulter DATA_LICENSES.md.
results_candidate_2026,first_name,first name,Prénom officiellement publié dans le contexte d’une candidature.,character,selon description,NA,"NA : absent, non diffusé, non applicable ou conversion impossible; jamais imputé. Consulter source et quality_report.",src_3bbf709ff718,FALSE,NA,Droits : consulter DATA_LICENSES.md.
results_candidate_2026,party_id,party id,Identifiant administratif de groupe politique dans une élection.,character,selon description,NA,"NA : absent, non diffusé, non applicable ou conversion impossible; jamais imputé. Consulter source et quality_report.",src_3bbf709ff718,TRUE,voir R/common.R et script de transformation,Droits : consulter DATA_LICENSES.md.
results_candidate_2026,party_code,party code,Code politique source dans l’événement.,character,selon description,NA,"NA : absent, non diffusé, non applicable ou conversion impossible; jamais imputé. Consulter source et quality_report.",src_3bbf709ff718,FALSE,NA,Droits : consulter DATA_LICENSES.md.
results_candidate_2026,party_abbreviation,party abbreviation,Abréviation politique source; variantes typographiques conservées.,character,selon description,NA,"NA : absent, non diffusé, non applicable ou conversion impossible; jamais imputé. Consulter source et quality_report.",src_3bbf709ff718,FALSE,NA,Droits : consulter DATA_LICENSES.md.
results_candidate_2026,votes,votes,Bulletins attribués à cette candidature ou ce groupe dans le périmètre indiqué.,numeric,selon description,NA,"NA : absent, non diffusé, non applicable ou conversion impossible; jamais imputé. Consulter source et quality_report.",src_3bbf709ff718,FALSE,NA,Droits : consulter DATA_LICENSES.md.
results_candidate_2026,vote_share_source_pct,vote share source pct,"Pourcentage des votes tel que publié, avec ses arrondis.",numeric,pourcentage 0-100,NA,"NA : absent, non diffusé, non applicable ou conversion impossible; jamais imputé. Consulter source et quality_report.",src_3bbf709ff718,FALSE,NA,Droits : consulter DATA_LICENSES.md.
results_candidate_2026,lead_votes_source,lead votes source,Avance publiée pour le premier; zéro pour les autres selon la source.,numeric,selon description,NA,"NA : absent, non diffusé, non applicable ou conversion impossible; jamais imputé. Consulter source et quality_report.",src_3bbf709ff718,FALSE,NA,Droits : consulter DATA_LICENSES.md.
results_candidate_2026,vote_share_pct,vote share pct,"Part des bulletins valides obtenue, recalculée.",numeric,pourcentage 0-100,NA,"NA : absent, non diffusé, non applicable ou conversion impossible; jamais imputé. Consulter source et quality_report.",src_3bbf709ff718,TRUE,"100 * votes / valid_ballots, si valid_ballots > 0",Droits : consulter DATA_LICENSES.md.
results_candidate_2026,rank_descriptive,rank descriptive,"Rang calculé sur les votes comptés; ex aequo au rang minimal, sans projection.",numeric,selon description,NA,"NA : absent, non diffusé, non applicable ou conversion impossible; jamais imputé. Consulter source et quality_report.",src_3bbf709ff718,TRUE,"rank(-votes, ties.method = min)",Droits : consulter DATA_LICENSES.md.
results_candidate_2026,elected_source,elected source,Indication d’élection seulement si un champ officiel explicite existe; sinon manquant.,logical,selon description,NA,"NA : absent, non diffusé, non applicable ou conversion impossible; jamais imputé. Consulter source et quality_report.",src_3bbf709ff718,FALSE,NA,Droits : consulter DATA_LICENSES.md.
results_candidate_2026,source_id,source id,Identifiant SHA-256 de l’URL dans le catalogue maître.,character,selon description,NA,"NA : absent, non diffusé, non applicable ou conversion impossible; jamais imputé. Consulter source et quality_report.",src_3bbf709ff718,TRUE,voir R/common.R et script de transformation,Droits : consulter DATA_LICENSES.md.
results_candidate_2026,snapshot_id,snapshot id,Identifiant unique de la consultation et des octets sources.,character,selon description,NA,"NA : absent, non diffusé, non applicable ou conversion impossible; jamais imputé. Consulter source et quality_report.",src_3bbf709ff718,TRUE,voir R/common.R et script de transformation,Droits : consulter DATA_LICENSES.md.
results_candidate_2026,observed_at,observed at,Instant UTC où la source a été consultée; ne désigne pas la date de l’événement.,character,selon description,NA,"NA : absent, non diffusé, non applicable ou conversion impossible; jamais imputé. Consulter source et quality_report.",src_3bbf709ff718,TRUE,voir R/common.R et script de transformation,Droits : consulter DATA_LICENSES.md.
results_candidate_2026,retrieved_at,retrieved at,"Fin de la récupération, en UTC.",character,selon description,NA,"NA : absent, non diffusé, non applicable ou conversion impossible; jamais imputé. Consulter source et quality_report.",src_3bbf709ff718,TRUE,voir R/common.R et script de transformation,Droits : consulter DATA_LICENSES.md.
results_candidate_2026,source_updated_at,source updated at,"Horodatage annoncé par le producteur, converti en UTC; manquant si absent.",character,selon description,NA,"NA : absent, non diffusé, non applicable ou conversion impossible; jamais imputé. Consulter source et quality_report.",src_3bbf709ff718,FALSE,NA,Droits : consulter DATA_LICENSES.md.
results_candidate_2026,data_status,data status,État fourni par la source ou type explicite de transformation; finalité jamais inférée d’un pourcentage de dépouillement.,character,selon description,final;preliminary,"NA : absent, non diffusé, non applicable ou conversion impossible; jamais imputé. Consulter source et quality_report.",src_3bbf709ff718,FALSE,NA,Droits : consulter DATA_LICENSES.md.
results_party,election_id,election id,"Identifiant contextualisé : Québec, provincial, date et type.",character,selon description,NA,"NA : absent, non diffusé, non applicable ou conversion impossible; jamais imputé. Consulter source et quality_report.",src_04249426efff;src_23a95c0b8ace;src_2d4e90d4e476;src_335c9751e725;src_3ee19c14cf6d;src_46b2b80361d8;src_4e9171631c9b;src_53258148a5e9;src_68477afa07d6;src_6ce929ca1736;src_81c5fe8d1b02;src_8f0698d69120;src_9869ef080ebd;src_9ef2a7b66e04;src_a0bedefcbbb2;src_c0d45adf2a1b;src_d0efa9a1d2ca;src_d46eedaf6c55;src_f5041537304c;src_fc8fc11eea9d;src_3bbf709ff718;src_f428cc11d231,TRUE,voir R/common.R et script de transformation,Droits : consulter DATA_LICENSES.md.
results_party,party_id,party id,Identifiant administratif de groupe politique dans une élection.,character,selon description,NA,"NA : absent, non diffusé, non applicable ou conversion impossible; jamais imputé. Consulter source et quality_report.",src_04249426efff;src_23a95c0b8ace;src_2d4e90d4e476;src_335c9751e725;src_3ee19c14cf6d;src_46b2b80361d8;src_4e9171631c9b;src_53258148a5e9;src_68477afa07d6;src_6ce929ca1736;src_81c5fe8d1b02;src_8f0698d69120;src_9869ef080ebd;src_9ef2a7b66e04;src_a0bedefcbbb2;src_c0d45adf2a1b;src_d0efa9a1d2ca;src_d46eedaf6c55;src_f5041537304c;src_fc8fc11eea9d;src_3bbf709ff718;src_f428cc11d231,TRUE,voir R/common.R et script de transformation,Droits : consulter DATA_LICENSES.md.
results_party,party_code,party code,Code politique source dans l’événement.,character,selon description,NA,"NA : absent, non diffusé, non applicable ou conversion impossible; jamais imputé. Consulter source et quality_report.",src_04249426efff;src_23a95c0b8ace;src_2d4e90d4e476;src_335c9751e725;src_3ee19c14cf6d;src_46b2b80361d8;src_4e9171631c9b;src_53258148a5e9;src_68477afa07d6;src_6ce929ca1736;src_81c5fe8d1b02;src_8f0698d69120;src_9869ef080ebd;src_9ef2a7b66e04;src_a0bedefcbbb2;src_c0d45adf2a1b;src_d0efa9a1d2ca;src_d46eedaf6c55;src_f5041537304c;src_fc8fc11eea9d;src_3bbf709ff718;src_f428cc11d231,FALSE,NA,Droits : consulter DATA_LICENSES.md.
results_party,party_name,party name,Nom politique fourni pour cet événement; ne pas présumer que les codes sont stables.,character,selon description,NA,"NA : absent, non diffusé, non applicable ou conversion impossible; jamais imputé. Consulter source et quality_report.",src_04249426efff;src_23a95c0b8ace;src_2d4e90d4e476;src_335c9751e725;src_3ee19c14cf6d;src_46b2b80361d8;src_4e9171631c9b;src_53258148a5e9;src_68477afa07d6;src_6ce929ca1736;src_81c5fe8d1b02;src_8f0698d69120;src_9869ef080ebd;src_9ef2a7b66e04;src_a0bedefcbbb2;src_c0d45adf2a1b;src_d0efa9a1d2ca;src_d46eedaf6c55;src_f5041537304c;src_fc8fc11eea9d;src_3bbf709ff718;src_f428cc11d231,FALSE,NA,Droits : consulter DATA_LICENSES.md.
results_party,party_abbreviation,party abbreviation,Abréviation politique source; variantes typographiques conservées.,character,selon description,NA,"NA : absent, non diffusé, non applicable ou conversion impossible; jamais imputé. Consulter source et quality_report.",src_04249426efff;src_23a95c0b8ace;src_2d4e90d4e476;src_335c9751e725;src_3ee19c14cf6d;src_46b2b80361d8;src_4e9171631c9b;src_53258148a5e9;src_68477afa07d6;src_6ce929ca1736;src_81c5fe8d1b02;src_8f0698d69120;src_9869ef080ebd;src_9ef2a7b66e04;src_a0bedefcbbb2;src_c0d45adf2a1b;src_d0efa9a1d2ca;src_d46eedaf6c55;src_f5041537304c;src_fc8fc11eea9d;src_3bbf709ff718;src_f428cc11d231,FALSE,NA,Droits : consulter DATA_LICENSES.md.
results_party,votes,votes,Bulletins attribués à cette candidature ou ce groupe dans le périmètre indiqué.,numeric,selon description,NA,"NA : absent, non diffusé, non applicable ou conversion impossible; jamais imputé. Consulter source et quality_report.",src_04249426efff;src_23a95c0b8ace;src_2d4e90d4e476;src_335c9751e725;src_3ee19c14cf6d;src_46b2b80361d8;src_4e9171631c9b;src_53258148a5e9;src_68477afa07d6;src_6ce929ca1736;src_81c5fe8d1b02;src_8f0698d69120;src_9869ef080ebd;src_9ef2a7b66e04;src_a0bedefcbbb2;src_c0d45adf2a1b;src_d0efa9a1d2ca;src_d46eedaf6c55;src_f5041537304c;src_fc8fc11eea9d;src_3bbf709ff718;src_f428cc11d231,FALSE,NA,Droits : consulter DATA_LICENSES.md.
results_party,vote_share_source_pct,vote share source pct,"Pourcentage des votes tel que publié, avec ses arrondis.",numeric,pourcentage 0-100,NA,"NA : absent, non diffusé, non applicable ou conversion impossible; jamais imputé. Consulter source et quality_report.",src_04249426efff;src_23a95c0b8ace;src_2d4e90d4e476;src_335c9751e725;src_3ee19c14cf6d;src_46b2b80361d8;src_4e9171631c9b;src_53258148a5e9;src_68477afa07d6;src_6ce929ca1736;src_81c5fe8d1b02;src_8f0698d69120;src_9869ef080ebd;src_9ef2a7b66e04;src_a0bedefcbbb2;src_c0d45adf2a1b;src_d0efa9a1d2ca;src_d46eedaf6c55;src_f5041537304c;src_fc8fc11eea9d;src_3bbf709ff718;src_f428cc11d231,FALSE,NA,Droits : consulter DATA_LICENSES.md.
results_party,candidates_count_source,candidates count source,Nombre de candidatures par parti annoncé dans les statistiques du producteur.,numeric,selon description,NA,"NA : absent, non diffusé, non applicable ou conversion impossible; jamais imputé. Consulter source et quality_report.",src_04249426efff;src_23a95c0b8ace;src_2d4e90d4e476;src_335c9751e725;src_3ee19c14cf6d;src_46b2b80361d8;src_4e9171631c9b;src_53258148a5e9;src_68477afa07d6;src_6ce929ca1736;src_81c5fe8d1b02;src_8f0698d69120;src_9869ef080ebd;src_9ef2a7b66e04;src_a0bedefcbbb2;src_c0d45adf2a1b;src_d0efa9a1d2ca;src_d46eedaf6c55;src_f5041537304c;src_fc8fc11eea9d;src_3bbf709ff718;src_f428cc11d231,FALSE,NA,Droits : consulter DATA_LICENSES.md.
results_party,districts_leading_source,districts leading source,Nombre de circonscriptions en avance fourni par le producteur; avant finalité ne constitue pas un nombre d’élus.,numeric,selon description,NA,"NA : absent, non diffusé, non applicable ou conversion impossible; jamais imputé. Consulter source et quality_report.",src_04249426efff;src_23a95c0b8ace;src_2d4e90d4e476;src_335c9751e725;src_3ee19c14cf6d;src_46b2b80361d8;src_4e9171631c9b;src_53258148a5e9;src_68477afa07d6;src_6ce929ca1736;src_81c5fe8d1b02;src_8f0698d69120;src_9869ef080ebd;src_9ef2a7b66e04;src_a0bedefcbbb2;src_c0d45adf2a1b;src_d0efa9a1d2ca;src_d46eedaf6c55;src_f5041537304c;src_fc8fc11eea9d;src_3bbf709ff718;src_f428cc11d231,FALSE,NA,Droits : consulter DATA_LICENSES.md.
results_party,vote_share_pct,vote share pct,"Part des bulletins valides obtenue, recalculée.",numeric,pourcentage 0-100,NA,"NA : absent, non diffusé, non applicable ou conversion impossible; jamais imputé. Consulter source et quality_report.",src_04249426efff;src_23a95c0b8ace;src_2d4e90d4e476;src_335c9751e725;src_3ee19c14cf6d;src_46b2b80361d8;src_4e9171631c9b;src_53258148a5e9;src_68477afa07d6;src_6ce929ca1736;src_81c5fe8d1b02;src_8f0698d69120;src_9869ef080ebd;src_9ef2a7b66e04;src_a0bedefcbbb2;src_c0d45adf2a1b;src_d0efa9a1d2ca;src_d46eedaf6c55;src_f5041537304c;src_fc8fc11eea9d;src_3bbf709ff718;src_f428cc11d231,TRUE,"100 * votes / valid_ballots, si valid_ballots > 0",Droits : consulter DATA_LICENSES.md.
results_party,seats_final_from_source,seats final from source,Nombre de circonscriptions en avance dans le fichier explicitement final; dérivation du champ source.,numeric,selon description,NA,"NA : absent, non diffusé, non applicable ou conversion impossible; jamais imputé. Consulter source et quality_report.",src_04249426efff;src_23a95c0b8ace;src_2d4e90d4e476;src_335c9751e725;src_3ee19c14cf6d;src_46b2b80361d8;src_4e9171631c9b;src_53258148a5e9;src_68477afa07d6;src_6ce929ca1736;src_81c5fe8d1b02;src_8f0698d69120;src_9869ef080ebd;src_9ef2a7b66e04;src_a0bedefcbbb2;src_c0d45adf2a1b;src_d0efa9a1d2ca;src_d46eedaf6c55;src_f5041537304c;src_fc8fc11eea9d;src_3bbf709ff718;src_f428cc11d231,TRUE,districts_leading_source si data_status == final,Droits : consulter DATA_LICENSES.md.
results_party,source_id,source id,Identifiant SHA-256 de l’URL dans le catalogue maître.,character,selon description,NA,"NA : absent, non diffusé, non applicable ou conversion impossible; jamais imputé. Consulter source et quality_report.",src_04249426efff;src_23a95c0b8ace;src_2d4e90d4e476;src_335c9751e725;src_3ee19c14cf6d;src_46b2b80361d8;src_4e9171631c9b;src_53258148a5e9;src_68477afa07d6;src_6ce929ca1736;src_81c5fe8d1b02;src_8f0698d69120;src_9869ef080ebd;src_9ef2a7b66e04;src_a0bedefcbbb2;src_c0d45adf2a1b;src_d0efa9a1d2ca;src_d46eedaf6c55;src_f5041537304c;src_fc8fc11eea9d;src_3bbf709ff718;src_f428cc11d231,TRUE,voir R/common.R et script de transformation,Droits : consulter DATA_LICENSES.md.
results_party,snapshot_id,snapshot id,Identifiant unique de la consultation et des octets sources.,character,selon description,NA,"NA : absent, non diffusé, non applicable ou conversion impossible; jamais imputé. Consulter source et quality_report.",src_04249426efff;src_23a95c0b8ace;src_2d4e90d4e476;src_335c9751e725;src_3ee19c14cf6d;src_46b2b80361d8;src_4e9171631c9b;src_53258148a5e9;src_68477afa07d6;src_6ce929ca1736;src_81c5fe8d1b02;src_8f0698d69120;src_9869ef080ebd;src_9ef2a7b66e04;src_a0bedefcbbb2;src_c0d45adf2a1b;src_d0efa9a1d2ca;src_d46eedaf6c55;src_f5041537304c;src_fc8fc11eea9d;src_3bbf709ff718;src_f428cc11d231,TRUE,voir R/common.R et script de transformation,Droits : consulter DATA_LICENSES.md.
results_party,observed_at,observed at,Instant UTC où la source a été consultée; ne désigne pas la date de l’événement.,character,selon description,NA,"NA : absent, non diffusé, non applicable ou conversion impossible; jamais imputé. Consulter source et quality_report.",src_04249426efff;src_23a95c0b8ace;src_2d4e90d4e476;src_335c9751e725;src_3ee19c14cf6d;src_46b2b80361d8;src_4e9171631c9b;src_53258148a5e9;src_68477afa07d6;src_6ce929ca1736;src_81c5fe8d1b02;src_8f0698d69120;src_9869ef080ebd;src_9ef2a7b66e04;src_a0bedefcbbb2;src_c0d45adf2a1b;src_d0efa9a1d2ca;src_d46eedaf6c55;src_f5041537304c;src_fc8fc11eea9d;src_3bbf709ff718;src_f428cc11d231,TRUE,voir R/common.R et script de transformation,Droits : consulter DATA_LICENSES.md.
results_party,retrieved_at,retrieved at,"Fin de la récupération, en UTC.",character,selon description,NA,"NA : absent, non diffusé, non applicable ou conversion impossible; jamais imputé. Consulter source et quality_report.",src_04249426efff;src_23a95c0b8ace;src_2d4e90d4e476;src_335c9751e725;src_3ee19c14cf6d;src_46b2b80361d8;src_4e9171631c9b;src_53258148a5e9;src_68477afa07d6;src_6ce929ca1736;src_81c5fe8d1b02;src_8f0698d69120;src_9869ef080ebd;src_9ef2a7b66e04;src_a0bedefcbbb2;src_c0d45adf2a1b;src_d0efa9a1d2ca;src_d46eedaf6c55;src_f5041537304c;src_fc8fc11eea9d;src_3bbf709ff718;src_f428cc11d231,TRUE,voir R/common.R et script de transformation,Droits : consulter DATA_LICENSES.md.
results_party,source_updated_at,source updated at,"Horodatage annoncé par le producteur, converti en UTC; manquant si absent.",character,selon description,NA,"NA : absent, non diffusé, non applicable ou conversion impossible; jamais imputé. Consulter source et quality_report.",src_04249426efff;src_23a95c0b8ace;src_2d4e90d4e476;src_335c9751e725;src_3ee19c14cf6d;src_46b2b80361d8;src_4e9171631c9b;src_53258148a5e9;src_68477afa07d6;src_6ce929ca1736;src_81c5fe8d1b02;src_8f0698d69120;src_9869ef080ebd;src_9ef2a7b66e04;src_a0bedefcbbb2;src_c0d45adf2a1b;src_d0efa9a1d2ca;src_d46eedaf6c55;src_f5041537304c;src_fc8fc11eea9d;src_3bbf709ff718;src_f428cc11d231,FALSE,NA,Droits : consulter DATA_LICENSES.md.
results_party,data_status,data status,État fourni par la source ou type explicite de transformation; finalité jamais inférée d’un pourcentage de dépouillement.,character,selon description,final;preliminary,"NA : absent, non diffusé, non applicable ou conversion impossible; jamais imputé. Consulter source et quality_report.",src_04249426efff;src_23a95c0b8ace;src_2d4e90d4e476;src_335c9751e725;src_3ee19c14cf6d;src_46b2b80361d8;src_4e9171631c9b;src_53258148a5e9;src_68477afa07d6;src_6ce929ca1736;src_81c5fe8d1b02;src_8f0698d69120;src_9869ef080ebd;src_9ef2a7b66e04;src_a0bedefcbbb2;src_c0d45adf2a1b;src_d0efa9a1d2ca;src_d46eedaf6c55;src_f5041537304c;src_fc8fc11eea9d;src_3bbf709ff718;src_f428cc11d231,FALSE,NA,Droits : consulter DATA_LICENSES.md.
results_party_2026,election_id,election id,"Identifiant contextualisé : Québec, provincial, date et type.",character,selon description,NA,"NA : absent, non diffusé, non applicable ou conversion impossible; jamais imputé. Consulter source et quality_report.",src_3bbf709ff718,TRUE,voir R/common.R et script de transformation,Droits : consulter DATA_LICENSES.md.
results_party_2026,party_id,party id,Identifiant administratif de groupe politique dans une élection.,character,selon description,NA,"NA : absent, non diffusé, non applicable ou conversion impossible; jamais imputé. Consulter source et quality_report.",src_3bbf709ff718,TRUE,voir R/common.R et script de transformation,Droits : consulter DATA_LICENSES.md.
results_party_2026,party_code,party code,Code politique source dans l’événement.,character,selon description,NA,"NA : absent, non diffusé, non applicable ou conversion impossible; jamais imputé. Consulter source et quality_report.",src_3bbf709ff718,FALSE,NA,Droits : consulter DATA_LICENSES.md.
results_party_2026,party_name,party name,Nom politique fourni pour cet événement; ne pas présumer que les codes sont stables.,character,selon description,NA,"NA : absent, non diffusé, non applicable ou conversion impossible; jamais imputé. Consulter source et quality_report.",src_3bbf709ff718,FALSE,NA,Droits : consulter DATA_LICENSES.md.
results_party_2026,party_abbreviation,party abbreviation,Abréviation politique source; variantes typographiques conservées.,character,selon description,NA,"NA : absent, non diffusé, non applicable ou conversion impossible; jamais imputé. Consulter source et quality_report.",src_3bbf709ff718,FALSE,NA,Droits : consulter DATA_LICENSES.md.
results_party_2026,votes,votes,Bulletins attribués à cette candidature ou ce groupe dans le périmètre indiqué.,numeric,selon description,NA,"NA : absent, non diffusé, non applicable ou conversion impossible; jamais imputé. Consulter source et quality_report.",src_3bbf709ff718,FALSE,NA,Droits : consulter DATA_LICENSES.md.
results_party_2026,vote_share_source_pct,vote share source pct,"Pourcentage des votes tel que publié, avec ses arrondis.",numeric,pourcentage 0-100,NA,"NA : absent, non diffusé, non applicable ou conversion impossible; jamais imputé. Consulter source et quality_report.",src_3bbf709ff718,FALSE,NA,Droits : consulter DATA_LICENSES.md.
results_party_2026,candidates_count_source,candidates count source,Nombre de candidatures par parti annoncé dans les statistiques du producteur.,numeric,selon description,NA,"NA : absent, non diffusé, non applicable ou conversion impossible; jamais imputé. Consulter source et quality_report.",src_3bbf709ff718,FALSE,NA,Droits : consulter DATA_LICENSES.md.
results_party_2026,districts_leading_source,districts leading source,Nombre de circonscriptions en avance fourni par le producteur; avant finalité ne constitue pas un nombre d’élus.,numeric,selon description,NA,"NA : absent, non diffusé, non applicable ou conversion impossible; jamais imputé. Consulter source et quality_report.",src_3bbf709ff718,FALSE,NA,Droits : consulter DATA_LICENSES.md.
results_party_2026,vote_share_pct,vote share pct,"Part des bulletins valides obtenue, recalculée.",numeric,pourcentage 0-100,NA,"NA : absent, non diffusé, non applicable ou conversion impossible; jamais imputé. Consulter source et quality_report.",src_3bbf709ff718,TRUE,"100 * votes / valid_ballots, si valid_ballots > 0",Droits : consulter DATA_LICENSES.md.
results_party_2026,seats_final_from_source,seats final from source,Nombre de circonscriptions en avance dans le fichier explicitement final; dérivation du champ source.,numeric,selon description,NA,"NA : absent, non diffusé, non applicable ou conversion impossible; jamais imputé. Consulter source et quality_report.",src_3bbf709ff718,TRUE,districts_leading_source si data_status == final,Droits : consulter DATA_LICENSES.md.
results_party_2026,source_id,source id,Identifiant SHA-256 de l’URL dans le catalogue maître.,character,selon description,NA,"NA : absent, non diffusé, non applicable ou conversion impossible; jamais imputé. Consulter source et quality_report.",src_3bbf709ff718,TRUE,voir R/common.R et script de transformation,Droits : consulter DATA_LICENSES.md.
results_party_2026,snapshot_id,snapshot id,Identifiant unique de la consultation et des octets sources.,character,selon description,NA,"NA : absent, non diffusé, non applicable ou conversion impossible; jamais imputé. Consulter source et quality_report.",src_3bbf709ff718,TRUE,voir R/common.R et script de transformation,Droits : consulter DATA_LICENSES.md.
results_party_2026,observed_at,observed at,Instant UTC où la source a été consultée; ne désigne pas la date de l’événement.,character,selon description,NA,"NA : absent, non diffusé, non applicable ou conversion impossible; jamais imputé. Consulter source et quality_report.",src_3bbf709ff718,TRUE,voir R/common.R et script de transformation,Droits : consulter DATA_LICENSES.md.
results_party_2026,retrieved_at,retrieved at,"Fin de la récupération, en UTC.",character,selon description,NA,"NA : absent, non diffusé, non applicable ou conversion impossible; jamais imputé. Consulter source et quality_report.",src_3bbf709ff718,TRUE,voir R/common.R et script de transformation,Droits : consulter DATA_LICENSES.md.
results_party_2026,source_updated_at,source updated at,"Horodatage annoncé par le producteur, converti en UTC; manquant si absent.",character,selon description,NA,"NA : absent, non diffusé, non applicable ou conversion impossible; jamais imputé. Consulter source et quality_report.",src_3bbf709ff718,FALSE,NA,Droits : consulter DATA_LICENSES.md.
results_party_2026,data_status,data status,État fourni par la source ou type explicite de transformation; finalité jamais inférée d’un pourcentage de dépouillement.,character,selon description,final;preliminary,"NA : absent, non diffusé, non applicable ou conversion impossible; jamais imputé. Consulter source et quality_report.",src_3bbf709ff718,FALSE,NA,Droits : consulter DATA_LICENSES.md.
turnout,election_id,election id,"Identifiant contextualisé : Québec, provincial, date et type.",character,selon description,NA,"NA : absent, non diffusé, non applicable ou conversion impossible; jamais imputé. Consulter source et quality_report.",src_04249426efff;src_23a95c0b8ace;src_2d4e90d4e476;src_335c9751e725;src_3ee19c14cf6d;src_46b2b80361d8;src_4e9171631c9b;src_53258148a5e9;src_68477afa07d6;src_6ce929ca1736;src_81c5fe8d1b02;src_8f0698d69120;src_9869ef080ebd;src_9ef2a7b66e04;src_a0bedefcbbb2;src_c0d45adf2a1b;src_d0efa9a1d2ca;src_d46eedaf6c55;src_f5041537304c;src_fc8fc11eea9d;src_f428cc11d231;src_3bbf709ff718,TRUE,voir R/common.R et script de transformation,Droits : consulter DATA_LICENSES.md.
turnout,district_id,district id,"Carte, édition des codes et code de circonscription; ne pas joindre par nom.",character,selon description,NA,"NA : absent, non diffusé, non applicable ou conversion impossible; jamais imputé. Consulter source et quality_report.",src_04249426efff;src_23a95c0b8ace;src_2d4e90d4e476;src_335c9751e725;src_3ee19c14cf6d;src_46b2b80361d8;src_4e9171631c9b;src_53258148a5e9;src_68477afa07d6;src_6ce929ca1736;src_81c5fe8d1b02;src_8f0698d69120;src_9869ef080ebd;src_9ef2a7b66e04;src_a0bedefcbbb2;src_c0d45adf2a1b;src_d0efa9a1d2ca;src_d46eedaf6c55;src_f5041537304c;src_fc8fc11eea9d;src_f428cc11d231;src_3bbf709ff718,TRUE,voir R/common.R et script de transformation,Droits : consulter DATA_LICENSES.md.
turnout,district_code,district code,Code de circonscription tel que fourni; sa signification dépend de l’édition.,character,selon description,NA,"NA : absent, non diffusé, non applicable ou conversion impossible; jamais imputé. Consulter source et quality_report.",src_04249426efff;src_23a95c0b8ace;src_2d4e90d4e476;src_335c9751e725;src_3ee19c14cf6d;src_46b2b80361d8;src_4e9171631c9b;src_53258148a5e9;src_68477afa07d6;src_6ce929ca1736;src_81c5fe8d1b02;src_8f0698d69120;src_9869ef080ebd;src_9ef2a7b66e04;src_a0bedefcbbb2;src_c0d45adf2a1b;src_d0efa9a1d2ca;src_d46eedaf6c55;src_f5041537304c;src_fc8fc11eea9d;src_f428cc11d231;src_3bbf709ff718,FALSE,NA,Droits : consulter DATA_LICENSES.md.
turnout,district_name,district name,Nom officiel dans cette édition et cette source.,character,selon description,NA,"NA : absent, non diffusé, non applicable ou conversion impossible; jamais imputé. Consulter source et quality_report.",src_04249426efff;src_23a95c0b8ace;src_2d4e90d4e476;src_335c9751e725;src_3ee19c14cf6d;src_46b2b80361d8;src_4e9171631c9b;src_53258148a5e9;src_68477afa07d6;src_6ce929ca1736;src_81c5fe8d1b02;src_8f0698d69120;src_9869ef080ebd;src_9ef2a7b66e04;src_a0bedefcbbb2;src_c0d45adf2a1b;src_d0efa9a1d2ca;src_d46eedaf6c55;src_f5041537304c;src_fc8fc11eea9d;src_f428cc11d231;src_3bbf709ff718,FALSE,NA,Droits : consulter DATA_LICENSES.md.
turnout,map_year,map year,"Année d’établissement de la carte, attribuée selon l’historique officiel; manquante lorsqu’elle n’est pas confirmée.",character,selon description,NA,"NA : absent, non diffusé, non applicable ou conversion impossible; jamais imputé. Consulter source et quality_report.",src_04249426efff;src_23a95c0b8ace;src_2d4e90d4e476;src_335c9751e725;src_3ee19c14cf6d;src_46b2b80361d8;src_4e9171631c9b;src_53258148a5e9;src_68477afa07d6;src_6ce929ca1736;src_81c5fe8d1b02;src_8f0698d69120;src_9869ef080ebd;src_9ef2a7b66e04;src_a0bedefcbbb2;src_c0d45adf2a1b;src_d0efa9a1d2ca;src_d46eedaf6c55;src_f5041537304c;src_fc8fc11eea9d;src_f428cc11d231;src_3bbf709ff718,FALSE,NA,Droits : consulter DATA_LICENSES.md.
turnout,code_edition,code edition,Édition de nomenclature; 2022 conserve la carte de 2017 avec changement de nom. Une édition historique contextuelle ne garantit pas une continuité des codes.,character,selon description,NA,"NA : absent, non diffusé, non applicable ou conversion impossible; jamais imputé. Consulter source et quality_report.",src_04249426efff;src_23a95c0b8ace;src_2d4e90d4e476;src_335c9751e725;src_3ee19c14cf6d;src_46b2b80361d8;src_4e9171631c9b;src_53258148a5e9;src_68477afa07d6;src_6ce929ca1736;src_81c5fe8d1b02;src_8f0698d69120;src_9869ef080ebd;src_9ef2a7b66e04;src_a0bedefcbbb2;src_c0d45adf2a1b;src_d0efa9a1d2ca;src_d46eedaf6c55;src_f5041537304c;src_fc8fc11eea9d;src_f428cc11d231;src_3bbf709ff718,FALSE,NA,Droits : consulter DATA_LICENSES.md.
turnout,registered,registered,Nombre d’électrices et électeurs inscrits selon le périmètre de ce fichier.,numeric,selon description,NA,"NA : absent, non diffusé, non applicable ou conversion impossible; jamais imputé. Consulter source et quality_report.",src_04249426efff;src_23a95c0b8ace;src_2d4e90d4e476;src_335c9751e725;src_3ee19c14cf6d;src_46b2b80361d8;src_4e9171631c9b;src_53258148a5e9;src_68477afa07d6;src_6ce929ca1736;src_81c5fe8d1b02;src_8f0698d69120;src_9869ef080ebd;src_9ef2a7b66e04;src_a0bedefcbbb2;src_c0d45adf2a1b;src_d0efa9a1d2ca;src_d46eedaf6c55;src_f5041537304c;src_fc8fc11eea9d;src_f428cc11d231;src_3bbf709ff718,FALSE,NA,Droits : consulter DATA_LICENSES.md.
turnout,valid_ballots,valid ballots,Nombre de bulletins valides publié.,numeric,selon description,NA,"NA : absent, non diffusé, non applicable ou conversion impossible; jamais imputé. Consulter source et quality_report.",src_04249426efff;src_23a95c0b8ace;src_2d4e90d4e476;src_335c9751e725;src_3ee19c14cf6d;src_46b2b80361d8;src_4e9171631c9b;src_53258148a5e9;src_68477afa07d6;src_6ce929ca1736;src_81c5fe8d1b02;src_8f0698d69120;src_9869ef080ebd;src_9ef2a7b66e04;src_a0bedefcbbb2;src_c0d45adf2a1b;src_d0efa9a1d2ca;src_d46eedaf6c55;src_f5041537304c;src_fc8fc11eea9d;src_f428cc11d231;src_3bbf709ff718,FALSE,NA,Droits : consulter DATA_LICENSES.md.
turnout,rejected_ballots,rejected ballots,Nombre de bulletins rejetés publié.,numeric,selon description,NA,"NA : absent, non diffusé, non applicable ou conversion impossible; jamais imputé. Consulter source et quality_report.",src_04249426efff;src_23a95c0b8ace;src_2d4e90d4e476;src_335c9751e725;src_3ee19c14cf6d;src_46b2b80361d8;src_4e9171631c9b;src_53258148a5e9;src_68477afa07d6;src_6ce929ca1736;src_81c5fe8d1b02;src_8f0698d69120;src_9869ef080ebd;src_9ef2a7b66e04;src_a0bedefcbbb2;src_c0d45adf2a1b;src_d0efa9a1d2ca;src_d46eedaf6c55;src_f5041537304c;src_fc8fc11eea9d;src_f428cc11d231;src_3bbf709ff718,FALSE,NA,Droits : consulter DATA_LICENSES.md.
turnout,votes_cast,votes cast,Bulletins valides et rejetés; valeur source si disponible.,numeric,selon description,NA,"NA : absent, non diffusé, non applicable ou conversion impossible; jamais imputé. Consulter source et quality_report.",src_04249426efff;src_23a95c0b8ace;src_2d4e90d4e476;src_335c9751e725;src_3ee19c14cf6d;src_46b2b80361d8;src_4e9171631c9b;src_53258148a5e9;src_68477afa07d6;src_6ce929ca1736;src_81c5fe8d1b02;src_8f0698d69120;src_9869ef080ebd;src_9ef2a7b66e04;src_a0bedefcbbb2;src_c0d45adf2a1b;src_d0efa9a1d2ca;src_d46eedaf6c55;src_f5041537304c;src_fc8fc11eea9d;src_f428cc11d231;src_3bbf709ff718,FALSE,NA,Droits : consulter DATA_LICENSES.md.
turnout,turnout_source_pct,turnout source pct,Pourcentage de participation publié pour la circonscription.,numeric,pourcentage 0-100,NA,"NA : absent, non diffusé, non applicable ou conversion impossible; jamais imputé. Consulter source et quality_report.",src_04249426efff;src_23a95c0b8ace;src_2d4e90d4e476;src_335c9751e725;src_3ee19c14cf6d;src_46b2b80361d8;src_4e9171631c9b;src_53258148a5e9;src_68477afa07d6;src_6ce929ca1736;src_81c5fe8d1b02;src_8f0698d69120;src_9869ef080ebd;src_9ef2a7b66e04;src_a0bedefcbbb2;src_c0d45adf2a1b;src_d0efa9a1d2ca;src_d46eedaf6c55;src_f5041537304c;src_fc8fc11eea9d;src_f428cc11d231;src_3bbf709ff718,FALSE,NA,Droits : consulter DATA_LICENSES.md.
turnout,polls_counted,polls counted,Nombre de bureaux dont les résultats sont renseignés.,numeric,selon description,NA,"NA : absent, non diffusé, non applicable ou conversion impossible; jamais imputé. Consulter source et quality_report.",src_04249426efff;src_23a95c0b8ace;src_2d4e90d4e476;src_335c9751e725;src_3ee19c14cf6d;src_46b2b80361d8;src_4e9171631c9b;src_53258148a5e9;src_68477afa07d6;src_6ce929ca1736;src_81c5fe8d1b02;src_8f0698d69120;src_9869ef080ebd;src_9ef2a7b66e04;src_a0bedefcbbb2;src_c0d45adf2a1b;src_d0efa9a1d2ca;src_d46eedaf6c55;src_f5041537304c;src_fc8fc11eea9d;src_f428cc11d231;src_3bbf709ff718,FALSE,NA,Droits : consulter DATA_LICENSES.md.
turnout,polls_total,polls total,Nombre total de bureaux annoncé.,numeric,selon description,NA,"NA : absent, non diffusé, non applicable ou conversion impossible; jamais imputé. Consulter source et quality_report.",src_04249426efff;src_23a95c0b8ace;src_2d4e90d4e476;src_335c9751e725;src_3ee19c14cf6d;src_46b2b80361d8;src_4e9171631c9b;src_53258148a5e9;src_68477afa07d6;src_6ce929ca1736;src_81c5fe8d1b02;src_8f0698d69120;src_9869ef080ebd;src_9ef2a7b66e04;src_a0bedefcbbb2;src_c0d45adf2a1b;src_d0efa9a1d2ca;src_d46eedaf6c55;src_f5041537304c;src_fc8fc11eea9d;src_f428cc11d231;src_3bbf709ff718,FALSE,NA,Droits : consulter DATA_LICENSES.md.
turnout,turnout_observed_pct,turnout observed pct,"Rapport des votes actuellement comptés aux inscrits; pendant le dépouillement, ce n’est pas la participation finale.",numeric,pourcentage 0-100,NA,"NA : absent, non diffusé, non applicable ou conversion impossible; jamais imputé. Consulter source et quality_report.",src_04249426efff;src_23a95c0b8ace;src_2d4e90d4e476;src_335c9751e725;src_3ee19c14cf6d;src_46b2b80361d8;src_4e9171631c9b;src_53258148a5e9;src_68477afa07d6;src_6ce929ca1736;src_81c5fe8d1b02;src_8f0698d69120;src_9869ef080ebd;src_9ef2a7b66e04;src_a0bedefcbbb2;src_c0d45adf2a1b;src_d0efa9a1d2ca;src_d46eedaf6c55;src_f5041537304c;src_fc8fc11eea9d;src_f428cc11d231;src_3bbf709ff718,TRUE,"100 * votes_cast / registered, si registered > 0",Droits : consulter DATA_LICENSES.md.
turnout,rejected_ballots_pct,rejected ballots pct,"Pourcentage des votes exprimés constitué de bulletins rejetés, recalculé.",numeric,pourcentage 0-100,NA,"NA : absent, non diffusé, non applicable ou conversion impossible; jamais imputé. Consulter source et quality_report.",src_04249426efff;src_23a95c0b8ace;src_2d4e90d4e476;src_335c9751e725;src_3ee19c14cf6d;src_46b2b80361d8;src_4e9171631c9b;src_53258148a5e9;src_68477afa07d6;src_6ce929ca1736;src_81c5fe8d1b02;src_8f0698d69120;src_9869ef080ebd;src_9ef2a7b66e04;src_a0bedefcbbb2;src_c0d45adf2a1b;src_d0efa9a1d2ca;src_d46eedaf6c55;src_f5041537304c;src_fc8fc11eea9d;src_f428cc11d231;src_3bbf709ff718,TRUE,100 * rejected_ballots / votes_cast,Droits : consulter DATA_LICENSES.md.
turnout,source_id,source id,Identifiant SHA-256 de l’URL dans le catalogue maître.,character,selon description,NA,"NA : absent, non diffusé, non applicable ou conversion impossible; jamais imputé. Consulter source et quality_report.",src_04249426efff;src_23a95c0b8ace;src_2d4e90d4e476;src_335c9751e725;src_3ee19c14cf6d;src_46b2b80361d8;src_4e9171631c9b;src_53258148a5e9;src_68477afa07d6;src_6ce929ca1736;src_81c5fe8d1b02;src_8f0698d69120;src_9869ef080ebd;src_9ef2a7b66e04;src_a0bedefcbbb2;src_c0d45adf2a1b;src_d0efa9a1d2ca;src_d46eedaf6c55;src_f5041537304c;src_fc8fc11eea9d;src_f428cc11d231;src_3bbf709ff718,TRUE,voir R/common.R et script de transformation,Droits : consulter DATA_LICENSES.md.
turnout,snapshot_id,snapshot id,Identifiant unique de la consultation et des octets sources.,character,selon description,NA,"NA : absent, non diffusé, non applicable ou conversion impossible; jamais imputé. Consulter source et quality_report.",src_04249426efff;src_23a95c0b8ace;src_2d4e90d4e476;src_335c9751e725;src_3ee19c14cf6d;src_46b2b80361d8;src_4e9171631c9b;src_53258148a5e9;src_68477afa07d6;src_6ce929ca1736;src_81c5fe8d1b02;src_8f0698d69120;src_9869ef080ebd;src_9ef2a7b66e04;src_a0bedefcbbb2;src_c0d45adf2a1b;src_d0efa9a1d2ca;src_d46eedaf6c55;src_f5041537304c;src_fc8fc11eea9d;src_f428cc11d231;src_3bbf709ff718,TRUE,voir R/common.R et script de transformation,Droits : consulter DATA_LICENSES.md.
turnout,observed_at,observed at,Instant UTC où la source a été consultée; ne désigne pas la date de l’événement.,character,selon description,NA,"NA : absent, non diffusé, non applicable ou conversion impossible; jamais imputé. Consulter source et quality_report.",src_04249426efff;src_23a95c0b8ace;src_2d4e90d4e476;src_335c9751e725;src_3ee19c14cf6d;src_46b2b80361d8;src_4e9171631c9b;src_53258148a5e9;src_68477afa07d6;src_6ce929ca1736;src_81c5fe8d1b02;src_8f0698d69120;src_9869ef080ebd;src_9ef2a7b66e04;src_a0bedefcbbb2;src_c0d45adf2a1b;src_d0efa9a1d2ca;src_d46eedaf6c55;src_f5041537304c;src_fc8fc11eea9d;src_f428cc11d231;src_3bbf709ff718,TRUE,voir R/common.R et script de transformation,Droits : consulter DATA_LICENSES.md.
turnout,retrieved_at,retrieved at,"Fin de la récupération, en UTC.",character,selon description,NA,"NA : absent, non diffusé, non applicable ou conversion impossible; jamais imputé. Consulter source et quality_report.",src_04249426efff;src_23a95c0b8ace;src_2d4e90d4e476;src_335c9751e725;src_3ee19c14cf6d;src_46b2b80361d8;src_4e9171631c9b;src_53258148a5e9;src_68477afa07d6;src_6ce929ca1736;src_81c5fe8d1b02;src_8f0698d69120;src_9869ef080ebd;src_9ef2a7b66e04;src_a0bedefcbbb2;src_c0d45adf2a1b;src_d0efa9a1d2ca;src_d46eedaf6c55;src_f5041537304c;src_fc8fc11eea9d;src_f428cc11d231;src_3bbf709ff718,TRUE,voir R/common.R et script de transformation,Droits : consulter DATA_LICENSES.md.
turnout,source_updated_at,source updated at,"Horodatage annoncé par le producteur, converti en UTC; manquant si absent.",character,selon description,NA,"NA : absent, non diffusé, non applicable ou conversion impossible; jamais imputé. Consulter source et quality_report.",src_04249426efff;src_23a95c0b8ace;src_2d4e90d4e476;src_335c9751e725;src_3ee19c14cf6d;src_46b2b80361d8;src_4e9171631c9b;src_53258148a5e9;src_68477afa07d6;src_6ce929ca1736;src_81c5fe8d1b02;src_8f0698d69120;src_9869ef080ebd;src_9ef2a7b66e04;src_a0bedefcbbb2;src_c0d45adf2a1b;src_d0efa9a1d2ca;src_d46eedaf6c55;src_f5041537304c;src_fc8fc11eea9d;src_f428cc11d231;src_3bbf709ff718,FALSE,NA,Droits : consulter DATA_LICENSES.md.
turnout,data_status,data status,État fourni par la source ou type explicite de transformation; finalité jamais inférée d’un pourcentage de dépouillement.,character,selon description,final;preliminary,"NA : absent, non diffusé, non applicable ou conversion impossible; jamais imputé. Consulter source et quality_report.",src_04249426efff;src_23a95c0b8ace;src_2d4e90d4e476;src_335c9751e725;src_3ee19c14cf6d;src_46b2b80361d8;src_4e9171631c9b;src_53258148a5e9;src_68477afa07d6;src_6ce929ca1736;src_81c5fe8d1b02;src_8f0698d69120;src_9869ef080ebd;src_9ef2a7b66e04;src_a0bedefcbbb2;src_c0d45adf2a1b;src_d0efa9a1d2ca;src_d46eedaf6c55;src_f5041537304c;src_fc8fc11eea9d;src_f428cc11d231;src_3bbf709ff718,FALSE,NA,Droits : consulter DATA_LICENSES.md.
turnout_history,election_id,election id,"Identifiant contextualisé : Québec, provincial, date et type.",character,selon description,NA,"NA : absent, non diffusé, non applicable ou conversion impossible; jamais imputé. Consulter source et quality_report.",src_04249426efff;src_23a95c0b8ace;src_2d4e90d4e476;src_335c9751e725;src_3ee19c14cf6d;src_46b2b80361d8;src_4e9171631c9b;src_53258148a5e9;src_68477afa07d6;src_6ce929ca1736;src_81c5fe8d1b02;src_8f0698d69120;src_9869ef080ebd;src_9ef2a7b66e04;src_a0bedefcbbb2;src_c0d45adf2a1b;src_d0efa9a1d2ca;src_d46eedaf6c55;src_f5041537304c;src_fc8fc11eea9d;src_f428cc11d231,TRUE,voir R/common.R et script de transformation,Droits : consulter DATA_LICENSES.md.
turnout_history,district_id,district id,"Carte, édition des codes et code de circonscription; ne pas joindre par nom.",character,selon description,NA,"NA : absent, non diffusé, non applicable ou conversion impossible; jamais imputé. Consulter source et quality_report.",src_04249426efff;src_23a95c0b8ace;src_2d4e90d4e476;src_335c9751e725;src_3ee19c14cf6d;src_46b2b80361d8;src_4e9171631c9b;src_53258148a5e9;src_68477afa07d6;src_6ce929ca1736;src_81c5fe8d1b02;src_8f0698d69120;src_9869ef080ebd;src_9ef2a7b66e04;src_a0bedefcbbb2;src_c0d45adf2a1b;src_d0efa9a1d2ca;src_d46eedaf6c55;src_f5041537304c;src_fc8fc11eea9d;src_f428cc11d231,TRUE,voir R/common.R et script de transformation,Droits : consulter DATA_LICENSES.md.
turnout_history,district_code,district code,Code de circonscription tel que fourni; sa signification dépend de l’édition.,character,selon description,NA,"NA : absent, non diffusé, non applicable ou conversion impossible; jamais imputé. Consulter source et quality_report.",src_04249426efff;src_23a95c0b8ace;src_2d4e90d4e476;src_335c9751e725;src_3ee19c14cf6d;src_46b2b80361d8;src_4e9171631c9b;src_53258148a5e9;src_68477afa07d6;src_6ce929ca1736;src_81c5fe8d1b02;src_8f0698d69120;src_9869ef080ebd;src_9ef2a7b66e04;src_a0bedefcbbb2;src_c0d45adf2a1b;src_d0efa9a1d2ca;src_d46eedaf6c55;src_f5041537304c;src_fc8fc11eea9d;src_f428cc11d231,FALSE,NA,Droits : consulter DATA_LICENSES.md.
turnout_history,district_name,district name,Nom officiel dans cette édition et cette source.,character,selon description,NA,"NA : absent, non diffusé, non applicable ou conversion impossible; jamais imputé. Consulter source et quality_report.",src_04249426efff;src_23a95c0b8ace;src_2d4e90d4e476;src_335c9751e725;src_3ee19c14cf6d;src_46b2b80361d8;src_4e9171631c9b;src_53258148a5e9;src_68477afa07d6;src_6ce929ca1736;src_81c5fe8d1b02;src_8f0698d69120;src_9869ef080ebd;src_9ef2a7b66e04;src_a0bedefcbbb2;src_c0d45adf2a1b;src_d0efa9a1d2ca;src_d46eedaf6c55;src_f5041537304c;src_fc8fc11eea9d;src_f428cc11d231,FALSE,NA,Droits : consulter DATA_LICENSES.md.
turnout_history,map_year,map year,"Année d’établissement de la carte, attribuée selon l’historique officiel; manquante lorsqu’elle n’est pas confirmée.",character,selon description,NA,"NA : absent, non diffusé, non applicable ou conversion impossible; jamais imputé. Consulter source et quality_report.",src_04249426efff;src_23a95c0b8ace;src_2d4e90d4e476;src_335c9751e725;src_3ee19c14cf6d;src_46b2b80361d8;src_4e9171631c9b;src_53258148a5e9;src_68477afa07d6;src_6ce929ca1736;src_81c5fe8d1b02;src_8f0698d69120;src_9869ef080ebd;src_9ef2a7b66e04;src_a0bedefcbbb2;src_c0d45adf2a1b;src_d0efa9a1d2ca;src_d46eedaf6c55;src_f5041537304c;src_fc8fc11eea9d;src_f428cc11d231,FALSE,NA,Droits : consulter DATA_LICENSES.md.
turnout_history,code_edition,code edition,Édition de nomenclature; 2022 conserve la carte de 2017 avec changement de nom. Une édition historique contextuelle ne garantit pas une continuité des codes.,character,selon description,NA,"NA : absent, non diffusé, non applicable ou conversion impossible; jamais imputé. Consulter source et quality_report.",src_04249426efff;src_23a95c0b8ace;src_2d4e90d4e476;src_335c9751e725;src_3ee19c14cf6d;src_46b2b80361d8;src_4e9171631c9b;src_53258148a5e9;src_68477afa07d6;src_6ce929ca1736;src_81c5fe8d1b02;src_8f0698d69120;src_9869ef080ebd;src_9ef2a7b66e04;src_a0bedefcbbb2;src_c0d45adf2a1b;src_d0efa9a1d2ca;src_d46eedaf6c55;src_f5041537304c;src_fc8fc11eea9d;src_f428cc11d231,FALSE,NA,Droits : consulter DATA_LICENSES.md.
turnout_history,registered,registered,Nombre d’électrices et électeurs inscrits selon le périmètre de ce fichier.,numeric,selon description,NA,"NA : absent, non diffusé, non applicable ou conversion impossible; jamais imputé. Consulter source et quality_report.",src_04249426efff;src_23a95c0b8ace;src_2d4e90d4e476;src_335c9751e725;src_3ee19c14cf6d;src_46b2b80361d8;src_4e9171631c9b;src_53258148a5e9;src_68477afa07d6;src_6ce929ca1736;src_81c5fe8d1b02;src_8f0698d69120;src_9869ef080ebd;src_9ef2a7b66e04;src_a0bedefcbbb2;src_c0d45adf2a1b;src_d0efa9a1d2ca;src_d46eedaf6c55;src_f5041537304c;src_fc8fc11eea9d;src_f428cc11d231,FALSE,NA,Droits : consulter DATA_LICENSES.md.
turnout_history,valid_ballots,valid ballots,Nombre de bulletins valides publié.,numeric,selon description,NA,"NA : absent, non diffusé, non applicable ou conversion impossible; jamais imputé. Consulter source et quality_report.",src_04249426efff;src_23a95c0b8ace;src_2d4e90d4e476;src_335c9751e725;src_3ee19c14cf6d;src_46b2b80361d8;src_4e9171631c9b;src_53258148a5e9;src_68477afa07d6;src_6ce929ca1736;src_81c5fe8d1b02;src_8f0698d69120;src_9869ef080ebd;src_9ef2a7b66e04;src_a0bedefcbbb2;src_c0d45adf2a1b;src_d0efa9a1d2ca;src_d46eedaf6c55;src_f5041537304c;src_fc8fc11eea9d;src_f428cc11d231,FALSE,NA,Droits : consulter DATA_LICENSES.md.
turnout_history,rejected_ballots,rejected ballots,Nombre de bulletins rejetés publié.,numeric,selon description,NA,"NA : absent, non diffusé, non applicable ou conversion impossible; jamais imputé. Consulter source et quality_report.",src_04249426efff;src_23a95c0b8ace;src_2d4e90d4e476;src_335c9751e725;src_3ee19c14cf6d;src_46b2b80361d8;src_4e9171631c9b;src_53258148a5e9;src_68477afa07d6;src_6ce929ca1736;src_81c5fe8d1b02;src_8f0698d69120;src_9869ef080ebd;src_9ef2a7b66e04;src_a0bedefcbbb2;src_c0d45adf2a1b;src_d0efa9a1d2ca;src_d46eedaf6c55;src_f5041537304c;src_fc8fc11eea9d;src_f428cc11d231,FALSE,NA,Droits : consulter DATA_LICENSES.md.
turnout_history,votes_cast,votes cast,Bulletins valides et rejetés; valeur source si disponible.,numeric,selon description,NA,"NA : absent, non diffusé, non applicable ou conversion impossible; jamais imputé. Consulter source et quality_report.",src_04249426efff;src_23a95c0b8ace;src_2d4e90d4e476;src_335c9751e725;src_3ee19c14cf6d;src_46b2b80361d8;src_4e9171631c9b;src_53258148a5e9;src_68477afa07d6;src_6ce929ca1736;src_81c5fe8d1b02;src_8f0698d69120;src_9869ef080ebd;src_9ef2a7b66e04;src_a0bedefcbbb2;src_c0d45adf2a1b;src_d0efa9a1d2ca;src_d46eedaf6c55;src_f5041537304c;src_fc8fc11eea9d;src_f428cc11d231,FALSE,NA,Droits : consulter DATA_LICENSES.md.
turnout_history,turnout_source_pct,turnout source pct,Pourcentage de participation publié pour la circonscription.,numeric,pourcentage 0-100,NA,"NA : absent, non diffusé, non applicable ou conversion impossible; jamais imputé. Consulter source et quality_report.",src_04249426efff;src_23a95c0b8ace;src_2d4e90d4e476;src_335c9751e725;src_3ee19c14cf6d;src_46b2b80361d8;src_4e9171631c9b;src_53258148a5e9;src_68477afa07d6;src_6ce929ca1736;src_81c5fe8d1b02;src_8f0698d69120;src_9869ef080ebd;src_9ef2a7b66e04;src_a0bedefcbbb2;src_c0d45adf2a1b;src_d0efa9a1d2ca;src_d46eedaf6c55;src_f5041537304c;src_fc8fc11eea9d;src_f428cc11d231,FALSE,NA,Droits : consulter DATA_LICENSES.md.
turnout_history,polls_counted,polls counted,Nombre de bureaux dont les résultats sont renseignés.,numeric,selon description,NA,"NA : absent, non diffusé, non applicable ou conversion impossible; jamais imputé. Consulter source et quality_report.",src_04249426efff;src_23a95c0b8ace;src_2d4e90d4e476;src_335c9751e725;src_3ee19c14cf6d;src_46b2b80361d8;src_4e9171631c9b;src_53258148a5e9;src_68477afa07d6;src_6ce929ca1736;src_81c5fe8d1b02;src_8f0698d69120;src_9869ef080ebd;src_9ef2a7b66e04;src_a0bedefcbbb2;src_c0d45adf2a1b;src_d0efa9a1d2ca;src_d46eedaf6c55;src_f5041537304c;src_fc8fc11eea9d;src_f428cc11d231,FALSE,NA,Droits : consulter DATA_LICENSES.md.
turnout_history,polls_total,polls total,Nombre total de bureaux annoncé.,numeric,selon description,NA,"NA : absent, non diffusé, non applicable ou conversion impossible; jamais imputé. Consulter source et quality_report.",src_04249426efff;src_23a95c0b8ace;src_2d4e90d4e476;src_335c9751e725;src_3ee19c14cf6d;src_46b2b80361d8;src_4e9171631c9b;src_53258148a5e9;src_68477afa07d6;src_6ce929ca1736;src_81c5fe8d1b02;src_8f0698d69120;src_9869ef080ebd;src_9ef2a7b66e04;src_a0bedefcbbb2;src_c0d45adf2a1b;src_d0efa9a1d2ca;src_d46eedaf6c55;src_f5041537304c;src_fc8fc11eea9d;src_f428cc11d231,FALSE,NA,Droits : consulter DATA_LICENSES.md.
turnout_history,turnout_observed_pct,turnout observed pct,"Rapport des votes actuellement comptés aux inscrits; pendant le dépouillement, ce n’est pas la participation finale.",numeric,pourcentage 0-100,NA,"NA : absent, non diffusé, non applicable ou conversion impossible; jamais imputé. Consulter source et quality_report.",src_04249426efff;src_23a95c0b8ace;src_2d4e90d4e476;src_335c9751e725;src_3ee19c14cf6d;src_46b2b80361d8;src_4e9171631c9b;src_53258148a5e9;src_68477afa07d6;src_6ce929ca1736;src_81c5fe8d1b02;src_8f0698d69120;src_9869ef080ebd;src_9ef2a7b66e04;src_a0bedefcbbb2;src_c0d45adf2a1b;src_d0efa9a1d2ca;src_d46eedaf6c55;src_f5041537304c;src_fc8fc11eea9d;src_f428cc11d231,TRUE,"100 * votes_cast / registered, si registered > 0",Droits : consulter DATA_LICENSES.md.
turnout_history,rejected_ballots_pct,rejected ballots pct,"Pourcentage des votes exprimés constitué de bulletins rejetés, recalculé.",numeric,pourcentage 0-100,NA,"NA : absent, non diffusé, non applicable ou conversion impossible; jamais imputé. Consulter source et quality_report.",src_04249426efff;src_23a95c0b8ace;src_2d4e90d4e476;src_335c9751e725;src_3ee19c14cf6d;src_46b2b80361d8;src_4e9171631c9b;src_53258148a5e9;src_68477afa07d6;src_6ce929ca1736;src_81c5fe8d1b02;src_8f0698d69120;src_9869ef080ebd;src_9ef2a7b66e04;src_a0bedefcbbb2;src_c0d45adf2a1b;src_d0efa9a1d2ca;src_d46eedaf6c55;src_f5041537304c;src_fc8fc11eea9d;src_f428cc11d231,TRUE,100 * rejected_ballots / votes_cast,Droits : consulter DATA_LICENSES.md.
turnout_history,source_id,source id,Identifiant SHA-256 de l’URL dans le catalogue maître.,character,selon description,NA,"NA : absent, non diffusé, non applicable ou conversion impossible; jamais imputé. Consulter source et quality_report.",src_04249426efff;src_23a95c0b8ace;src_2d4e90d4e476;src_335c9751e725;src_3ee19c14cf6d;src_46b2b80361d8;src_4e9171631c9b;src_53258148a5e9;src_68477afa07d6;src_6ce929ca1736;src_81c5fe8d1b02;src_8f0698d69120;src_9869ef080ebd;src_9ef2a7b66e04;src_a0bedefcbbb2;src_c0d45adf2a1b;src_d0efa9a1d2ca;src_d46eedaf6c55;src_f5041537304c;src_fc8fc11eea9d;src_f428cc11d231,TRUE,voir R/common.R et script de transformation,Droits : consulter DATA_LICENSES.md.
turnout_history,snapshot_id,snapshot id,Identifiant unique de la consultation et des octets sources.,character,selon description,NA,"NA : absent, non diffusé, non applicable ou conversion impossible; jamais imputé. Consulter source et quality_report.",src_04249426efff;src_23a95c0b8ace;src_2d4e90d4e476;src_335c9751e725;src_3ee19c14cf6d;src_46b2b80361d8;src_4e9171631c9b;src_53258148a5e9;src_68477afa07d6;src_6ce929ca1736;src_81c5fe8d1b02;src_8f0698d69120;src_9869ef080ebd;src_9ef2a7b66e04;src_a0bedefcbbb2;src_c0d45adf2a1b;src_d0efa9a1d2ca;src_d46eedaf6c55;src_f5041537304c;src_fc8fc11eea9d;src_f428cc11d231,TRUE,voir R/common.R et script de transformation,Droits : consulter DATA_LICENSES.md.
turnout_history,observed_at,observed at,Instant UTC où la source a été consultée; ne désigne pas la date de l’événement.,character,selon description,NA,"NA : absent, non diffusé, non applicable ou conversion impossible; jamais imputé. Consulter source et quality_report.",src_04249426efff;src_23a95c0b8ace;src_2d4e90d4e476;src_335c9751e725;src_3ee19c14cf6d;src_46b2b80361d8;src_4e9171631c9b;src_53258148a5e9;src_68477afa07d6;src_6ce929ca1736;src_81c5fe8d1b02;src_8f0698d69120;src_9869ef080ebd;src_9ef2a7b66e04;src_a0bedefcbbb2;src_c0d45adf2a1b;src_d0efa9a1d2ca;src_d46eedaf6c55;src_f5041537304c;src_fc8fc11eea9d;src_f428cc11d231,TRUE,voir R/common.R et script de transformation,Droits : consulter DATA_LICENSES.md.
turnout_history,retrieved_at,retrieved at,"Fin de la récupération, en UTC.",character,selon description,NA,"NA : absent, non diffusé, non applicable ou conversion impossible; jamais imputé. Consulter source et quality_report.",src_04249426efff;src_23a95c0b8ace;src_2d4e90d4e476;src_335c9751e725;src_3ee19c14cf6d;src_46b2b80361d8;src_4e9171631c9b;src_53258148a5e9;src_68477afa07d6;src_6ce929ca1736;src_81c5fe8d1b02;src_8f0698d69120;src_9869ef080ebd;src_9ef2a7b66e04;src_a0bedefcbbb2;src_c0d45adf2a1b;src_d0efa9a1d2ca;src_d46eedaf6c55;src_f5041537304c;src_fc8fc11eea9d;src_f428cc11d231,TRUE,voir R/common.R et script de transformation,Droits : consulter DATA_LICENSES.md.
turnout_history,source_updated_at,source updated at,"Horodatage annoncé par le producteur, converti en UTC; manquant si absent.",character,selon description,NA,"NA : absent, non diffusé, non applicable ou conversion impossible; jamais imputé. Consulter source et quality_report.",src_04249426efff;src_23a95c0b8ace;src_2d4e90d4e476;src_335c9751e725;src_3ee19c14cf6d;src_46b2b80361d8;src_4e9171631c9b;src_53258148a5e9;src_68477afa07d6;src_6ce929ca1736;src_81c5fe8d1b02;src_8f0698d69120;src_9869ef080ebd;src_9ef2a7b66e04;src_a0bedefcbbb2;src_c0d45adf2a1b;src_d0efa9a1d2ca;src_d46eedaf6c55;src_f5041537304c;src_fc8fc11eea9d;src_f428cc11d231,FALSE,NA,Droits : consulter DATA_LICENSES.md.
turnout_history,data_status,data status,État fourni par la source ou type explicite de transformation; finalité jamais inférée d’un pourcentage de dépouillement.,character,selon description,final,"NA : absent, non diffusé, non applicable ou conversion impossible; jamais imputé. Consulter source et quality_report.",src_04249426efff;src_23a95c0b8ace;src_2d4e90d4e476;src_335c9751e725;src_3ee19c14cf6d;src_46b2b80361d8;src_4e9171631c9b;src_53258148a5e9;src_68477afa07d6;src_6ce929ca1736;src_81c5fe8d1b02;src_8f0698d69120;src_9869ef080ebd;src_9ef2a7b66e04;src_a0bedefcbbb2;src_c0d45adf2a1b;src_d0efa9a1d2ca;src_d46eedaf6c55;src_f5041537304c;src_fc8fc11eea9d;src_f428cc11d231,FALSE,NA,Droits : consulter DATA_LICENSES.md.
turnout_preliminary_2026,election_id,election id,"Identifiant contextualisé : Québec, provincial, date et type.",character,selon description,NA,"NA : absent, non diffusé, non applicable ou conversion impossible; jamais imputé. Consulter source et quality_report.",src_fd99c43283f3,TRUE,voir R/common.R et script de transformation,Transformation locale; autorisation d’adaptation non confirmée.
turnout_preliminary_2026,district_id,district id,"Carte, édition des codes et code de circonscription; ne pas joindre par nom.",character,selon description,NA,"NA : absent, non diffusé, non applicable ou conversion impossible; jamais imputé. Consulter source et quality_report.",src_fd99c43283f3,TRUE,voir R/common.R et script de transformation,Transformation locale; autorisation d’adaptation non confirmée.
turnout_preliminary_2026,district_name,district name,Nom officiel dans cette édition et cette source.,character,selon description,NA,"NA : absent, non diffusé, non applicable ou conversion impossible; jamais imputé. Consulter source et quality_report.",src_fd99c43283f3,FALSE,NA,Transformation locale; autorisation d’adaptation non confirmée.
turnout_preliminary_2026,turnout_preliminary_pct,turnout preliminary pct,Taux préliminaire de dénombrement publié avant le dépouillement; aucun nombre de votants n’est reconstruit.,numeric,pourcentage 0-100,NA,"NA : absent, non diffusé, non applicable ou conversion impossible; jamais imputé. Consulter source et quality_report.",src_fd99c43283f3,FALSE,NA,Transformation locale; autorisation d’adaptation non confirmée.
turnout_preliminary_2026,update_type,update type,Nature de la consultation; preliminary_turnout_source pour le taux préliminaire publié.,character,selon description,NA,"NA : absent, non diffusé, non applicable ou conversion impossible; jamais imputé. Consulter source et quality_report.",src_fd99c43283f3,FALSE,NA,Transformation locale; autorisation d’adaptation non confirmée.
turnout_preliminary_2026,registered,registered,Nombre d’électrices et électeurs inscrits selon le périmètre de ce fichier.,numeric,selon description,NA,"NA : absent, non diffusé, non applicable ou conversion impossible; jamais imputé. Consulter source et quality_report.",src_fd99c43283f3,FALSE,NA,Transformation locale; autorisation d’adaptation non confirmée.
turnout_preliminary_2026,votes_cast,votes cast,Bulletins valides et rejetés; valeur source si disponible.,numeric,selon description,NA,"NA : absent, non diffusé, non applicable ou conversion impossible; jamais imputé. Consulter source et quality_report.",src_fd99c43283f3,FALSE,NA,Transformation locale; autorisation d’adaptation non confirmée.
turnout_preliminary_2026,source_id,source id,Identifiant SHA-256 de l’URL dans le catalogue maître.,character,selon description,NA,"NA : absent, non diffusé, non applicable ou conversion impossible; jamais imputé. Consulter source et quality_report.",src_fd99c43283f3,TRUE,voir R/common.R et script de transformation,Transformation locale; autorisation d’adaptation non confirmée.
turnout_preliminary_2026,snapshot_id,snapshot id,Identifiant unique de la consultation et des octets sources.,character,selon description,NA,"NA : absent, non diffusé, non applicable ou conversion impossible; jamais imputé. Consulter source et quality_report.",src_fd99c43283f3,TRUE,voir R/common.R et script de transformation,Transformation locale; autorisation d’adaptation non confirmée.
turnout_preliminary_2026,observed_at,observed at,Instant UTC où la source a été consultée; ne désigne pas la date de l’événement.,character,selon description,NA,"NA : absent, non diffusé, non applicable ou conversion impossible; jamais imputé. Consulter source et quality_report.",src_fd99c43283f3,TRUE,voir R/common.R et script de transformation,Transformation locale; autorisation d’adaptation non confirmée.
turnout_preliminary_2026,retrieved_at,retrieved at,"Fin de la récupération, en UTC.",character,selon description,NA,"NA : absent, non diffusé, non applicable ou conversion impossible; jamais imputé. Consulter source et quality_report.",src_fd99c43283f3,TRUE,voir R/common.R et script de transformation,Transformation locale; autorisation d’adaptation non confirmée.
turnout_preliminary_2026,source_updated_at,source updated at,"Horodatage annoncé par le producteur, converti en UTC; manquant si absent.",character,selon description,NA,"NA : absent, non diffusé, non applicable ou conversion impossible; jamais imputé. Consulter source et quality_report.",src_fd99c43283f3,FALSE,NA,Transformation locale; autorisation d’adaptation non confirmée.
turnout_preliminary_2026,data_status,data status,État fourni par la source ou type explicite de transformation; finalité jamais inférée d’un pourcentage de dépouillement.,character,selon description,preliminary,"NA : absent, non diffusé, non applicable ou conversion impossible; jamais imputé. Consulter source et quality_report.",src_fd99c43283f3,FALSE,NA,Transformation locale; autorisation d’adaptation non confirmée.
assnat_historical_source_tables,source_row,source row,Numéro de ligne à l’intérieur du tableau extrait.,integer,selon description,NA,"NA : absent, non diffusé, non applicable ou conversion impossible; jamais imputé. Consulter source et quality_report.",src_00f6f4053817;src_128f9f74ba8d;src_2244578dce31;src_3de6cee42b89;src_400452365bd1;src_440ebd7b572a;src_4840108788f3;src_4cc517b0501c;src_5179307198a5;src_52e2d7d3768e;src_612bcc4cc655;src_6498b71b1a4c;src_6f9919271d21;src_724898755de5;src_728d86af63e6;src_7b9ed0fabd68;src_82efc8cec4cf;src_9d3d3707d691;src_a0251ac689cb;src_a567416f3b01;src_c3fc7d75adf4;src_c67c8d9bd6bc;src_ccc54fd0ebf1;src_d4a5c8d4c2ec;src_db3d57b00e40;src_dca5486a83eb;src_e2545508d8ce;src_ef29c51fe1f8;src_fc37ed3fd768;src_fd9a5ca5abb0,FALSE,NA,Transformation locale; autorisation d’adaptation non confirmée.
assnat_historical_source_tables,source_variable,source variable,Intitulé de colonne original du tableau officiel.,character,selon description,NA,"NA : absent, non diffusé, non applicable ou conversion impossible; jamais imputé. Consulter source et quality_report.",src_00f6f4053817;src_128f9f74ba8d;src_2244578dce31;src_3de6cee42b89;src_400452365bd1;src_440ebd7b572a;src_4840108788f3;src_4cc517b0501c;src_5179307198a5;src_52e2d7d3768e;src_612bcc4cc655;src_6498b71b1a4c;src_6f9919271d21;src_724898755de5;src_728d86af63e6;src_7b9ed0fabd68;src_82efc8cec4cf;src_9d3d3707d691;src_a0251ac689cb;src_a567416f3b01;src_c3fc7d75adf4;src_c67c8d9bd6bc;src_ccc54fd0ebf1;src_d4a5c8d4c2ec;src_db3d57b00e40;src_dca5486a83eb;src_e2545508d8ce;src_ef29c51fe1f8;src_fc37ed3fd768;src_fd9a5ca5abb0,FALSE,NA,Transformation locale; autorisation d’adaptation non confirmée.
assnat_historical_source_tables,value_source,value source,"Valeur originale, y compris les symboles de suppression; ne pas les remplacer par zéro.",character,selon description,NA,"NA : absent, non diffusé, non applicable ou conversion impossible; jamais imputé. Consulter source et quality_report.",src_00f6f4053817;src_128f9f74ba8d;src_2244578dce31;src_3de6cee42b89;src_400452365bd1;src_440ebd7b572a;src_4840108788f3;src_4cc517b0501c;src_5179307198a5;src_52e2d7d3768e;src_612bcc4cc655;src_6498b71b1a4c;src_6f9919271d21;src_724898755de5;src_728d86af63e6;src_7b9ed0fabd68;src_82efc8cec4cf;src_9d3d3707d691;src_a0251ac689cb;src_a567416f3b01;src_c3fc7d75adf4;src_c67c8d9bd6bc;src_ccc54fd0ebf1;src_d4a5c8d4c2ec;src_db3d57b00e40;src_dca5486a83eb;src_e2545508d8ce;src_ef29c51fe1f8;src_fc37ed3fd768;src_fd9a5ca5abb0,FALSE,NA,Transformation locale; autorisation d’adaptation non confirmée.
assnat_historical_source_tables,source_table_number,source table number,Numéro du tableau dans la page HTML source.,integer,selon description,NA,"NA : absent, non diffusé, non applicable ou conversion impossible; jamais imputé. Consulter source et quality_report.",src_00f6f4053817;src_128f9f74ba8d;src_2244578dce31;src_3de6cee42b89;src_400452365bd1;src_440ebd7b572a;src_4840108788f3;src_4cc517b0501c;src_5179307198a5;src_52e2d7d3768e;src_612bcc4cc655;src_6498b71b1a4c;src_6f9919271d21;src_724898755de5;src_728d86af63e6;src_7b9ed0fabd68;src_82efc8cec4cf;src_9d3d3707d691;src_a0251ac689cb;src_a567416f3b01;src_c3fc7d75adf4;src_c67c8d9bd6bc;src_ccc54fd0ebf1;src_d4a5c8d4c2ec;src_db3d57b00e40;src_dca5486a83eb;src_e2545508d8ce;src_ef29c51fe1f8;src_fc37ed3fd768;src_fd9a5ca5abb0,FALSE,NA,Transformation locale; autorisation d’adaptation non confirmée.
assnat_historical_source_tables,source_title,source title,Titre officiel du document ou de la page dans l’inventaire.,character,selon description,NA,"NA : absent, non diffusé, non applicable ou conversion impossible; jamais imputé. Consulter source et quality_report.",src_00f6f4053817;src_128f9f74ba8d;src_2244578dce31;src_3de6cee42b89;src_400452365bd1;src_440ebd7b572a;src_4840108788f3;src_4cc517b0501c;src_5179307198a5;src_52e2d7d3768e;src_612bcc4cc655;src_6498b71b1a4c;src_6f9919271d21;src_724898755de5;src_728d86af63e6;src_7b9ed0fabd68;src_82efc8cec4cf;src_9d3d3707d691;src_a0251ac689cb;src_a567416f3b01;src_c3fc7d75adf4;src_c67c8d9bd6bc;src_ccc54fd0ebf1;src_d4a5c8d4c2ec;src_db3d57b00e40;src_dca5486a83eb;src_e2545508d8ce;src_ef29c51fe1f8;src_fc37ed3fd768;src_fd9a5ca5abb0,FALSE,NA,Transformation locale; autorisation d’adaptation non confirmée.
assnat_historical_source_tables,source_id,source id,Identifiant SHA-256 de l’URL dans le catalogue maître.,character,selon description,NA,"NA : absent, non diffusé, non applicable ou conversion impossible; jamais imputé. Consulter source et quality_report.",src_00f6f4053817;src_128f9f74ba8d;src_2244578dce31;src_3de6cee42b89;src_400452365bd1;src_440ebd7b572a;src_4840108788f3;src_4cc517b0501c;src_5179307198a5;src_52e2d7d3768e;src_612bcc4cc655;src_6498b71b1a4c;src_6f9919271d21;src_724898755de5;src_728d86af63e6;src_7b9ed0fabd68;src_82efc8cec4cf;src_9d3d3707d691;src_a0251ac689cb;src_a567416f3b01;src_c3fc7d75adf4;src_c67c8d9bd6bc;src_ccc54fd0ebf1;src_d4a5c8d4c2ec;src_db3d57b00e40;src_dca5486a83eb;src_e2545508d8ce;src_ef29c51fe1f8;src_fc37ed3fd768;src_fd9a5ca5abb0,TRUE,voir R/common.R et script de transformation,Transformation locale; autorisation d’adaptation non confirmée.
assnat_historical_source_tables,snapshot_id,snapshot id,Identifiant unique de la consultation et des octets sources.,character,selon description,NA,"NA : absent, non diffusé, non applicable ou conversion impossible; jamais imputé. Consulter source et quality_report.",src_00f6f4053817;src_128f9f74ba8d;src_2244578dce31;src_3de6cee42b89;src_400452365bd1;src_440ebd7b572a;src_4840108788f3;src_4cc517b0501c;src_5179307198a5;src_52e2d7d3768e;src_612bcc4cc655;src_6498b71b1a4c;src_6f9919271d21;src_724898755de5;src_728d86af63e6;src_7b9ed0fabd68;src_82efc8cec4cf;src_9d3d3707d691;src_a0251ac689cb;src_a567416f3b01;src_c3fc7d75adf4;src_c67c8d9bd6bc;src_ccc54fd0ebf1;src_d4a5c8d4c2ec;src_db3d57b00e40;src_dca5486a83eb;src_e2545508d8ce;src_ef29c51fe1f8;src_fc37ed3fd768;src_fd9a5ca5abb0,TRUE,voir R/common.R et script de transformation,Transformation locale; autorisation d’adaptation non confirmée.
assnat_historical_source_tables,observed_at,observed at,Instant UTC où la source a été consultée; ne désigne pas la date de l’événement.,character,selon description,NA,"NA : absent, non diffusé, non applicable ou conversion impossible; jamais imputé. Consulter source et quality_report.",src_00f6f4053817;src_128f9f74ba8d;src_2244578dce31;src_3de6cee42b89;src_400452365bd1;src_440ebd7b572a;src_4840108788f3;src_4cc517b0501c;src_5179307198a5;src_52e2d7d3768e;src_612bcc4cc655;src_6498b71b1a4c;src_6f9919271d21;src_724898755de5;src_728d86af63e6;src_7b9ed0fabd68;src_82efc8cec4cf;src_9d3d3707d691;src_a0251ac689cb;src_a567416f3b01;src_c3fc7d75adf4;src_c67c8d9bd6bc;src_ccc54fd0ebf1;src_d4a5c8d4c2ec;src_db3d57b00e40;src_dca5486a83eb;src_e2545508d8ce;src_ef29c51fe1f8;src_fc37ed3fd768;src_fd9a5ca5abb0,TRUE,voir R/common.R et script de transformation,Transformation locale; autorisation d’adaptation non confirmée.
assnat_historical_source_tables,retrieved_at,retrieved at,"Fin de la récupération, en UTC.",character,selon description,NA,"NA : absent, non diffusé, non applicable ou conversion impossible; jamais imputé. Consulter source et quality_report.",src_00f6f4053817;src_128f9f74ba8d;src_2244578dce31;src_3de6cee42b89;src_400452365bd1;src_440ebd7b572a;src_4840108788f3;src_4cc517b0501c;src_5179307198a5;src_52e2d7d3768e;src_612bcc4cc655;src_6498b71b1a4c;src_6f9919271d21;src_724898755de5;src_728d86af63e6;src_7b9ed0fabd68;src_82efc8cec4cf;src_9d3d3707d691;src_a0251ac689cb;src_a567416f3b01;src_c3fc7d75adf4;src_c67c8d9bd6bc;src_ccc54fd0ebf1;src_d4a5c8d4c2ec;src_db3d57b00e40;src_dca5486a83eb;src_e2545508d8ce;src_ef29c51fe1f8;src_fc37ed3fd768;src_fd9a5ca5abb0,TRUE,voir R/common.R et script de transformation,Transformation locale; autorisation d’adaptation non confirmée.
assnat_historical_source_tables,source_updated_at,source updated at,"Horodatage annoncé par le producteur, converti en UTC; manquant si absent.",character,selon description,NA,"NA : absent, non diffusé, non applicable ou conversion impossible; jamais imputé. Consulter source et quality_report.",src_00f6f4053817;src_128f9f74ba8d;src_2244578dce31;src_3de6cee42b89;src_400452365bd1;src_440ebd7b572a;src_4840108788f3;src_4cc517b0501c;src_5179307198a5;src_52e2d7d3768e;src_612bcc4cc655;src_6498b71b1a4c;src_6f9919271d21;src_724898755de5;src_728d86af63e6;src_7b9ed0fabd68;src_82efc8cec4cf;src_9d3d3707d691;src_a0251ac689cb;src_a567416f3b01;src_c3fc7d75adf4;src_c67c8d9bd6bc;src_ccc54fd0ebf1;src_d4a5c8d4c2ec;src_db3d57b00e40;src_dca5486a83eb;src_e2545508d8ce;src_ef29c51fe1f8;src_fc37ed3fd768;src_fd9a5ca5abb0,FALSE,NA,Transformation locale; autorisation d’adaptation non confirmée.
assnat_historical_source_tables,data_status,data status,État fourni par la source ou type explicite de transformation; finalité jamais inférée d’un pourcentage de dépouillement.,character,selon description,observed,"NA : absent, non diffusé, non applicable ou conversion impossible; jamais imputé. Consulter source et quality_report.",src_00f6f4053817;src_128f9f74ba8d;src_2244578dce31;src_3de6cee42b89;src_400452365bd1;src_440ebd7b572a;src_4840108788f3;src_4cc517b0501c;src_5179307198a5;src_52e2d7d3768e;src_612bcc4cc655;src_6498b71b1a4c;src_6f9919271d21;src_724898755de5;src_728d86af63e6;src_7b9ed0fabd68;src_82efc8cec4cf;src_9d3d3707d691;src_a0251ac689cb;src_a567416f3b01;src_c3fc7d75adf4;src_c67c8d9bd6bc;src_ccc54fd0ebf1;src_d4a5c8d4c2ec;src_db3d57b00e40;src_dca5486a83eb;src_e2545508d8ce;src_ef29c51fe1f8;src_fc37ed3fd768;src_fd9a5ca5abb0,FALSE,NA,Transformation locale; autorisation d’adaptation non confirmée.
district_demographics,district_id,district id,"Carte, édition des codes et code de circonscription; ne pas joindre par nom.",character,selon description,NA,"NA : absent, non diffusé, non applicable ou conversion impossible; jamais imputé. Consulter source et quality_report.",src_4ebaa48de588,TRUE,voir R/common.R et script de transformation,Transformation locale; autorisation d’adaptation non confirmée.
district_demographics,district_name_source,district name source,Libellé original de territoire avant toute jointure.,character,selon description,NA,"NA : absent, non diffusé, non applicable ou conversion impossible; jamais imputé. Consulter source et quality_report.",src_4ebaa48de588,FALSE,NA,Transformation locale; autorisation d’adaptation non confirmée.
district_demographics,census_year,census year,Année du Recensement ayant servi à la compilation officielle.,integer,selon description,NA,"NA : absent, non diffusé, non applicable ou conversion impossible; jamais imputé. Consulter source et quality_report.",src_4ebaa48de588,FALSE,NA,Transformation locale; autorisation d’adaptation non confirmée.
district_demographics,map_year,map year,"Année d’établissement de la carte, attribuée selon l’historique officiel; manquante lorsqu’elle n’est pas confirmée.",character,selon description,NA,"NA : absent, non diffusé, non applicable ou conversion impossible; jamais imputé. Consulter source et quality_report.",src_4ebaa48de588,FALSE,NA,Transformation locale; autorisation d’adaptation non confirmée.
district_demographics,variable_code_source,variable code source,Code original de variable dans le classeur démographique.,character,selon description,NA,"NA : absent, non diffusé, non applicable ou conversion impossible; jamais imputé. Consulter source et quality_report.",src_4ebaa48de588,FALSE,NA,Transformation locale; autorisation d’adaptation non confirmée.
district_demographics,variable_label_source,variable label source,Libellé original de la variable démographique.,character,selon description,NA,"NA : absent, non diffusé, non applicable ou conversion impossible; jamais imputé. Consulter source et quality_report.",src_4ebaa48de588,FALSE,NA,Transformation locale; autorisation d’adaptation non confirmée.
district_demographics,value_source,value source,"Valeur originale, y compris les symboles de suppression; ne pas les remplacer par zéro.",character,selon description,NA,"NA : absent, non diffusé, non applicable ou conversion impossible; jamais imputé. Consulter source et quality_report.",src_4ebaa48de588,FALSE,NA,Transformation locale; autorisation d’adaptation non confirmée.
district_demographics,value_numeric,value numeric,"Conversion numérique quand elle est possible, sinon manquant.",numeric,selon description,NA,"NA : absent, non diffusé, non applicable ou conversion impossible; jamais imputé. Consulter source et quality_report.",src_4ebaa48de588,FALSE,NA,Transformation locale; autorisation d’adaptation non confirmée.
district_demographics,unit,unit,Unité attachée au libellé source; proportions conservées sur leur échelle originale.,character,selon description,NA,"NA : absent, non diffusé, non applicable ou conversion impossible; jamais imputé. Consulter source et quality_report.",src_4ebaa48de588,FALSE,NA,Transformation locale; autorisation d’adaptation non confirmée.
district_demographics,workbook_sheet,workbook sheet,Nom original de feuille du classeur.,character,selon description,NA,"NA : absent, non diffusé, non applicable ou conversion impossible; jamais imputé. Consulter source et quality_report.",src_4ebaa48de588,FALSE,NA,Transformation locale; autorisation d’adaptation non confirmée.
district_demographics,source_id,source id,Identifiant SHA-256 de l’URL dans le catalogue maître.,character,selon description,NA,"NA : absent, non diffusé, non applicable ou conversion impossible; jamais imputé. Consulter source et quality_report.",src_4ebaa48de588,TRUE,voir R/common.R et script de transformation,Transformation locale; autorisation d’adaptation non confirmée.
district_demographics,snapshot_id,snapshot id,Identifiant unique de la consultation et des octets sources.,character,selon description,NA,"NA : absent, non diffusé, non applicable ou conversion impossible; jamais imputé. Consulter source et quality_report.",src_4ebaa48de588,TRUE,voir R/common.R et script de transformation,Transformation locale; autorisation d’adaptation non confirmée.
district_demographics,observed_at,observed at,Instant UTC où la source a été consultée; ne désigne pas la date de l’événement.,character,selon description,NA,"NA : absent, non diffusé, non applicable ou conversion impossible; jamais imputé. Consulter source et quality_report.",src_4ebaa48de588,TRUE,voir R/common.R et script de transformation,Transformation locale; autorisation d’adaptation non confirmée.
district_demographics,retrieved_at,retrieved at,"Fin de la récupération, en UTC.",character,selon description,NA,"NA : absent, non diffusé, non applicable ou conversion impossible; jamais imputé. Consulter source et quality_report.",src_4ebaa48de588,TRUE,voir R/common.R et script de transformation,Transformation locale; autorisation d’adaptation non confirmée.
district_demographics,source_updated_at,source updated at,"Horodatage annoncé par le producteur, converti en UTC; manquant si absent.",character,selon description,NA,"NA : absent, non diffusé, non applicable ou conversion impossible; jamais imputé. Consulter source et quality_report.",src_4ebaa48de588,FALSE,NA,Transformation locale; autorisation d’adaptation non confirmée.
district_demographics,data_status,data status,État fourni par la source ou type explicite de transformation; finalité jamais inférée d’un pourcentage de dépouillement.,character,selon description,official_census_compilation,"NA : absent, non diffusé, non applicable ou conversion impossible; jamais imputé. Consulter source et quality_report.",src_4ebaa48de588,FALSE,NA,Transformation locale; autorisation d’adaptation non confirmée.
district_map_changes,map_year_source,map year source,Année originale de carte dans le tableau historique officiel.,character,selon description,NA,"NA : absent, non diffusé, non applicable ou conversion impossible; jamais imputé. Consulter source et quality_report.",src_42a1a6aedb12,FALSE,NA,Transformation locale; autorisation d’adaptation non confirmée.
district_map_changes,district_count_source,district count source,Nombre de circonscriptions dans le tableau historique officiel.,character,selon description,NA,"NA : absent, non diffusé, non applicable ou conversion impossible; jamais imputé. Consulter source et quality_report.",src_42a1a6aedb12,FALSE,NA,Transformation locale; autorisation d’adaptation non confirmée.
district_map_changes,events_source,events source,"Événements ayant utilisé la carte, tels que publiés.",character,selon description,NA,"NA : absent, non diffusé, non applicable ou conversion impossible; jamais imputé. Consulter source et quality_report.",src_42a1a6aedb12,FALSE,NA,Transformation locale; autorisation d’adaptation non confirmée.
district_map_changes,source_id,source id,Identifiant SHA-256 de l’URL dans le catalogue maître.,character,selon description,NA,"NA : absent, non diffusé, non applicable ou conversion impossible; jamais imputé. Consulter source et quality_report.",src_42a1a6aedb12,TRUE,voir R/common.R et script de transformation,Transformation locale; autorisation d’adaptation non confirmée.
district_map_changes,snapshot_id,snapshot id,Identifiant unique de la consultation et des octets sources.,character,selon description,NA,"NA : absent, non diffusé, non applicable ou conversion impossible; jamais imputé. Consulter source et quality_report.",src_42a1a6aedb12,TRUE,voir R/common.R et script de transformation,Transformation locale; autorisation d’adaptation non confirmée.
district_map_changes,observed_at,observed at,Instant UTC où la source a été consultée; ne désigne pas la date de l’événement.,character,selon description,NA,"NA : absent, non diffusé, non applicable ou conversion impossible; jamais imputé. Consulter source et quality_report.",src_42a1a6aedb12,TRUE,voir R/common.R et script de transformation,Transformation locale; autorisation d’adaptation non confirmée.
district_map_changes,retrieved_at,retrieved at,"Fin de la récupération, en UTC.",character,selon description,NA,"NA : absent, non diffusé, non applicable ou conversion impossible; jamais imputé. Consulter source et quality_report.",src_42a1a6aedb12,TRUE,voir R/common.R et script de transformation,Transformation locale; autorisation d’adaptation non confirmée.
district_map_changes,source_updated_at,source updated at,"Horodatage annoncé par le producteur, converti en UTC; manquant si absent.",character,selon description,NA,"NA : absent, non diffusé, non applicable ou conversion impossible; jamais imputé. Consulter source et quality_report.",src_42a1a6aedb12,FALSE,NA,Transformation locale; autorisation d’adaptation non confirmée.
district_map_changes,data_status,data status,État fourni par la source ou type explicite de transformation; finalité jamais inférée d’un pourcentage de dépouillement.,character,selon description,official_history,"NA : absent, non diffusé, non applicable ou conversion impossible; jamais imputé. Consulter source et quality_report.",src_42a1a6aedb12,FALSE,NA,Transformation locale; autorisation d’adaptation non confirmée.
election_expense_limits,scope_source,scope source,Périmètre original du taux de dépenses.,character,selon description,NA,"NA : absent, non diffusé, non applicable ou conversion impossible; jamais imputé. Consulter source et quality_report.",src_a85ab1730d80,FALSE,NA,Transformation locale; autorisation d’adaptation non confirmée.
election_expense_limits,validity_period_source,validity period source,Période de validité inscrite dans l’en-tête officiel.,character,selon description,NA,"NA : absent, non diffusé, non applicable ou conversion impossible; jamais imputé. Consulter source et quality_report.",src_a85ab1730d80,FALSE,NA,Transformation locale; autorisation d’adaptation non confirmée.
election_expense_limits,rate_source,rate source,Libellé original du taux ou de son inapplicabilité.,character,selon description,NA,"NA : absent, non diffusé, non applicable ou conversion impossible; jamais imputé. Consulter source et quality_report.",src_a85ab1730d80,FALSE,NA,Transformation locale; autorisation d’adaptation non confirmée.
election_expense_limits,rate_cad_per_elector,rate cad per elector,Taux légal publié par électeur dans le périmètre indiqué; ne représente pas un plafond total calculé.,numeric,selon description,NA,"NA : absent, non diffusé, non applicable ou conversion impossible; jamais imputé. Consulter source et quality_report.",src_a85ab1730d80,FALSE,NA,Transformation locale; autorisation d’adaptation non confirmée.
election_expense_limits,table_source,table source,Numéro du tableau provincial dans la page officielle.,integer,selon description,NA,"NA : absent, non diffusé, non applicable ou conversion impossible; jamais imputé. Consulter source et quality_report.",src_a85ab1730d80,FALSE,NA,Transformation locale; autorisation d’adaptation non confirmée.
election_expense_limits,election_kind_source,election kind source,Type général ou partiel indiqué dans le tableau source.,character,selon description,NA,"NA : absent, non diffusé, non applicable ou conversion impossible; jamais imputé. Consulter source et quality_report.",src_a85ab1730d80,FALSE,NA,Transformation locale; autorisation d’adaptation non confirmée.
election_expense_limits,source_id,source id,Identifiant SHA-256 de l’URL dans le catalogue maître.,character,selon description,NA,"NA : absent, non diffusé, non applicable ou conversion impossible; jamais imputé. Consulter source et quality_report.",src_a85ab1730d80,TRUE,voir R/common.R et script de transformation,Transformation locale; autorisation d’adaptation non confirmée.
election_expense_limits,snapshot_id,snapshot id,Identifiant unique de la consultation et des octets sources.,character,selon description,NA,"NA : absent, non diffusé, non applicable ou conversion impossible; jamais imputé. Consulter source et quality_report.",src_a85ab1730d80,TRUE,voir R/common.R et script de transformation,Transformation locale; autorisation d’adaptation non confirmée.
election_expense_limits,observed_at,observed at,Instant UTC où la source a été consultée; ne désigne pas la date de l’événement.,character,selon description,NA,"NA : absent, non diffusé, non applicable ou conversion impossible; jamais imputé. Consulter source et quality_report.",src_a85ab1730d80,TRUE,voir R/common.R et script de transformation,Transformation locale; autorisation d’adaptation non confirmée.
election_expense_limits,retrieved_at,retrieved at,"Fin de la récupération, en UTC.",character,selon description,NA,"NA : absent, non diffusé, non applicable ou conversion impossible; jamais imputé. Consulter source et quality_report.",src_a85ab1730d80,TRUE,voir R/common.R et script de transformation,Transformation locale; autorisation d’adaptation non confirmée.
election_expense_limits,source_updated_at,source updated at,"Horodatage annoncé par le producteur, converti en UTC; manquant si absent.",character,selon description,NA,"NA : absent, non diffusé, non applicable ou conversion impossible; jamais imputé. Consulter source et quality_report.",src_a85ab1730d80,FALSE,NA,Transformation locale; autorisation d’adaptation non confirmée.
election_expense_limits,data_status,data status,État fourni par la source ou type explicite de transformation; finalité jamais inférée d’un pourcentage de dépouillement.,character,selon description,official_rate,"NA : absent, non diffusé, non applicable ou conversion impossible; jamais imputé. Consulter source et quality_report.",src_a85ab1730d80,FALSE,NA,Transformation locale; autorisation d’adaptation non confirmée.
finance_source_tables,source_row,source row,Numéro de ligne à l’intérieur du tableau extrait.,integer,selon description,NA,"NA : absent, non diffusé, non applicable ou conversion impossible; jamais imputé. Consulter source et quality_report.",src_a85ab1730d80,FALSE,NA,Transformation locale; autorisation d’adaptation non confirmée.
finance_source_tables,source_variable,source variable,Intitulé de colonne original du tableau officiel.,character,selon description,NA,"NA : absent, non diffusé, non applicable ou conversion impossible; jamais imputé. Consulter source et quality_report.",src_a85ab1730d80,FALSE,NA,Transformation locale; autorisation d’adaptation non confirmée.
finance_source_tables,value_source,value source,"Valeur originale, y compris les symboles de suppression; ne pas les remplacer par zéro.",character,selon description,NA,"NA : absent, non diffusé, non applicable ou conversion impossible; jamais imputé. Consulter source et quality_report.",src_a85ab1730d80,FALSE,NA,Transformation locale; autorisation d’adaptation non confirmée.
finance_source_tables,source_table_number,source table number,Numéro du tableau dans la page HTML source.,integer,selon description,NA,"NA : absent, non diffusé, non applicable ou conversion impossible; jamais imputé. Consulter source et quality_report.",src_a85ab1730d80,FALSE,NA,Transformation locale; autorisation d’adaptation non confirmée.
finance_source_tables,source_title,source title,Titre officiel du document ou de la page dans l’inventaire.,character,selon description,NA,"NA : absent, non diffusé, non applicable ou conversion impossible; jamais imputé. Consulter source et quality_report.",src_a85ab1730d80,FALSE,NA,Transformation locale; autorisation d’adaptation non confirmée.
finance_source_tables,source_id,source id,Identifiant SHA-256 de l’URL dans le catalogue maître.,character,selon description,NA,"NA : absent, non diffusé, non applicable ou conversion impossible; jamais imputé. Consulter source et quality_report.",src_a85ab1730d80,TRUE,voir R/common.R et script de transformation,Transformation locale; autorisation d’adaptation non confirmée.
finance_source_tables,snapshot_id,snapshot id,Identifiant unique de la consultation et des octets sources.,character,selon description,NA,"NA : absent, non diffusé, non applicable ou conversion impossible; jamais imputé. Consulter source et quality_report.",src_a85ab1730d80,TRUE,voir R/common.R et script de transformation,Transformation locale; autorisation d’adaptation non confirmée.
finance_source_tables,observed_at,observed at,Instant UTC où la source a été consultée; ne désigne pas la date de l’événement.,character,selon description,NA,"NA : absent, non diffusé, non applicable ou conversion impossible; jamais imputé. Consulter source et quality_report.",src_a85ab1730d80,TRUE,voir R/common.R et script de transformation,Transformation locale; autorisation d’adaptation non confirmée.
finance_source_tables,retrieved_at,retrieved at,"Fin de la récupération, en UTC.",character,selon description,NA,"NA : absent, non diffusé, non applicable ou conversion impossible; jamais imputé. Consulter source et quality_report.",src_a85ab1730d80,TRUE,voir R/common.R et script de transformation,Transformation locale; autorisation d’adaptation non confirmée.
finance_source_tables,source_updated_at,source updated at,"Horodatage annoncé par le producteur, converti en UTC; manquant si absent.",character,selon description,NA,"NA : absent, non diffusé, non applicable ou conversion impossible; jamais imputé. Consulter source et quality_report.",src_a85ab1730d80,FALSE,NA,Transformation locale; autorisation d’adaptation non confirmée.
finance_source_tables,data_status,data status,État fourni par la source ou type explicite de transformation; finalité jamais inférée d’un pourcentage de dépouillement.,character,selon description,observed,"NA : absent, non diffusé, non applicable ou conversion impossible; jamais imputé. Consulter source et quality_report.",src_a85ab1730d80,FALSE,NA,Transformation locale; autorisation d’adaptation non confirmée.
financial_source_cells,source_id,source id,Identifiant SHA-256 de l’URL dans le catalogue maître.,character,selon description,NA,"NA : absent, non diffusé, non applicable ou conversion impossible; jamais imputé. Consulter source et quality_report.",src_b0ef08f0bdfb;src_e4c70ec5dd92;src_b57789261106;src_06599b3ec306;src_cfa059b20a2d;src_cd2c60ae4c6f;src_01db39f4e4f2;src_8344685c75c9;src_4130101dd276;src_65edafd16f87;src_7dd31b970087;src_21aaee328a50;src_8577ec740ac7;src_ac0cb08c837d;src_0e7cf8e163b5;src_b9dde0657417;src_e7b880c95d34;src_7b1f1238df02;src_adc81a41ea0d;src_0d1d6cdde36f;src_cdfd61f2d179;src_7e9e3954bd04;src_73c753ead3d5;src_558d29f3a92b;src_c5c8ca7eeeec;src_77b4511c2119;src_d99abe36efb8;src_c6d71d6d580d;src_0430ecbf1742;src_40e521c05526;src_e50ac29d2302;src_390a840e73f7;src_31f2eb3b2622;src_e22f007bbf1a;src_fed3b569ec4c;src_13e09283669f;src_b26df8df1011;src_da98722f41f3;src_9d9a4eb99727;src_ed34c69c5ecd;src_a6523fa7d68d;src_08f6d4dd797b;src_71fd573af26d;src_6dbb95ae2ee7;src_904bc4c13c21;src_8c6e64b8b7dd;src_c670b2ad96cd;src_447546851c00;src_d5493b320855;src_4ac6705b1733;src_8fac60efafa5;src_71f42be68dcf;src_0b7a46df3ff2;src_eca05b07125b;src_945db0e19a86;src_50e87f4bc76d;src_ef3f44f8c54b;src_839eb18fb2a9;src_87672327e22a;src_f87c3bf527a2;src_8de2ad80413f;src_90967c6f4fa3;src_3881b6441404;src_140312574af1;src_6a1b5d8db7aa;src_2cdc699b6ab3;src_0491eb92dd0d;src_30aa6da0cc8f;src_379eae41d674;src_3350f46b5b55;src_70c6575d406d;src_7ad103d64f43;src_7be8c2b29cc2;src_1577b9d7a614;src_64a4ea49bec9;src_e468ade1c431;src_04c37da3c24d;src_db7488a5731c;src_f8958dbeb42a;src_a58efc86a53b;src_cd6992b2ac73;src_fa55dc6c0172;src_81d75ee6bec2;src_57a86a9a7233;src_4d318dab12bb;src_2757b8f9e694;src_c91c894a665a;src_33bf1e694f01;src_1ad1d7d4bce2;src_b6b8da657b49;src_e8dfdf2d589b;src_fcb0c6109e23;src_cbd9eaeff4c7;src_b91168ebe47f;src_a38edcb55657;src_cfe22416fb0b;src_f097f1933104;src_85c842ba25d7;src_0e99e006f132;src_9ddc65070b51;src_7edae706c80f;src_a835da1cb6e8;src_2efb37ecb0cc;src_bc27f2afd192;src_599c155a843f,TRUE,voir R/common.R et script de transformation,Transformation locale; autorisation d’adaptation non confirmée.
financial_source_cells,snapshot_id,snapshot id,Identifiant unique de la consultation et des octets sources.,character,selon description,NA,"NA : absent, non diffusé, non applicable ou conversion impossible; jamais imputé. Consulter source et quality_report.",src_b0ef08f0bdfb;src_e4c70ec5dd92;src_b57789261106;src_06599b3ec306;src_cfa059b20a2d;src_cd2c60ae4c6f;src_01db39f4e4f2;src_8344685c75c9;src_4130101dd276;src_65edafd16f87;src_7dd31b970087;src_21aaee328a50;src_8577ec740ac7;src_ac0cb08c837d;src_0e7cf8e163b5;src_b9dde0657417;src_e7b880c95d34;src_7b1f1238df02;src_adc81a41ea0d;src_0d1d6cdde36f;src_cdfd61f2d179;src_7e9e3954bd04;src_73c753ead3d5;src_558d29f3a92b;src_c5c8ca7eeeec;src_77b4511c2119;src_d99abe36efb8;src_c6d71d6d580d;src_0430ecbf1742;src_40e521c05526;src_e50ac29d2302;src_390a840e73f7;src_31f2eb3b2622;src_e22f007bbf1a;src_fed3b569ec4c;src_13e09283669f;src_b26df8df1011;src_da98722f41f3;src_9d9a4eb99727;src_ed34c69c5ecd;src_a6523fa7d68d;src_08f6d4dd797b;src_71fd573af26d;src_6dbb95ae2ee7;src_904bc4c13c21;src_8c6e64b8b7dd;src_c670b2ad96cd;src_447546851c00;src_d5493b320855;src_4ac6705b1733;src_8fac60efafa5;src_71f42be68dcf;src_0b7a46df3ff2;src_eca05b07125b;src_945db0e19a86;src_50e87f4bc76d;src_ef3f44f8c54b;src_839eb18fb2a9;src_87672327e22a;src_f87c3bf527a2;src_8de2ad80413f;src_90967c6f4fa3;src_3881b6441404;src_140312574af1;src_6a1b5d8db7aa;src_2cdc699b6ab3;src_0491eb92dd0d;src_30aa6da0cc8f;src_379eae41d674;src_3350f46b5b55;src_70c6575d406d;src_7ad103d64f43;src_7be8c2b29cc2;src_1577b9d7a614;src_64a4ea49bec9;src_e468ade1c431;src_04c37da3c24d;src_db7488a5731c;src_f8958dbeb42a;src_a58efc86a53b;src_cd6992b2ac73;src_fa55dc6c0172;src_81d75ee6bec2;src_57a86a9a7233;src_4d318dab12bb;src_2757b8f9e694;src_c91c894a665a;src_33bf1e694f01;src_1ad1d7d4bce2;src_b6b8da657b49;src_e8dfdf2d589b;src_fcb0c6109e23;src_cbd9eaeff4c7;src_b91168ebe47f;src_a38edcb55657;src_cfe22416fb0b;src_f097f1933104;src_85c842ba25d7;src_0e99e006f132;src_9ddc65070b51;src_7edae706c80f;src_a835da1cb6e8;src_2efb37ecb0cc;src_bc27f2afd192;src_599c155a843f,TRUE,voir R/common.R et script de transformation,Transformation locale; autorisation d’adaptation non confirmée.
financial_source_cells,observed_at,observed at,Instant UTC où la source a été consultée; ne désigne pas la date de l’événement.,character,selon description,NA,"NA : absent, non diffusé, non applicable ou conversion impossible; jamais imputé. Consulter source et quality_report.",src_b0ef08f0bdfb;src_e4c70ec5dd92;src_b57789261106;src_06599b3ec306;src_cfa059b20a2d;src_cd2c60ae4c6f;src_01db39f4e4f2;src_8344685c75c9;src_4130101dd276;src_65edafd16f87;src_7dd31b970087;src_21aaee328a50;src_8577ec740ac7;src_ac0cb08c837d;src_0e7cf8e163b5;src_b9dde0657417;src_e7b880c95d34;src_7b1f1238df02;src_adc81a41ea0d;src_0d1d6cdde36f;src_cdfd61f2d179;src_7e9e3954bd04;src_73c753ead3d5;src_558d29f3a92b;src_c5c8ca7eeeec;src_77b4511c2119;src_d99abe36efb8;src_c6d71d6d580d;src_0430ecbf1742;src_40e521c05526;src_e50ac29d2302;src_390a840e73f7;src_31f2eb3b2622;src_e22f007bbf1a;src_fed3b569ec4c;src_13e09283669f;src_b26df8df1011;src_da98722f41f3;src_9d9a4eb99727;src_ed34c69c5ecd;src_a6523fa7d68d;src_08f6d4dd797b;src_71fd573af26d;src_6dbb95ae2ee7;src_904bc4c13c21;src_8c6e64b8b7dd;src_c670b2ad96cd;src_447546851c00;src_d5493b320855;src_4ac6705b1733;src_8fac60efafa5;src_71f42be68dcf;src_0b7a46df3ff2;src_eca05b07125b;src_945db0e19a86;src_50e87f4bc76d;src_ef3f44f8c54b;src_839eb18fb2a9;src_87672327e22a;src_f87c3bf527a2;src_8de2ad80413f;src_90967c6f4fa3;src_3881b6441404;src_140312574af1;src_6a1b5d8db7aa;src_2cdc699b6ab3;src_0491eb92dd0d;src_30aa6da0cc8f;src_379eae41d674;src_3350f46b5b55;src_70c6575d406d;src_7ad103d64f43;src_7be8c2b29cc2;src_1577b9d7a614;src_64a4ea49bec9;src_e468ade1c431;src_04c37da3c24d;src_db7488a5731c;src_f8958dbeb42a;src_a58efc86a53b;src_cd6992b2ac73;src_fa55dc6c0172;src_81d75ee6bec2;src_57a86a9a7233;src_4d318dab12bb;src_2757b8f9e694;src_c91c894a665a;src_33bf1e694f01;src_1ad1d7d4bce2;src_b6b8da657b49;src_e8dfdf2d589b;src_fcb0c6109e23;src_cbd9eaeff4c7;src_b91168ebe47f;src_a38edcb55657;src_cfe22416fb0b;src_f097f1933104;src_85c842ba25d7;src_0e99e006f132;src_9ddc65070b51;src_7edae706c80f;src_a835da1cb6e8;src_2efb37ecb0cc;src_bc27f2afd192;src_599c155a843f,TRUE,voir R/common.R et script de transformation,Transformation locale; autorisation d’adaptation non confirmée.
financial_source_cells,retrieved_at,retrieved at,"Fin de la récupération, en UTC.",character,selon description,NA,"NA : absent, non diffusé, non applicable ou conversion impossible; jamais imputé. Consulter source et quality_report.",src_b0ef08f0bdfb;src_e4c70ec5dd92;src_b57789261106;src_06599b3ec306;src_cfa059b20a2d;src_cd2c60ae4c6f;src_01db39f4e4f2;src_8344685c75c9;src_4130101dd276;src_65edafd16f87;src_7dd31b970087;src_21aaee328a50;src_8577ec740ac7;src_ac0cb08c837d;src_0e7cf8e163b5;src_b9dde0657417;src_e7b880c95d34;src_7b1f1238df02;src_adc81a41ea0d;src_0d1d6cdde36f;src_cdfd61f2d179;src_7e9e3954bd04;src_73c753ead3d5;src_558d29f3a92b;src_c5c8ca7eeeec;src_77b4511c2119;src_d99abe36efb8;src_c6d71d6d580d;src_0430ecbf1742;src_40e521c05526;src_e50ac29d2302;src_390a840e73f7;src_31f2eb3b2622;src_e22f007bbf1a;src_fed3b569ec4c;src_13e09283669f;src_b26df8df1011;src_da98722f41f3;src_9d9a4eb99727;src_ed34c69c5ecd;src_a6523fa7d68d;src_08f6d4dd797b;src_71fd573af26d;src_6dbb95ae2ee7;src_904bc4c13c21;src_8c6e64b8b7dd;src_c670b2ad96cd;src_447546851c00;src_d5493b320855;src_4ac6705b1733;src_8fac60efafa5;src_71f42be68dcf;src_0b7a46df3ff2;src_eca05b07125b;src_945db0e19a86;src_50e87f4bc76d;src_ef3f44f8c54b;src_839eb18fb2a9;src_87672327e22a;src_f87c3bf527a2;src_8de2ad80413f;src_90967c6f4fa3;src_3881b6441404;src_140312574af1;src_6a1b5d8db7aa;src_2cdc699b6ab3;src_0491eb92dd0d;src_30aa6da0cc8f;src_379eae41d674;src_3350f46b5b55;src_70c6575d406d;src_7ad103d64f43;src_7be8c2b29cc2;src_1577b9d7a614;src_64a4ea49bec9;src_e468ade1c431;src_04c37da3c24d;src_db7488a5731c;src_f8958dbeb42a;src_a58efc86a53b;src_cd6992b2ac73;src_fa55dc6c0172;src_81d75ee6bec2;src_57a86a9a7233;src_4d318dab12bb;src_2757b8f9e694;src_c91c894a665a;src_33bf1e694f01;src_1ad1d7d4bce2;src_b6b8da657b49;src_e8dfdf2d589b;src_fcb0c6109e23;src_cbd9eaeff4c7;src_b91168ebe47f;src_a38edcb55657;src_cfe22416fb0b;src_f097f1933104;src_85c842ba25d7;src_0e99e006f132;src_9ddc65070b51;src_7edae706c80f;src_a835da1cb6e8;src_2efb37ecb0cc;src_bc27f2afd192;src_599c155a843f,TRUE,voir R/common.R et script de transformation,Transformation locale; autorisation d’adaptation non confirmée.
financial_source_cells,source_updated_at,source updated at,"Horodatage annoncé par le producteur, converti en UTC; manquant si absent.",character,selon description,NA,"NA : absent, non diffusé, non applicable ou conversion impossible; jamais imputé. Consulter source et quality_report.",src_b0ef08f0bdfb;src_e4c70ec5dd92;src_b57789261106;src_06599b3ec306;src_cfa059b20a2d;src_cd2c60ae4c6f;src_01db39f4e4f2;src_8344685c75c9;src_4130101dd276;src_65edafd16f87;src_7dd31b970087;src_21aaee328a50;src_8577ec740ac7;src_ac0cb08c837d;src_0e7cf8e163b5;src_b9dde0657417;src_e7b880c95d34;src_7b1f1238df02;src_adc81a41ea0d;src_0d1d6cdde36f;src_cdfd61f2d179;src_7e9e3954bd04;src_73c753ead3d5;src_558d29f3a92b;src_c5c8ca7eeeec;src_77b4511c2119;src_d99abe36efb8;src_c6d71d6d580d;src_0430ecbf1742;src_40e521c05526;src_e50ac29d2302;src_390a840e73f7;src_31f2eb3b2622;src_e22f007bbf1a;src_fed3b569ec4c;src_13e09283669f;src_b26df8df1011;src_da98722f41f3;src_9d9a4eb99727;src_ed34c69c5ecd;src_a6523fa7d68d;src_08f6d4dd797b;src_71fd573af26d;src_6dbb95ae2ee7;src_904bc4c13c21;src_8c6e64b8b7dd;src_c670b2ad96cd;src_447546851c00;src_d5493b320855;src_4ac6705b1733;src_8fac60efafa5;src_71f42be68dcf;src_0b7a46df3ff2;src_eca05b07125b;src_945db0e19a86;src_50e87f4bc76d;src_ef3f44f8c54b;src_839eb18fb2a9;src_87672327e22a;src_f87c3bf527a2;src_8de2ad80413f;src_90967c6f4fa3;src_3881b6441404;src_140312574af1;src_6a1b5d8db7aa;src_2cdc699b6ab3;src_0491eb92dd0d;src_30aa6da0cc8f;src_379eae41d674;src_3350f46b5b55;src_70c6575d406d;src_7ad103d64f43;src_7be8c2b29cc2;src_1577b9d7a614;src_64a4ea49bec9;src_e468ade1c431;src_04c37da3c24d;src_db7488a5731c;src_f8958dbeb42a;src_a58efc86a53b;src_cd6992b2ac73;src_fa55dc6c0172;src_81d75ee6bec2;src_57a86a9a7233;src_4d318dab12bb;src_2757b8f9e694;src_c91c894a665a;src_33bf1e694f01;src_1ad1d7d4bce2;src_b6b8da657b49;src_e8dfdf2d589b;src_fcb0c6109e23;src_cbd9eaeff4c7;src_b91168ebe47f;src_a38edcb55657;src_cfe22416fb0b;src_f097f1933104;src_85c842ba25d7;src_0e99e006f132;src_9ddc65070b51;src_7edae706c80f;src_a835da1cb6e8;src_2efb37ecb0cc;src_bc27f2afd192;src_599c155a843f,FALSE,NA,Transformation locale; autorisation d’adaptation non confirmée.
financial_source_cells,data_status,data status,État fourni par la source ou type explicite de transformation; finalité jamais inférée d’un pourcentage de dépouillement.,character,selon description,unreviewed_text_extraction,"NA : absent, non diffusé, non applicable ou conversion impossible; jamais imputé. Consulter source et quality_report.",src_b0ef08f0bdfb;src_e4c70ec5dd92;src_b57789261106;src_06599b3ec306;src_cfa059b20a2d;src_cd2c60ae4c6f;src_01db39f4e4f2;src_8344685c75c9;src_4130101dd276;src_65edafd16f87;src_7dd31b970087;src_21aaee328a50;src_8577ec740ac7;src_ac0cb08c837d;src_0e7cf8e163b5;src_b9dde0657417;src_e7b880c95d34;src_7b1f1238df02;src_adc81a41ea0d;src_0d1d6cdde36f;src_cdfd61f2d179;src_7e9e3954bd04;src_73c753ead3d5;src_558d29f3a92b;src_c5c8ca7eeeec;src_77b4511c2119;src_d99abe36efb8;src_c6d71d6d580d;src_0430ecbf1742;src_40e521c05526;src_e50ac29d2302;src_390a840e73f7;src_31f2eb3b2622;src_e22f007bbf1a;src_fed3b569ec4c;src_13e09283669f;src_b26df8df1011;src_da98722f41f3;src_9d9a4eb99727;src_ed34c69c5ecd;src_a6523fa7d68d;src_08f6d4dd797b;src_71fd573af26d;src_6dbb95ae2ee7;src_904bc4c13c21;src_8c6e64b8b7dd;src_c670b2ad96cd;src_447546851c00;src_d5493b320855;src_4ac6705b1733;src_8fac60efafa5;src_71f42be68dcf;src_0b7a46df3ff2;src_eca05b07125b;src_945db0e19a86;src_50e87f4bc76d;src_ef3f44f8c54b;src_839eb18fb2a9;src_87672327e22a;src_f87c3bf527a2;src_8de2ad80413f;src_90967c6f4fa3;src_3881b6441404;src_140312574af1;src_6a1b5d8db7aa;src_2cdc699b6ab3;src_0491eb92dd0d;src_30aa6da0cc8f;src_379eae41d674;src_3350f46b5b55;src_70c6575d406d;src_7ad103d64f43;src_7be8c2b29cc2;src_1577b9d7a614;src_64a4ea49bec9;src_e468ade1c431;src_04c37da3c24d;src_db7488a5731c;src_f8958dbeb42a;src_a58efc86a53b;src_cd6992b2ac73;src_fa55dc6c0172;src_81d75ee6bec2;src_57a86a9a7233;src_4d318dab12bb;src_2757b8f9e694;src_c91c894a665a;src_33bf1e694f01;src_1ad1d7d4bce2;src_b6b8da657b49;src_e8dfdf2d589b;src_fcb0c6109e23;src_cbd9eaeff4c7;src_b91168ebe47f;src_a38edcb55657;src_cfe22416fb0b;src_f097f1933104;src_85c842ba25d7;src_0e99e006f132;src_9ddc65070b51;src_7edae706c80f;src_a835da1cb6e8;src_2efb37ecb0cc;src_bc27f2afd192;src_599c155a843f,FALSE,NA,Transformation locale; autorisation d’adaptation non confirmée.
financial_source_cells,document_title,document title,Titre du document dans l’index officiel.,character,selon description,NA,"NA : absent, non diffusé, non applicable ou conversion impossible; jamais imputé. Consulter source et quality_report.",src_b0ef08f0bdfb;src_e4c70ec5dd92;src_b57789261106;src_06599b3ec306;src_cfa059b20a2d;src_cd2c60ae4c6f;src_01db39f4e4f2;src_8344685c75c9;src_4130101dd276;src_65edafd16f87;src_7dd31b970087;src_21aaee328a50;src_8577ec740ac7;src_ac0cb08c837d;src_0e7cf8e163b5;src_b9dde0657417;src_e7b880c95d34;src_7b1f1238df02;src_adc81a41ea0d;src_0d1d6cdde36f;src_cdfd61f2d179;src_7e9e3954bd04;src_73c753ead3d5;src_558d29f3a92b;src_c5c8ca7eeeec;src_77b4511c2119;src_d99abe36efb8;src_c6d71d6d580d;src_0430ecbf1742;src_40e521c05526;src_e50ac29d2302;src_390a840e73f7;src_31f2eb3b2622;src_e22f007bbf1a;src_fed3b569ec4c;src_13e09283669f;src_b26df8df1011;src_da98722f41f3;src_9d9a4eb99727;src_ed34c69c5ecd;src_a6523fa7d68d;src_08f6d4dd797b;src_71fd573af26d;src_6dbb95ae2ee7;src_904bc4c13c21;src_8c6e64b8b7dd;src_c670b2ad96cd;src_447546851c00;src_d5493b320855;src_4ac6705b1733;src_8fac60efafa5;src_71f42be68dcf;src_0b7a46df3ff2;src_eca05b07125b;src_945db0e19a86;src_50e87f4bc76d;src_ef3f44f8c54b;src_839eb18fb2a9;src_87672327e22a;src_f87c3bf527a2;src_8de2ad80413f;src_90967c6f4fa3;src_3881b6441404;src_140312574af1;src_6a1b5d8db7aa;src_2cdc699b6ab3;src_0491eb92dd0d;src_30aa6da0cc8f;src_379eae41d674;src_3350f46b5b55;src_70c6575d406d;src_7ad103d64f43;src_7be8c2b29cc2;src_1577b9d7a614;src_64a4ea49bec9;src_e468ade1c431;src_04c37da3c24d;src_db7488a5731c;src_f8958dbeb42a;src_a58efc86a53b;src_cd6992b2ac73;src_fa55dc6c0172;src_81d75ee6bec2;src_57a86a9a7233;src_4d318dab12bb;src_2757b8f9e694;src_c91c894a665a;src_33bf1e694f01;src_1ad1d7d4bce2;src_b6b8da657b49;src_e8dfdf2d589b;src_fcb0c6109e23;src_cbd9eaeff4c7;src_b91168ebe47f;src_a38edcb55657;src_cfe22416fb0b;src_f097f1933104;src_85c842ba25d7;src_0e99e006f132;src_9ddc65070b51;src_7edae706c80f;src_a835da1cb6e8;src_2efb37ecb0cc;src_bc27f2afd192;src_599c155a843f,FALSE,NA,Transformation locale; autorisation d’adaptation non confirmée.
financial_source_cells,document_url,document url,URL effectivement diffusée par le producteur.,character,selon description,NA,"NA : absent, non diffusé, non applicable ou conversion impossible; jamais imputé. Consulter source et quality_report.",src_b0ef08f0bdfb;src_e4c70ec5dd92;src_b57789261106;src_06599b3ec306;src_cfa059b20a2d;src_cd2c60ae4c6f;src_01db39f4e4f2;src_8344685c75c9;src_4130101dd276;src_65edafd16f87;src_7dd31b970087;src_21aaee328a50;src_8577ec740ac7;src_ac0cb08c837d;src_0e7cf8e163b5;src_b9dde0657417;src_e7b880c95d34;src_7b1f1238df02;src_adc81a41ea0d;src_0d1d6cdde36f;src_cdfd61f2d179;src_7e9e3954bd04;src_73c753ead3d5;src_558d29f3a92b;src_c5c8ca7eeeec;src_77b4511c2119;src_d99abe36efb8;src_c6d71d6d580d;src_0430ecbf1742;src_40e521c05526;src_e50ac29d2302;src_390a840e73f7;src_31f2eb3b2622;src_e22f007bbf1a;src_fed3b569ec4c;src_13e09283669f;src_b26df8df1011;src_da98722f41f3;src_9d9a4eb99727;src_ed34c69c5ecd;src_a6523fa7d68d;src_08f6d4dd797b;src_71fd573af26d;src_6dbb95ae2ee7;src_904bc4c13c21;src_8c6e64b8b7dd;src_c670b2ad96cd;src_447546851c00;src_d5493b320855;src_4ac6705b1733;src_8fac60efafa5;src_71f42be68dcf;src_0b7a46df3ff2;src_eca05b07125b;src_945db0e19a86;src_50e87f4bc76d;src_ef3f44f8c54b;src_839eb18fb2a9;src_87672327e22a;src_f87c3bf527a2;src_8de2ad80413f;src_90967c6f4fa3;src_3881b6441404;src_140312574af1;src_6a1b5d8db7aa;src_2cdc699b6ab3;src_0491eb92dd0d;src_30aa6da0cc8f;src_379eae41d674;src_3350f46b5b55;src_70c6575d406d;src_7ad103d64f43;src_7be8c2b29cc2;src_1577b9d7a614;src_64a4ea49bec9;src_e468ade1c431;src_04c37da3c24d;src_db7488a5731c;src_f8958dbeb42a;src_a58efc86a53b;src_cd6992b2ac73;src_fa55dc6c0172;src_81d75ee6bec2;src_57a86a9a7233;src_4d318dab12bb;src_2757b8f9e694;src_c91c894a665a;src_33bf1e694f01;src_1ad1d7d4bce2;src_b6b8da657b49;src_e8dfdf2d589b;src_fcb0c6109e23;src_cbd9eaeff4c7;src_b91168ebe47f;src_a38edcb55657;src_cfe22416fb0b;src_f097f1933104;src_85c842ba25d7;src_0e99e006f132;src_9ddc65070b51;src_7edae706c80f;src_a835da1cb6e8;src_2efb37ecb0cc;src_bc27f2afd192;src_599c155a843f,FALSE,NA,Transformation locale; autorisation d’adaptation non confirmée.
financial_source_cells,financial_year_source,financial year source,Année présente dans le nom du document; ne définit pas l’exercice de chaque colonne comparative.,character,selon description,NA,"NA : absent, non diffusé, non applicable ou conversion impossible; jamais imputé. Consulter source et quality_report.",src_b0ef08f0bdfb;src_e4c70ec5dd92;src_b57789261106;src_06599b3ec306;src_cfa059b20a2d;src_cd2c60ae4c6f;src_01db39f4e4f2;src_8344685c75c9;src_4130101dd276;src_65edafd16f87;src_7dd31b970087;src_21aaee328a50;src_8577ec740ac7;src_ac0cb08c837d;src_0e7cf8e163b5;src_b9dde0657417;src_e7b880c95d34;src_7b1f1238df02;src_adc81a41ea0d;src_0d1d6cdde36f;src_cdfd61f2d179;src_7e9e3954bd04;src_73c753ead3d5;src_558d29f3a92b;src_c5c8ca7eeeec;src_77b4511c2119;src_d99abe36efb8;src_c6d71d6d580d;src_0430ecbf1742;src_40e521c05526;src_e50ac29d2302;src_390a840e73f7;src_31f2eb3b2622;src_e22f007bbf1a;src_fed3b569ec4c;src_13e09283669f;src_b26df8df1011;src_da98722f41f3;src_9d9a4eb99727;src_ed34c69c5ecd;src_a6523fa7d68d;src_08f6d4dd797b;src_71fd573af26d;src_6dbb95ae2ee7;src_904bc4c13c21;src_8c6e64b8b7dd;src_c670b2ad96cd;src_447546851c00;src_d5493b320855;src_4ac6705b1733;src_8fac60efafa5;src_71f42be68dcf;src_0b7a46df3ff2;src_eca05b07125b;src_945db0e19a86;src_50e87f4bc76d;src_ef3f44f8c54b;src_839eb18fb2a9;src_87672327e22a;src_f87c3bf527a2;src_8de2ad80413f;src_90967c6f4fa3;src_3881b6441404;src_140312574af1;src_6a1b5d8db7aa;src_2cdc699b6ab3;src_0491eb92dd0d;src_30aa6da0cc8f;src_379eae41d674;src_3350f46b5b55;src_70c6575d406d;src_7ad103d64f43;src_7be8c2b29cc2;src_1577b9d7a614;src_64a4ea49bec9;src_e468ade1c431;src_04c37da3c24d;src_db7488a5731c;src_f8958dbeb42a;src_a58efc86a53b;src_cd6992b2ac73;src_fa55dc6c0172;src_81d75ee6bec2;src_57a86a9a7233;src_4d318dab12bb;src_2757b8f9e694;src_c91c894a665a;src_33bf1e694f01;src_1ad1d7d4bce2;src_b6b8da657b49;src_e8dfdf2d589b;src_fcb0c6109e23;src_cbd9eaeff4c7;src_b91168ebe47f;src_a38edcb55657;src_cfe22416fb0b;src_f097f1933104;src_85c842ba25d7;src_0e99e006f132;src_9ddc65070b51;src_7edae706c80f;src_a835da1cb6e8;src_2efb37ecb0cc;src_bc27f2afd192;src_599c155a843f,FALSE,NA,Transformation locale; autorisation d’adaptation non confirmée.
financial_source_cells,source_page,source page,"Numéro de page dans le PDF, à partir de 1; peut différer de la pagination imprimée.",character,selon description,NA,"NA : absent, non diffusé, non applicable ou conversion impossible; jamais imputé. Consulter source et quality_report.",src_b0ef08f0bdfb;src_e4c70ec5dd92;src_b57789261106;src_06599b3ec306;src_cfa059b20a2d;src_cd2c60ae4c6f;src_01db39f4e4f2;src_8344685c75c9;src_4130101dd276;src_65edafd16f87;src_7dd31b970087;src_21aaee328a50;src_8577ec740ac7;src_ac0cb08c837d;src_0e7cf8e163b5;src_b9dde0657417;src_e7b880c95d34;src_7b1f1238df02;src_adc81a41ea0d;src_0d1d6cdde36f;src_cdfd61f2d179;src_7e9e3954bd04;src_73c753ead3d5;src_558d29f3a92b;src_c5c8ca7eeeec;src_77b4511c2119;src_d99abe36efb8;src_c6d71d6d580d;src_0430ecbf1742;src_40e521c05526;src_e50ac29d2302;src_390a840e73f7;src_31f2eb3b2622;src_e22f007bbf1a;src_fed3b569ec4c;src_13e09283669f;src_b26df8df1011;src_da98722f41f3;src_9d9a4eb99727;src_ed34c69c5ecd;src_a6523fa7d68d;src_08f6d4dd797b;src_71fd573af26d;src_6dbb95ae2ee7;src_904bc4c13c21;src_8c6e64b8b7dd;src_c670b2ad96cd;src_447546851c00;src_d5493b320855;src_4ac6705b1733;src_8fac60efafa5;src_71f42be68dcf;src_0b7a46df3ff2;src_eca05b07125b;src_945db0e19a86;src_50e87f4bc76d;src_ef3f44f8c54b;src_839eb18fb2a9;src_87672327e22a;src_f87c3bf527a2;src_8de2ad80413f;src_90967c6f4fa3;src_3881b6441404;src_140312574af1;src_6a1b5d8db7aa;src_2cdc699b6ab3;src_0491eb92dd0d;src_30aa6da0cc8f;src_379eae41d674;src_3350f46b5b55;src_70c6575d406d;src_7ad103d64f43;src_7be8c2b29cc2;src_1577b9d7a614;src_64a4ea49bec9;src_e468ade1c431;src_04c37da3c24d;src_db7488a5731c;src_f8958dbeb42a;src_a58efc86a53b;src_cd6992b2ac73;src_fa55dc6c0172;src_81d75ee6bec2;src_57a86a9a7233;src_4d318dab12bb;src_2757b8f9e694;src_c91c894a665a;src_33bf1e694f01;src_1ad1d7d4bce2;src_b6b8da657b49;src_e8dfdf2d589b;src_fcb0c6109e23;src_cbd9eaeff4c7;src_b91168ebe47f;src_a38edcb55657;src_cfe22416fb0b;src_f097f1933104;src_85c842ba25d7;src_0e99e006f132;src_9ddc65070b51;src_7edae706c80f;src_a835da1cb6e8;src_2efb37ecb0cc;src_bc27f2afd192;src_599c155a843f,FALSE,NA,Transformation locale; autorisation d’adaptation non confirmée.
financial_source_cells,source_line,source line,Numéro de ligne du texte extrait sur cette page.,character,selon description,NA,"NA : absent, non diffusé, non applicable ou conversion impossible; jamais imputé. Consulter source et quality_report.",src_b0ef08f0bdfb;src_e4c70ec5dd92;src_b57789261106;src_06599b3ec306;src_cfa059b20a2d;src_cd2c60ae4c6f;src_01db39f4e4f2;src_8344685c75c9;src_4130101dd276;src_65edafd16f87;src_7dd31b970087;src_21aaee328a50;src_8577ec740ac7;src_ac0cb08c837d;src_0e7cf8e163b5;src_b9dde0657417;src_e7b880c95d34;src_7b1f1238df02;src_adc81a41ea0d;src_0d1d6cdde36f;src_cdfd61f2d179;src_7e9e3954bd04;src_73c753ead3d5;src_558d29f3a92b;src_c5c8ca7eeeec;src_77b4511c2119;src_d99abe36efb8;src_c6d71d6d580d;src_0430ecbf1742;src_40e521c05526;src_e50ac29d2302;src_390a840e73f7;src_31f2eb3b2622;src_e22f007bbf1a;src_fed3b569ec4c;src_13e09283669f;src_b26df8df1011;src_da98722f41f3;src_9d9a4eb99727;src_ed34c69c5ecd;src_a6523fa7d68d;src_08f6d4dd797b;src_71fd573af26d;src_6dbb95ae2ee7;src_904bc4c13c21;src_8c6e64b8b7dd;src_c670b2ad96cd;src_447546851c00;src_d5493b320855;src_4ac6705b1733;src_8fac60efafa5;src_71f42be68dcf;src_0b7a46df3ff2;src_eca05b07125b;src_945db0e19a86;src_50e87f4bc76d;src_ef3f44f8c54b;src_839eb18fb2a9;src_87672327e22a;src_f87c3bf527a2;src_8de2ad80413f;src_90967c6f4fa3;src_3881b6441404;src_140312574af1;src_6a1b5d8db7aa;src_2cdc699b6ab3;src_0491eb92dd0d;src_30aa6da0cc8f;src_379eae41d674;src_3350f46b5b55;src_70c6575d406d;src_7ad103d64f43;src_7be8c2b29cc2;src_1577b9d7a614;src_64a4ea49bec9;src_e468ade1c431;src_04c37da3c24d;src_db7488a5731c;src_f8958dbeb42a;src_a58efc86a53b;src_cd6992b2ac73;src_fa55dc6c0172;src_81d75ee6bec2;src_57a86a9a7233;src_4d318dab12bb;src_2757b8f9e694;src_c91c894a665a;src_33bf1e694f01;src_1ad1d7d4bce2;src_b6b8da657b49;src_e8dfdf2d589b;src_fcb0c6109e23;src_cbd9eaeff4c7;src_b91168ebe47f;src_a38edcb55657;src_cfe22416fb0b;src_f097f1933104;src_85c842ba25d7;src_0e99e006f132;src_9ddc65070b51;src_7edae706c80f;src_a835da1cb6e8;src_2efb37ecb0cc;src_bc27f2afd192;src_599c155a843f,FALSE,NA,Transformation locale; autorisation d’adaptation non confirmée.
financial_source_cells,line_label_source,line label source,"Libellé original de ligne comptable, avant normalisation.",character,selon description,NA,"NA : absent, non diffusé, non applicable ou conversion impossible; jamais imputé. Consulter source et quality_report.",src_b0ef08f0bdfb;src_e4c70ec5dd92;src_b57789261106;src_06599b3ec306;src_cfa059b20a2d;src_cd2c60ae4c6f;src_01db39f4e4f2;src_8344685c75c9;src_4130101dd276;src_65edafd16f87;src_7dd31b970087;src_21aaee328a50;src_8577ec740ac7;src_ac0cb08c837d;src_0e7cf8e163b5;src_b9dde0657417;src_e7b880c95d34;src_7b1f1238df02;src_adc81a41ea0d;src_0d1d6cdde36f;src_cdfd61f2d179;src_7e9e3954bd04;src_73c753ead3d5;src_558d29f3a92b;src_c5c8ca7eeeec;src_77b4511c2119;src_d99abe36efb8;src_c6d71d6d580d;src_0430ecbf1742;src_40e521c05526;src_e50ac29d2302;src_390a840e73f7;src_31f2eb3b2622;src_e22f007bbf1a;src_fed3b569ec4c;src_13e09283669f;src_b26df8df1011;src_da98722f41f3;src_9d9a4eb99727;src_ed34c69c5ecd;src_a6523fa7d68d;src_08f6d4dd797b;src_71fd573af26d;src_6dbb95ae2ee7;src_904bc4c13c21;src_8c6e64b8b7dd;src_c670b2ad96cd;src_447546851c00;src_d5493b320855;src_4ac6705b1733;src_8fac60efafa5;src_71f42be68dcf;src_0b7a46df3ff2;src_eca05b07125b;src_945db0e19a86;src_50e87f4bc76d;src_ef3f44f8c54b;src_839eb18fb2a9;src_87672327e22a;src_f87c3bf527a2;src_8de2ad80413f;src_90967c6f4fa3;src_3881b6441404;src_140312574af1;src_6a1b5d8db7aa;src_2cdc699b6ab3;src_0491eb92dd0d;src_30aa6da0cc8f;src_379eae41d674;src_3350f46b5b55;src_70c6575d406d;src_7ad103d64f43;src_7be8c2b29cc2;src_1577b9d7a614;src_64a4ea49bec9;src_e468ade1c431;src_04c37da3c24d;src_db7488a5731c;src_f8958dbeb42a;src_a58efc86a53b;src_cd6992b2ac73;src_fa55dc6c0172;src_81d75ee6bec2;src_57a86a9a7233;src_4d318dab12bb;src_2757b8f9e694;src_c91c894a665a;src_33bf1e694f01;src_1ad1d7d4bce2;src_b6b8da657b49;src_e8dfdf2d589b;src_fcb0c6109e23;src_cbd9eaeff4c7;src_b91168ebe47f;src_a38edcb55657;src_cfe22416fb0b;src_f097f1933104;src_85c842ba25d7;src_0e99e006f132;src_9ddc65070b51;src_7edae706c80f;src_a835da1cb6e8;src_2efb37ecb0cc;src_bc27f2afd192;src_599c155a843f,FALSE,NA,Transformation locale; autorisation d’adaptation non confirmée.
financial_source_cells,source_numeric_column,source numeric column,Position numérique dans la ligne du texte extrait; à interpréter seulement après validation des en-têtes.,character,selon description,NA,"NA : absent, non diffusé, non applicable ou conversion impossible; jamais imputé. Consulter source et quality_report.",src_b0ef08f0bdfb;src_e4c70ec5dd92;src_b57789261106;src_06599b3ec306;src_cfa059b20a2d;src_cd2c60ae4c6f;src_01db39f4e4f2;src_8344685c75c9;src_4130101dd276;src_65edafd16f87;src_7dd31b970087;src_21aaee328a50;src_8577ec740ac7;src_ac0cb08c837d;src_0e7cf8e163b5;src_b9dde0657417;src_e7b880c95d34;src_7b1f1238df02;src_adc81a41ea0d;src_0d1d6cdde36f;src_cdfd61f2d179;src_7e9e3954bd04;src_73c753ead3d5;src_558d29f3a92b;src_c5c8ca7eeeec;src_77b4511c2119;src_d99abe36efb8;src_c6d71d6d580d;src_0430ecbf1742;src_40e521c05526;src_e50ac29d2302;src_390a840e73f7;src_31f2eb3b2622;src_e22f007bbf1a;src_fed3b569ec4c;src_13e09283669f;src_b26df8df1011;src_da98722f41f3;src_9d9a4eb99727;src_ed34c69c5ecd;src_a6523fa7d68d;src_08f6d4dd797b;src_71fd573af26d;src_6dbb95ae2ee7;src_904bc4c13c21;src_8c6e64b8b7dd;src_c670b2ad96cd;src_447546851c00;src_d5493b320855;src_4ac6705b1733;src_8fac60efafa5;src_71f42be68dcf;src_0b7a46df3ff2;src_eca05b07125b;src_945db0e19a86;src_50e87f4bc76d;src_ef3f44f8c54b;src_839eb18fb2a9;src_87672327e22a;src_f87c3bf527a2;src_8de2ad80413f;src_90967c6f4fa3;src_3881b6441404;src_140312574af1;src_6a1b5d8db7aa;src_2cdc699b6ab3;src_0491eb92dd0d;src_30aa6da0cc8f;src_379eae41d674;src_3350f46b5b55;src_70c6575d406d;src_7ad103d64f43;src_7be8c2b29cc2;src_1577b9d7a614;src_64a4ea49bec9;src_e468ade1c431;src_04c37da3c24d;src_db7488a5731c;src_f8958dbeb42a;src_a58efc86a53b;src_cd6992b2ac73;src_fa55dc6c0172;src_81d75ee6bec2;src_57a86a9a7233;src_4d318dab12bb;src_2757b8f9e694;src_c91c894a665a;src_33bf1e694f01;src_1ad1d7d4bce2;src_b6b8da657b49;src_e8dfdf2d589b;src_fcb0c6109e23;src_cbd9eaeff4c7;src_b91168ebe47f;src_a38edcb55657;src_cfe22416fb0b;src_f097f1933104;src_85c842ba25d7;src_0e99e006f132;src_9ddc65070b51;src_7edae706c80f;src_a835da1cb6e8;src_2efb37ecb0cc;src_bc27f2afd192;src_599c155a843f,FALSE,NA,Transformation locale; autorisation d’adaptation non confirmée.
financial_source_cells,value_source,value source,"Valeur originale, y compris les symboles de suppression; ne pas les remplacer par zéro.",character,selon description,NA,"NA : absent, non diffusé, non applicable ou conversion impossible; jamais imputé. Consulter source et quality_report.",src_b0ef08f0bdfb;src_e4c70ec5dd92;src_b57789261106;src_06599b3ec306;src_cfa059b20a2d;src_cd2c60ae4c6f;src_01db39f4e4f2;src_8344685c75c9;src_4130101dd276;src_65edafd16f87;src_7dd31b970087;src_21aaee328a50;src_8577ec740ac7;src_ac0cb08c837d;src_0e7cf8e163b5;src_b9dde0657417;src_e7b880c95d34;src_7b1f1238df02;src_adc81a41ea0d;src_0d1d6cdde36f;src_cdfd61f2d179;src_7e9e3954bd04;src_73c753ead3d5;src_558d29f3a92b;src_c5c8ca7eeeec;src_77b4511c2119;src_d99abe36efb8;src_c6d71d6d580d;src_0430ecbf1742;src_40e521c05526;src_e50ac29d2302;src_390a840e73f7;src_31f2eb3b2622;src_e22f007bbf1a;src_fed3b569ec4c;src_13e09283669f;src_b26df8df1011;src_da98722f41f3;src_9d9a4eb99727;src_ed34c69c5ecd;src_a6523fa7d68d;src_08f6d4dd797b;src_71fd573af26d;src_6dbb95ae2ee7;src_904bc4c13c21;src_8c6e64b8b7dd;src_c670b2ad96cd;src_447546851c00;src_d5493b320855;src_4ac6705b1733;src_8fac60efafa5;src_71f42be68dcf;src_0b7a46df3ff2;src_eca05b07125b;src_945db0e19a86;src_50e87f4bc76d;src_ef3f44f8c54b;src_839eb18fb2a9;src_87672327e22a;src_f87c3bf527a2;src_8de2ad80413f;src_90967c6f4fa3;src_3881b6441404;src_140312574af1;src_6a1b5d8db7aa;src_2cdc699b6ab3;src_0491eb92dd0d;src_30aa6da0cc8f;src_379eae41d674;src_3350f46b5b55;src_70c6575d406d;src_7ad103d64f43;src_7be8c2b29cc2;src_1577b9d7a614;src_64a4ea49bec9;src_e468ade1c431;src_04c37da3c24d;src_db7488a5731c;src_f8958dbeb42a;src_a58efc86a53b;src_cd6992b2ac73;src_fa55dc6c0172;src_81d75ee6bec2;src_57a86a9a7233;src_4d318dab12bb;src_2757b8f9e694;src_c91c894a665a;src_33bf1e694f01;src_1ad1d7d4bce2;src_b6b8da657b49;src_e8dfdf2d589b;src_fcb0c6109e23;src_cbd9eaeff4c7;src_b91168ebe47f;src_a38edcb55657;src_cfe22416fb0b;src_f097f1933104;src_85c842ba25d7;src_0e99e006f132;src_9ddc65070b51;src_7edae706c80f;src_a835da1cb6e8;src_2efb37ecb0cc;src_bc27f2afd192;src_599c155a843f,FALSE,NA,Transformation locale; autorisation d’adaptation non confirmée.
financial_source_cells,value_numeric,value numeric,"Conversion numérique quand elle est possible, sinon manquant.",numeric,selon description,NA,"NA : absent, non diffusé, non applicable ou conversion impossible; jamais imputé. Consulter source et quality_report.",src_b0ef08f0bdfb;src_e4c70ec5dd92;src_b57789261106;src_06599b3ec306;src_cfa059b20a2d;src_cd2c60ae4c6f;src_01db39f4e4f2;src_8344685c75c9;src_4130101dd276;src_65edafd16f87;src_7dd31b970087;src_21aaee328a50;src_8577ec740ac7;src_ac0cb08c837d;src_0e7cf8e163b5;src_b9dde0657417;src_e7b880c95d34;src_7b1f1238df02;src_adc81a41ea0d;src_0d1d6cdde36f;src_cdfd61f2d179;src_7e9e3954bd04;src_73c753ead3d5;src_558d29f3a92b;src_c5c8ca7eeeec;src_77b4511c2119;src_d99abe36efb8;src_c6d71d6d580d;src_0430ecbf1742;src_40e521c05526;src_e50ac29d2302;src_390a840e73f7;src_31f2eb3b2622;src_e22f007bbf1a;src_fed3b569ec4c;src_13e09283669f;src_b26df8df1011;src_da98722f41f3;src_9d9a4eb99727;src_ed34c69c5ecd;src_a6523fa7d68d;src_08f6d4dd797b;src_71fd573af26d;src_6dbb95ae2ee7;src_904bc4c13c21;src_8c6e64b8b7dd;src_c670b2ad96cd;src_447546851c00;src_d5493b320855;src_4ac6705b1733;src_8fac60efafa5;src_71f42be68dcf;src_0b7a46df3ff2;src_eca05b07125b;src_945db0e19a86;src_50e87f4bc76d;src_ef3f44f8c54b;src_839eb18fb2a9;src_87672327e22a;src_f87c3bf527a2;src_8de2ad80413f;src_90967c6f4fa3;src_3881b6441404;src_140312574af1;src_6a1b5d8db7aa;src_2cdc699b6ab3;src_0491eb92dd0d;src_30aa6da0cc8f;src_379eae41d674;src_3350f46b5b55;src_70c6575d406d;src_7ad103d64f43;src_7be8c2b29cc2;src_1577b9d7a614;src_64a4ea49bec9;src_e468ade1c431;src_04c37da3c24d;src_db7488a5731c;src_f8958dbeb42a;src_a58efc86a53b;src_cd6992b2ac73;src_fa55dc6c0172;src_81d75ee6bec2;src_57a86a9a7233;src_4d318dab12bb;src_2757b8f9e694;src_c91c894a665a;src_33bf1e694f01;src_1ad1d7d4bce2;src_b6b8da657b49;src_e8dfdf2d589b;src_fcb0c6109e23;src_cbd9eaeff4c7;src_b91168ebe47f;src_a38edcb55657;src_cfe22416fb0b;src_f097f1933104;src_85c842ba25d7;src_0e99e006f132;src_9ddc65070b51;src_7edae706c80f;src_a835da1cb6e8;src_2efb37ecb0cc;src_bc27f2afd192;src_599c155a843f,FALSE,NA,Transformation locale; autorisation d’adaptation non confirmée.
legacy_election_source_tables,source_row,source row,Numéro de ligne à l’intérieur du tableau extrait.,integer,selon description,NA,"NA : absent, non diffusé, non applicable ou conversion impossible; jamais imputé. Consulter source et quality_report.",src_268f1a4a8b31;src_2fbd7c4b9831;src_3079060e6e05;src_31b9081adafa;src_3f77879fe5f9;src_406874c1e392;src_4afe4837258f;src_6c7c3c7f0abb;src_8e75d31e857d;src_b03ffef94773;src_bd95fc36ff7d;src_d3981d15025d;src_ef8b71b53e21;src_f2dbc7f08dc1,FALSE,NA,Transformation locale; autorisation d’adaptation non confirmée.
legacy_election_source_tables,source_variable,source variable,Intitulé de colonne original du tableau officiel.,character,selon description,NA,"NA : absent, non diffusé, non applicable ou conversion impossible; jamais imputé. Consulter source et quality_report.",src_268f1a4a8b31;src_2fbd7c4b9831;src_3079060e6e05;src_31b9081adafa;src_3f77879fe5f9;src_406874c1e392;src_4afe4837258f;src_6c7c3c7f0abb;src_8e75d31e857d;src_b03ffef94773;src_bd95fc36ff7d;src_d3981d15025d;src_ef8b71b53e21;src_f2dbc7f08dc1,FALSE,NA,Transformation locale; autorisation d’adaptation non confirmée.
legacy_election_source_tables,value_source,value source,"Valeur originale, y compris les symboles de suppression; ne pas les remplacer par zéro.",character,selon description,NA,"NA : absent, non diffusé, non applicable ou conversion impossible; jamais imputé. Consulter source et quality_report.",src_268f1a4a8b31;src_2fbd7c4b9831;src_3079060e6e05;src_31b9081adafa;src_3f77879fe5f9;src_406874c1e392;src_4afe4837258f;src_6c7c3c7f0abb;src_8e75d31e857d;src_b03ffef94773;src_bd95fc36ff7d;src_d3981d15025d;src_ef8b71b53e21;src_f2dbc7f08dc1,FALSE,NA,Transformation locale; autorisation d’adaptation non confirmée.
legacy_election_source_tables,source_table_number,source table number,Numéro du tableau dans la page HTML source.,integer,selon description,NA,"NA : absent, non diffusé, non applicable ou conversion impossible; jamais imputé. Consulter source et quality_report.",src_268f1a4a8b31;src_2fbd7c4b9831;src_3079060e6e05;src_31b9081adafa;src_3f77879fe5f9;src_406874c1e392;src_4afe4837258f;src_6c7c3c7f0abb;src_8e75d31e857d;src_b03ffef94773;src_bd95fc36ff7d;src_d3981d15025d;src_ef8b71b53e21;src_f2dbc7f08dc1,FALSE,NA,Transformation locale; autorisation d’adaptation non confirmée.
legacy_election_source_tables,source_title,source title,Titre officiel du document ou de la page dans l’inventaire.,character,selon description,NA,"NA : absent, non diffusé, non applicable ou conversion impossible; jamais imputé. Consulter source et quality_report.",src_268f1a4a8b31;src_2fbd7c4b9831;src_3079060e6e05;src_31b9081adafa;src_3f77879fe5f9;src_406874c1e392;src_4afe4837258f;src_6c7c3c7f0abb;src_8e75d31e857d;src_b03ffef94773;src_bd95fc36ff7d;src_d3981d15025d;src_ef8b71b53e21;src_f2dbc7f08dc1,FALSE,NA,Transformation locale; autorisation d’adaptation non confirmée.
legacy_election_source_tables,source_id,source id,Identifiant SHA-256 de l’URL dans le catalogue maître.,character,selon description,NA,"NA : absent, non diffusé, non applicable ou conversion impossible; jamais imputé. Consulter source et quality_report.",src_268f1a4a8b31;src_2fbd7c4b9831;src_3079060e6e05;src_31b9081adafa;src_3f77879fe5f9;src_406874c1e392;src_4afe4837258f;src_6c7c3c7f0abb;src_8e75d31e857d;src_b03ffef94773;src_bd95fc36ff7d;src_d3981d15025d;src_ef8b71b53e21;src_f2dbc7f08dc1,TRUE,voir R/common.R et script de transformation,Transformation locale; autorisation d’adaptation non confirmée.
legacy_election_source_tables,snapshot_id,snapshot id,Identifiant unique de la consultation et des octets sources.,character,selon description,NA,"NA : absent, non diffusé, non applicable ou conversion impossible; jamais imputé. Consulter source et quality_report.",src_268f1a4a8b31;src_2fbd7c4b9831;src_3079060e6e05;src_31b9081adafa;src_3f77879fe5f9;src_406874c1e392;src_4afe4837258f;src_6c7c3c7f0abb;src_8e75d31e857d;src_b03ffef94773;src_bd95fc36ff7d;src_d3981d15025d;src_ef8b71b53e21;src_f2dbc7f08dc1,TRUE,voir R/common.R et script de transformation,Transformation locale; autorisation d’adaptation non confirmée.
legacy_election_source_tables,observed_at,observed at,Instant UTC où la source a été consultée; ne désigne pas la date de l’événement.,character,selon description,NA,"NA : absent, non diffusé, non applicable ou conversion impossible; jamais imputé. Consulter source et quality_report.",src_268f1a4a8b31;src_2fbd7c4b9831;src_3079060e6e05;src_31b9081adafa;src_3f77879fe5f9;src_406874c1e392;src_4afe4837258f;src_6c7c3c7f0abb;src_8e75d31e857d;src_b03ffef94773;src_bd95fc36ff7d;src_d3981d15025d;src_ef8b71b53e21;src_f2dbc7f08dc1,TRUE,voir R/common.R et script de transformation,Transformation locale; autorisation d’adaptation non confirmée.
legacy_election_source_tables,retrieved_at,retrieved at,"Fin de la récupération, en UTC.",character,selon description,NA,"NA : absent, non diffusé, non applicable ou conversion impossible; jamais imputé. Consulter source et quality_report.",src_268f1a4a8b31;src_2fbd7c4b9831;src_3079060e6e05;src_31b9081adafa;src_3f77879fe5f9;src_406874c1e392;src_4afe4837258f;src_6c7c3c7f0abb;src_8e75d31e857d;src_b03ffef94773;src_bd95fc36ff7d;src_d3981d15025d;src_ef8b71b53e21;src_f2dbc7f08dc1,TRUE,voir R/common.R et script de transformation,Transformation locale; autorisation d’adaptation non confirmée.
legacy_election_source_tables,source_updated_at,source updated at,"Horodatage annoncé par le producteur, converti en UTC; manquant si absent.",character,selon description,NA,"NA : absent, non diffusé, non applicable ou conversion impossible; jamais imputé. Consulter source et quality_report.",src_268f1a4a8b31;src_2fbd7c4b9831;src_3079060e6e05;src_31b9081adafa;src_3f77879fe5f9;src_406874c1e392;src_4afe4837258f;src_6c7c3c7f0abb;src_8e75d31e857d;src_b03ffef94773;src_bd95fc36ff7d;src_d3981d15025d;src_ef8b71b53e21;src_f2dbc7f08dc1,FALSE,NA,Transformation locale; autorisation d’adaptation non confirmée.
legacy_election_source_tables,data_status,data status,État fourni par la source ou type explicite de transformation; finalité jamais inférée d’un pourcentage de dépouillement.,character,selon description,observed,"NA : absent, non diffusé, non applicable ou conversion impossible; jamais imputé. Consulter source et quality_report.",src_268f1a4a8b31;src_2fbd7c4b9831;src_3079060e6e05;src_31b9081adafa;src_3f77879fe5f9;src_406874c1e392;src_4afe4837258f;src_6c7c3c7f0abb;src_8e75d31e857d;src_b03ffef94773;src_bd95fc36ff7d;src_d3981d15025d;src_ef8b71b53e21;src_f2dbc7f08dc1,FALSE,NA,Transformation locale; autorisation d’adaptation non confirmée.
legacy_elections,election_id,election id,"Identifiant contextualisé : Québec, provincial, date et type.",character,selon description,NA,"NA : absent, non diffusé, non applicable ou conversion impossible; jamais imputé. Consulter source et quality_report.",src_b7e2938c2649;src_e8904f6f5951;src_280377a4ab9f;src_7bff9ffeecfe;src_1af5a89dfff0;src_a5c774edf8cf;src_2fdd6d97a914;src_520c73ea8c20;src_765bb55410f7;src_b9b5e6a7558b;src_3b8db421046a;src_8a20eb6a8e65;src_3b86e20cc08e;src_66823dd8c7f5;src_acc454cd8165;src_b58fcb703164;src_54c3f7305664;src_23975b969371;src_f20092c75f85;src_b1cdb1fbf174;src_4ec6a883ffb0;src_976f92175327;src_0ee71b44a08d;src_61ad41ed8836;src_abf0cae17f16;src_1e86e2e765b0;src_f7d493b63d3f;src_1e628f5a1f47;src_60ae99fc5e74;src_25d8d1d09ca2;src_25984d7d7187;src_ef2bcd58ba61;src_ae885e09480c;src_ec1324e83b0d;src_2e545590ac0b;src_d78bda3e984a;src_68f759717bcc;src_47d00d1e06ec;src_af198bab8499;src_104d9a727eaa;src_c837d52ba812;src_6f4df3beacc9;src_a4ab9b077bc6;src_4aa1df78a89f;src_154407e0c6f3;src_97485f74fd4c;src_6bfafee16732;src_688fead178b4;src_b8d6cf50c953;src_25af3d37f440;src_e292ec2ab3f8;src_430100a25e12;src_50cb836b3a85;src_e5d49a26272d;src_55753c48469a;src_54ed72cc98e5;src_c3d6218599e0;src_bf038d713135;src_1802c37dad40;src_bcd514b5f73d;src_6f2056e5389e;src_f9a761fd99ee;src_63ad7f1d0270;src_6e9eb7f5d233;src_0946a7cc5cfb,TRUE,voir R/common.R et script de transformation,Transformation locale; autorisation d’adaptation non confirmée.
legacy_elections,election_date,election date,"Date de scrutin, tirée de la date officielle présente dans le lien d’archive.",character,selon description,NA,"NA : absent, non diffusé, non applicable ou conversion impossible; jamais imputé. Consulter source et quality_report.",src_b7e2938c2649;src_e8904f6f5951;src_280377a4ab9f;src_7bff9ffeecfe;src_1af5a89dfff0;src_a5c774edf8cf;src_2fdd6d97a914;src_520c73ea8c20;src_765bb55410f7;src_b9b5e6a7558b;src_3b8db421046a;src_8a20eb6a8e65;src_3b86e20cc08e;src_66823dd8c7f5;src_acc454cd8165;src_b58fcb703164;src_54c3f7305664;src_23975b969371;src_f20092c75f85;src_b1cdb1fbf174;src_4ec6a883ffb0;src_976f92175327;src_0ee71b44a08d;src_61ad41ed8836;src_abf0cae17f16;src_1e86e2e765b0;src_f7d493b63d3f;src_1e628f5a1f47;src_60ae99fc5e74;src_25d8d1d09ca2;src_25984d7d7187;src_ef2bcd58ba61;src_ae885e09480c;src_ec1324e83b0d;src_2e545590ac0b;src_d78bda3e984a;src_68f759717bcc;src_47d00d1e06ec;src_af198bab8499;src_104d9a727eaa;src_c837d52ba812;src_6f4df3beacc9;src_a4ab9b077bc6;src_4aa1df78a89f;src_154407e0c6f3;src_97485f74fd4c;src_6bfafee16732;src_688fead178b4;src_b8d6cf50c953;src_25af3d37f440;src_e292ec2ab3f8;src_430100a25e12;src_50cb836b3a85;src_e5d49a26272d;src_55753c48469a;src_54ed72cc98e5;src_c3d6218599e0;src_bf038d713135;src_1802c37dad40;src_bcd514b5f73d;src_6f2056e5389e;src_f9a761fd99ee;src_63ad7f1d0270;src_6e9eb7f5d233;src_0946a7cc5cfb,FALSE,NA,Transformation locale; autorisation d’adaptation non confirmée.
legacy_elections,election_type,election type,general ou partial : type indiqué par l’archive officielle.,character,selon description,NA,"NA : absent, non diffusé, non applicable ou conversion impossible; jamais imputé. Consulter source et quality_report.",src_b7e2938c2649;src_e8904f6f5951;src_280377a4ab9f;src_7bff9ffeecfe;src_1af5a89dfff0;src_a5c774edf8cf;src_2fdd6d97a914;src_520c73ea8c20;src_765bb55410f7;src_b9b5e6a7558b;src_3b8db421046a;src_8a20eb6a8e65;src_3b86e20cc08e;src_66823dd8c7f5;src_acc454cd8165;src_b58fcb703164;src_54c3f7305664;src_23975b969371;src_f20092c75f85;src_b1cdb1fbf174;src_4ec6a883ffb0;src_976f92175327;src_0ee71b44a08d;src_61ad41ed8836;src_abf0cae17f16;src_1e86e2e765b0;src_f7d493b63d3f;src_1e628f5a1f47;src_60ae99fc5e74;src_25d8d1d09ca2;src_25984d7d7187;src_ef2bcd58ba61;src_ae885e09480c;src_ec1324e83b0d;src_2e545590ac0b;src_d78bda3e984a;src_68f759717bcc;src_47d00d1e06ec;src_af198bab8499;src_104d9a727eaa;src_c837d52ba812;src_6f4df3beacc9;src_a4ab9b077bc6;src_4aa1df78a89f;src_154407e0c6f3;src_97485f74fd4c;src_6bfafee16732;src_688fead178b4;src_b8d6cf50c953;src_25af3d37f440;src_e292ec2ab3f8;src_430100a25e12;src_50cb836b3a85;src_e5d49a26272d;src_55753c48469a;src_54ed72cc98e5;src_c3d6218599e0;src_bf038d713135;src_1802c37dad40;src_bcd514b5f73d;src_6f2056e5389e;src_f9a761fd99ee;src_63ad7f1d0270;src_6e9eb7f5d233;src_0946a7cc5cfb,FALSE,NA,Transformation locale; autorisation d’adaptation non confirmée.
legacy_elections,electoral_level,electoral level,provincial dans cette version.,character,selon description,NA,"NA : absent, non diffusé, non applicable ou conversion impossible; jamais imputé. Consulter source et quality_report.",src_b7e2938c2649;src_e8904f6f5951;src_280377a4ab9f;src_7bff9ffeecfe;src_1af5a89dfff0;src_a5c774edf8cf;src_2fdd6d97a914;src_520c73ea8c20;src_765bb55410f7;src_b9b5e6a7558b;src_3b8db421046a;src_8a20eb6a8e65;src_3b86e20cc08e;src_66823dd8c7f5;src_acc454cd8165;src_b58fcb703164;src_54c3f7305664;src_23975b969371;src_f20092c75f85;src_b1cdb1fbf174;src_4ec6a883ffb0;src_976f92175327;src_0ee71b44a08d;src_61ad41ed8836;src_abf0cae17f16;src_1e86e2e765b0;src_f7d493b63d3f;src_1e628f5a1f47;src_60ae99fc5e74;src_25d8d1d09ca2;src_25984d7d7187;src_ef2bcd58ba61;src_ae885e09480c;src_ec1324e83b0d;src_2e545590ac0b;src_d78bda3e984a;src_68f759717bcc;src_47d00d1e06ec;src_af198bab8499;src_104d9a727eaa;src_c837d52ba812;src_6f4df3beacc9;src_a4ab9b077bc6;src_4aa1df78a89f;src_154407e0c6f3;src_97485f74fd4c;src_6bfafee16732;src_688fead178b4;src_b8d6cf50c953;src_25af3d37f440;src_e292ec2ab3f8;src_430100a25e12;src_50cb836b3a85;src_e5d49a26272d;src_55753c48469a;src_54ed72cc98e5;src_c3d6218599e0;src_bf038d713135;src_1802c37dad40;src_bcd514b5f73d;src_6f2056e5389e;src_f9a761fd99ee;src_63ad7f1d0270;src_6e9eb7f5d233;src_0946a7cc5cfb,FALSE,NA,Transformation locale; autorisation d’adaptation non confirmée.
legacy_elections,map_year,map year,"Année d’établissement de la carte, attribuée selon l’historique officiel; manquante lorsqu’elle n’est pas confirmée.",character,selon description,NA,"NA : absent, non diffusé, non applicable ou conversion impossible; jamais imputé. Consulter source et quality_report.",src_b7e2938c2649;src_e8904f6f5951;src_280377a4ab9f;src_7bff9ffeecfe;src_1af5a89dfff0;src_a5c774edf8cf;src_2fdd6d97a914;src_520c73ea8c20;src_765bb55410f7;src_b9b5e6a7558b;src_3b8db421046a;src_8a20eb6a8e65;src_3b86e20cc08e;src_66823dd8c7f5;src_acc454cd8165;src_b58fcb703164;src_54c3f7305664;src_23975b969371;src_f20092c75f85;src_b1cdb1fbf174;src_4ec6a883ffb0;src_976f92175327;src_0ee71b44a08d;src_61ad41ed8836;src_abf0cae17f16;src_1e86e2e765b0;src_f7d493b63d3f;src_1e628f5a1f47;src_60ae99fc5e74;src_25d8d1d09ca2;src_25984d7d7187;src_ef2bcd58ba61;src_ae885e09480c;src_ec1324e83b0d;src_2e545590ac0b;src_d78bda3e984a;src_68f759717bcc;src_47d00d1e06ec;src_af198bab8499;src_104d9a727eaa;src_c837d52ba812;src_6f4df3beacc9;src_a4ab9b077bc6;src_4aa1df78a89f;src_154407e0c6f3;src_97485f74fd4c;src_6bfafee16732;src_688fead178b4;src_b8d6cf50c953;src_25af3d37f440;src_e292ec2ab3f8;src_430100a25e12;src_50cb836b3a85;src_e5d49a26272d;src_55753c48469a;src_54ed72cc98e5;src_c3d6218599e0;src_bf038d713135;src_1802c37dad40;src_bcd514b5f73d;src_6f2056e5389e;src_f9a761fd99ee;src_63ad7f1d0270;src_6e9eb7f5d233;src_0946a7cc5cfb,FALSE,NA,Transformation locale; autorisation d’adaptation non confirmée.
legacy_elections,code_edition,code edition,Édition de nomenclature; 2022 conserve la carte de 2017 avec changement de nom. Une édition historique contextuelle ne garantit pas une continuité des codes.,character,selon description,NA,"NA : absent, non diffusé, non applicable ou conversion impossible; jamais imputé. Consulter source et quality_report.",src_b7e2938c2649;src_e8904f6f5951;src_280377a4ab9f;src_7bff9ffeecfe;src_1af5a89dfff0;src_a5c774edf8cf;src_2fdd6d97a914;src_520c73ea8c20;src_765bb55410f7;src_b9b5e6a7558b;src_3b8db421046a;src_8a20eb6a8e65;src_3b86e20cc08e;src_66823dd8c7f5;src_acc454cd8165;src_b58fcb703164;src_54c3f7305664;src_23975b969371;src_f20092c75f85;src_b1cdb1fbf174;src_4ec6a883ffb0;src_976f92175327;src_0ee71b44a08d;src_61ad41ed8836;src_abf0cae17f16;src_1e86e2e765b0;src_f7d493b63d3f;src_1e628f5a1f47;src_60ae99fc5e74;src_25d8d1d09ca2;src_25984d7d7187;src_ef2bcd58ba61;src_ae885e09480c;src_ec1324e83b0d;src_2e545590ac0b;src_d78bda3e984a;src_68f759717bcc;src_47d00d1e06ec;src_af198bab8499;src_104d9a727eaa;src_c837d52ba812;src_6f4df3beacc9;src_a4ab9b077bc6;src_4aa1df78a89f;src_154407e0c6f3;src_97485f74fd4c;src_6bfafee16732;src_688fead178b4;src_b8d6cf50c953;src_25af3d37f440;src_e292ec2ab3f8;src_430100a25e12;src_50cb836b3a85;src_e5d49a26272d;src_55753c48469a;src_54ed72cc98e5;src_c3d6218599e0;src_bf038d713135;src_1802c37dad40;src_bcd514b5f73d;src_6f2056e5389e;src_f9a761fd99ee;src_63ad7f1d0270;src_6e9eb7f5d233;src_0946a7cc5cfb,FALSE,NA,Transformation locale; autorisation d’adaptation non confirmée.
legacy_elections,district_count,district count,"Nombre de circonscriptions dans l’événement, selon source ou comptage documenté.",numeric,selon description,NA,"NA : absent, non diffusé, non applicable ou conversion impossible; jamais imputé. Consulter source et quality_report.",src_b7e2938c2649;src_e8904f6f5951;src_280377a4ab9f;src_7bff9ffeecfe;src_1af5a89dfff0;src_a5c774edf8cf;src_2fdd6d97a914;src_520c73ea8c20;src_765bb55410f7;src_b9b5e6a7558b;src_3b8db421046a;src_8a20eb6a8e65;src_3b86e20cc08e;src_66823dd8c7f5;src_acc454cd8165;src_b58fcb703164;src_54c3f7305664;src_23975b969371;src_f20092c75f85;src_b1cdb1fbf174;src_4ec6a883ffb0;src_976f92175327;src_0ee71b44a08d;src_61ad41ed8836;src_abf0cae17f16;src_1e86e2e765b0;src_f7d493b63d3f;src_1e628f5a1f47;src_60ae99fc5e74;src_25d8d1d09ca2;src_25984d7d7187;src_ef2bcd58ba61;src_ae885e09480c;src_ec1324e83b0d;src_2e545590ac0b;src_d78bda3e984a;src_68f759717bcc;src_47d00d1e06ec;src_af198bab8499;src_104d9a727eaa;src_c837d52ba812;src_6f4df3beacc9;src_a4ab9b077bc6;src_4aa1df78a89f;src_154407e0c6f3;src_97485f74fd4c;src_6bfafee16732;src_688fead178b4;src_b8d6cf50c953;src_25af3d37f440;src_e292ec2ab3f8;src_430100a25e12;src_50cb836b3a85;src_e5d49a26272d;src_55753c48469a;src_54ed72cc98e5;src_c3d6218599e0;src_bf038d713135;src_1802c37dad40;src_bcd514b5f73d;src_6f2056e5389e;src_f9a761fd99ee;src_63ad7f1d0270;src_6e9eb7f5d233;src_0946a7cc5cfb,FALSE,NA,Transformation locale; autorisation d’adaptation non confirmée.
legacy_elections,registered,registered,Nombre d’électrices et électeurs inscrits selon le périmètre de ce fichier.,numeric,selon description,NA,"NA : absent, non diffusé, non applicable ou conversion impossible; jamais imputé. Consulter source et quality_report.",src_b7e2938c2649;src_e8904f6f5951;src_280377a4ab9f;src_7bff9ffeecfe;src_1af5a89dfff0;src_a5c774edf8cf;src_2fdd6d97a914;src_520c73ea8c20;src_765bb55410f7;src_b9b5e6a7558b;src_3b8db421046a;src_8a20eb6a8e65;src_3b86e20cc08e;src_66823dd8c7f5;src_acc454cd8165;src_b58fcb703164;src_54c3f7305664;src_23975b969371;src_f20092c75f85;src_b1cdb1fbf174;src_4ec6a883ffb0;src_976f92175327;src_0ee71b44a08d;src_61ad41ed8836;src_abf0cae17f16;src_1e86e2e765b0;src_f7d493b63d3f;src_1e628f5a1f47;src_60ae99fc5e74;src_25d8d1d09ca2;src_25984d7d7187;src_ef2bcd58ba61;src_ae885e09480c;src_ec1324e83b0d;src_2e545590ac0b;src_d78bda3e984a;src_68f759717bcc;src_47d00d1e06ec;src_af198bab8499;src_104d9a727eaa;src_c837d52ba812;src_6f4df3beacc9;src_a4ab9b077bc6;src_4aa1df78a89f;src_154407e0c6f3;src_97485f74fd4c;src_6bfafee16732;src_688fead178b4;src_b8d6cf50c953;src_25af3d37f440;src_e292ec2ab3f8;src_430100a25e12;src_50cb836b3a85;src_e5d49a26272d;src_55753c48469a;src_54ed72cc98e5;src_c3d6218599e0;src_bf038d713135;src_1802c37dad40;src_bcd514b5f73d;src_6f2056e5389e;src_f9a761fd99ee;src_63ad7f1d0270;src_6e9eb7f5d233;src_0946a7cc5cfb,FALSE,NA,Transformation locale; autorisation d’adaptation non confirmée.
legacy_elections,valid_ballots,valid ballots,Nombre de bulletins valides publié.,numeric,selon description,NA,"NA : absent, non diffusé, non applicable ou conversion impossible; jamais imputé. Consulter source et quality_report.",src_b7e2938c2649;src_e8904f6f5951;src_280377a4ab9f;src_7bff9ffeecfe;src_1af5a89dfff0;src_a5c774edf8cf;src_2fdd6d97a914;src_520c73ea8c20;src_765bb55410f7;src_b9b5e6a7558b;src_3b8db421046a;src_8a20eb6a8e65;src_3b86e20cc08e;src_66823dd8c7f5;src_acc454cd8165;src_b58fcb703164;src_54c3f7305664;src_23975b969371;src_f20092c75f85;src_b1cdb1fbf174;src_4ec6a883ffb0;src_976f92175327;src_0ee71b44a08d;src_61ad41ed8836;src_abf0cae17f16;src_1e86e2e765b0;src_f7d493b63d3f;src_1e628f5a1f47;src_60ae99fc5e74;src_25d8d1d09ca2;src_25984d7d7187;src_ef2bcd58ba61;src_ae885e09480c;src_ec1324e83b0d;src_2e545590ac0b;src_d78bda3e984a;src_68f759717bcc;src_47d00d1e06ec;src_af198bab8499;src_104d9a727eaa;src_c837d52ba812;src_6f4df3beacc9;src_a4ab9b077bc6;src_4aa1df78a89f;src_154407e0c6f3;src_97485f74fd4c;src_6bfafee16732;src_688fead178b4;src_b8d6cf50c953;src_25af3d37f440;src_e292ec2ab3f8;src_430100a25e12;src_50cb836b3a85;src_e5d49a26272d;src_55753c48469a;src_54ed72cc98e5;src_c3d6218599e0;src_bf038d713135;src_1802c37dad40;src_bcd514b5f73d;src_6f2056e5389e;src_f9a761fd99ee;src_63ad7f1d0270;src_6e9eb7f5d233;src_0946a7cc5cfb,FALSE,NA,Transformation locale; autorisation d’adaptation non confirmée.
legacy_elections,rejected_ballots,rejected ballots,Nombre de bulletins rejetés publié.,numeric,selon description,NA,"NA : absent, non diffusé, non applicable ou conversion impossible; jamais imputé. Consulter source et quality_report.",src_b7e2938c2649;src_e8904f6f5951;src_280377a4ab9f;src_7bff9ffeecfe;src_1af5a89dfff0;src_a5c774edf8cf;src_2fdd6d97a914;src_520c73ea8c20;src_765bb55410f7;src_b9b5e6a7558b;src_3b8db421046a;src_8a20eb6a8e65;src_3b86e20cc08e;src_66823dd8c7f5;src_acc454cd8165;src_b58fcb703164;src_54c3f7305664;src_23975b969371;src_f20092c75f85;src_b1cdb1fbf174;src_4ec6a883ffb0;src_976f92175327;src_0ee71b44a08d;src_61ad41ed8836;src_abf0cae17f16;src_1e86e2e765b0;src_f7d493b63d3f;src_1e628f5a1f47;src_60ae99fc5e74;src_25d8d1d09ca2;src_25984d7d7187;src_ef2bcd58ba61;src_ae885e09480c;src_ec1324e83b0d;src_2e545590ac0b;src_d78bda3e984a;src_68f759717bcc;src_47d00d1e06ec;src_af198bab8499;src_104d9a727eaa;src_c837d52ba812;src_6f4df3beacc9;src_a4ab9b077bc6;src_4aa1df78a89f;src_154407e0c6f3;src_97485f74fd4c;src_6bfafee16732;src_688fead178b4;src_b8d6cf50c953;src_25af3d37f440;src_e292ec2ab3f8;src_430100a25e12;src_50cb836b3a85;src_e5d49a26272d;src_55753c48469a;src_54ed72cc98e5;src_c3d6218599e0;src_bf038d713135;src_1802c37dad40;src_bcd514b5f73d;src_6f2056e5389e;src_f9a761fd99ee;src_63ad7f1d0270;src_6e9eb7f5d233;src_0946a7cc5cfb,FALSE,NA,Transformation locale; autorisation d’adaptation non confirmée.
legacy_elections,votes_cast,votes cast,Bulletins valides et rejetés; valeur source si disponible.,numeric,selon description,NA,"NA : absent, non diffusé, non applicable ou conversion impossible; jamais imputé. Consulter source et quality_report.",src_b7e2938c2649;src_e8904f6f5951;src_280377a4ab9f;src_7bff9ffeecfe;src_1af5a89dfff0;src_a5c774edf8cf;src_2fdd6d97a914;src_520c73ea8c20;src_765bb55410f7;src_b9b5e6a7558b;src_3b8db421046a;src_8a20eb6a8e65;src_3b86e20cc08e;src_66823dd8c7f5;src_acc454cd8165;src_b58fcb703164;src_54c3f7305664;src_23975b969371;src_f20092c75f85;src_b1cdb1fbf174;src_4ec6a883ffb0;src_976f92175327;src_0ee71b44a08d;src_61ad41ed8836;src_abf0cae17f16;src_1e86e2e765b0;src_f7d493b63d3f;src_1e628f5a1f47;src_60ae99fc5e74;src_25d8d1d09ca2;src_25984d7d7187;src_ef2bcd58ba61;src_ae885e09480c;src_ec1324e83b0d;src_2e545590ac0b;src_d78bda3e984a;src_68f759717bcc;src_47d00d1e06ec;src_af198bab8499;src_104d9a727eaa;src_c837d52ba812;src_6f4df3beacc9;src_a4ab9b077bc6;src_4aa1df78a89f;src_154407e0c6f3;src_97485f74fd4c;src_6bfafee16732;src_688fead178b4;src_b8d6cf50c953;src_25af3d37f440;src_e292ec2ab3f8;src_430100a25e12;src_50cb836b3a85;src_e5d49a26272d;src_55753c48469a;src_54ed72cc98e5;src_c3d6218599e0;src_bf038d713135;src_1802c37dad40;src_bcd514b5f73d;src_6f2056e5389e;src_f9a761fd99ee;src_63ad7f1d0270;src_6e9eb7f5d233;src_0946a7cc5cfb,FALSE,NA,Transformation locale; autorisation d’adaptation non confirmée.
legacy_elections,turnout_observed_pct,turnout observed pct,"Rapport des votes actuellement comptés aux inscrits; pendant le dépouillement, ce n’est pas la participation finale.",numeric,pourcentage 0-100,NA,"NA : absent, non diffusé, non applicable ou conversion impossible; jamais imputé. Consulter source et quality_report.",src_b7e2938c2649;src_e8904f6f5951;src_280377a4ab9f;src_7bff9ffeecfe;src_1af5a89dfff0;src_a5c774edf8cf;src_2fdd6d97a914;src_520c73ea8c20;src_765bb55410f7;src_b9b5e6a7558b;src_3b8db421046a;src_8a20eb6a8e65;src_3b86e20cc08e;src_66823dd8c7f5;src_acc454cd8165;src_b58fcb703164;src_54c3f7305664;src_23975b969371;src_f20092c75f85;src_b1cdb1fbf174;src_4ec6a883ffb0;src_976f92175327;src_0ee71b44a08d;src_61ad41ed8836;src_abf0cae17f16;src_1e86e2e765b0;src_f7d493b63d3f;src_1e628f5a1f47;src_60ae99fc5e74;src_25d8d1d09ca2;src_25984d7d7187;src_ef2bcd58ba61;src_ae885e09480c;src_ec1324e83b0d;src_2e545590ac0b;src_d78bda3e984a;src_68f759717bcc;src_47d00d1e06ec;src_af198bab8499;src_104d9a727eaa;src_c837d52ba812;src_6f4df3beacc9;src_a4ab9b077bc6;src_4aa1df78a89f;src_154407e0c6f3;src_97485f74fd4c;src_6bfafee16732;src_688fead178b4;src_b8d6cf50c953;src_25af3d37f440;src_e292ec2ab3f8;src_430100a25e12;src_50cb836b3a85;src_e5d49a26272d;src_55753c48469a;src_54ed72cc98e5;src_c3d6218599e0;src_bf038d713135;src_1802c37dad40;src_bcd514b5f73d;src_6f2056e5389e;src_f9a761fd99ee;src_63ad7f1d0270;src_6e9eb7f5d233;src_0946a7cc5cfb,TRUE,"100 * votes_cast / registered, si registered > 0",Transformation locale; autorisation d’adaptation non confirmée.
legacy_elections,source_id,source id,Identifiant SHA-256 de l’URL dans le catalogue maître.,character,selon description,NA,"NA : absent, non diffusé, non applicable ou conversion impossible; jamais imputé. Consulter source et quality_report.",src_b7e2938c2649;src_e8904f6f5951;src_280377a4ab9f;src_7bff9ffeecfe;src_1af5a89dfff0;src_a5c774edf8cf;src_2fdd6d97a914;src_520c73ea8c20;src_765bb55410f7;src_b9b5e6a7558b;src_3b8db421046a;src_8a20eb6a8e65;src_3b86e20cc08e;src_66823dd8c7f5;src_acc454cd8165;src_b58fcb703164;src_54c3f7305664;src_23975b969371;src_f20092c75f85;src_b1cdb1fbf174;src_4ec6a883ffb0;src_976f92175327;src_0ee71b44a08d;src_61ad41ed8836;src_abf0cae17f16;src_1e86e2e765b0;src_f7d493b63d3f;src_1e628f5a1f47;src_60ae99fc5e74;src_25d8d1d09ca2;src_25984d7d7187;src_ef2bcd58ba61;src_ae885e09480c;src_ec1324e83b0d;src_2e545590ac0b;src_d78bda3e984a;src_68f759717bcc;src_47d00d1e06ec;src_af198bab8499;src_104d9a727eaa;src_c837d52ba812;src_6f4df3beacc9;src_a4ab9b077bc6;src_4aa1df78a89f;src_154407e0c6f3;src_97485f74fd4c;src_6bfafee16732;src_688fead178b4;src_b8d6cf50c953;src_25af3d37f440;src_e292ec2ab3f8;src_430100a25e12;src_50cb836b3a85;src_e5d49a26272d;src_55753c48469a;src_54ed72cc98e5;src_c3d6218599e0;src_bf038d713135;src_1802c37dad40;src_bcd514b5f73d;src_6f2056e5389e;src_f9a761fd99ee;src_63ad7f1d0270;src_6e9eb7f5d233;src_0946a7cc5cfb,TRUE,voir R/common.R et script de transformation,Transformation locale; autorisation d’adaptation non confirmée.
legacy_elections,snapshot_id,snapshot id,Identifiant unique de la consultation et des octets sources.,character,selon description,NA,"NA : absent, non diffusé, non applicable ou conversion impossible; jamais imputé. Consulter source et quality_report.",src_b7e2938c2649;src_e8904f6f5951;src_280377a4ab9f;src_7bff9ffeecfe;src_1af5a89dfff0;src_a5c774edf8cf;src_2fdd6d97a914;src_520c73ea8c20;src_765bb55410f7;src_b9b5e6a7558b;src_3b8db421046a;src_8a20eb6a8e65;src_3b86e20cc08e;src_66823dd8c7f5;src_acc454cd8165;src_b58fcb703164;src_54c3f7305664;src_23975b969371;src_f20092c75f85;src_b1cdb1fbf174;src_4ec6a883ffb0;src_976f92175327;src_0ee71b44a08d;src_61ad41ed8836;src_abf0cae17f16;src_1e86e2e765b0;src_f7d493b63d3f;src_1e628f5a1f47;src_60ae99fc5e74;src_25d8d1d09ca2;src_25984d7d7187;src_ef2bcd58ba61;src_ae885e09480c;src_ec1324e83b0d;src_2e545590ac0b;src_d78bda3e984a;src_68f759717bcc;src_47d00d1e06ec;src_af198bab8499;src_104d9a727eaa;src_c837d52ba812;src_6f4df3beacc9;src_a4ab9b077bc6;src_4aa1df78a89f;src_154407e0c6f3;src_97485f74fd4c;src_6bfafee16732;src_688fead178b4;src_b8d6cf50c953;src_25af3d37f440;src_e292ec2ab3f8;src_430100a25e12;src_50cb836b3a85;src_e5d49a26272d;src_55753c48469a;src_54ed72cc98e5;src_c3d6218599e0;src_bf038d713135;src_1802c37dad40;src_bcd514b5f73d;src_6f2056e5389e;src_f9a761fd99ee;src_63ad7f1d0270;src_6e9eb7f5d233;src_0946a7cc5cfb,TRUE,voir R/common.R et script de transformation,Transformation locale; autorisation d’adaptation non confirmée.
legacy_elections,observed_at,observed at,Instant UTC où la source a été consultée; ne désigne pas la date de l’événement.,character,selon description,NA,"NA : absent, non diffusé, non applicable ou conversion impossible; jamais imputé. Consulter source et quality_report.",src_b7e2938c2649;src_e8904f6f5951;src_280377a4ab9f;src_7bff9ffeecfe;src_1af5a89dfff0;src_a5c774edf8cf;src_2fdd6d97a914;src_520c73ea8c20;src_765bb55410f7;src_b9b5e6a7558b;src_3b8db421046a;src_8a20eb6a8e65;src_3b86e20cc08e;src_66823dd8c7f5;src_acc454cd8165;src_b58fcb703164;src_54c3f7305664;src_23975b969371;src_f20092c75f85;src_b1cdb1fbf174;src_4ec6a883ffb0;src_976f92175327;src_0ee71b44a08d;src_61ad41ed8836;src_abf0cae17f16;src_1e86e2e765b0;src_f7d493b63d3f;src_1e628f5a1f47;src_60ae99fc5e74;src_25d8d1d09ca2;src_25984d7d7187;src_ef2bcd58ba61;src_ae885e09480c;src_ec1324e83b0d;src_2e545590ac0b;src_d78bda3e984a;src_68f759717bcc;src_47d00d1e06ec;src_af198bab8499;src_104d9a727eaa;src_c837d52ba812;src_6f4df3beacc9;src_a4ab9b077bc6;src_4aa1df78a89f;src_154407e0c6f3;src_97485f74fd4c;src_6bfafee16732;src_688fead178b4;src_b8d6cf50c953;src_25af3d37f440;src_e292ec2ab3f8;src_430100a25e12;src_50cb836b3a85;src_e5d49a26272d;src_55753c48469a;src_54ed72cc98e5;src_c3d6218599e0;src_bf038d713135;src_1802c37dad40;src_bcd514b5f73d;src_6f2056e5389e;src_f9a761fd99ee;src_63ad7f1d0270;src_6e9eb7f5d233;src_0946a7cc5cfb,TRUE,voir R/common.R et script de transformation,Transformation locale; autorisation d’adaptation non confirmée.
legacy_elections,retrieved_at,retrieved at,"Fin de la récupération, en UTC.",character,selon description,NA,"NA : absent, non diffusé, non applicable ou conversion impossible; jamais imputé. Consulter source et quality_report.",src_b7e2938c2649;src_e8904f6f5951;src_280377a4ab9f;src_7bff9ffeecfe;src_1af5a89dfff0;src_a5c774edf8cf;src_2fdd6d97a914;src_520c73ea8c20;src_765bb55410f7;src_b9b5e6a7558b;src_3b8db421046a;src_8a20eb6a8e65;src_3b86e20cc08e;src_66823dd8c7f5;src_acc454cd8165;src_b58fcb703164;src_54c3f7305664;src_23975b969371;src_f20092c75f85;src_b1cdb1fbf174;src_4ec6a883ffb0;src_976f92175327;src_0ee71b44a08d;src_61ad41ed8836;src_abf0cae17f16;src_1e86e2e765b0;src_f7d493b63d3f;src_1e628f5a1f47;src_60ae99fc5e74;src_25d8d1d09ca2;src_25984d7d7187;src_ef2bcd58ba61;src_ae885e09480c;src_ec1324e83b0d;src_2e545590ac0b;src_d78bda3e984a;src_68f759717bcc;src_47d00d1e06ec;src_af198bab8499;src_104d9a727eaa;src_c837d52ba812;src_6f4df3beacc9;src_a4ab9b077bc6;src_4aa1df78a89f;src_154407e0c6f3;src_97485f74fd4c;src_6bfafee16732;src_688fead178b4;src_b8d6cf50c953;src_25af3d37f440;src_e292ec2ab3f8;src_430100a25e12;src_50cb836b3a85;src_e5d49a26272d;src_55753c48469a;src_54ed72cc98e5;src_c3d6218599e0;src_bf038d713135;src_1802c37dad40;src_bcd514b5f73d;src_6f2056e5389e;src_f9a761fd99ee;src_63ad7f1d0270;src_6e9eb7f5d233;src_0946a7cc5cfb,TRUE,voir R/common.R et script de transformation,Transformation locale; autorisation d’adaptation non confirmée.
legacy_elections,source_updated_at,source updated at,"Horodatage annoncé par le producteur, converti en UTC; manquant si absent.",character,selon description,NA,"NA : absent, non diffusé, non applicable ou conversion impossible; jamais imputé. Consulter source et quality_report.",src_b7e2938c2649;src_e8904f6f5951;src_280377a4ab9f;src_7bff9ffeecfe;src_1af5a89dfff0;src_a5c774edf8cf;src_2fdd6d97a914;src_520c73ea8c20;src_765bb55410f7;src_b9b5e6a7558b;src_3b8db421046a;src_8a20eb6a8e65;src_3b86e20cc08e;src_66823dd8c7f5;src_acc454cd8165;src_b58fcb703164;src_54c3f7305664;src_23975b969371;src_f20092c75f85;src_b1cdb1fbf174;src_4ec6a883ffb0;src_976f92175327;src_0ee71b44a08d;src_61ad41ed8836;src_abf0cae17f16;src_1e86e2e765b0;src_f7d493b63d3f;src_1e628f5a1f47;src_60ae99fc5e74;src_25d8d1d09ca2;src_25984d7d7187;src_ef2bcd58ba61;src_ae885e09480c;src_ec1324e83b0d;src_2e545590ac0b;src_d78bda3e984a;src_68f759717bcc;src_47d00d1e06ec;src_af198bab8499;src_104d9a727eaa;src_c837d52ba812;src_6f4df3beacc9;src_a4ab9b077bc6;src_4aa1df78a89f;src_154407e0c6f3;src_97485f74fd4c;src_6bfafee16732;src_688fead178b4;src_b8d6cf50c953;src_25af3d37f440;src_e292ec2ab3f8;src_430100a25e12;src_50cb836b3a85;src_e5d49a26272d;src_55753c48469a;src_54ed72cc98e5;src_c3d6218599e0;src_bf038d713135;src_1802c37dad40;src_bcd514b5f73d;src_6f2056e5389e;src_f9a761fd99ee;src_63ad7f1d0270;src_6e9eb7f5d233;src_0946a7cc5cfb,FALSE,NA,Transformation locale; autorisation d’adaptation non confirmée.
legacy_elections,data_status,data status,État fourni par la source ou type explicite de transformation; finalité jamais inférée d’un pourcentage de dépouillement.,character,selon description,historical_published_finality_unspecified,"NA : absent, non diffusé, non applicable ou conversion impossible; jamais imputé. Consulter source et quality_report.",src_b7e2938c2649;src_e8904f6f5951;src_280377a4ab9f;src_7bff9ffeecfe;src_1af5a89dfff0;src_a5c774edf8cf;src_2fdd6d97a914;src_520c73ea8c20;src_765bb55410f7;src_b9b5e6a7558b;src_3b8db421046a;src_8a20eb6a8e65;src_3b86e20cc08e;src_66823dd8c7f5;src_acc454cd8165;src_b58fcb703164;src_54c3f7305664;src_23975b969371;src_f20092c75f85;src_b1cdb1fbf174;src_4ec6a883ffb0;src_976f92175327;src_0ee71b44a08d;src_61ad41ed8836;src_abf0cae17f16;src_1e86e2e765b0;src_f7d493b63d3f;src_1e628f5a1f47;src_60ae99fc5e74;src_25d8d1d09ca2;src_25984d7d7187;src_ef2bcd58ba61;src_ae885e09480c;src_ec1324e83b0d;src_2e545590ac0b;src_d78bda3e984a;src_68f759717bcc;src_47d00d1e06ec;src_af198bab8499;src_104d9a727eaa;src_c837d52ba812;src_6f4df3beacc9;src_a4ab9b077bc6;src_4aa1df78a89f;src_154407e0c6f3;src_97485f74fd4c;src_6bfafee16732;src_688fead178b4;src_b8d6cf50c953;src_25af3d37f440;src_e292ec2ab3f8;src_430100a25e12;src_50cb836b3a85;src_e5d49a26272d;src_55753c48469a;src_54ed72cc98e5;src_c3d6218599e0;src_bf038d713135;src_1802c37dad40;src_bcd514b5f73d;src_6f2056e5389e;src_f9a761fd99ee;src_63ad7f1d0270;src_6e9eb7f5d233;src_0946a7cc5cfb,FALSE,NA,Transformation locale; autorisation d’adaptation non confirmée.
legacy_historical_candidate_results,election_id,election id,"Identifiant contextualisé : Québec, provincial, date et type.",character,selon description,NA,"NA : absent, non diffusé, non applicable ou conversion impossible; jamais imputé. Consulter source et quality_report.",src_b7e2938c2649;src_e8904f6f5951;src_280377a4ab9f;src_7bff9ffeecfe;src_1af5a89dfff0;src_a5c774edf8cf;src_2fdd6d97a914;src_520c73ea8c20;src_765bb55410f7;src_b9b5e6a7558b;src_3b8db421046a;src_8a20eb6a8e65;src_3b86e20cc08e;src_66823dd8c7f5;src_acc454cd8165;src_b58fcb703164;src_54c3f7305664;src_23975b969371;src_f20092c75f85;src_b1cdb1fbf174;src_4ec6a883ffb0;src_976f92175327;src_0ee71b44a08d;src_61ad41ed8836;src_abf0cae17f16;src_1e86e2e765b0;src_f7d493b63d3f;src_1e628f5a1f47;src_60ae99fc5e74;src_25d8d1d09ca2;src_25984d7d7187;src_ef2bcd58ba61;src_ae885e09480c;src_ec1324e83b0d;src_2e545590ac0b;src_d78bda3e984a;src_68f759717bcc;src_47d00d1e06ec;src_af198bab8499;src_104d9a727eaa;src_c837d52ba812;src_6f4df3beacc9;src_a4ab9b077bc6;src_4aa1df78a89f;src_154407e0c6f3;src_97485f74fd4c;src_6bfafee16732;src_688fead178b4;src_b8d6cf50c953;src_25af3d37f440;src_e292ec2ab3f8;src_430100a25e12;src_50cb836b3a85;src_e5d49a26272d;src_55753c48469a;src_54ed72cc98e5;src_c3d6218599e0;src_bf038d713135;src_1802c37dad40;src_bcd514b5f73d;src_6f2056e5389e;src_f9a761fd99ee;src_63ad7f1d0270;src_6e9eb7f5d233;src_0946a7cc5cfb,TRUE,voir R/common.R et script de transformation,Transformation locale; autorisation d’adaptation non confirmée.
legacy_historical_candidate_results,district_id,district id,"Carte, édition des codes et code de circonscription; ne pas joindre par nom.",character,selon description,NA,"NA : absent, non diffusé, non applicable ou conversion impossible; jamais imputé. Consulter source et quality_report.",src_b7e2938c2649;src_e8904f6f5951;src_280377a4ab9f;src_7bff9ffeecfe;src_1af5a89dfff0;src_a5c774edf8cf;src_2fdd6d97a914;src_520c73ea8c20;src_765bb55410f7;src_b9b5e6a7558b;src_3b8db421046a;src_8a20eb6a8e65;src_3b86e20cc08e;src_66823dd8c7f5;src_acc454cd8165;src_b58fcb703164;src_54c3f7305664;src_23975b969371;src_f20092c75f85;src_b1cdb1fbf174;src_4ec6a883ffb0;src_976f92175327;src_0ee71b44a08d;src_61ad41ed8836;src_abf0cae17f16;src_1e86e2e765b0;src_f7d493b63d3f;src_1e628f5a1f47;src_60ae99fc5e74;src_25d8d1d09ca2;src_25984d7d7187;src_ef2bcd58ba61;src_ae885e09480c;src_ec1324e83b0d;src_2e545590ac0b;src_d78bda3e984a;src_68f759717bcc;src_47d00d1e06ec;src_af198bab8499;src_104d9a727eaa;src_c837d52ba812;src_6f4df3beacc9;src_a4ab9b077bc6;src_4aa1df78a89f;src_154407e0c6f3;src_97485f74fd4c;src_6bfafee16732;src_688fead178b4;src_b8d6cf50c953;src_25af3d37f440;src_e292ec2ab3f8;src_430100a25e12;src_50cb836b3a85;src_e5d49a26272d;src_55753c48469a;src_54ed72cc98e5;src_c3d6218599e0;src_bf038d713135;src_1802c37dad40;src_bcd514b5f73d;src_6f2056e5389e;src_f9a761fd99ee;src_63ad7f1d0270;src_6e9eb7f5d233;src_0946a7cc5cfb,TRUE,voir R/common.R et script de transformation,Transformation locale; autorisation d’adaptation non confirmée.
legacy_historical_candidate_results,candidate_id,candidate id,Identifiant de candidature contextualisé; ne désigne pas une personne entre élections.,character,selon description,NA,"NA : absent, non diffusé, non applicable ou conversion impossible; jamais imputé. Consulter source et quality_report.",src_b7e2938c2649;src_e8904f6f5951;src_280377a4ab9f;src_7bff9ffeecfe;src_1af5a89dfff0;src_a5c774edf8cf;src_2fdd6d97a914;src_520c73ea8c20;src_765bb55410f7;src_b9b5e6a7558b;src_3b8db421046a;src_8a20eb6a8e65;src_3b86e20cc08e;src_66823dd8c7f5;src_acc454cd8165;src_b58fcb703164;src_54c3f7305664;src_23975b969371;src_f20092c75f85;src_b1cdb1fbf174;src_4ec6a883ffb0;src_976f92175327;src_0ee71b44a08d;src_61ad41ed8836;src_abf0cae17f16;src_1e86e2e765b0;src_f7d493b63d3f;src_1e628f5a1f47;src_60ae99fc5e74;src_25d8d1d09ca2;src_25984d7d7187;src_ef2bcd58ba61;src_ae885e09480c;src_ec1324e83b0d;src_2e545590ac0b;src_d78bda3e984a;src_68f759717bcc;src_47d00d1e06ec;src_af198bab8499;src_104d9a727eaa;src_c837d52ba812;src_6f4df3beacc9;src_a4ab9b077bc6;src_4aa1df78a89f;src_154407e0c6f3;src_97485f74fd4c;src_6bfafee16732;src_688fead178b4;src_b8d6cf50c953;src_25af3d37f440;src_e292ec2ab3f8;src_430100a25e12;src_50cb836b3a85;src_e5d49a26272d;src_55753c48469a;src_54ed72cc98e5;src_c3d6218599e0;src_bf038d713135;src_1802c37dad40;src_bcd514b5f73d;src_6f2056e5389e;src_f9a761fd99ee;src_63ad7f1d0270;src_6e9eb7f5d233;src_0946a7cc5cfb,TRUE,voir R/common.R et script de transformation,Transformation locale; autorisation d’adaptation non confirmée.
legacy_historical_candidate_results,candidate_identity_basis,candidate identity basis,Règle d’identification de l’enregistrement; ne constitue pas un identifiant permanent de personne.,character,selon description,NA,"NA : absent, non diffusé, non applicable ou conversion impossible; jamais imputé. Consulter source et quality_report.",src_b7e2938c2649;src_e8904f6f5951;src_280377a4ab9f;src_7bff9ffeecfe;src_1af5a89dfff0;src_a5c774edf8cf;src_2fdd6d97a914;src_520c73ea8c20;src_765bb55410f7;src_b9b5e6a7558b;src_3b8db421046a;src_8a20eb6a8e65;src_3b86e20cc08e;src_66823dd8c7f5;src_acc454cd8165;src_b58fcb703164;src_54c3f7305664;src_23975b969371;src_f20092c75f85;src_b1cdb1fbf174;src_4ec6a883ffb0;src_976f92175327;src_0ee71b44a08d;src_61ad41ed8836;src_abf0cae17f16;src_1e86e2e765b0;src_f7d493b63d3f;src_1e628f5a1f47;src_60ae99fc5e74;src_25d8d1d09ca2;src_25984d7d7187;src_ef2bcd58ba61;src_ae885e09480c;src_ec1324e83b0d;src_2e545590ac0b;src_d78bda3e984a;src_68f759717bcc;src_47d00d1e06ec;src_af198bab8499;src_104d9a727eaa;src_c837d52ba812;src_6f4df3beacc9;src_a4ab9b077bc6;src_4aa1df78a89f;src_154407e0c6f3;src_97485f74fd4c;src_6bfafee16732;src_688fead178b4;src_b8d6cf50c953;src_25af3d37f440;src_e292ec2ab3f8;src_430100a25e12;src_50cb836b3a85;src_e5d49a26272d;src_55753c48469a;src_54ed72cc98e5;src_c3d6218599e0;src_bf038d713135;src_1802c37dad40;src_bcd514b5f73d;src_6f2056e5389e;src_f9a761fd99ee;src_63ad7f1d0270;src_6e9eb7f5d233;src_0946a7cc5cfb,FALSE,NA,Transformation locale; autorisation d’adaptation non confirmée.
legacy_historical_candidate_results,candidate_code_source,candidate code source,Code présent dans le JSON historique; manquant si le producteur ne le fournit pas.,character,selon description,NA,"NA : absent, non diffusé, non applicable ou conversion impossible; jamais imputé. Consulter source et quality_report.",src_b7e2938c2649;src_e8904f6f5951;src_280377a4ab9f;src_7bff9ffeecfe;src_1af5a89dfff0;src_a5c774edf8cf;src_2fdd6d97a914;src_520c73ea8c20;src_765bb55410f7;src_b9b5e6a7558b;src_3b8db421046a;src_8a20eb6a8e65;src_3b86e20cc08e;src_66823dd8c7f5;src_acc454cd8165;src_b58fcb703164;src_54c3f7305664;src_23975b969371;src_f20092c75f85;src_b1cdb1fbf174;src_4ec6a883ffb0;src_976f92175327;src_0ee71b44a08d;src_61ad41ed8836;src_abf0cae17f16;src_1e86e2e765b0;src_f7d493b63d3f;src_1e628f5a1f47;src_60ae99fc5e74;src_25d8d1d09ca2;src_25984d7d7187;src_ef2bcd58ba61;src_ae885e09480c;src_ec1324e83b0d;src_2e545590ac0b;src_d78bda3e984a;src_68f759717bcc;src_47d00d1e06ec;src_af198bab8499;src_104d9a727eaa;src_c837d52ba812;src_6f4df3beacc9;src_a4ab9b077bc6;src_4aa1df78a89f;src_154407e0c6f3;src_97485f74fd4c;src_6bfafee16732;src_688fead178b4;src_b8d6cf50c953;src_25af3d37f440;src_e292ec2ab3f8;src_430100a25e12;src_50cb836b3a85;src_e5d49a26272d;src_55753c48469a;src_54ed72cc98e5;src_c3d6218599e0;src_bf038d713135;src_1802c37dad40;src_bcd514b5f73d;src_6f2056e5389e;src_f9a761fd99ee;src_63ad7f1d0270;src_6e9eb7f5d233;src_0946a7cc5cfb,FALSE,NA,Transformation locale; autorisation d’adaptation non confirmée.
legacy_historical_candidate_results,last_name,last name,Nom officiellement publié dans le contexte d’une candidature.,character,selon description,NA,"NA : absent, non diffusé, non applicable ou conversion impossible; jamais imputé. Consulter source et quality_report.",src_b7e2938c2649;src_e8904f6f5951;src_280377a4ab9f;src_7bff9ffeecfe;src_1af5a89dfff0;src_a5c774edf8cf;src_2fdd6d97a914;src_520c73ea8c20;src_765bb55410f7;src_b9b5e6a7558b;src_3b8db421046a;src_8a20eb6a8e65;src_3b86e20cc08e;src_66823dd8c7f5;src_acc454cd8165;src_b58fcb703164;src_54c3f7305664;src_23975b969371;src_f20092c75f85;src_b1cdb1fbf174;src_4ec6a883ffb0;src_976f92175327;src_0ee71b44a08d;src_61ad41ed8836;src_abf0cae17f16;src_1e86e2e765b0;src_f7d493b63d3f;src_1e628f5a1f47;src_60ae99fc5e74;src_25d8d1d09ca2;src_25984d7d7187;src_ef2bcd58ba61;src_ae885e09480c;src_ec1324e83b0d;src_2e545590ac0b;src_d78bda3e984a;src_68f759717bcc;src_47d00d1e06ec;src_af198bab8499;src_104d9a727eaa;src_c837d52ba812;src_6f4df3beacc9;src_a4ab9b077bc6;src_4aa1df78a89f;src_154407e0c6f3;src_97485f74fd4c;src_6bfafee16732;src_688fead178b4;src_b8d6cf50c953;src_25af3d37f440;src_e292ec2ab3f8;src_430100a25e12;src_50cb836b3a85;src_e5d49a26272d;src_55753c48469a;src_54ed72cc98e5;src_c3d6218599e0;src_bf038d713135;src_1802c37dad40;src_bcd514b5f73d;src_6f2056e5389e;src_f9a761fd99ee;src_63ad7f1d0270;src_6e9eb7f5d233;src_0946a7cc5cfb,FALSE,NA,Transformation locale; autorisation d’adaptation non confirmée.
legacy_historical_candidate_results,first_name,first name,Prénom officiellement publié dans le contexte d’une candidature.,character,selon description,NA,"NA : absent, non diffusé, non applicable ou conversion impossible; jamais imputé. Consulter source et quality_report.",src_b7e2938c2649;src_e8904f6f5951;src_280377a4ab9f;src_7bff9ffeecfe;src_1af5a89dfff0;src_a5c774edf8cf;src_2fdd6d97a914;src_520c73ea8c20;src_765bb55410f7;src_b9b5e6a7558b;src_3b8db421046a;src_8a20eb6a8e65;src_3b86e20cc08e;src_66823dd8c7f5;src_acc454cd8165;src_b58fcb703164;src_54c3f7305664;src_23975b969371;src_f20092c75f85;src_b1cdb1fbf174;src_4ec6a883ffb0;src_976f92175327;src_0ee71b44a08d;src_61ad41ed8836;src_abf0cae17f16;src_1e86e2e765b0;src_f7d493b63d3f;src_1e628f5a1f47;src_60ae99fc5e74;src_25d8d1d09ca2;src_25984d7d7187;src_ef2bcd58ba61;src_ae885e09480c;src_ec1324e83b0d;src_2e545590ac0b;src_d78bda3e984a;src_68f759717bcc;src_47d00d1e06ec;src_af198bab8499;src_104d9a727eaa;src_c837d52ba812;src_6f4df3beacc9;src_a4ab9b077bc6;src_4aa1df78a89f;src_154407e0c6f3;src_97485f74fd4c;src_6bfafee16732;src_688fead178b4;src_b8d6cf50c953;src_25af3d37f440;src_e292ec2ab3f8;src_430100a25e12;src_50cb836b3a85;src_e5d49a26272d;src_55753c48469a;src_54ed72cc98e5;src_c3d6218599e0;src_bf038d713135;src_1802c37dad40;src_bcd514b5f73d;src_6f2056e5389e;src_f9a761fd99ee;src_63ad7f1d0270;src_6e9eb7f5d233;src_0946a7cc5cfb,FALSE,NA,Transformation locale; autorisation d’adaptation non confirmée.
legacy_historical_candidate_results,party_id,party id,Identifiant administratif de groupe politique dans une élection.,character,selon description,NA,"NA : absent, non diffusé, non applicable ou conversion impossible; jamais imputé. Consulter source et quality_report.",src_b7e2938c2649;src_e8904f6f5951;src_280377a4ab9f;src_7bff9ffeecfe;src_1af5a89dfff0;src_a5c774edf8cf;src_2fdd6d97a914;src_520c73ea8c20;src_765bb55410f7;src_b9b5e6a7558b;src_3b8db421046a;src_8a20eb6a8e65;src_3b86e20cc08e;src_66823dd8c7f5;src_acc454cd8165;src_b58fcb703164;src_54c3f7305664;src_23975b969371;src_f20092c75f85;src_b1cdb1fbf174;src_4ec6a883ffb0;src_976f92175327;src_0ee71b44a08d;src_61ad41ed8836;src_abf0cae17f16;src_1e86e2e765b0;src_f7d493b63d3f;src_1e628f5a1f47;src_60ae99fc5e74;src_25d8d1d09ca2;src_25984d7d7187;src_ef2bcd58ba61;src_ae885e09480c;src_ec1324e83b0d;src_2e545590ac0b;src_d78bda3e984a;src_68f759717bcc;src_47d00d1e06ec;src_af198bab8499;src_104d9a727eaa;src_c837d52ba812;src_6f4df3beacc9;src_a4ab9b077bc6;src_4aa1df78a89f;src_154407e0c6f3;src_97485f74fd4c;src_6bfafee16732;src_688fead178b4;src_b8d6cf50c953;src_25af3d37f440;src_e292ec2ab3f8;src_430100a25e12;src_50cb836b3a85;src_e5d49a26272d;src_55753c48469a;src_54ed72cc98e5;src_c3d6218599e0;src_bf038d713135;src_1802c37dad40;src_bcd514b5f73d;src_6f2056e5389e;src_f9a761fd99ee;src_63ad7f1d0270;src_6e9eb7f5d233;src_0946a7cc5cfb,TRUE,voir R/common.R et script de transformation,Transformation locale; autorisation d’adaptation non confirmée.
legacy_historical_candidate_results,party_abbreviation,party abbreviation,Abréviation politique source; variantes typographiques conservées.,character,selon description,NA,"NA : absent, non diffusé, non applicable ou conversion impossible; jamais imputé. Consulter source et quality_report.",src_b7e2938c2649;src_e8904f6f5951;src_280377a4ab9f;src_7bff9ffeecfe;src_1af5a89dfff0;src_a5c774edf8cf;src_2fdd6d97a914;src_520c73ea8c20;src_765bb55410f7;src_b9b5e6a7558b;src_3b8db421046a;src_8a20eb6a8e65;src_3b86e20cc08e;src_66823dd8c7f5;src_acc454cd8165;src_b58fcb703164;src_54c3f7305664;src_23975b969371;src_f20092c75f85;src_b1cdb1fbf174;src_4ec6a883ffb0;src_976f92175327;src_0ee71b44a08d;src_61ad41ed8836;src_abf0cae17f16;src_1e86e2e765b0;src_f7d493b63d3f;src_1e628f5a1f47;src_60ae99fc5e74;src_25d8d1d09ca2;src_25984d7d7187;src_ef2bcd58ba61;src_ae885e09480c;src_ec1324e83b0d;src_2e545590ac0b;src_d78bda3e984a;src_68f759717bcc;src_47d00d1e06ec;src_af198bab8499;src_104d9a727eaa;src_c837d52ba812;src_6f4df3beacc9;src_a4ab9b077bc6;src_4aa1df78a89f;src_154407e0c6f3;src_97485f74fd4c;src_6bfafee16732;src_688fead178b4;src_b8d6cf50c953;src_25af3d37f440;src_e292ec2ab3f8;src_430100a25e12;src_50cb836b3a85;src_e5d49a26272d;src_55753c48469a;src_54ed72cc98e5;src_c3d6218599e0;src_bf038d713135;src_1802c37dad40;src_bcd514b5f73d;src_6f2056e5389e;src_f9a761fd99ee;src_63ad7f1d0270;src_6e9eb7f5d233;src_0946a7cc5cfb,FALSE,NA,Transformation locale; autorisation d’adaptation non confirmée.
legacy_historical_candidate_results,votes,votes,Bulletins attribués à cette candidature ou ce groupe dans le périmètre indiqué.,numeric,selon description,NA,"NA : absent, non diffusé, non applicable ou conversion impossible; jamais imputé. Consulter source et quality_report.",src_b7e2938c2649;src_e8904f6f5951;src_280377a4ab9f;src_7bff9ffeecfe;src_1af5a89dfff0;src_a5c774edf8cf;src_2fdd6d97a914;src_520c73ea8c20;src_765bb55410f7;src_b9b5e6a7558b;src_3b8db421046a;src_8a20eb6a8e65;src_3b86e20cc08e;src_66823dd8c7f5;src_acc454cd8165;src_b58fcb703164;src_54c3f7305664;src_23975b969371;src_f20092c75f85;src_b1cdb1fbf174;src_4ec6a883ffb0;src_976f92175327;src_0ee71b44a08d;src_61ad41ed8836;src_abf0cae17f16;src_1e86e2e765b0;src_f7d493b63d3f;src_1e628f5a1f47;src_60ae99fc5e74;src_25d8d1d09ca2;src_25984d7d7187;src_ef2bcd58ba61;src_ae885e09480c;src_ec1324e83b0d;src_2e545590ac0b;src_d78bda3e984a;src_68f759717bcc;src_47d00d1e06ec;src_af198bab8499;src_104d9a727eaa;src_c837d52ba812;src_6f4df3beacc9;src_a4ab9b077bc6;src_4aa1df78a89f;src_154407e0c6f3;src_97485f74fd4c;src_6bfafee16732;src_688fead178b4;src_b8d6cf50c953;src_25af3d37f440;src_e292ec2ab3f8;src_430100a25e12;src_50cb836b3a85;src_e5d49a26272d;src_55753c48469a;src_54ed72cc98e5;src_c3d6218599e0;src_bf038d713135;src_1802c37dad40;src_bcd514b5f73d;src_6f2056e5389e;src_f9a761fd99ee;src_63ad7f1d0270;src_6e9eb7f5d233;src_0946a7cc5cfb,FALSE,NA,Transformation locale; autorisation d’adaptation non confirmée.
legacy_historical_candidate_results,valid_ballots,valid ballots,Nombre de bulletins valides publié.,numeric,selon description,NA,"NA : absent, non diffusé, non applicable ou conversion impossible; jamais imputé. Consulter source et quality_report.",src_b7e2938c2649;src_e8904f6f5951;src_280377a4ab9f;src_7bff9ffeecfe;src_1af5a89dfff0;src_a5c774edf8cf;src_2fdd6d97a914;src_520c73ea8c20;src_765bb55410f7;src_b9b5e6a7558b;src_3b8db421046a;src_8a20eb6a8e65;src_3b86e20cc08e;src_66823dd8c7f5;src_acc454cd8165;src_b58fcb703164;src_54c3f7305664;src_23975b969371;src_f20092c75f85;src_b1cdb1fbf174;src_4ec6a883ffb0;src_976f92175327;src_0ee71b44a08d;src_61ad41ed8836;src_abf0cae17f16;src_1e86e2e765b0;src_f7d493b63d3f;src_1e628f5a1f47;src_60ae99fc5e74;src_25d8d1d09ca2;src_25984d7d7187;src_ef2bcd58ba61;src_ae885e09480c;src_ec1324e83b0d;src_2e545590ac0b;src_d78bda3e984a;src_68f759717bcc;src_47d00d1e06ec;src_af198bab8499;src_104d9a727eaa;src_c837d52ba812;src_6f4df3beacc9;src_a4ab9b077bc6;src_4aa1df78a89f;src_154407e0c6f3;src_97485f74fd4c;src_6bfafee16732;src_688fead178b4;src_b8d6cf50c953;src_25af3d37f440;src_e292ec2ab3f8;src_430100a25e12;src_50cb836b3a85;src_e5d49a26272d;src_55753c48469a;src_54ed72cc98e5;src_c3d6218599e0;src_bf038d713135;src_1802c37dad40;src_bcd514b5f73d;src_6f2056e5389e;src_f9a761fd99ee;src_63ad7f1d0270;src_6e9eb7f5d233;src_0946a7cc5cfb,FALSE,NA,Transformation locale; autorisation d’adaptation non confirmée.
legacy_historical_candidate_results,vote_share_source_pct,vote share source pct,"Pourcentage des votes tel que publié, avec ses arrondis.",numeric,pourcentage 0-100,NA,"NA : absent, non diffusé, non applicable ou conversion impossible; jamais imputé. Consulter source et quality_report.",src_b7e2938c2649;src_e8904f6f5951;src_280377a4ab9f;src_7bff9ffeecfe;src_1af5a89dfff0;src_a5c774edf8cf;src_2fdd6d97a914;src_520c73ea8c20;src_765bb55410f7;src_b9b5e6a7558b;src_3b8db421046a;src_8a20eb6a8e65;src_3b86e20cc08e;src_66823dd8c7f5;src_acc454cd8165;src_b58fcb703164;src_54c3f7305664;src_23975b969371;src_f20092c75f85;src_b1cdb1fbf174;src_4ec6a883ffb0;src_976f92175327;src_0ee71b44a08d;src_61ad41ed8836;src_abf0cae17f16;src_1e86e2e765b0;src_f7d493b63d3f;src_1e628f5a1f47;src_60ae99fc5e74;src_25d8d1d09ca2;src_25984d7d7187;src_ef2bcd58ba61;src_ae885e09480c;src_ec1324e83b0d;src_2e545590ac0b;src_d78bda3e984a;src_68f759717bcc;src_47d00d1e06ec;src_af198bab8499;src_104d9a727eaa;src_c837d52ba812;src_6f4df3beacc9;src_a4ab9b077bc6;src_4aa1df78a89f;src_154407e0c6f3;src_97485f74fd4c;src_6bfafee16732;src_688fead178b4;src_b8d6cf50c953;src_25af3d37f440;src_e292ec2ab3f8;src_430100a25e12;src_50cb836b3a85;src_e5d49a26272d;src_55753c48469a;src_54ed72cc98e5;src_c3d6218599e0;src_bf038d713135;src_1802c37dad40;src_bcd514b5f73d;src_6f2056e5389e;src_f9a761fd99ee;src_63ad7f1d0270;src_6e9eb7f5d233;src_0946a7cc5cfb,FALSE,NA,Transformation locale; autorisation d’adaptation non confirmée.
legacy_historical_candidate_results,rank_descriptive,rank descriptive,"Rang calculé sur les votes comptés; ex aequo au rang minimal, sans projection.",integer,selon description,NA,"NA : absent, non diffusé, non applicable ou conversion impossible; jamais imputé. Consulter source et quality_report.",src_b7e2938c2649;src_e8904f6f5951;src_280377a4ab9f;src_7bff9ffeecfe;src_1af5a89dfff0;src_a5c774edf8cf;src_2fdd6d97a914;src_520c73ea8c20;src_765bb55410f7;src_b9b5e6a7558b;src_3b8db421046a;src_8a20eb6a8e65;src_3b86e20cc08e;src_66823dd8c7f5;src_acc454cd8165;src_b58fcb703164;src_54c3f7305664;src_23975b969371;src_f20092c75f85;src_b1cdb1fbf174;src_4ec6a883ffb0;src_976f92175327;src_0ee71b44a08d;src_61ad41ed8836;src_abf0cae17f16;src_1e86e2e765b0;src_f7d493b63d3f;src_1e628f5a1f47;src_60ae99fc5e74;src_25d8d1d09ca2;src_25984d7d7187;src_ef2bcd58ba61;src_ae885e09480c;src_ec1324e83b0d;src_2e545590ac0b;src_d78bda3e984a;src_68f759717bcc;src_47d00d1e06ec;src_af198bab8499;src_104d9a727eaa;src_c837d52ba812;src_6f4df3beacc9;src_a4ab9b077bc6;src_4aa1df78a89f;src_154407e0c6f3;src_97485f74fd4c;src_6bfafee16732;src_688fead178b4;src_b8d6cf50c953;src_25af3d37f440;src_e292ec2ab3f8;src_430100a25e12;src_50cb836b3a85;src_e5d49a26272d;src_55753c48469a;src_54ed72cc98e5;src_c3d6218599e0;src_bf038d713135;src_1802c37dad40;src_bcd514b5f73d;src_6f2056e5389e;src_f9a761fd99ee;src_63ad7f1d0270;src_6e9eb7f5d233;src_0946a7cc5cfb,TRUE,"rank(-votes, ties.method = min)",Transformation locale; autorisation d’adaptation non confirmée.
legacy_historical_candidate_results,lead_votes_source,lead votes source,Avance publiée pour le premier; zéro pour les autres selon la source.,numeric,selon description,NA,"NA : absent, non diffusé, non applicable ou conversion impossible; jamais imputé. Consulter source et quality_report.",src_b7e2938c2649;src_e8904f6f5951;src_280377a4ab9f;src_7bff9ffeecfe;src_1af5a89dfff0;src_a5c774edf8cf;src_2fdd6d97a914;src_520c73ea8c20;src_765bb55410f7;src_b9b5e6a7558b;src_3b8db421046a;src_8a20eb6a8e65;src_3b86e20cc08e;src_66823dd8c7f5;src_acc454cd8165;src_b58fcb703164;src_54c3f7305664;src_23975b969371;src_f20092c75f85;src_b1cdb1fbf174;src_4ec6a883ffb0;src_976f92175327;src_0ee71b44a08d;src_61ad41ed8836;src_abf0cae17f16;src_1e86e2e765b0;src_f7d493b63d3f;src_1e628f5a1f47;src_60ae99fc5e74;src_25d8d1d09ca2;src_25984d7d7187;src_ef2bcd58ba61;src_ae885e09480c;src_ec1324e83b0d;src_2e545590ac0b;src_d78bda3e984a;src_68f759717bcc;src_47d00d1e06ec;src_af198bab8499;src_104d9a727eaa;src_c837d52ba812;src_6f4df3beacc9;src_a4ab9b077bc6;src_4aa1df78a89f;src_154407e0c6f3;src_97485f74fd4c;src_6bfafee16732;src_688fead178b4;src_b8d6cf50c953;src_25af3d37f440;src_e292ec2ab3f8;src_430100a25e12;src_50cb836b3a85;src_e5d49a26272d;src_55753c48469a;src_54ed72cc98e5;src_c3d6218599e0;src_bf038d713135;src_1802c37dad40;src_bcd514b5f73d;src_6f2056e5389e;src_f9a761fd99ee;src_63ad7f1d0270;src_6e9eb7f5d233;src_0946a7cc5cfb,FALSE,NA,Transformation locale; autorisation d’adaptation non confirmée.
legacy_historical_candidate_results,elected_source,elected source,Indication d’élection seulement si un champ officiel explicite existe; sinon manquant.,logical,selon description,NA,"NA : absent, non diffusé, non applicable ou conversion impossible; jamais imputé. Consulter source et quality_report.",src_b7e2938c2649;src_e8904f6f5951;src_280377a4ab9f;src_7bff9ffeecfe;src_1af5a89dfff0;src_a5c774edf8cf;src_2fdd6d97a914;src_520c73ea8c20;src_765bb55410f7;src_b9b5e6a7558b;src_3b8db421046a;src_8a20eb6a8e65;src_3b86e20cc08e;src_66823dd8c7f5;src_acc454cd8165;src_b58fcb703164;src_54c3f7305664;src_23975b969371;src_f20092c75f85;src_b1cdb1fbf174;src_4ec6a883ffb0;src_976f92175327;src_0ee71b44a08d;src_61ad41ed8836;src_abf0cae17f16;src_1e86e2e765b0;src_f7d493b63d3f;src_1e628f5a1f47;src_60ae99fc5e74;src_25d8d1d09ca2;src_25984d7d7187;src_ef2bcd58ba61;src_ae885e09480c;src_ec1324e83b0d;src_2e545590ac0b;src_d78bda3e984a;src_68f759717bcc;src_47d00d1e06ec;src_af198bab8499;src_104d9a727eaa;src_c837d52ba812;src_6f4df3beacc9;src_a4ab9b077bc6;src_4aa1df78a89f;src_154407e0c6f3;src_97485f74fd4c;src_6bfafee16732;src_688fead178b4;src_b8d6cf50c953;src_25af3d37f440;src_e292ec2ab3f8;src_430100a25e12;src_50cb836b3a85;src_e5d49a26272d;src_55753c48469a;src_54ed72cc98e5;src_c3d6218599e0;src_bf038d713135;src_1802c37dad40;src_bcd514b5f73d;src_6f2056e5389e;src_f9a761fd99ee;src_63ad7f1d0270;src_6e9eb7f5d233;src_0946a7cc5cfb,FALSE,NA,Transformation locale; autorisation d’adaptation non confirmée.
legacy_historical_candidate_results,vote_share_pct,vote share pct,"Part des bulletins valides obtenue, recalculée.",numeric,pourcentage 0-100,NA,"NA : absent, non diffusé, non applicable ou conversion impossible; jamais imputé. Consulter source et quality_report.",src_b7e2938c2649;src_e8904f6f5951;src_280377a4ab9f;src_7bff9ffeecfe;src_1af5a89dfff0;src_a5c774edf8cf;src_2fdd6d97a914;src_520c73ea8c20;src_765bb55410f7;src_b9b5e6a7558b;src_3b8db421046a;src_8a20eb6a8e65;src_3b86e20cc08e;src_66823dd8c7f5;src_acc454cd8165;src_b58fcb703164;src_54c3f7305664;src_23975b969371;src_f20092c75f85;src_b1cdb1fbf174;src_4ec6a883ffb0;src_976f92175327;src_0ee71b44a08d;src_61ad41ed8836;src_abf0cae17f16;src_1e86e2e765b0;src_f7d493b63d3f;src_1e628f5a1f47;src_60ae99fc5e74;src_25d8d1d09ca2;src_25984d7d7187;src_ef2bcd58ba61;src_ae885e09480c;src_ec1324e83b0d;src_2e545590ac0b;src_d78bda3e984a;src_68f759717bcc;src_47d00d1e06ec;src_af198bab8499;src_104d9a727eaa;src_c837d52ba812;src_6f4df3beacc9;src_a4ab9b077bc6;src_4aa1df78a89f;src_154407e0c6f3;src_97485f74fd4c;src_6bfafee16732;src_688fead178b4;src_b8d6cf50c953;src_25af3d37f440;src_e292ec2ab3f8;src_430100a25e12;src_50cb836b3a85;src_e5d49a26272d;src_55753c48469a;src_54ed72cc98e5;src_c3d6218599e0;src_bf038d713135;src_1802c37dad40;src_bcd514b5f73d;src_6f2056e5389e;src_f9a761fd99ee;src_63ad7f1d0270;src_6e9eb7f5d233;src_0946a7cc5cfb,TRUE,"100 * votes / valid_ballots, si valid_ballots > 0",Transformation locale; autorisation d’adaptation non confirmée.
legacy_historical_candidate_results,source_id,source id,Identifiant SHA-256 de l’URL dans le catalogue maître.,character,selon description,NA,"NA : absent, non diffusé, non applicable ou conversion impossible; jamais imputé. Consulter source et quality_report.",src_b7e2938c2649;src_e8904f6f5951;src_280377a4ab9f;src_7bff9ffeecfe;src_1af5a89dfff0;src_a5c774edf8cf;src_2fdd6d97a914;src_520c73ea8c20;src_765bb55410f7;src_b9b5e6a7558b;src_3b8db421046a;src_8a20eb6a8e65;src_3b86e20cc08e;src_66823dd8c7f5;src_acc454cd8165;src_b58fcb703164;src_54c3f7305664;src_23975b969371;src_f20092c75f85;src_b1cdb1fbf174;src_4ec6a883ffb0;src_976f92175327;src_0ee71b44a08d;src_61ad41ed8836;src_abf0cae17f16;src_1e86e2e765b0;src_f7d493b63d3f;src_1e628f5a1f47;src_60ae99fc5e74;src_25d8d1d09ca2;src_25984d7d7187;src_ef2bcd58ba61;src_ae885e09480c;src_ec1324e83b0d;src_2e545590ac0b;src_d78bda3e984a;src_68f759717bcc;src_47d00d1e06ec;src_af198bab8499;src_104d9a727eaa;src_c837d52ba812;src_6f4df3beacc9;src_a4ab9b077bc6;src_4aa1df78a89f;src_154407e0c6f3;src_97485f74fd4c;src_6bfafee16732;src_688fead178b4;src_b8d6cf50c953;src_25af3d37f440;src_e292ec2ab3f8;src_430100a25e12;src_50cb836b3a85;src_e5d49a26272d;src_55753c48469a;src_54ed72cc98e5;src_c3d6218599e0;src_bf038d713135;src_1802c37dad40;src_bcd514b5f73d;src_6f2056e5389e;src_f9a761fd99ee;src_63ad7f1d0270;src_6e9eb7f5d233;src_0946a7cc5cfb,TRUE,voir R/common.R et script de transformation,Transformation locale; autorisation d’adaptation non confirmée.
legacy_historical_candidate_results,snapshot_id,snapshot id,Identifiant unique de la consultation et des octets sources.,character,selon description,NA,"NA : absent, non diffusé, non applicable ou conversion impossible; jamais imputé. Consulter source et quality_report.",src_b7e2938c2649;src_e8904f6f5951;src_280377a4ab9f;src_7bff9ffeecfe;src_1af5a89dfff0;src_a5c774edf8cf;src_2fdd6d97a914;src_520c73ea8c20;src_765bb55410f7;src_b9b5e6a7558b;src_3b8db421046a;src_8a20eb6a8e65;src_3b86e20cc08e;src_66823dd8c7f5;src_acc454cd8165;src_b58fcb703164;src_54c3f7305664;src_23975b969371;src_f20092c75f85;src_b1cdb1fbf174;src_4ec6a883ffb0;src_976f92175327;src_0ee71b44a08d;src_61ad41ed8836;src_abf0cae17f16;src_1e86e2e765b0;src_f7d493b63d3f;src_1e628f5a1f47;src_60ae99fc5e74;src_25d8d1d09ca2;src_25984d7d7187;src_ef2bcd58ba61;src_ae885e09480c;src_ec1324e83b0d;src_2e545590ac0b;src_d78bda3e984a;src_68f759717bcc;src_47d00d1e06ec;src_af198bab8499;src_104d9a727eaa;src_c837d52ba812;src_6f4df3beacc9;src_a4ab9b077bc6;src_4aa1df78a89f;src_154407e0c6f3;src_97485f74fd4c;src_6bfafee16732;src_688fead178b4;src_b8d6cf50c953;src_25af3d37f440;src_e292ec2ab3f8;src_430100a25e12;src_50cb836b3a85;src_e5d49a26272d;src_55753c48469a;src_54ed72cc98e5;src_c3d6218599e0;src_bf038d713135;src_1802c37dad40;src_bcd514b5f73d;src_6f2056e5389e;src_f9a761fd99ee;src_63ad7f1d0270;src_6e9eb7f5d233;src_0946a7cc5cfb,TRUE,voir R/common.R et script de transformation,Transformation locale; autorisation d’adaptation non confirmée.
legacy_historical_candidate_results,observed_at,observed at,Instant UTC où la source a été consultée; ne désigne pas la date de l’événement.,character,selon description,NA,"NA : absent, non diffusé, non applicable ou conversion impossible; jamais imputé. Consulter source et quality_report.",src_b7e2938c2649;src_e8904f6f5951;src_280377a4ab9f;src_7bff9ffeecfe;src_1af5a89dfff0;src_a5c774edf8cf;src_2fdd6d97a914;src_520c73ea8c20;src_765bb55410f7;src_b9b5e6a7558b;src_3b8db421046a;src_8a20eb6a8e65;src_3b86e20cc08e;src_66823dd8c7f5;src_acc454cd8165;src_b58fcb703164;src_54c3f7305664;src_23975b969371;src_f20092c75f85;src_b1cdb1fbf174;src_4ec6a883ffb0;src_976f92175327;src_0ee71b44a08d;src_61ad41ed8836;src_abf0cae17f16;src_1e86e2e765b0;src_f7d493b63d3f;src_1e628f5a1f47;src_60ae99fc5e74;src_25d8d1d09ca2;src_25984d7d7187;src_ef2bcd58ba61;src_ae885e09480c;src_ec1324e83b0d;src_2e545590ac0b;src_d78bda3e984a;src_68f759717bcc;src_47d00d1e06ec;src_af198bab8499;src_104d9a727eaa;src_c837d52ba812;src_6f4df3beacc9;src_a4ab9b077bc6;src_4aa1df78a89f;src_154407e0c6f3;src_97485f74fd4c;src_6bfafee16732;src_688fead178b4;src_b8d6cf50c953;src_25af3d37f440;src_e292ec2ab3f8;src_430100a25e12;src_50cb836b3a85;src_e5d49a26272d;src_55753c48469a;src_54ed72cc98e5;src_c3d6218599e0;src_bf038d713135;src_1802c37dad40;src_bcd514b5f73d;src_6f2056e5389e;src_f9a761fd99ee;src_63ad7f1d0270;src_6e9eb7f5d233;src_0946a7cc5cfb,TRUE,voir R/common.R et script de transformation,Transformation locale; autorisation d’adaptation non confirmée.
legacy_historical_candidate_results,retrieved_at,retrieved at,"Fin de la récupération, en UTC.",character,selon description,NA,"NA : absent, non diffusé, non applicable ou conversion impossible; jamais imputé. Consulter source et quality_report.",src_b7e2938c2649;src_e8904f6f5951;src_280377a4ab9f;src_7bff9ffeecfe;src_1af5a89dfff0;src_a5c774edf8cf;src_2fdd6d97a914;src_520c73ea8c20;src_765bb55410f7;src_b9b5e6a7558b;src_3b8db421046a;src_8a20eb6a8e65;src_3b86e20cc08e;src_66823dd8c7f5;src_acc454cd8165;src_b58fcb703164;src_54c3f7305664;src_23975b969371;src_f20092c75f85;src_b1cdb1fbf174;src_4ec6a883ffb0;src_976f92175327;src_0ee71b44a08d;src_61ad41ed8836;src_abf0cae17f16;src_1e86e2e765b0;src_f7d493b63d3f;src_1e628f5a1f47;src_60ae99fc5e74;src_25d8d1d09ca2;src_25984d7d7187;src_ef2bcd58ba61;src_ae885e09480c;src_ec1324e83b0d;src_2e545590ac0b;src_d78bda3e984a;src_68f759717bcc;src_47d00d1e06ec;src_af198bab8499;src_104d9a727eaa;src_c837d52ba812;src_6f4df3beacc9;src_a4ab9b077bc6;src_4aa1df78a89f;src_154407e0c6f3;src_97485f74fd4c;src_6bfafee16732;src_688fead178b4;src_b8d6cf50c953;src_25af3d37f440;src_e292ec2ab3f8;src_430100a25e12;src_50cb836b3a85;src_e5d49a26272d;src_55753c48469a;src_54ed72cc98e5;src_c3d6218599e0;src_bf038d713135;src_1802c37dad40;src_bcd514b5f73d;src_6f2056e5389e;src_f9a761fd99ee;src_63ad7f1d0270;src_6e9eb7f5d233;src_0946a7cc5cfb,TRUE,voir R/common.R et script de transformation,Transformation locale; autorisation d’adaptation non confirmée.
legacy_historical_candidate_results,source_updated_at,source updated at,"Horodatage annoncé par le producteur, converti en UTC; manquant si absent.",character,selon description,NA,"NA : absent, non diffusé, non applicable ou conversion impossible; jamais imputé. Consulter source et quality_report.",src_b7e2938c2649;src_e8904f6f5951;src_280377a4ab9f;src_7bff9ffeecfe;src_1af5a89dfff0;src_a5c774edf8cf;src_2fdd6d97a914;src_520c73ea8c20;src_765bb55410f7;src_b9b5e6a7558b;src_3b8db421046a;src_8a20eb6a8e65;src_3b86e20cc08e;src_66823dd8c7f5;src_acc454cd8165;src_b58fcb703164;src_54c3f7305664;src_23975b969371;src_f20092c75f85;src_b1cdb1fbf174;src_4ec6a883ffb0;src_976f92175327;src_0ee71b44a08d;src_61ad41ed8836;src_abf0cae17f16;src_1e86e2e765b0;src_f7d493b63d3f;src_1e628f5a1f47;src_60ae99fc5e74;src_25d8d1d09ca2;src_25984d7d7187;src_ef2bcd58ba61;src_ae885e09480c;src_ec1324e83b0d;src_2e545590ac0b;src_d78bda3e984a;src_68f759717bcc;src_47d00d1e06ec;src_af198bab8499;src_104d9a727eaa;src_c837d52ba812;src_6f4df3beacc9;src_a4ab9b077bc6;src_4aa1df78a89f;src_154407e0c6f3;src_97485f74fd4c;src_6bfafee16732;src_688fead178b4;src_b8d6cf50c953;src_25af3d37f440;src_e292ec2ab3f8;src_430100a25e12;src_50cb836b3a85;src_e5d49a26272d;src_55753c48469a;src_54ed72cc98e5;src_c3d6218599e0;src_bf038d713135;src_1802c37dad40;src_bcd514b5f73d;src_6f2056e5389e;src_f9a761fd99ee;src_63ad7f1d0270;src_6e9eb7f5d233;src_0946a7cc5cfb,FALSE,NA,Transformation locale; autorisation d’adaptation non confirmée.
legacy_historical_candidate_results,data_status,data status,État fourni par la source ou type explicite de transformation; finalité jamais inférée d’un pourcentage de dépouillement.,character,selon description,historical_published_finality_unspecified,"NA : absent, non diffusé, non applicable ou conversion impossible; jamais imputé. Consulter source et quality_report.",src_b7e2938c2649;src_e8904f6f5951;src_280377a4ab9f;src_7bff9ffeecfe;src_1af5a89dfff0;src_a5c774edf8cf;src_2fdd6d97a914;src_520c73ea8c20;src_765bb55410f7;src_b9b5e6a7558b;src_3b8db421046a;src_8a20eb6a8e65;src_3b86e20cc08e;src_66823dd8c7f5;src_acc454cd8165;src_b58fcb703164;src_54c3f7305664;src_23975b969371;src_f20092c75f85;src_b1cdb1fbf174;src_4ec6a883ffb0;src_976f92175327;src_0ee71b44a08d;src_61ad41ed8836;src_abf0cae17f16;src_1e86e2e765b0;src_f7d493b63d3f;src_1e628f5a1f47;src_60ae99fc5e74;src_25d8d1d09ca2;src_25984d7d7187;src_ef2bcd58ba61;src_ae885e09480c;src_ec1324e83b0d;src_2e545590ac0b;src_d78bda3e984a;src_68f759717bcc;src_47d00d1e06ec;src_af198bab8499;src_104d9a727eaa;src_c837d52ba812;src_6f4df3beacc9;src_a4ab9b077bc6;src_4aa1df78a89f;src_154407e0c6f3;src_97485f74fd4c;src_6bfafee16732;src_688fead178b4;src_b8d6cf50c953;src_25af3d37f440;src_e292ec2ab3f8;src_430100a25e12;src_50cb836b3a85;src_e5d49a26272d;src_55753c48469a;src_54ed72cc98e5;src_c3d6218599e0;src_bf038d713135;src_1802c37dad40;src_bcd514b5f73d;src_6f2056e5389e;src_f9a761fd99ee;src_63ad7f1d0270;src_6e9eb7f5d233;src_0946a7cc5cfb,FALSE,NA,Transformation locale; autorisation d’adaptation non confirmée.
legacy_historical_district_results,election_id,election id,"Identifiant contextualisé : Québec, provincial, date et type.",character,selon description,NA,"NA : absent, non diffusé, non applicable ou conversion impossible; jamais imputé. Consulter source et quality_report.",src_b7e2938c2649;src_e8904f6f5951;src_280377a4ab9f;src_7bff9ffeecfe;src_1af5a89dfff0;src_a5c774edf8cf;src_2fdd6d97a914;src_520c73ea8c20;src_765bb55410f7;src_b9b5e6a7558b;src_3b8db421046a;src_8a20eb6a8e65;src_3b86e20cc08e;src_66823dd8c7f5;src_acc454cd8165;src_b58fcb703164;src_54c3f7305664;src_23975b969371;src_f20092c75f85;src_b1cdb1fbf174;src_4ec6a883ffb0;src_976f92175327;src_0ee71b44a08d;src_61ad41ed8836;src_abf0cae17f16;src_1e86e2e765b0;src_f7d493b63d3f;src_1e628f5a1f47;src_60ae99fc5e74;src_25d8d1d09ca2;src_25984d7d7187;src_ef2bcd58ba61;src_ae885e09480c;src_ec1324e83b0d;src_2e545590ac0b;src_d78bda3e984a;src_68f759717bcc;src_47d00d1e06ec;src_af198bab8499;src_104d9a727eaa;src_c837d52ba812;src_6f4df3beacc9;src_a4ab9b077bc6;src_4aa1df78a89f;src_154407e0c6f3;src_97485f74fd4c;src_6bfafee16732;src_688fead178b4;src_b8d6cf50c953;src_25af3d37f440;src_e292ec2ab3f8;src_430100a25e12;src_50cb836b3a85;src_e5d49a26272d;src_55753c48469a;src_54ed72cc98e5;src_c3d6218599e0;src_bf038d713135;src_1802c37dad40;src_bcd514b5f73d;src_6f2056e5389e;src_f9a761fd99ee;src_63ad7f1d0270;src_6e9eb7f5d233;src_0946a7cc5cfb,TRUE,voir R/common.R et script de transformation,Transformation locale; autorisation d’adaptation non confirmée.
legacy_historical_district_results,district_id,district id,"Carte, édition des codes et code de circonscription; ne pas joindre par nom.",character,selon description,NA,"NA : absent, non diffusé, non applicable ou conversion impossible; jamais imputé. Consulter source et quality_report.",src_b7e2938c2649;src_e8904f6f5951;src_280377a4ab9f;src_7bff9ffeecfe;src_1af5a89dfff0;src_a5c774edf8cf;src_2fdd6d97a914;src_520c73ea8c20;src_765bb55410f7;src_b9b5e6a7558b;src_3b8db421046a;src_8a20eb6a8e65;src_3b86e20cc08e;src_66823dd8c7f5;src_acc454cd8165;src_b58fcb703164;src_54c3f7305664;src_23975b969371;src_f20092c75f85;src_b1cdb1fbf174;src_4ec6a883ffb0;src_976f92175327;src_0ee71b44a08d;src_61ad41ed8836;src_abf0cae17f16;src_1e86e2e765b0;src_f7d493b63d3f;src_1e628f5a1f47;src_60ae99fc5e74;src_25d8d1d09ca2;src_25984d7d7187;src_ef2bcd58ba61;src_ae885e09480c;src_ec1324e83b0d;src_2e545590ac0b;src_d78bda3e984a;src_68f759717bcc;src_47d00d1e06ec;src_af198bab8499;src_104d9a727eaa;src_c837d52ba812;src_6f4df3beacc9;src_a4ab9b077bc6;src_4aa1df78a89f;src_154407e0c6f3;src_97485f74fd4c;src_6bfafee16732;src_688fead178b4;src_b8d6cf50c953;src_25af3d37f440;src_e292ec2ab3f8;src_430100a25e12;src_50cb836b3a85;src_e5d49a26272d;src_55753c48469a;src_54ed72cc98e5;src_c3d6218599e0;src_bf038d713135;src_1802c37dad40;src_bcd514b5f73d;src_6f2056e5389e;src_f9a761fd99ee;src_63ad7f1d0270;src_6e9eb7f5d233;src_0946a7cc5cfb,TRUE,voir R/common.R et script de transformation,Transformation locale; autorisation d’adaptation non confirmée.
legacy_historical_district_results,district_code,district code,Code de circonscription tel que fourni; sa signification dépend de l’édition.,character,selon description,NA,"NA : absent, non diffusé, non applicable ou conversion impossible; jamais imputé. Consulter source et quality_report.",src_b7e2938c2649;src_e8904f6f5951;src_280377a4ab9f;src_7bff9ffeecfe;src_1af5a89dfff0;src_a5c774edf8cf;src_2fdd6d97a914;src_520c73ea8c20;src_765bb55410f7;src_b9b5e6a7558b;src_3b8db421046a;src_8a20eb6a8e65;src_3b86e20cc08e;src_66823dd8c7f5;src_acc454cd8165;src_b58fcb703164;src_54c3f7305664;src_23975b969371;src_f20092c75f85;src_b1cdb1fbf174;src_4ec6a883ffb0;src_976f92175327;src_0ee71b44a08d;src_61ad41ed8836;src_abf0cae17f16;src_1e86e2e765b0;src_f7d493b63d3f;src_1e628f5a1f47;src_60ae99fc5e74;src_25d8d1d09ca2;src_25984d7d7187;src_ef2bcd58ba61;src_ae885e09480c;src_ec1324e83b0d;src_2e545590ac0b;src_d78bda3e984a;src_68f759717bcc;src_47d00d1e06ec;src_af198bab8499;src_104d9a727eaa;src_c837d52ba812;src_6f4df3beacc9;src_a4ab9b077bc6;src_4aa1df78a89f;src_154407e0c6f3;src_97485f74fd4c;src_6bfafee16732;src_688fead178b4;src_b8d6cf50c953;src_25af3d37f440;src_e292ec2ab3f8;src_430100a25e12;src_50cb836b3a85;src_e5d49a26272d;src_55753c48469a;src_54ed72cc98e5;src_c3d6218599e0;src_bf038d713135;src_1802c37dad40;src_bcd514b5f73d;src_6f2056e5389e;src_f9a761fd99ee;src_63ad7f1d0270;src_6e9eb7f5d233;src_0946a7cc5cfb,FALSE,NA,Transformation locale; autorisation d’adaptation non confirmée.
legacy_historical_district_results,district_name,district name,Nom officiel dans cette édition et cette source.,character,selon description,NA,"NA : absent, non diffusé, non applicable ou conversion impossible; jamais imputé. Consulter source et quality_report.",src_b7e2938c2649;src_e8904f6f5951;src_280377a4ab9f;src_7bff9ffeecfe;src_1af5a89dfff0;src_a5c774edf8cf;src_2fdd6d97a914;src_520c73ea8c20;src_765bb55410f7;src_b9b5e6a7558b;src_3b8db421046a;src_8a20eb6a8e65;src_3b86e20cc08e;src_66823dd8c7f5;src_acc454cd8165;src_b58fcb703164;src_54c3f7305664;src_23975b969371;src_f20092c75f85;src_b1cdb1fbf174;src_4ec6a883ffb0;src_976f92175327;src_0ee71b44a08d;src_61ad41ed8836;src_abf0cae17f16;src_1e86e2e765b0;src_f7d493b63d3f;src_1e628f5a1f47;src_60ae99fc5e74;src_25d8d1d09ca2;src_25984d7d7187;src_ef2bcd58ba61;src_ae885e09480c;src_ec1324e83b0d;src_2e545590ac0b;src_d78bda3e984a;src_68f759717bcc;src_47d00d1e06ec;src_af198bab8499;src_104d9a727eaa;src_c837d52ba812;src_6f4df3beacc9;src_a4ab9b077bc6;src_4aa1df78a89f;src_154407e0c6f3;src_97485f74fd4c;src_6bfafee16732;src_688fead178b4;src_b8d6cf50c953;src_25af3d37f440;src_e292ec2ab3f8;src_430100a25e12;src_50cb836b3a85;src_e5d49a26272d;src_55753c48469a;src_54ed72cc98e5;src_c3d6218599e0;src_bf038d713135;src_1802c37dad40;src_bcd514b5f73d;src_6f2056e5389e;src_f9a761fd99ee;src_63ad7f1d0270;src_6e9eb7f5d233;src_0946a7cc5cfb,FALSE,NA,Transformation locale; autorisation d’adaptation non confirmée.
legacy_historical_district_results,map_year,map year,"Année d’établissement de la carte, attribuée selon l’historique officiel; manquante lorsqu’elle n’est pas confirmée.",character,selon description,NA,"NA : absent, non diffusé, non applicable ou conversion impossible; jamais imputé. Consulter source et quality_report.",src_b7e2938c2649;src_e8904f6f5951;src_280377a4ab9f;src_7bff9ffeecfe;src_1af5a89dfff0;src_a5c774edf8cf;src_2fdd6d97a914;src_520c73ea8c20;src_765bb55410f7;src_b9b5e6a7558b;src_3b8db421046a;src_8a20eb6a8e65;src_3b86e20cc08e;src_66823dd8c7f5;src_acc454cd8165;src_b58fcb703164;src_54c3f7305664;src_23975b969371;src_f20092c75f85;src_b1cdb1fbf174;src_4ec6a883ffb0;src_976f92175327;src_0ee71b44a08d;src_61ad41ed8836;src_abf0cae17f16;src_1e86e2e765b0;src_f7d493b63d3f;src_1e628f5a1f47;src_60ae99fc5e74;src_25d8d1d09ca2;src_25984d7d7187;src_ef2bcd58ba61;src_ae885e09480c;src_ec1324e83b0d;src_2e545590ac0b;src_d78bda3e984a;src_68f759717bcc;src_47d00d1e06ec;src_af198bab8499;src_104d9a727eaa;src_c837d52ba812;src_6f4df3beacc9;src_a4ab9b077bc6;src_4aa1df78a89f;src_154407e0c6f3;src_97485f74fd4c;src_6bfafee16732;src_688fead178b4;src_b8d6cf50c953;src_25af3d37f440;src_e292ec2ab3f8;src_430100a25e12;src_50cb836b3a85;src_e5d49a26272d;src_55753c48469a;src_54ed72cc98e5;src_c3d6218599e0;src_bf038d713135;src_1802c37dad40;src_bcd514b5f73d;src_6f2056e5389e;src_f9a761fd99ee;src_63ad7f1d0270;src_6e9eb7f5d233;src_0946a7cc5cfb,FALSE,NA,Transformation locale; autorisation d’adaptation non confirmée.
legacy_historical_district_results,code_edition,code edition,Édition de nomenclature; 2022 conserve la carte de 2017 avec changement de nom. Une édition historique contextuelle ne garantit pas une continuité des codes.,character,selon description,NA,"NA : absent, non diffusé, non applicable ou conversion impossible; jamais imputé. Consulter source et quality_report.",src_b7e2938c2649;src_e8904f6f5951;src_280377a4ab9f;src_7bff9ffeecfe;src_1af5a89dfff0;src_a5c774edf8cf;src_2fdd6d97a914;src_520c73ea8c20;src_765bb55410f7;src_b9b5e6a7558b;src_3b8db421046a;src_8a20eb6a8e65;src_3b86e20cc08e;src_66823dd8c7f5;src_acc454cd8165;src_b58fcb703164;src_54c3f7305664;src_23975b969371;src_f20092c75f85;src_b1cdb1fbf174;src_4ec6a883ffb0;src_976f92175327;src_0ee71b44a08d;src_61ad41ed8836;src_abf0cae17f16;src_1e86e2e765b0;src_f7d493b63d3f;src_1e628f5a1f47;src_60ae99fc5e74;src_25d8d1d09ca2;src_25984d7d7187;src_ef2bcd58ba61;src_ae885e09480c;src_ec1324e83b0d;src_2e545590ac0b;src_d78bda3e984a;src_68f759717bcc;src_47d00d1e06ec;src_af198bab8499;src_104d9a727eaa;src_c837d52ba812;src_6f4df3beacc9;src_a4ab9b077bc6;src_4aa1df78a89f;src_154407e0c6f3;src_97485f74fd4c;src_6bfafee16732;src_688fead178b4;src_b8d6cf50c953;src_25af3d37f440;src_e292ec2ab3f8;src_430100a25e12;src_50cb836b3a85;src_e5d49a26272d;src_55753c48469a;src_54ed72cc98e5;src_c3d6218599e0;src_bf038d713135;src_1802c37dad40;src_bcd514b5f73d;src_6f2056e5389e;src_f9a761fd99ee;src_63ad7f1d0270;src_6e9eb7f5d233;src_0946a7cc5cfb,FALSE,NA,Transformation locale; autorisation d’adaptation non confirmée.
legacy_historical_district_results,registered,registered,Nombre d’électrices et électeurs inscrits selon le périmètre de ce fichier.,numeric,selon description,NA,"NA : absent, non diffusé, non applicable ou conversion impossible; jamais imputé. Consulter source et quality_report.",src_b7e2938c2649;src_e8904f6f5951;src_280377a4ab9f;src_7bff9ffeecfe;src_1af5a89dfff0;src_a5c774edf8cf;src_2fdd6d97a914;src_520c73ea8c20;src_765bb55410f7;src_b9b5e6a7558b;src_3b8db421046a;src_8a20eb6a8e65;src_3b86e20cc08e;src_66823dd8c7f5;src_acc454cd8165;src_b58fcb703164;src_54c3f7305664;src_23975b969371;src_f20092c75f85;src_b1cdb1fbf174;src_4ec6a883ffb0;src_976f92175327;src_0ee71b44a08d;src_61ad41ed8836;src_abf0cae17f16;src_1e86e2e765b0;src_f7d493b63d3f;src_1e628f5a1f47;src_60ae99fc5e74;src_25d8d1d09ca2;src_25984d7d7187;src_ef2bcd58ba61;src_ae885e09480c;src_ec1324e83b0d;src_2e545590ac0b;src_d78bda3e984a;src_68f759717bcc;src_47d00d1e06ec;src_af198bab8499;src_104d9a727eaa;src_c837d52ba812;src_6f4df3beacc9;src_a4ab9b077bc6;src_4aa1df78a89f;src_154407e0c6f3;src_97485f74fd4c;src_6bfafee16732;src_688fead178b4;src_b8d6cf50c953;src_25af3d37f440;src_e292ec2ab3f8;src_430100a25e12;src_50cb836b3a85;src_e5d49a26272d;src_55753c48469a;src_54ed72cc98e5;src_c3d6218599e0;src_bf038d713135;src_1802c37dad40;src_bcd514b5f73d;src_6f2056e5389e;src_f9a761fd99ee;src_63ad7f1d0270;src_6e9eb7f5d233;src_0946a7cc5cfb,FALSE,NA,Transformation locale; autorisation d’adaptation non confirmée.
legacy_historical_district_results,valid_ballots,valid ballots,Nombre de bulletins valides publié.,numeric,selon description,NA,"NA : absent, non diffusé, non applicable ou conversion impossible; jamais imputé. Consulter source et quality_report.",src_b7e2938c2649;src_e8904f6f5951;src_280377a4ab9f;src_7bff9ffeecfe;src_1af5a89dfff0;src_a5c774edf8cf;src_2fdd6d97a914;src_520c73ea8c20;src_765bb55410f7;src_b9b5e6a7558b;src_3b8db421046a;src_8a20eb6a8e65;src_3b86e20cc08e;src_66823dd8c7f5;src_acc454cd8165;src_b58fcb703164;src_54c3f7305664;src_23975b969371;src_f20092c75f85;src_b1cdb1fbf174;src_4ec6a883ffb0;src_976f92175327;src_0ee71b44a08d;src_61ad41ed8836;src_abf0cae17f16;src_1e86e2e765b0;src_f7d493b63d3f;src_1e628f5a1f47;src_60ae99fc5e74;src_25d8d1d09ca2;src_25984d7d7187;src_ef2bcd58ba61;src_ae885e09480c;src_ec1324e83b0d;src_2e545590ac0b;src_d78bda3e984a;src_68f759717bcc;src_47d00d1e06ec;src_af198bab8499;src_104d9a727eaa;src_c837d52ba812;src_6f4df3beacc9;src_a4ab9b077bc6;src_4aa1df78a89f;src_154407e0c6f3;src_97485f74fd4c;src_6bfafee16732;src_688fead178b4;src_b8d6cf50c953;src_25af3d37f440;src_e292ec2ab3f8;src_430100a25e12;src_50cb836b3a85;src_e5d49a26272d;src_55753c48469a;src_54ed72cc98e5;src_c3d6218599e0;src_bf038d713135;src_1802c37dad40;src_bcd514b5f73d;src_6f2056e5389e;src_f9a761fd99ee;src_63ad7f1d0270;src_6e9eb7f5d233;src_0946a7cc5cfb,FALSE,NA,Transformation locale; autorisation d’adaptation non confirmée.
legacy_historical_district_results,rejected_ballots,rejected ballots,Nombre de bulletins rejetés publié.,numeric,selon description,NA,"NA : absent, non diffusé, non applicable ou conversion impossible; jamais imputé. Consulter source et quality_report.",src_b7e2938c2649;src_e8904f6f5951;src_280377a4ab9f;src_7bff9ffeecfe;src_1af5a89dfff0;src_a5c774edf8cf;src_2fdd6d97a914;src_520c73ea8c20;src_765bb55410f7;src_b9b5e6a7558b;src_3b8db421046a;src_8a20eb6a8e65;src_3b86e20cc08e;src_66823dd8c7f5;src_acc454cd8165;src_b58fcb703164;src_54c3f7305664;src_23975b969371;src_f20092c75f85;src_b1cdb1fbf174;src_4ec6a883ffb0;src_976f92175327;src_0ee71b44a08d;src_61ad41ed8836;src_abf0cae17f16;src_1e86e2e765b0;src_f7d493b63d3f;src_1e628f5a1f47;src_60ae99fc5e74;src_25d8d1d09ca2;src_25984d7d7187;src_ef2bcd58ba61;src_ae885e09480c;src_ec1324e83b0d;src_2e545590ac0b;src_d78bda3e984a;src_68f759717bcc;src_47d00d1e06ec;src_af198bab8499;src_104d9a727eaa;src_c837d52ba812;src_6f4df3beacc9;src_a4ab9b077bc6;src_4aa1df78a89f;src_154407e0c6f3;src_97485f74fd4c;src_6bfafee16732;src_688fead178b4;src_b8d6cf50c953;src_25af3d37f440;src_e292ec2ab3f8;src_430100a25e12;src_50cb836b3a85;src_e5d49a26272d;src_55753c48469a;src_54ed72cc98e5;src_c3d6218599e0;src_bf038d713135;src_1802c37dad40;src_bcd514b5f73d;src_6f2056e5389e;src_f9a761fd99ee;src_63ad7f1d0270;src_6e9eb7f5d233;src_0946a7cc5cfb,FALSE,NA,Transformation locale; autorisation d’adaptation non confirmée.
legacy_historical_district_results,votes_cast,votes cast,Bulletins valides et rejetés; valeur source si disponible.,numeric,selon description,NA,"NA : absent, non diffusé, non applicable ou conversion impossible; jamais imputé. Consulter source et quality_report.",src_b7e2938c2649;src_e8904f6f5951;src_280377a4ab9f;src_7bff9ffeecfe;src_1af5a89dfff0;src_a5c774edf8cf;src_2fdd6d97a914;src_520c73ea8c20;src_765bb55410f7;src_b9b5e6a7558b;src_3b8db421046a;src_8a20eb6a8e65;src_3b86e20cc08e;src_66823dd8c7f5;src_acc454cd8165;src_b58fcb703164;src_54c3f7305664;src_23975b969371;src_f20092c75f85;src_b1cdb1fbf174;src_4ec6a883ffb0;src_976f92175327;src_0ee71b44a08d;src_61ad41ed8836;src_abf0cae17f16;src_1e86e2e765b0;src_f7d493b63d3f;src_1e628f5a1f47;src_60ae99fc5e74;src_25d8d1d09ca2;src_25984d7d7187;src_ef2bcd58ba61;src_ae885e09480c;src_ec1324e83b0d;src_2e545590ac0b;src_d78bda3e984a;src_68f759717bcc;src_47d00d1e06ec;src_af198bab8499;src_104d9a727eaa;src_c837d52ba812;src_6f4df3beacc9;src_a4ab9b077bc6;src_4aa1df78a89f;src_154407e0c6f3;src_97485f74fd4c;src_6bfafee16732;src_688fead178b4;src_b8d6cf50c953;src_25af3d37f440;src_e292ec2ab3f8;src_430100a25e12;src_50cb836b3a85;src_e5d49a26272d;src_55753c48469a;src_54ed72cc98e5;src_c3d6218599e0;src_bf038d713135;src_1802c37dad40;src_bcd514b5f73d;src_6f2056e5389e;src_f9a761fd99ee;src_63ad7f1d0270;src_6e9eb7f5d233;src_0946a7cc5cfb,FALSE,NA,Transformation locale; autorisation d’adaptation non confirmée.
legacy_historical_district_results,turnout_source_pct,turnout source pct,Pourcentage de participation publié pour la circonscription.,numeric,pourcentage 0-100,NA,"NA : absent, non diffusé, non applicable ou conversion impossible; jamais imputé. Consulter source et quality_report.",src_b7e2938c2649;src_e8904f6f5951;src_280377a4ab9f;src_7bff9ffeecfe;src_1af5a89dfff0;src_a5c774edf8cf;src_2fdd6d97a914;src_520c73ea8c20;src_765bb55410f7;src_b9b5e6a7558b;src_3b8db421046a;src_8a20eb6a8e65;src_3b86e20cc08e;src_66823dd8c7f5;src_acc454cd8165;src_b58fcb703164;src_54c3f7305664;src_23975b969371;src_f20092c75f85;src_b1cdb1fbf174;src_4ec6a883ffb0;src_976f92175327;src_0ee71b44a08d;src_61ad41ed8836;src_abf0cae17f16;src_1e86e2e765b0;src_f7d493b63d3f;src_1e628f5a1f47;src_60ae99fc5e74;src_25d8d1d09ca2;src_25984d7d7187;src_ef2bcd58ba61;src_ae885e09480c;src_ec1324e83b0d;src_2e545590ac0b;src_d78bda3e984a;src_68f759717bcc;src_47d00d1e06ec;src_af198bab8499;src_104d9a727eaa;src_c837d52ba812;src_6f4df3beacc9;src_a4ab9b077bc6;src_4aa1df78a89f;src_154407e0c6f3;src_97485f74fd4c;src_6bfafee16732;src_688fead178b4;src_b8d6cf50c953;src_25af3d37f440;src_e292ec2ab3f8;src_430100a25e12;src_50cb836b3a85;src_e5d49a26272d;src_55753c48469a;src_54ed72cc98e5;src_c3d6218599e0;src_bf038d713135;src_1802c37dad40;src_bcd514b5f73d;src_6f2056e5389e;src_f9a761fd99ee;src_63ad7f1d0270;src_6e9eb7f5d233;src_0946a7cc5cfb,FALSE,NA,Transformation locale; autorisation d’adaptation non confirmée.
legacy_historical_district_results,turnout_observed_pct,turnout observed pct,"Rapport des votes actuellement comptés aux inscrits; pendant le dépouillement, ce n’est pas la participation finale.",numeric,pourcentage 0-100,NA,"NA : absent, non diffusé, non applicable ou conversion impossible; jamais imputé. Consulter source et quality_report.",src_b7e2938c2649;src_e8904f6f5951;src_280377a4ab9f;src_7bff9ffeecfe;src_1af5a89dfff0;src_a5c774edf8cf;src_2fdd6d97a914;src_520c73ea8c20;src_765bb55410f7;src_b9b5e6a7558b;src_3b8db421046a;src_8a20eb6a8e65;src_3b86e20cc08e;src_66823dd8c7f5;src_acc454cd8165;src_b58fcb703164;src_54c3f7305664;src_23975b969371;src_f20092c75f85;src_b1cdb1fbf174;src_4ec6a883ffb0;src_976f92175327;src_0ee71b44a08d;src_61ad41ed8836;src_abf0cae17f16;src_1e86e2e765b0;src_f7d493b63d3f;src_1e628f5a1f47;src_60ae99fc5e74;src_25d8d1d09ca2;src_25984d7d7187;src_ef2bcd58ba61;src_ae885e09480c;src_ec1324e83b0d;src_2e545590ac0b;src_d78bda3e984a;src_68f759717bcc;src_47d00d1e06ec;src_af198bab8499;src_104d9a727eaa;src_c837d52ba812;src_6f4df3beacc9;src_a4ab9b077bc6;src_4aa1df78a89f;src_154407e0c6f3;src_97485f74fd4c;src_6bfafee16732;src_688fead178b4;src_b8d6cf50c953;src_25af3d37f440;src_e292ec2ab3f8;src_430100a25e12;src_50cb836b3a85;src_e5d49a26272d;src_55753c48469a;src_54ed72cc98e5;src_c3d6218599e0;src_bf038d713135;src_1802c37dad40;src_bcd514b5f73d;src_6f2056e5389e;src_f9a761fd99ee;src_63ad7f1d0270;src_6e9eb7f5d233;src_0946a7cc5cfb,TRUE,"100 * votes_cast / registered, si registered > 0",Transformation locale; autorisation d’adaptation non confirmée.
legacy_historical_district_results,source_id,source id,Identifiant SHA-256 de l’URL dans le catalogue maître.,character,selon description,NA,"NA : absent, non diffusé, non applicable ou conversion impossible; jamais imputé. Consulter source et quality_report.",src_b7e2938c2649;src_e8904f6f5951;src_280377a4ab9f;src_7bff9ffeecfe;src_1af5a89dfff0;src_a5c774edf8cf;src_2fdd6d97a914;src_520c73ea8c20;src_765bb55410f7;src_b9b5e6a7558b;src_3b8db421046a;src_8a20eb6a8e65;src_3b86e20cc08e;src_66823dd8c7f5;src_acc454cd8165;src_b58fcb703164;src_54c3f7305664;src_23975b969371;src_f20092c75f85;src_b1cdb1fbf174;src_4ec6a883ffb0;src_976f92175327;src_0ee71b44a08d;src_61ad41ed8836;src_abf0cae17f16;src_1e86e2e765b0;src_f7d493b63d3f;src_1e628f5a1f47;src_60ae99fc5e74;src_25d8d1d09ca2;src_25984d7d7187;src_ef2bcd58ba61;src_ae885e09480c;src_ec1324e83b0d;src_2e545590ac0b;src_d78bda3e984a;src_68f759717bcc;src_47d00d1e06ec;src_af198bab8499;src_104d9a727eaa;src_c837d52ba812;src_6f4df3beacc9;src_a4ab9b077bc6;src_4aa1df78a89f;src_154407e0c6f3;src_97485f74fd4c;src_6bfafee16732;src_688fead178b4;src_b8d6cf50c953;src_25af3d37f440;src_e292ec2ab3f8;src_430100a25e12;src_50cb836b3a85;src_e5d49a26272d;src_55753c48469a;src_54ed72cc98e5;src_c3d6218599e0;src_bf038d713135;src_1802c37dad40;src_bcd514b5f73d;src_6f2056e5389e;src_f9a761fd99ee;src_63ad7f1d0270;src_6e9eb7f5d233;src_0946a7cc5cfb,TRUE,voir R/common.R et script de transformation,Transformation locale; autorisation d’adaptation non confirmée.
legacy_historical_district_results,snapshot_id,snapshot id,Identifiant unique de la consultation et des octets sources.,character,selon description,NA,"NA : absent, non diffusé, non applicable ou conversion impossible; jamais imputé. Consulter source et quality_report.",src_b7e2938c2649;src_e8904f6f5951;src_280377a4ab9f;src_7bff9ffeecfe;src_1af5a89dfff0;src_a5c774edf8cf;src_2fdd6d97a914;src_520c73ea8c20;src_765bb55410f7;src_b9b5e6a7558b;src_3b8db421046a;src_8a20eb6a8e65;src_3b86e20cc08e;src_66823dd8c7f5;src_acc454cd8165;src_b58fcb703164;src_54c3f7305664;src_23975b969371;src_f20092c75f85;src_b1cdb1fbf174;src_4ec6a883ffb0;src_976f92175327;src_0ee71b44a08d;src_61ad41ed8836;src_abf0cae17f16;src_1e86e2e765b0;src_f7d493b63d3f;src_1e628f5a1f47;src_60ae99fc5e74;src_25d8d1d09ca2;src_25984d7d7187;src_ef2bcd58ba61;src_ae885e09480c;src_ec1324e83b0d;src_2e545590ac0b;src_d78bda3e984a;src_68f759717bcc;src_47d00d1e06ec;src_af198bab8499;src_104d9a727eaa;src_c837d52ba812;src_6f4df3beacc9;src_a4ab9b077bc6;src_4aa1df78a89f;src_154407e0c6f3;src_97485f74fd4c;src_6bfafee16732;src_688fead178b4;src_b8d6cf50c953;src_25af3d37f440;src_e292ec2ab3f8;src_430100a25e12;src_50cb836b3a85;src_e5d49a26272d;src_55753c48469a;src_54ed72cc98e5;src_c3d6218599e0;src_bf038d713135;src_1802c37dad40;src_bcd514b5f73d;src_6f2056e5389e;src_f9a761fd99ee;src_63ad7f1d0270;src_6e9eb7f5d233;src_0946a7cc5cfb,TRUE,voir R/common.R et script de transformation,Transformation locale; autorisation d’adaptation non confirmée.
legacy_historical_district_results,observed_at,observed at,Instant UTC où la source a été consultée; ne désigne pas la date de l’événement.,character,selon description,NA,"NA : absent, non diffusé, non applicable ou conversion impossible; jamais imputé. Consulter source et quality_report.",src_b7e2938c2649;src_e8904f6f5951;src_280377a4ab9f;src_7bff9ffeecfe;src_1af5a89dfff0;src_a5c774edf8cf;src_2fdd6d97a914;src_520c73ea8c20;src_765bb55410f7;src_b9b5e6a7558b;src_3b8db421046a;src_8a20eb6a8e65;src_3b86e20cc08e;src_66823dd8c7f5;src_acc454cd8165;src_b58fcb703164;src_54c3f7305664;src_23975b969371;src_f20092c75f85;src_b1cdb1fbf174;src_4ec6a883ffb0;src_976f92175327;src_0ee71b44a08d;src_61ad41ed8836;src_abf0cae17f16;src_1e86e2e765b0;src_f7d493b63d3f;src_1e628f5a1f47;src_60ae99fc5e74;src_25d8d1d09ca2;src_25984d7d7187;src_ef2bcd58ba61;src_ae885e09480c;src_ec1324e83b0d;src_2e545590ac0b;src_d78bda3e984a;src_68f759717bcc;src_47d00d1e06ec;src_af198bab8499;src_104d9a727eaa;src_c837d52ba812;src_6f4df3beacc9;src_a4ab9b077bc6;src_4aa1df78a89f;src_154407e0c6f3;src_97485f74fd4c;src_6bfafee16732;src_688fead178b4;src_b8d6cf50c953;src_25af3d37f440;src_e292ec2ab3f8;src_430100a25e12;src_50cb836b3a85;src_e5d49a26272d;src_55753c48469a;src_54ed72cc98e5;src_c3d6218599e0;src_bf038d713135;src_1802c37dad40;src_bcd514b5f73d;src_6f2056e5389e;src_f9a761fd99ee;src_63ad7f1d0270;src_6e9eb7f5d233;src_0946a7cc5cfb,TRUE,voir R/common.R et script de transformation,Transformation locale; autorisation d’adaptation non confirmée.
legacy_historical_district_results,retrieved_at,retrieved at,"Fin de la récupération, en UTC.",character,selon description,NA,"NA : absent, non diffusé, non applicable ou conversion impossible; jamais imputé. Consulter source et quality_report.",src_b7e2938c2649;src_e8904f6f5951;src_280377a4ab9f;src_7bff9ffeecfe;src_1af5a89dfff0;src_a5c774edf8cf;src_2fdd6d97a914;src_520c73ea8c20;src_765bb55410f7;src_b9b5e6a7558b;src_3b8db421046a;src_8a20eb6a8e65;src_3b86e20cc08e;src_66823dd8c7f5;src_acc454cd8165;src_b58fcb703164;src_54c3f7305664;src_23975b969371;src_f20092c75f85;src_b1cdb1fbf174;src_4ec6a883ffb0;src_976f92175327;src_0ee71b44a08d;src_61ad41ed8836;src_abf0cae17f16;src_1e86e2e765b0;src_f7d493b63d3f;src_1e628f5a1f47;src_60ae99fc5e74;src_25d8d1d09ca2;src_25984d7d7187;src_ef2bcd58ba61;src_ae885e09480c;src_ec1324e83b0d;src_2e545590ac0b;src_d78bda3e984a;src_68f759717bcc;src_47d00d1e06ec;src_af198bab8499;src_104d9a727eaa;src_c837d52ba812;src_6f4df3beacc9;src_a4ab9b077bc6;src_4aa1df78a89f;src_154407e0c6f3;src_97485f74fd4c;src_6bfafee16732;src_688fead178b4;src_b8d6cf50c953;src_25af3d37f440;src_e292ec2ab3f8;src_430100a25e12;src_50cb836b3a85;src_e5d49a26272d;src_55753c48469a;src_54ed72cc98e5;src_c3d6218599e0;src_bf038d713135;src_1802c37dad40;src_bcd514b5f73d;src_6f2056e5389e;src_f9a761fd99ee;src_63ad7f1d0270;src_6e9eb7f5d233;src_0946a7cc5cfb,TRUE,voir R/common.R et script de transformation,Transformation locale; autorisation d’adaptation non confirmée.
legacy_historical_district_results,source_updated_at,source updated at,"Horodatage annoncé par le producteur, converti en UTC; manquant si absent.",character,selon description,NA,"NA : absent, non diffusé, non applicable ou conversion impossible; jamais imputé. Consulter source et quality_report.",src_b7e2938c2649;src_e8904f6f5951;src_280377a4ab9f;src_7bff9ffeecfe;src_1af5a89dfff0;src_a5c774edf8cf;src_2fdd6d97a914;src_520c73ea8c20;src_765bb55410f7;src_b9b5e6a7558b;src_3b8db421046a;src_8a20eb6a8e65;src_3b86e20cc08e;src_66823dd8c7f5;src_acc454cd8165;src_b58fcb703164;src_54c3f7305664;src_23975b969371;src_f20092c75f85;src_b1cdb1fbf174;src_4ec6a883ffb0;src_976f92175327;src_0ee71b44a08d;src_61ad41ed8836;src_abf0cae17f16;src_1e86e2e765b0;src_f7d493b63d3f;src_1e628f5a1f47;src_60ae99fc5e74;src_25d8d1d09ca2;src_25984d7d7187;src_ef2bcd58ba61;src_ae885e09480c;src_ec1324e83b0d;src_2e545590ac0b;src_d78bda3e984a;src_68f759717bcc;src_47d00d1e06ec;src_af198bab8499;src_104d9a727eaa;src_c837d52ba812;src_6f4df3beacc9;src_a4ab9b077bc6;src_4aa1df78a89f;src_154407e0c6f3;src_97485f74fd4c;src_6bfafee16732;src_688fead178b4;src_b8d6cf50c953;src_25af3d37f440;src_e292ec2ab3f8;src_430100a25e12;src_50cb836b3a85;src_e5d49a26272d;src_55753c48469a;src_54ed72cc98e5;src_c3d6218599e0;src_bf038d713135;src_1802c37dad40;src_bcd514b5f73d;src_6f2056e5389e;src_f9a761fd99ee;src_63ad7f1d0270;src_6e9eb7f5d233;src_0946a7cc5cfb,FALSE,NA,Transformation locale; autorisation d’adaptation non confirmée.
legacy_historical_district_results,data_status,data status,État fourni par la source ou type explicite de transformation; finalité jamais inférée d’un pourcentage de dépouillement.,character,selon description,historical_published_finality_unspecified,"NA : absent, non diffusé, non applicable ou conversion impossible; jamais imputé. Consulter source et quality_report.",src_b7e2938c2649;src_e8904f6f5951;src_280377a4ab9f;src_7bff9ffeecfe;src_1af5a89dfff0;src_a5c774edf8cf;src_2fdd6d97a914;src_520c73ea8c20;src_765bb55410f7;src_b9b5e6a7558b;src_3b8db421046a;src_8a20eb6a8e65;src_3b86e20cc08e;src_66823dd8c7f5;src_acc454cd8165;src_b58fcb703164;src_54c3f7305664;src_23975b969371;src_f20092c75f85;src_b1cdb1fbf174;src_4ec6a883ffb0;src_976f92175327;src_0ee71b44a08d;src_61ad41ed8836;src_abf0cae17f16;src_1e86e2e765b0;src_f7d493b63d3f;src_1e628f5a1f47;src_60ae99fc5e74;src_25d8d1d09ca2;src_25984d7d7187;src_ef2bcd58ba61;src_ae885e09480c;src_ec1324e83b0d;src_2e545590ac0b;src_d78bda3e984a;src_68f759717bcc;src_47d00d1e06ec;src_af198bab8499;src_104d9a727eaa;src_c837d52ba812;src_6f4df3beacc9;src_a4ab9b077bc6;src_4aa1df78a89f;src_154407e0c6f3;src_97485f74fd4c;src_6bfafee16732;src_688fead178b4;src_b8d6cf50c953;src_25af3d37f440;src_e292ec2ab3f8;src_430100a25e12;src_50cb836b3a85;src_e5d49a26272d;src_55753c48469a;src_54ed72cc98e5;src_c3d6218599e0;src_bf038d713135;src_1802c37dad40;src_bcd514b5f73d;src_6f2056e5389e;src_f9a761fd99ee;src_63ad7f1d0270;src_6e9eb7f5d233;src_0946a7cc5cfb,FALSE,NA,Transformation locale; autorisation d’adaptation non confirmée.
legacy_historical_party_results,election_id,election id,"Identifiant contextualisé : Québec, provincial, date et type.",character,selon description,NA,"NA : absent, non diffusé, non applicable ou conversion impossible; jamais imputé. Consulter source et quality_report.",src_b7e2938c2649;src_e8904f6f5951;src_280377a4ab9f;src_7bff9ffeecfe;src_1af5a89dfff0;src_a5c774edf8cf;src_2fdd6d97a914;src_520c73ea8c20;src_765bb55410f7;src_b9b5e6a7558b;src_3b8db421046a;src_8a20eb6a8e65;src_3b86e20cc08e;src_66823dd8c7f5;src_acc454cd8165;src_b58fcb703164;src_54c3f7305664;src_23975b969371;src_f20092c75f85;src_b1cdb1fbf174;src_4ec6a883ffb0;src_976f92175327;src_0ee71b44a08d;src_61ad41ed8836;src_abf0cae17f16;src_1e86e2e765b0;src_f7d493b63d3f;src_1e628f5a1f47;src_60ae99fc5e74;src_25d8d1d09ca2;src_25984d7d7187;src_ef2bcd58ba61;src_ae885e09480c;src_ec1324e83b0d;src_2e545590ac0b;src_d78bda3e984a;src_68f759717bcc;src_47d00d1e06ec;src_af198bab8499;src_104d9a727eaa;src_c837d52ba812;src_6f4df3beacc9;src_a4ab9b077bc6;src_4aa1df78a89f;src_154407e0c6f3;src_97485f74fd4c;src_6bfafee16732;src_688fead178b4;src_b8d6cf50c953;src_25af3d37f440;src_e292ec2ab3f8;src_430100a25e12;src_50cb836b3a85;src_e5d49a26272d;src_55753c48469a;src_54ed72cc98e5;src_c3d6218599e0;src_bf038d713135;src_1802c37dad40;src_bcd514b5f73d;src_6f2056e5389e;src_f9a761fd99ee;src_63ad7f1d0270;src_6e9eb7f5d233;src_0946a7cc5cfb,TRUE,voir R/common.R et script de transformation,Transformation locale; autorisation d’adaptation non confirmée.
legacy_historical_party_results,party_id,party id,Identifiant administratif de groupe politique dans une élection.,character,selon description,NA,"NA : absent, non diffusé, non applicable ou conversion impossible; jamais imputé. Consulter source et quality_report.",src_b7e2938c2649;src_e8904f6f5951;src_280377a4ab9f;src_7bff9ffeecfe;src_1af5a89dfff0;src_a5c774edf8cf;src_2fdd6d97a914;src_520c73ea8c20;src_765bb55410f7;src_b9b5e6a7558b;src_3b8db421046a;src_8a20eb6a8e65;src_3b86e20cc08e;src_66823dd8c7f5;src_acc454cd8165;src_b58fcb703164;src_54c3f7305664;src_23975b969371;src_f20092c75f85;src_b1cdb1fbf174;src_4ec6a883ffb0;src_976f92175327;src_0ee71b44a08d;src_61ad41ed8836;src_abf0cae17f16;src_1e86e2e765b0;src_f7d493b63d3f;src_1e628f5a1f47;src_60ae99fc5e74;src_25d8d1d09ca2;src_25984d7d7187;src_ef2bcd58ba61;src_ae885e09480c;src_ec1324e83b0d;src_2e545590ac0b;src_d78bda3e984a;src_68f759717bcc;src_47d00d1e06ec;src_af198bab8499;src_104d9a727eaa;src_c837d52ba812;src_6f4df3beacc9;src_a4ab9b077bc6;src_4aa1df78a89f;src_154407e0c6f3;src_97485f74fd4c;src_6bfafee16732;src_688fead178b4;src_b8d6cf50c953;src_25af3d37f440;src_e292ec2ab3f8;src_430100a25e12;src_50cb836b3a85;src_e5d49a26272d;src_55753c48469a;src_54ed72cc98e5;src_c3d6218599e0;src_bf038d713135;src_1802c37dad40;src_bcd514b5f73d;src_6f2056e5389e;src_f9a761fd99ee;src_63ad7f1d0270;src_6e9eb7f5d233;src_0946a7cc5cfb,TRUE,voir R/common.R et script de transformation,Transformation locale; autorisation d’adaptation non confirmée.
legacy_historical_party_results,party_abbreviation,party abbreviation,Abréviation politique source; variantes typographiques conservées.,character,selon description,NA,"NA : absent, non diffusé, non applicable ou conversion impossible; jamais imputé. Consulter source et quality_report.",src_b7e2938c2649;src_e8904f6f5951;src_280377a4ab9f;src_7bff9ffeecfe;src_1af5a89dfff0;src_a5c774edf8cf;src_2fdd6d97a914;src_520c73ea8c20;src_765bb55410f7;src_b9b5e6a7558b;src_3b8db421046a;src_8a20eb6a8e65;src_3b86e20cc08e;src_66823dd8c7f5;src_acc454cd8165;src_b58fcb703164;src_54c3f7305664;src_23975b969371;src_f20092c75f85;src_b1cdb1fbf174;src_4ec6a883ffb0;src_976f92175327;src_0ee71b44a08d;src_61ad41ed8836;src_abf0cae17f16;src_1e86e2e765b0;src_f7d493b63d3f;src_1e628f5a1f47;src_60ae99fc5e74;src_25d8d1d09ca2;src_25984d7d7187;src_ef2bcd58ba61;src_ae885e09480c;src_ec1324e83b0d;src_2e545590ac0b;src_d78bda3e984a;src_68f759717bcc;src_47d00d1e06ec;src_af198bab8499;src_104d9a727eaa;src_c837d52ba812;src_6f4df3beacc9;src_a4ab9b077bc6;src_4aa1df78a89f;src_154407e0c6f3;src_97485f74fd4c;src_6bfafee16732;src_688fead178b4;src_b8d6cf50c953;src_25af3d37f440;src_e292ec2ab3f8;src_430100a25e12;src_50cb836b3a85;src_e5d49a26272d;src_55753c48469a;src_54ed72cc98e5;src_c3d6218599e0;src_bf038d713135;src_1802c37dad40;src_bcd514b5f73d;src_6f2056e5389e;src_f9a761fd99ee;src_63ad7f1d0270;src_6e9eb7f5d233;src_0946a7cc5cfb,FALSE,NA,Transformation locale; autorisation d’adaptation non confirmée.
legacy_historical_party_results,party_name,party name,Nom politique fourni pour cet événement; ne pas présumer que les codes sont stables.,character,selon description,NA,"NA : absent, non diffusé, non applicable ou conversion impossible; jamais imputé. Consulter source et quality_report.",src_b7e2938c2649;src_e8904f6f5951;src_280377a4ab9f;src_7bff9ffeecfe;src_1af5a89dfff0;src_a5c774edf8cf;src_2fdd6d97a914;src_520c73ea8c20;src_765bb55410f7;src_b9b5e6a7558b;src_3b8db421046a;src_8a20eb6a8e65;src_3b86e20cc08e;src_66823dd8c7f5;src_acc454cd8165;src_b58fcb703164;src_54c3f7305664;src_23975b969371;src_f20092c75f85;src_b1cdb1fbf174;src_4ec6a883ffb0;src_976f92175327;src_0ee71b44a08d;src_61ad41ed8836;src_abf0cae17f16;src_1e86e2e765b0;src_f7d493b63d3f;src_1e628f5a1f47;src_60ae99fc5e74;src_25d8d1d09ca2;src_25984d7d7187;src_ef2bcd58ba61;src_ae885e09480c;src_ec1324e83b0d;src_2e545590ac0b;src_d78bda3e984a;src_68f759717bcc;src_47d00d1e06ec;src_af198bab8499;src_104d9a727eaa;src_c837d52ba812;src_6f4df3beacc9;src_a4ab9b077bc6;src_4aa1df78a89f;src_154407e0c6f3;src_97485f74fd4c;src_6bfafee16732;src_688fead178b4;src_b8d6cf50c953;src_25af3d37f440;src_e292ec2ab3f8;src_430100a25e12;src_50cb836b3a85;src_e5d49a26272d;src_55753c48469a;src_54ed72cc98e5;src_c3d6218599e0;src_bf038d713135;src_1802c37dad40;src_bcd514b5f73d;src_6f2056e5389e;src_f9a761fd99ee;src_63ad7f1d0270;src_6e9eb7f5d233;src_0946a7cc5cfb,FALSE,NA,Transformation locale; autorisation d’adaptation non confirmée.
legacy_historical_party_results,party_code_source,party code source,"Code original dans le JSON, lorsqu’il existe.",character,selon description,NA,"NA : absent, non diffusé, non applicable ou conversion impossible; jamais imputé. Consulter source et quality_report.",src_b7e2938c2649;src_e8904f6f5951;src_280377a4ab9f;src_7bff9ffeecfe;src_1af5a89dfff0;src_a5c774edf8cf;src_2fdd6d97a914;src_520c73ea8c20;src_765bb55410f7;src_b9b5e6a7558b;src_3b8db421046a;src_8a20eb6a8e65;src_3b86e20cc08e;src_66823dd8c7f5;src_acc454cd8165;src_b58fcb703164;src_54c3f7305664;src_23975b969371;src_f20092c75f85;src_b1cdb1fbf174;src_4ec6a883ffb0;src_976f92175327;src_0ee71b44a08d;src_61ad41ed8836;src_abf0cae17f16;src_1e86e2e765b0;src_f7d493b63d3f;src_1e628f5a1f47;src_60ae99fc5e74;src_25d8d1d09ca2;src_25984d7d7187;src_ef2bcd58ba61;src_ae885e09480c;src_ec1324e83b0d;src_2e545590ac0b;src_d78bda3e984a;src_68f759717bcc;src_47d00d1e06ec;src_af198bab8499;src_104d9a727eaa;src_c837d52ba812;src_6f4df3beacc9;src_a4ab9b077bc6;src_4aa1df78a89f;src_154407e0c6f3;src_97485f74fd4c;src_6bfafee16732;src_688fead178b4;src_b8d6cf50c953;src_25af3d37f440;src_e292ec2ab3f8;src_430100a25e12;src_50cb836b3a85;src_e5d49a26272d;src_55753c48469a;src_54ed72cc98e5;src_c3d6218599e0;src_bf038d713135;src_1802c37dad40;src_bcd514b5f73d;src_6f2056e5389e;src_f9a761fd99ee;src_63ad7f1d0270;src_6e9eb7f5d233;src_0946a7cc5cfb,FALSE,NA,Transformation locale; autorisation d’adaptation non confirmée.
legacy_historical_party_results,party_identity_basis,party identity basis,Identifiant dérivé de l’abréviation source au sein de l’événement; aucune continuité administrative supposée.,character,selon description,NA,"NA : absent, non diffusé, non applicable ou conversion impossible; jamais imputé. Consulter source et quality_report.",src_b7e2938c2649;src_e8904f6f5951;src_280377a4ab9f;src_7bff9ffeecfe;src_1af5a89dfff0;src_a5c774edf8cf;src_2fdd6d97a914;src_520c73ea8c20;src_765bb55410f7;src_b9b5e6a7558b;src_3b8db421046a;src_8a20eb6a8e65;src_3b86e20cc08e;src_66823dd8c7f5;src_acc454cd8165;src_b58fcb703164;src_54c3f7305664;src_23975b969371;src_f20092c75f85;src_b1cdb1fbf174;src_4ec6a883ffb0;src_976f92175327;src_0ee71b44a08d;src_61ad41ed8836;src_abf0cae17f16;src_1e86e2e765b0;src_f7d493b63d3f;src_1e628f5a1f47;src_60ae99fc5e74;src_25d8d1d09ca2;src_25984d7d7187;src_ef2bcd58ba61;src_ae885e09480c;src_ec1324e83b0d;src_2e545590ac0b;src_d78bda3e984a;src_68f759717bcc;src_47d00d1e06ec;src_af198bab8499;src_104d9a727eaa;src_c837d52ba812;src_6f4df3beacc9;src_a4ab9b077bc6;src_4aa1df78a89f;src_154407e0c6f3;src_97485f74fd4c;src_6bfafee16732;src_688fead178b4;src_b8d6cf50c953;src_25af3d37f440;src_e292ec2ab3f8;src_430100a25e12;src_50cb836b3a85;src_e5d49a26272d;src_55753c48469a;src_54ed72cc98e5;src_c3d6218599e0;src_bf038d713135;src_1802c37dad40;src_bcd514b5f73d;src_6f2056e5389e;src_f9a761fd99ee;src_63ad7f1d0270;src_6e9eb7f5d233;src_0946a7cc5cfb,FALSE,NA,Transformation locale; autorisation d’adaptation non confirmée.
legacy_historical_party_results,votes,votes,Bulletins attribués à cette candidature ou ce groupe dans le périmètre indiqué.,numeric,selon description,NA,"NA : absent, non diffusé, non applicable ou conversion impossible; jamais imputé. Consulter source et quality_report.",src_b7e2938c2649;src_e8904f6f5951;src_280377a4ab9f;src_7bff9ffeecfe;src_1af5a89dfff0;src_a5c774edf8cf;src_2fdd6d97a914;src_520c73ea8c20;src_765bb55410f7;src_b9b5e6a7558b;src_3b8db421046a;src_8a20eb6a8e65;src_3b86e20cc08e;src_66823dd8c7f5;src_acc454cd8165;src_b58fcb703164;src_54c3f7305664;src_23975b969371;src_f20092c75f85;src_b1cdb1fbf174;src_4ec6a883ffb0;src_976f92175327;src_0ee71b44a08d;src_61ad41ed8836;src_abf0cae17f16;src_1e86e2e765b0;src_f7d493b63d3f;src_1e628f5a1f47;src_60ae99fc5e74;src_25d8d1d09ca2;src_25984d7d7187;src_ef2bcd58ba61;src_ae885e09480c;src_ec1324e83b0d;src_2e545590ac0b;src_d78bda3e984a;src_68f759717bcc;src_47d00d1e06ec;src_af198bab8499;src_104d9a727eaa;src_c837d52ba812;src_6f4df3beacc9;src_a4ab9b077bc6;src_4aa1df78a89f;src_154407e0c6f3;src_97485f74fd4c;src_6bfafee16732;src_688fead178b4;src_b8d6cf50c953;src_25af3d37f440;src_e292ec2ab3f8;src_430100a25e12;src_50cb836b3a85;src_e5d49a26272d;src_55753c48469a;src_54ed72cc98e5;src_c3d6218599e0;src_bf038d713135;src_1802c37dad40;src_bcd514b5f73d;src_6f2056e5389e;src_f9a761fd99ee;src_63ad7f1d0270;src_6e9eb7f5d233;src_0946a7cc5cfb,FALSE,NA,Transformation locale; autorisation d’adaptation non confirmée.
legacy_historical_party_results,vote_share_source_pct,vote share source pct,"Pourcentage des votes tel que publié, avec ses arrondis.",numeric,pourcentage 0-100,NA,"NA : absent, non diffusé, non applicable ou conversion impossible; jamais imputé. Consulter source et quality_report.",src_b7e2938c2649;src_e8904f6f5951;src_280377a4ab9f;src_7bff9ffeecfe;src_1af5a89dfff0;src_a5c774edf8cf;src_2fdd6d97a914;src_520c73ea8c20;src_765bb55410f7;src_b9b5e6a7558b;src_3b8db421046a;src_8a20eb6a8e65;src_3b86e20cc08e;src_66823dd8c7f5;src_acc454cd8165;src_b58fcb703164;src_54c3f7305664;src_23975b969371;src_f20092c75f85;src_b1cdb1fbf174;src_4ec6a883ffb0;src_976f92175327;src_0ee71b44a08d;src_61ad41ed8836;src_abf0cae17f16;src_1e86e2e765b0;src_f7d493b63d3f;src_1e628f5a1f47;src_60ae99fc5e74;src_25d8d1d09ca2;src_25984d7d7187;src_ef2bcd58ba61;src_ae885e09480c;src_ec1324e83b0d;src_2e545590ac0b;src_d78bda3e984a;src_68f759717bcc;src_47d00d1e06ec;src_af198bab8499;src_104d9a727eaa;src_c837d52ba812;src_6f4df3beacc9;src_a4ab9b077bc6;src_4aa1df78a89f;src_154407e0c6f3;src_97485f74fd4c;src_6bfafee16732;src_688fead178b4;src_b8d6cf50c953;src_25af3d37f440;src_e292ec2ab3f8;src_430100a25e12;src_50cb836b3a85;src_e5d49a26272d;src_55753c48469a;src_54ed72cc98e5;src_c3d6218599e0;src_bf038d713135;src_1802c37dad40;src_bcd514b5f73d;src_6f2056e5389e;src_f9a761fd99ee;src_63ad7f1d0270;src_6e9eb7f5d233;src_0946a7cc5cfb,FALSE,NA,Transformation locale; autorisation d’adaptation non confirmée.
legacy_historical_party_results,candidates_count_source,candidates count source,Nombre de candidatures par parti annoncé dans les statistiques du producteur.,numeric,selon description,NA,"NA : absent, non diffusé, non applicable ou conversion impossible; jamais imputé. Consulter source et quality_report.",src_b7e2938c2649;src_e8904f6f5951;src_280377a4ab9f;src_7bff9ffeecfe;src_1af5a89dfff0;src_a5c774edf8cf;src_2fdd6d97a914;src_520c73ea8c20;src_765bb55410f7;src_b9b5e6a7558b;src_3b8db421046a;src_8a20eb6a8e65;src_3b86e20cc08e;src_66823dd8c7f5;src_acc454cd8165;src_b58fcb703164;src_54c3f7305664;src_23975b969371;src_f20092c75f85;src_b1cdb1fbf174;src_4ec6a883ffb0;src_976f92175327;src_0ee71b44a08d;src_61ad41ed8836;src_abf0cae17f16;src_1e86e2e765b0;src_f7d493b63d3f;src_1e628f5a1f47;src_60ae99fc5e74;src_25d8d1d09ca2;src_25984d7d7187;src_ef2bcd58ba61;src_ae885e09480c;src_ec1324e83b0d;src_2e545590ac0b;src_d78bda3e984a;src_68f759717bcc;src_47d00d1e06ec;src_af198bab8499;src_104d9a727eaa;src_c837d52ba812;src_6f4df3beacc9;src_a4ab9b077bc6;src_4aa1df78a89f;src_154407e0c6f3;src_97485f74fd4c;src_6bfafee16732;src_688fead178b4;src_b8d6cf50c953;src_25af3d37f440;src_e292ec2ab3f8;src_430100a25e12;src_50cb836b3a85;src_e5d49a26272d;src_55753c48469a;src_54ed72cc98e5;src_c3d6218599e0;src_bf038d713135;src_1802c37dad40;src_bcd514b5f73d;src_6f2056e5389e;src_f9a761fd99ee;src_63ad7f1d0270;src_6e9eb7f5d233;src_0946a7cc5cfb,FALSE,NA,Transformation locale; autorisation d’adaptation non confirmée.
legacy_historical_party_results,districts_leading_source,districts leading source,Nombre de circonscriptions en avance fourni par le producteur; avant finalité ne constitue pas un nombre d’élus.,numeric,selon description,NA,"NA : absent, non diffusé, non applicable ou conversion impossible; jamais imputé. Consulter source et quality_report.",src_b7e2938c2649;src_e8904f6f5951;src_280377a4ab9f;src_7bff9ffeecfe;src_1af5a89dfff0;src_a5c774edf8cf;src_2fdd6d97a914;src_520c73ea8c20;src_765bb55410f7;src_b9b5e6a7558b;src_3b8db421046a;src_8a20eb6a8e65;src_3b86e20cc08e;src_66823dd8c7f5;src_acc454cd8165;src_b58fcb703164;src_54c3f7305664;src_23975b969371;src_f20092c75f85;src_b1cdb1fbf174;src_4ec6a883ffb0;src_976f92175327;src_0ee71b44a08d;src_61ad41ed8836;src_abf0cae17f16;src_1e86e2e765b0;src_f7d493b63d3f;src_1e628f5a1f47;src_60ae99fc5e74;src_25d8d1d09ca2;src_25984d7d7187;src_ef2bcd58ba61;src_ae885e09480c;src_ec1324e83b0d;src_2e545590ac0b;src_d78bda3e984a;src_68f759717bcc;src_47d00d1e06ec;src_af198bab8499;src_104d9a727eaa;src_c837d52ba812;src_6f4df3beacc9;src_a4ab9b077bc6;src_4aa1df78a89f;src_154407e0c6f3;src_97485f74fd4c;src_6bfafee16732;src_688fead178b4;src_b8d6cf50c953;src_25af3d37f440;src_e292ec2ab3f8;src_430100a25e12;src_50cb836b3a85;src_e5d49a26272d;src_55753c48469a;src_54ed72cc98e5;src_c3d6218599e0;src_bf038d713135;src_1802c37dad40;src_bcd514b5f73d;src_6f2056e5389e;src_f9a761fd99ee;src_63ad7f1d0270;src_6e9eb7f5d233;src_0946a7cc5cfb,FALSE,NA,Transformation locale; autorisation d’adaptation non confirmée.
legacy_historical_party_results,source_id,source id,Identifiant SHA-256 de l’URL dans le catalogue maître.,character,selon description,NA,"NA : absent, non diffusé, non applicable ou conversion impossible; jamais imputé. Consulter source et quality_report.",src_b7e2938c2649;src_e8904f6f5951;src_280377a4ab9f;src_7bff9ffeecfe;src_1af5a89dfff0;src_a5c774edf8cf;src_2fdd6d97a914;src_520c73ea8c20;src_765bb55410f7;src_b9b5e6a7558b;src_3b8db421046a;src_8a20eb6a8e65;src_3b86e20cc08e;src_66823dd8c7f5;src_acc454cd8165;src_b58fcb703164;src_54c3f7305664;src_23975b969371;src_f20092c75f85;src_b1cdb1fbf174;src_4ec6a883ffb0;src_976f92175327;src_0ee71b44a08d;src_61ad41ed8836;src_abf0cae17f16;src_1e86e2e765b0;src_f7d493b63d3f;src_1e628f5a1f47;src_60ae99fc5e74;src_25d8d1d09ca2;src_25984d7d7187;src_ef2bcd58ba61;src_ae885e09480c;src_ec1324e83b0d;src_2e545590ac0b;src_d78bda3e984a;src_68f759717bcc;src_47d00d1e06ec;src_af198bab8499;src_104d9a727eaa;src_c837d52ba812;src_6f4df3beacc9;src_a4ab9b077bc6;src_4aa1df78a89f;src_154407e0c6f3;src_97485f74fd4c;src_6bfafee16732;src_688fead178b4;src_b8d6cf50c953;src_25af3d37f440;src_e292ec2ab3f8;src_430100a25e12;src_50cb836b3a85;src_e5d49a26272d;src_55753c48469a;src_54ed72cc98e5;src_c3d6218599e0;src_bf038d713135;src_1802c37dad40;src_bcd514b5f73d;src_6f2056e5389e;src_f9a761fd99ee;src_63ad7f1d0270;src_6e9eb7f5d233;src_0946a7cc5cfb,TRUE,voir R/common.R et script de transformation,Transformation locale; autorisation d’adaptation non confirmée.
legacy_historical_party_results,snapshot_id,snapshot id,Identifiant unique de la consultation et des octets sources.,character,selon description,NA,"NA : absent, non diffusé, non applicable ou conversion impossible; jamais imputé. Consulter source et quality_report.",src_b7e2938c2649;src_e8904f6f5951;src_280377a4ab9f;src_7bff9ffeecfe;src_1af5a89dfff0;src_a5c774edf8cf;src_2fdd6d97a914;src_520c73ea8c20;src_765bb55410f7;src_b9b5e6a7558b;src_3b8db421046a;src_8a20eb6a8e65;src_3b86e20cc08e;src_66823dd8c7f5;src_acc454cd8165;src_b58fcb703164;src_54c3f7305664;src_23975b969371;src_f20092c75f85;src_b1cdb1fbf174;src_4ec6a883ffb0;src_976f92175327;src_0ee71b44a08d;src_61ad41ed8836;src_abf0cae17f16;src_1e86e2e765b0;src_f7d493b63d3f;src_1e628f5a1f47;src_60ae99fc5e74;src_25d8d1d09ca2;src_25984d7d7187;src_ef2bcd58ba61;src_ae885e09480c;src_ec1324e83b0d;src_2e545590ac0b;src_d78bda3e984a;src_68f759717bcc;src_47d00d1e06ec;src_af198bab8499;src_104d9a727eaa;src_c837d52ba812;src_6f4df3beacc9;src_a4ab9b077bc6;src_4aa1df78a89f;src_154407e0c6f3;src_97485f74fd4c;src_6bfafee16732;src_688fead178b4;src_b8d6cf50c953;src_25af3d37f440;src_e292ec2ab3f8;src_430100a25e12;src_50cb836b3a85;src_e5d49a26272d;src_55753c48469a;src_54ed72cc98e5;src_c3d6218599e0;src_bf038d713135;src_1802c37dad40;src_bcd514b5f73d;src_6f2056e5389e;src_f9a761fd99ee;src_63ad7f1d0270;src_6e9eb7f5d233;src_0946a7cc5cfb,TRUE,voir R/common.R et script de transformation,Transformation locale; autorisation d’adaptation non confirmée.
legacy_historical_party_results,observed_at,observed at,Instant UTC où la source a été consultée; ne désigne pas la date de l’événement.,character,selon description,NA,"NA : absent, non diffusé, non applicable ou conversion impossible; jamais imputé. Consulter source et quality_report.",src_b7e2938c2649;src_e8904f6f5951;src_280377a4ab9f;src_7bff9ffeecfe;src_1af5a89dfff0;src_a5c774edf8cf;src_2fdd6d97a914;src_520c73ea8c20;src_765bb55410f7;src_b9b5e6a7558b;src_3b8db421046a;src_8a20eb6a8e65;src_3b86e20cc08e;src_66823dd8c7f5;src_acc454cd8165;src_b58fcb703164;src_54c3f7305664;src_23975b969371;src_f20092c75f85;src_b1cdb1fbf174;src_4ec6a883ffb0;src_976f92175327;src_0ee71b44a08d;src_61ad41ed8836;src_abf0cae17f16;src_1e86e2e765b0;src_f7d493b63d3f;src_1e628f5a1f47;src_60ae99fc5e74;src_25d8d1d09ca2;src_25984d7d7187;src_ef2bcd58ba61;src_ae885e09480c;src_ec1324e83b0d;src_2e545590ac0b;src_d78bda3e984a;src_68f759717bcc;src_47d00d1e06ec;src_af198bab8499;src_104d9a727eaa;src_c837d52ba812;src_6f4df3beacc9;src_a4ab9b077bc6;src_4aa1df78a89f;src_154407e0c6f3;src_97485f74fd4c;src_6bfafee16732;src_688fead178b4;src_b8d6cf50c953;src_25af3d37f440;src_e292ec2ab3f8;src_430100a25e12;src_50cb836b3a85;src_e5d49a26272d;src_55753c48469a;src_54ed72cc98e5;src_c3d6218599e0;src_bf038d713135;src_1802c37dad40;src_bcd514b5f73d;src_6f2056e5389e;src_f9a761fd99ee;src_63ad7f1d0270;src_6e9eb7f5d233;src_0946a7cc5cfb,TRUE,voir R/common.R et script de transformation,Transformation locale; autorisation d’adaptation non confirmée.
legacy_historical_party_results,retrieved_at,retrieved at,"Fin de la récupération, en UTC.",character,selon description,NA,"NA : absent, non diffusé, non applicable ou conversion impossible; jamais imputé. Consulter source et quality_report.",src_b7e2938c2649;src_e8904f6f5951;src_280377a4ab9f;src_7bff9ffeecfe;src_1af5a89dfff0;src_a5c774edf8cf;src_2fdd6d97a914;src_520c73ea8c20;src_765bb55410f7;src_b9b5e6a7558b;src_3b8db421046a;src_8a20eb6a8e65;src_3b86e20cc08e;src_66823dd8c7f5;src_acc454cd8165;src_b58fcb703164;src_54c3f7305664;src_23975b969371;src_f20092c75f85;src_b1cdb1fbf174;src_4ec6a883ffb0;src_976f92175327;src_0ee71b44a08d;src_61ad41ed8836;src_abf0cae17f16;src_1e86e2e765b0;src_f7d493b63d3f;src_1e628f5a1f47;src_60ae99fc5e74;src_25d8d1d09ca2;src_25984d7d7187;src_ef2bcd58ba61;src_ae885e09480c;src_ec1324e83b0d;src_2e545590ac0b;src_d78bda3e984a;src_68f759717bcc;src_47d00d1e06ec;src_af198bab8499;src_104d9a727eaa;src_c837d52ba812;src_6f4df3beacc9;src_a4ab9b077bc6;src_4aa1df78a89f;src_154407e0c6f3;src_97485f74fd4c;src_6bfafee16732;src_688fead178b4;src_b8d6cf50c953;src_25af3d37f440;src_e292ec2ab3f8;src_430100a25e12;src_50cb836b3a85;src_e5d49a26272d;src_55753c48469a;src_54ed72cc98e5;src_c3d6218599e0;src_bf038d713135;src_1802c37dad40;src_bcd514b5f73d;src_6f2056e5389e;src_f9a761fd99ee;src_63ad7f1d0270;src_6e9eb7f5d233;src_0946a7cc5cfb,TRUE,voir R/common.R et script de transformation,Transformation locale; autorisation d’adaptation non confirmée.
legacy_historical_party_results,source_updated_at,source updated at,"Horodatage annoncé par le producteur, converti en UTC; manquant si absent.",character,selon description,NA,"NA : absent, non diffusé, non applicable ou conversion impossible; jamais imputé. Consulter source et quality_report.",src_b7e2938c2649;src_e8904f6f5951;src_280377a4ab9f;src_7bff9ffeecfe;src_1af5a89dfff0;src_a5c774edf8cf;src_2fdd6d97a914;src_520c73ea8c20;src_765bb55410f7;src_b9b5e6a7558b;src_3b8db421046a;src_8a20eb6a8e65;src_3b86e20cc08e;src_66823dd8c7f5;src_acc454cd8165;src_b58fcb703164;src_54c3f7305664;src_23975b969371;src_f20092c75f85;src_b1cdb1fbf174;src_4ec6a883ffb0;src_976f92175327;src_0ee71b44a08d;src_61ad41ed8836;src_abf0cae17f16;src_1e86e2e765b0;src_f7d493b63d3f;src_1e628f5a1f47;src_60ae99fc5e74;src_25d8d1d09ca2;src_25984d7d7187;src_ef2bcd58ba61;src_ae885e09480c;src_ec1324e83b0d;src_2e545590ac0b;src_d78bda3e984a;src_68f759717bcc;src_47d00d1e06ec;src_af198bab8499;src_104d9a727eaa;src_c837d52ba812;src_6f4df3beacc9;src_a4ab9b077bc6;src_4aa1df78a89f;src_154407e0c6f3;src_97485f74fd4c;src_6bfafee16732;src_688fead178b4;src_b8d6cf50c953;src_25af3d37f440;src_e292ec2ab3f8;src_430100a25e12;src_50cb836b3a85;src_e5d49a26272d;src_55753c48469a;src_54ed72cc98e5;src_c3d6218599e0;src_bf038d713135;src_1802c37dad40;src_bcd514b5f73d;src_6f2056e5389e;src_f9a761fd99ee;src_63ad7f1d0270;src_6e9eb7f5d233;src_0946a7cc5cfb,FALSE,NA,Transformation locale; autorisation d’adaptation non confirmée.
legacy_historical_party_results,data_status,data status,État fourni par la source ou type explicite de transformation; finalité jamais inférée d’un pourcentage de dépouillement.,character,selon description,historical_published_finality_unspecified,"NA : absent, non diffusé, non applicable ou conversion impossible; jamais imputé. Consulter source et quality_report.",src_b7e2938c2649;src_e8904f6f5951;src_280377a4ab9f;src_7bff9ffeecfe;src_1af5a89dfff0;src_a5c774edf8cf;src_2fdd6d97a914;src_520c73ea8c20;src_765bb55410f7;src_b9b5e6a7558b;src_3b8db421046a;src_8a20eb6a8e65;src_3b86e20cc08e;src_66823dd8c7f5;src_acc454cd8165;src_b58fcb703164;src_54c3f7305664;src_23975b969371;src_f20092c75f85;src_b1cdb1fbf174;src_4ec6a883ffb0;src_976f92175327;src_0ee71b44a08d;src_61ad41ed8836;src_abf0cae17f16;src_1e86e2e765b0;src_f7d493b63d3f;src_1e628f5a1f47;src_60ae99fc5e74;src_25d8d1d09ca2;src_25984d7d7187;src_ef2bcd58ba61;src_ae885e09480c;src_ec1324e83b0d;src_2e545590ac0b;src_d78bda3e984a;src_68f759717bcc;src_47d00d1e06ec;src_af198bab8499;src_104d9a727eaa;src_c837d52ba812;src_6f4df3beacc9;src_a4ab9b077bc6;src_4aa1df78a89f;src_154407e0c6f3;src_97485f74fd4c;src_6bfafee16732;src_688fead178b4;src_b8d6cf50c953;src_25af3d37f440;src_e292ec2ab3f8;src_430100a25e12;src_50cb836b3a85;src_e5d49a26272d;src_55753c48469a;src_54ed72cc98e5;src_c3d6218599e0;src_bf038d713135;src_1802c37dad40;src_bcd514b5f73d;src_6f2056e5389e;src_f9a761fd99ee;src_63ad7f1d0270;src_6e9eb7f5d233;src_0946a7cc5cfb,FALSE,NA,Transformation locale; autorisation d’adaptation non confirmée.
legacy_polling_division_results,election_id,election id,"Identifiant contextualisé : Québec, provincial, date et type.",character,selon description,NA,"NA : absent, non diffusé, non applicable ou conversion impossible; jamais imputé. Consulter source et quality_report.",src_e1bd95cfcae7;src_97943df8aee2;src_52c4ab07b017;src_ae53c8c7c088,TRUE,voir R/common.R et script de transformation,Transformation locale; autorisation d’adaptation non confirmée.
legacy_polling_division_results,district_id,district id,"Carte, édition des codes et code de circonscription; ne pas joindre par nom.",character,selon description,NA,"NA : absent, non diffusé, non applicable ou conversion impossible; jamais imputé. Consulter source et quality_report.",src_e1bd95cfcae7;src_97943df8aee2;src_52c4ab07b017;src_ae53c8c7c088,TRUE,voir R/common.R et script de transformation,Transformation locale; autorisation d’adaptation non confirmée.
legacy_polling_division_results,polling_unit_id,polling unit id,Identifiant de ligne d’unité publiée dans un fichier et une élection; les numéros se répètent entre modalités.,character,selon description,NA,"NA : absent, non diffusé, non applicable ou conversion impossible; jamais imputé. Consulter source et quality_report.",src_e1bd95cfcae7;src_97943df8aee2;src_52c4ab07b017;src_ae53c8c7c088,TRUE,voir R/common.R et script de transformation,Transformation locale; autorisation d’adaptation non confirmée.
legacy_polling_division_results,candidate_id,candidate id,Identifiant de candidature contextualisé; ne désigne pas une personne entre élections.,character,selon description,NA,"NA : absent, non diffusé, non applicable ou conversion impossible; jamais imputé. Consulter source et quality_report.",src_e1bd95cfcae7;src_97943df8aee2;src_52c4ab07b017;src_ae53c8c7c088,TRUE,voir R/common.R et script de transformation,Transformation locale; autorisation d’adaptation non confirmée.
legacy_polling_division_results,candidate_header_source,candidate header source,"En-tête original nom, prénom et appartenance politique dans le fichier de bureaux.",character,selon description,NA,"NA : absent, non diffusé, non applicable ou conversion impossible; jamais imputé. Consulter source et quality_report.",src_e1bd95cfcae7;src_97943df8aee2;src_52c4ab07b017;src_ae53c8c7c088,FALSE,NA,Transformation locale; autorisation d’adaptation non confirmée.
legacy_polling_division_results,candidate_link_status,candidate link status,"Appariement exact dans une même élection, circonscription et appartenance; aucun rapprochement de personnes entre années.",character,selon description,NA,"NA : absent, non diffusé, non applicable ou conversion impossible; jamais imputé. Consulter source et quality_report.",src_e1bd95cfcae7;src_97943df8aee2;src_52c4ab07b017;src_ae53c8c7c088,FALSE,NA,Transformation locale; autorisation d’adaptation non confirmée.
legacy_polling_division_results,votes,votes,Bulletins attribués à cette candidature ou ce groupe dans le périmètre indiqué.,numeric,selon description,NA,"NA : absent, non diffusé, non applicable ou conversion impossible; jamais imputé. Consulter source et quality_report.",src_e1bd95cfcae7;src_97943df8aee2;src_52c4ab07b017;src_ae53c8c7c088,FALSE,NA,Transformation locale; autorisation d’adaptation non confirmée.
legacy_polling_division_results,source_id,source id,Identifiant SHA-256 de l’URL dans le catalogue maître.,character,selon description,NA,"NA : absent, non diffusé, non applicable ou conversion impossible; jamais imputé. Consulter source et quality_report.",src_e1bd95cfcae7;src_97943df8aee2;src_52c4ab07b017;src_ae53c8c7c088,TRUE,voir R/common.R et script de transformation,Transformation locale; autorisation d’adaptation non confirmée.
legacy_polling_division_results,snapshot_id,snapshot id,Identifiant unique de la consultation et des octets sources.,character,selon description,NA,"NA : absent, non diffusé, non applicable ou conversion impossible; jamais imputé. Consulter source et quality_report.",src_e1bd95cfcae7;src_97943df8aee2;src_52c4ab07b017;src_ae53c8c7c088,TRUE,voir R/common.R et script de transformation,Transformation locale; autorisation d’adaptation non confirmée.
legacy_polling_division_results,observed_at,observed at,Instant UTC où la source a été consultée; ne désigne pas la date de l’événement.,character,selon description,NA,"NA : absent, non diffusé, non applicable ou conversion impossible; jamais imputé. Consulter source et quality_report.",src_e1bd95cfcae7;src_97943df8aee2;src_52c4ab07b017;src_ae53c8c7c088,TRUE,voir R/common.R et script de transformation,Transformation locale; autorisation d’adaptation non confirmée.
legacy_polling_division_results,retrieved_at,retrieved at,"Fin de la récupération, en UTC.",character,selon description,NA,"NA : absent, non diffusé, non applicable ou conversion impossible; jamais imputé. Consulter source et quality_report.",src_e1bd95cfcae7;src_97943df8aee2;src_52c4ab07b017;src_ae53c8c7c088,TRUE,voir R/common.R et script de transformation,Transformation locale; autorisation d’adaptation non confirmée.
legacy_polling_division_results,source_updated_at,source updated at,"Horodatage annoncé par le producteur, converti en UTC; manquant si absent.",character,selon description,NA,"NA : absent, non diffusé, non applicable ou conversion impossible; jamais imputé. Consulter source et quality_report.",src_e1bd95cfcae7;src_97943df8aee2;src_52c4ab07b017;src_ae53c8c7c088,FALSE,NA,Transformation locale; autorisation d’adaptation non confirmée.
legacy_polling_division_results,data_status,data status,État fourni par la source ou type explicite de transformation; finalité jamais inférée d’un pourcentage de dépouillement.,character,selon description,official_historical_polling_table,"NA : absent, non diffusé, non applicable ou conversion impossible; jamais imputé. Consulter source et quality_report.",src_e1bd95cfcae7;src_97943df8aee2;src_52c4ab07b017;src_ae53c8c7c088,FALSE,NA,Transformation locale; autorisation d’adaptation non confirmée.
legacy_polling_units,election_id,election id,"Identifiant contextualisé : Québec, provincial, date et type.",character,selon description,NA,"NA : absent, non diffusé, non applicable ou conversion impossible; jamais imputé. Consulter source et quality_report.",src_e1bd95cfcae7;src_97943df8aee2;src_52c4ab07b017;src_ae53c8c7c088,TRUE,voir R/common.R et script de transformation,Transformation locale; autorisation d’adaptation non confirmée.
legacy_polling_units,district_id,district id,"Carte, édition des codes et code de circonscription; ne pas joindre par nom.",character,selon description,NA,"NA : absent, non diffusé, non applicable ou conversion impossible; jamais imputé. Consulter source et quality_report.",src_e1bd95cfcae7;src_97943df8aee2;src_52c4ab07b017;src_ae53c8c7c088,TRUE,voir R/common.R et script de transformation,Transformation locale; autorisation d’adaptation non confirmée.
legacy_polling_units,polling_unit_id,polling unit id,Identifiant de ligne d’unité publiée dans un fichier et une élection; les numéros se répètent entre modalités.,character,selon description,NA,"NA : absent, non diffusé, non applicable ou conversion impossible; jamais imputé. Consulter source et quality_report.",src_e1bd95cfcae7;src_97943df8aee2;src_52c4ab07b017;src_ae53c8c7c088,TRUE,voir R/common.R et script de transformation,Transformation locale; autorisation d’adaptation non confirmée.
legacy_polling_units,source_file,source file,"Nom original du membre de l’archive, conservé même quand l’extraction utilise un nom ASCII.",character,selon description,NA,"NA : absent, non diffusé, non applicable ou conversion impossible; jamais imputé. Consulter source et quality_report.",src_e1bd95cfcae7;src_97943df8aee2;src_52c4ab07b017;src_ae53c8c7c088,FALSE,NA,Transformation locale; autorisation d’adaptation non confirmée.
legacy_polling_units,source_sheet,source sheet,Nom de feuille source dans un classeur de bureaux de vote.,character,selon description,NA,"NA : absent, non diffusé, non applicable ou conversion impossible; jamais imputé. Consulter source et quality_report.",src_e1bd95cfcae7;src_97943df8aee2;src_52c4ab07b017;src_ae53c8c7c088,FALSE,NA,Transformation locale; autorisation d’adaptation non confirmée.
legacy_polling_units,source_row,source row,Numéro de ligne à l’intérieur du tableau extrait.,numeric,selon description,NA,"NA : absent, non diffusé, non applicable ou conversion impossible; jamais imputé. Consulter source et quality_report.",src_e1bd95cfcae7;src_97943df8aee2;src_52c4ab07b017;src_ae53c8c7c088,FALSE,NA,Transformation locale; autorisation d’adaptation non confirmée.
legacy_polling_units,municipalities_source,municipalities source,Libellé de municipalité dans la ligne publiée; ne garantit pas une seule municipalité ni une géométrie.,character,selon description,NA,"NA : absent, non diffusé, non applicable ou conversion impossible; jamais imputé. Consulter source et quality_report.",src_e1bd95cfcae7;src_97943df8aee2;src_52c4ab07b017;src_ae53c8c7c088,FALSE,NA,Transformation locale; autorisation d’adaptation non confirmée.
legacy_polling_units,sector_source,sector source,Secteur tel que publié; aucune géométrie attribuée automatiquement.,character,selon description,NA,"NA : absent, non diffusé, non applicable ou conversion impossible; jamais imputé. Consulter source et quality_report.",src_e1bd95cfcae7;src_97943df8aee2;src_52c4ab07b017;src_ae53c8c7c088,FALSE,NA,Transformation locale; autorisation d’adaptation non confirmée.
legacy_polling_units,polling_division_source,polling division source,Libellé de section/bureau/regroupement original; ne garantit pas une unité géographique unique.,character,selon description,NA,"NA : absent, non diffusé, non applicable ou conversion impossible; jamais imputé. Consulter source et quality_report.",src_e1bd95cfcae7;src_97943df8aee2;src_52c4ab07b017;src_ae53c8c7c088,FALSE,NA,Transformation locale; autorisation d’adaptation non confirmée.
legacy_polling_units,registered,registered,Nombre d’électrices et électeurs inscrits selon le périmètre de ce fichier.,numeric,selon description,NA,"NA : absent, non diffusé, non applicable ou conversion impossible; jamais imputé. Consulter source et quality_report.",src_e1bd95cfcae7;src_97943df8aee2;src_52c4ab07b017;src_ae53c8c7c088,FALSE,NA,Transformation locale; autorisation d’adaptation non confirmée.
legacy_polling_units,valid_ballots,valid ballots,Nombre de bulletins valides publié.,numeric,selon description,NA,"NA : absent, non diffusé, non applicable ou conversion impossible; jamais imputé. Consulter source et quality_report.",src_e1bd95cfcae7;src_97943df8aee2;src_52c4ab07b017;src_ae53c8c7c088,FALSE,NA,Transformation locale; autorisation d’adaptation non confirmée.
legacy_polling_units,rejected_ballots,rejected ballots,Nombre de bulletins rejetés publié.,numeric,selon description,NA,"NA : absent, non diffusé, non applicable ou conversion impossible; jamais imputé. Consulter source et quality_report.",src_e1bd95cfcae7;src_97943df8aee2;src_52c4ab07b017;src_ae53c8c7c088,FALSE,NA,Transformation locale; autorisation d’adaptation non confirmée.
legacy_polling_units,votes_cast,votes cast,Bulletins valides et rejetés; valeur source si disponible.,numeric,selon description,NA,"NA : absent, non diffusé, non applicable ou conversion impossible; jamais imputé. Consulter source et quality_report.",src_e1bd95cfcae7;src_97943df8aee2;src_52c4ab07b017;src_ae53c8c7c088,FALSE,NA,Transformation locale; autorisation d’adaptation non confirmée.
legacy_polling_units,source_id,source id,Identifiant SHA-256 de l’URL dans le catalogue maître.,character,selon description,NA,"NA : absent, non diffusé, non applicable ou conversion impossible; jamais imputé. Consulter source et quality_report.",src_e1bd95cfcae7;src_97943df8aee2;src_52c4ab07b017;src_ae53c8c7c088,TRUE,voir R/common.R et script de transformation,Transformation locale; autorisation d’adaptation non confirmée.
legacy_polling_units,snapshot_id,snapshot id,Identifiant unique de la consultation et des octets sources.,character,selon description,NA,"NA : absent, non diffusé, non applicable ou conversion impossible; jamais imputé. Consulter source et quality_report.",src_e1bd95cfcae7;src_97943df8aee2;src_52c4ab07b017;src_ae53c8c7c088,TRUE,voir R/common.R et script de transformation,Transformation locale; autorisation d’adaptation non confirmée.
legacy_polling_units,observed_at,observed at,Instant UTC où la source a été consultée; ne désigne pas la date de l’événement.,character,selon description,NA,"NA : absent, non diffusé, non applicable ou conversion impossible; jamais imputé. Consulter source et quality_report.",src_e1bd95cfcae7;src_97943df8aee2;src_52c4ab07b017;src_ae53c8c7c088,TRUE,voir R/common.R et script de transformation,Transformation locale; autorisation d’adaptation non confirmée.
legacy_polling_units,retrieved_at,retrieved at,"Fin de la récupération, en UTC.",character,selon description,NA,"NA : absent, non diffusé, non applicable ou conversion impossible; jamais imputé. Consulter source et quality_report.",src_e1bd95cfcae7;src_97943df8aee2;src_52c4ab07b017;src_ae53c8c7c088,TRUE,voir R/common.R et script de transformation,Transformation locale; autorisation d’adaptation non confirmée.
legacy_polling_units,source_updated_at,source updated at,"Horodatage annoncé par le producteur, converti en UTC; manquant si absent.",character,selon description,NA,"NA : absent, non diffusé, non applicable ou conversion impossible; jamais imputé. Consulter source et quality_report.",src_e1bd95cfcae7;src_97943df8aee2;src_52c4ab07b017;src_ae53c8c7c088,FALSE,NA,Transformation locale; autorisation d’adaptation non confirmée.
legacy_polling_units,data_status,data status,État fourni par la source ou type explicite de transformation; finalité jamais inférée d’un pourcentage de dépouillement.,character,selon description,official_historical_polling_table,"NA : absent, non diffusé, non applicable ou conversion impossible; jamais imputé. Consulter source et quality_report.",src_e1bd95cfcae7;src_97943df8aee2;src_52c4ab07b017;src_ae53c8c7c088,FALSE,NA,Transformation locale; autorisation d’adaptation non confirmée.
party_balance_sheet,source_id,source id,Identifiant SHA-256 de l’URL dans le catalogue maître.,character,selon description,NA,"NA : absent, non diffusé, non applicable ou conversion impossible; jamais imputé. Consulter source et quality_report.",src_0e7cf8e163b5,TRUE,voir R/common.R et script de transformation,Transformation locale; autorisation d’adaptation non confirmée.
party_balance_sheet,snapshot_id,snapshot id,Identifiant unique de la consultation et des octets sources.,character,selon description,NA,"NA : absent, non diffusé, non applicable ou conversion impossible; jamais imputé. Consulter source et quality_report.",src_0e7cf8e163b5,TRUE,voir R/common.R et script de transformation,Transformation locale; autorisation d’adaptation non confirmée.
party_balance_sheet,observed_at,observed at,Instant UTC où la source a été consultée; ne désigne pas la date de l’événement.,character,selon description,NA,"NA : absent, non diffusé, non applicable ou conversion impossible; jamais imputé. Consulter source et quality_report.",src_0e7cf8e163b5,TRUE,voir R/common.R et script de transformation,Transformation locale; autorisation d’adaptation non confirmée.
party_balance_sheet,retrieved_at,retrieved at,"Fin de la récupération, en UTC.",character,selon description,NA,"NA : absent, non diffusé, non applicable ou conversion impossible; jamais imputé. Consulter source et quality_report.",src_0e7cf8e163b5,TRUE,voir R/common.R et script de transformation,Transformation locale; autorisation d’adaptation non confirmée.
party_balance_sheet,source_updated_at,source updated at,"Horodatage annoncé par le producteur, converti en UTC; manquant si absent.",character,selon description,NA,"NA : absent, non diffusé, non applicable ou conversion impossible; jamais imputé. Consulter source et quality_report.",src_0e7cf8e163b5,FALSE,NA,Transformation locale; autorisation d’adaptation non confirmée.
party_balance_sheet,data_status,data status,État fourni par la source ou type explicite de transformation; finalité jamais inférée d’un pourcentage de dépouillement.,character,selon description,official_financial_cell_visually_verified,"NA : absent, non diffusé, non applicable ou conversion impossible; jamais imputé. Consulter source et quality_report.",src_0e7cf8e163b5,FALSE,NA,Transformation locale; autorisation d’adaptation non confirmée.
party_balance_sheet,document_title,document title,Titre du document dans l’index officiel.,character,selon description,NA,"NA : absent, non diffusé, non applicable ou conversion impossible; jamais imputé. Consulter source et quality_report.",src_0e7cf8e163b5,FALSE,NA,Transformation locale; autorisation d’adaptation non confirmée.
party_balance_sheet,document_url,document url,URL effectivement diffusée par le producteur.,character,selon description,NA,"NA : absent, non diffusé, non applicable ou conversion impossible; jamais imputé. Consulter source et quality_report.",src_0e7cf8e163b5,FALSE,NA,Transformation locale; autorisation d’adaptation non confirmée.
party_balance_sheet,financial_year_source,financial year source,Année présente dans le nom du document; ne définit pas l’exercice de chaque colonne comparative.,character,selon description,NA,"NA : absent, non diffusé, non applicable ou conversion impossible; jamais imputé. Consulter source et quality_report.",src_0e7cf8e163b5,FALSE,NA,Transformation locale; autorisation d’adaptation non confirmée.
party_balance_sheet,source_page,source page,"Numéro de page dans le PDF, à partir de 1; peut différer de la pagination imprimée.",character,selon description,NA,"NA : absent, non diffusé, non applicable ou conversion impossible; jamais imputé. Consulter source et quality_report.",src_0e7cf8e163b5,FALSE,NA,Transformation locale; autorisation d’adaptation non confirmée.
party_balance_sheet,source_line,source line,Numéro de ligne du texte extrait sur cette page.,character,selon description,NA,"NA : absent, non diffusé, non applicable ou conversion impossible; jamais imputé. Consulter source et quality_report.",src_0e7cf8e163b5,FALSE,NA,Transformation locale; autorisation d’adaptation non confirmée.
party_balance_sheet,line_label_source,line label source,"Libellé original de ligne comptable, avant normalisation.",character,selon description,NA,"NA : absent, non diffusé, non applicable ou conversion impossible; jamais imputé. Consulter source et quality_report.",src_0e7cf8e163b5,FALSE,NA,Transformation locale; autorisation d’adaptation non confirmée.
party_balance_sheet,source_numeric_column,source numeric column,Position numérique dans la ligne du texte extrait; à interpréter seulement après validation des en-têtes.,character,selon description,NA,"NA : absent, non diffusé, non applicable ou conversion impossible; jamais imputé. Consulter source et quality_report.",src_0e7cf8e163b5,FALSE,NA,Transformation locale; autorisation d’adaptation non confirmée.
party_balance_sheet,value_source,value source,"Valeur originale, y compris les symboles de suppression; ne pas les remplacer par zéro.",character,selon description,NA,"NA : absent, non diffusé, non applicable ou conversion impossible; jamais imputé. Consulter source et quality_report.",src_0e7cf8e163b5,FALSE,NA,Transformation locale; autorisation d’adaptation non confirmée.
party_balance_sheet,value_numeric,value numeric,"Conversion numérique quand elle est possible, sinon manquant.",numeric,selon description,NA,"NA : absent, non diffusé, non applicable ou conversion impossible; jamais imputé. Consulter source et quality_report.",src_0e7cf8e163b5,FALSE,NA,Transformation locale; autorisation d’adaptation non confirmée.
party_balance_sheet,financial_year,financial year,Exercice financier confirmé par en-tête et règle validée.,numeric,selon description,NA,"NA : absent, non diffusé, non applicable ou conversion impossible; jamais imputé. Consulter source et quality_report.",src_0e7cf8e163b5,FALSE,NA,Transformation locale; autorisation d’adaptation non confirmée.
party_balance_sheet,entity_name_source,entity name source,Nom officiel de l’entité bénéficiaire; aucun nom de donateur n’est conservé dans les agrégations.,character,selon description,NA,"NA : absent, non diffusé, non applicable ou conversion impossible; jamais imputé. Consulter source et quality_report.",src_0e7cf8e163b5,FALSE,NA,Transformation locale; autorisation d’adaptation non confirmée.
party_balance_sheet,review_status,review status,Type de vérification explicite appliqué à cette extraction.,character,selon description,NA,"NA : absent, non diffusé, non applicable ou conversion impossible; jamais imputé. Consulter source et quality_report.",src_0e7cf8e163b5,FALSE,NA,Transformation locale; autorisation d’adaptation non confirmée.
party_balance_sheet,value_cad,value cad,Montant d’une cellule financière dont la colonne et l’exercice ont été vérifiés.,numeric,CAD nominaux,NA,"NA : absent, non diffusé, non applicable ou conversion impossible; jamais imputé. Consulter source et quality_report.",src_0e7cf8e163b5,FALSE,NA,Transformation locale; autorisation d’adaptation non confirmée.
party_balance_sheet,entity_scope_source,entity scope source,"Périmètre comptable, notamment parti seul ou parti avec instances et exclusion des transferts internes.",character,selon description,NA,"NA : absent, non diffusé, non applicable ou conversion impossible; jamais imputé. Consulter source et quality_report.",src_0e7cf8e163b5,FALSE,NA,Transformation locale; autorisation d’adaptation non confirmée.
party_cashflows,source_id,source id,Identifiant SHA-256 de l’URL dans le catalogue maître.,character,selon description,NA,"NA : absent, non diffusé, non applicable ou conversion impossible; jamais imputé. Consulter source et quality_report.",src_0e7cf8e163b5,TRUE,voir R/common.R et script de transformation,Transformation locale; autorisation d’adaptation non confirmée.
party_cashflows,snapshot_id,snapshot id,Identifiant unique de la consultation et des octets sources.,character,selon description,NA,"NA : absent, non diffusé, non applicable ou conversion impossible; jamais imputé. Consulter source et quality_report.",src_0e7cf8e163b5,TRUE,voir R/common.R et script de transformation,Transformation locale; autorisation d’adaptation non confirmée.
party_cashflows,observed_at,observed at,Instant UTC où la source a été consultée; ne désigne pas la date de l’événement.,character,selon description,NA,"NA : absent, non diffusé, non applicable ou conversion impossible; jamais imputé. Consulter source et quality_report.",src_0e7cf8e163b5,TRUE,voir R/common.R et script de transformation,Transformation locale; autorisation d’adaptation non confirmée.
party_cashflows,retrieved_at,retrieved at,"Fin de la récupération, en UTC.",character,selon description,NA,"NA : absent, non diffusé, non applicable ou conversion impossible; jamais imputé. Consulter source et quality_report.",src_0e7cf8e163b5,TRUE,voir R/common.R et script de transformation,Transformation locale; autorisation d’adaptation non confirmée.
party_cashflows,source_updated_at,source updated at,"Horodatage annoncé par le producteur, converti en UTC; manquant si absent.",character,selon description,NA,"NA : absent, non diffusé, non applicable ou conversion impossible; jamais imputé. Consulter source et quality_report.",src_0e7cf8e163b5,FALSE,NA,Transformation locale; autorisation d’adaptation non confirmée.
party_cashflows,data_status,data status,État fourni par la source ou type explicite de transformation; finalité jamais inférée d’un pourcentage de dépouillement.,character,selon description,official_financial_cell_visually_verified,"NA : absent, non diffusé, non applicable ou conversion impossible; jamais imputé. Consulter source et quality_report.",src_0e7cf8e163b5,FALSE,NA,Transformation locale; autorisation d’adaptation non confirmée.
party_cashflows,document_title,document title,Titre du document dans l’index officiel.,character,selon description,NA,"NA : absent, non diffusé, non applicable ou conversion impossible; jamais imputé. Consulter source et quality_report.",src_0e7cf8e163b5,FALSE,NA,Transformation locale; autorisation d’adaptation non confirmée.
party_cashflows,document_url,document url,URL effectivement diffusée par le producteur.,character,selon description,NA,"NA : absent, non diffusé, non applicable ou conversion impossible; jamais imputé. Consulter source et quality_report.",src_0e7cf8e163b5,FALSE,NA,Transformation locale; autorisation d’adaptation non confirmée.
party_cashflows,financial_year_source,financial year source,Année présente dans le nom du document; ne définit pas l’exercice de chaque colonne comparative.,character,selon description,NA,"NA : absent, non diffusé, non applicable ou conversion impossible; jamais imputé. Consulter source et quality_report.",src_0e7cf8e163b5,FALSE,NA,Transformation locale; autorisation d’adaptation non confirmée.
party_cashflows,source_page,source page,"Numéro de page dans le PDF, à partir de 1; peut différer de la pagination imprimée.",character,selon description,NA,"NA : absent, non diffusé, non applicable ou conversion impossible; jamais imputé. Consulter source et quality_report.",src_0e7cf8e163b5,FALSE,NA,Transformation locale; autorisation d’adaptation non confirmée.
party_cashflows,source_line,source line,Numéro de ligne du texte extrait sur cette page.,character,selon description,NA,"NA : absent, non diffusé, non applicable ou conversion impossible; jamais imputé. Consulter source et quality_report.",src_0e7cf8e163b5,FALSE,NA,Transformation locale; autorisation d’adaptation non confirmée.
party_cashflows,line_label_source,line label source,"Libellé original de ligne comptable, avant normalisation.",character,selon description,NA,"NA : absent, non diffusé, non applicable ou conversion impossible; jamais imputé. Consulter source et quality_report.",src_0e7cf8e163b5,FALSE,NA,Transformation locale; autorisation d’adaptation non confirmée.
party_cashflows,source_numeric_column,source numeric column,Position numérique dans la ligne du texte extrait; à interpréter seulement après validation des en-têtes.,character,selon description,NA,"NA : absent, non diffusé, non applicable ou conversion impossible; jamais imputé. Consulter source et quality_report.",src_0e7cf8e163b5,FALSE,NA,Transformation locale; autorisation d’adaptation non confirmée.
party_cashflows,value_source,value source,"Valeur originale, y compris les symboles de suppression; ne pas les remplacer par zéro.",character,selon description,NA,"NA : absent, non diffusé, non applicable ou conversion impossible; jamais imputé. Consulter source et quality_report.",src_0e7cf8e163b5,FALSE,NA,Transformation locale; autorisation d’adaptation non confirmée.
party_cashflows,value_numeric,value numeric,"Conversion numérique quand elle est possible, sinon manquant.",numeric,selon description,NA,"NA : absent, non diffusé, non applicable ou conversion impossible; jamais imputé. Consulter source et quality_report.",src_0e7cf8e163b5,FALSE,NA,Transformation locale; autorisation d’adaptation non confirmée.
party_cashflows,financial_year,financial year,Exercice financier confirmé par en-tête et règle validée.,numeric,selon description,NA,"NA : absent, non diffusé, non applicable ou conversion impossible; jamais imputé. Consulter source et quality_report.",src_0e7cf8e163b5,FALSE,NA,Transformation locale; autorisation d’adaptation non confirmée.
party_cashflows,entity_name_source,entity name source,Nom officiel de l’entité bénéficiaire; aucun nom de donateur n’est conservé dans les agrégations.,character,selon description,NA,"NA : absent, non diffusé, non applicable ou conversion impossible; jamais imputé. Consulter source et quality_report.",src_0e7cf8e163b5,FALSE,NA,Transformation locale; autorisation d’adaptation non confirmée.
party_cashflows,review_status,review status,Type de vérification explicite appliqué à cette extraction.,character,selon description,NA,"NA : absent, non diffusé, non applicable ou conversion impossible; jamais imputé. Consulter source et quality_report.",src_0e7cf8e163b5,FALSE,NA,Transformation locale; autorisation d’adaptation non confirmée.
party_cashflows,value_cad,value cad,Montant d’une cellule financière dont la colonne et l’exercice ont été vérifiés.,numeric,CAD nominaux,NA,"NA : absent, non diffusé, non applicable ou conversion impossible; jamais imputé. Consulter source et quality_report.",src_0e7cf8e163b5,FALSE,NA,Transformation locale; autorisation d’adaptation non confirmée.
party_cashflows,entity_scope_source,entity scope source,"Périmètre comptable, notamment parti seul ou parti avec instances et exclusion des transferts internes.",character,selon description,NA,"NA : absent, non diffusé, non applicable ou conversion impossible; jamais imputé. Consulter source et quality_report.",src_0e7cf8e163b5,FALSE,NA,Transformation locale; autorisation d’adaptation non confirmée.
party_finance_expenses,source_id,source id,Identifiant SHA-256 de l’URL dans le catalogue maître.,character,selon description,NA,"NA : absent, non diffusé, non applicable ou conversion impossible; jamais imputé. Consulter source et quality_report.",src_0e7cf8e163b5,TRUE,voir R/common.R et script de transformation,Transformation locale; autorisation d’adaptation non confirmée.
party_finance_expenses,snapshot_id,snapshot id,Identifiant unique de la consultation et des octets sources.,character,selon description,NA,"NA : absent, non diffusé, non applicable ou conversion impossible; jamais imputé. Consulter source et quality_report.",src_0e7cf8e163b5,TRUE,voir R/common.R et script de transformation,Transformation locale; autorisation d’adaptation non confirmée.
party_finance_expenses,observed_at,observed at,Instant UTC où la source a été consultée; ne désigne pas la date de l’événement.,character,selon description,NA,"NA : absent, non diffusé, non applicable ou conversion impossible; jamais imputé. Consulter source et quality_report.",src_0e7cf8e163b5,TRUE,voir R/common.R et script de transformation,Transformation locale; autorisation d’adaptation non confirmée.
party_finance_expenses,retrieved_at,retrieved at,"Fin de la récupération, en UTC.",character,selon description,NA,"NA : absent, non diffusé, non applicable ou conversion impossible; jamais imputé. Consulter source et quality_report.",src_0e7cf8e163b5,TRUE,voir R/common.R et script de transformation,Transformation locale; autorisation d’adaptation non confirmée.
party_finance_expenses,source_updated_at,source updated at,"Horodatage annoncé par le producteur, converti en UTC; manquant si absent.",character,selon description,NA,"NA : absent, non diffusé, non applicable ou conversion impossible; jamais imputé. Consulter source et quality_report.",src_0e7cf8e163b5,FALSE,NA,Transformation locale; autorisation d’adaptation non confirmée.
party_finance_expenses,data_status,data status,État fourni par la source ou type explicite de transformation; finalité jamais inférée d’un pourcentage de dépouillement.,character,selon description,official_financial_cell_visually_verified,"NA : absent, non diffusé, non applicable ou conversion impossible; jamais imputé. Consulter source et quality_report.",src_0e7cf8e163b5,FALSE,NA,Transformation locale; autorisation d’adaptation non confirmée.
party_finance_expenses,document_title,document title,Titre du document dans l’index officiel.,character,selon description,NA,"NA : absent, non diffusé, non applicable ou conversion impossible; jamais imputé. Consulter source et quality_report.",src_0e7cf8e163b5,FALSE,NA,Transformation locale; autorisation d’adaptation non confirmée.
party_finance_expenses,document_url,document url,URL effectivement diffusée par le producteur.,character,selon description,NA,"NA : absent, non diffusé, non applicable ou conversion impossible; jamais imputé. Consulter source et quality_report.",src_0e7cf8e163b5,FALSE,NA,Transformation locale; autorisation d’adaptation non confirmée.
party_finance_expenses,financial_year_source,financial year source,Année présente dans le nom du document; ne définit pas l’exercice de chaque colonne comparative.,character,selon description,NA,"NA : absent, non diffusé, non applicable ou conversion impossible; jamais imputé. Consulter source et quality_report.",src_0e7cf8e163b5,FALSE,NA,Transformation locale; autorisation d’adaptation non confirmée.
party_finance_expenses,source_page,source page,"Numéro de page dans le PDF, à partir de 1; peut différer de la pagination imprimée.",character,selon description,NA,"NA : absent, non diffusé, non applicable ou conversion impossible; jamais imputé. Consulter source et quality_report.",src_0e7cf8e163b5,FALSE,NA,Transformation locale; autorisation d’adaptation non confirmée.
party_finance_expenses,source_line,source line,Numéro de ligne du texte extrait sur cette page.,character,selon description,NA,"NA : absent, non diffusé, non applicable ou conversion impossible; jamais imputé. Consulter source et quality_report.",src_0e7cf8e163b5,FALSE,NA,Transformation locale; autorisation d’adaptation non confirmée.
party_finance_expenses,line_label_source,line label source,"Libellé original de ligne comptable, avant normalisation.",character,selon description,NA,"NA : absent, non diffusé, non applicable ou conversion impossible; jamais imputé. Consulter source et quality_report.",src_0e7cf8e163b5,FALSE,NA,Transformation locale; autorisation d’adaptation non confirmée.
party_finance_expenses,source_numeric_column,source numeric column,Position numérique dans la ligne du texte extrait; à interpréter seulement après validation des en-têtes.,character,selon description,NA,"NA : absent, non diffusé, non applicable ou conversion impossible; jamais imputé. Consulter source et quality_report.",src_0e7cf8e163b5,FALSE,NA,Transformation locale; autorisation d’adaptation non confirmée.
party_finance_expenses,value_source,value source,"Valeur originale, y compris les symboles de suppression; ne pas les remplacer par zéro.",character,selon description,NA,"NA : absent, non diffusé, non applicable ou conversion impossible; jamais imputé. Consulter source et quality_report.",src_0e7cf8e163b5,FALSE,NA,Transformation locale; autorisation d’adaptation non confirmée.
party_finance_expenses,value_numeric,value numeric,"Conversion numérique quand elle est possible, sinon manquant.",numeric,selon description,NA,"NA : absent, non diffusé, non applicable ou conversion impossible; jamais imputé. Consulter source et quality_report.",src_0e7cf8e163b5,FALSE,NA,Transformation locale; autorisation d’adaptation non confirmée.
party_finance_expenses,financial_year,financial year,Exercice financier confirmé par en-tête et règle validée.,numeric,selon description,NA,"NA : absent, non diffusé, non applicable ou conversion impossible; jamais imputé. Consulter source et quality_report.",src_0e7cf8e163b5,FALSE,NA,Transformation locale; autorisation d’adaptation non confirmée.
party_finance_expenses,entity_name_source,entity name source,Nom officiel de l’entité bénéficiaire; aucun nom de donateur n’est conservé dans les agrégations.,character,selon description,NA,"NA : absent, non diffusé, non applicable ou conversion impossible; jamais imputé. Consulter source et quality_report.",src_0e7cf8e163b5,FALSE,NA,Transformation locale; autorisation d’adaptation non confirmée.
party_finance_expenses,review_status,review status,Type de vérification explicite appliqué à cette extraction.,character,selon description,NA,"NA : absent, non diffusé, non applicable ou conversion impossible; jamais imputé. Consulter source et quality_report.",src_0e7cf8e163b5,FALSE,NA,Transformation locale; autorisation d’adaptation non confirmée.
party_finance_expenses,value_cad,value cad,Montant d’une cellule financière dont la colonne et l’exercice ont été vérifiés.,numeric,CAD nominaux,NA,"NA : absent, non diffusé, non applicable ou conversion impossible; jamais imputé. Consulter source et quality_report.",src_0e7cf8e163b5,FALSE,NA,Transformation locale; autorisation d’adaptation non confirmée.
party_finance_expenses,entity_scope_source,entity scope source,"Périmètre comptable, notamment parti seul ou parti avec instances et exclusion des transferts internes.",character,selon description,NA,"NA : absent, non diffusé, non applicable ou conversion impossible; jamais imputé. Consulter source et quality_report.",src_0e7cf8e163b5,FALSE,NA,Transformation locale; autorisation d’adaptation non confirmée.
party_finance_income,source_id,source id,Identifiant SHA-256 de l’URL dans le catalogue maître.,character,selon description,NA,"NA : absent, non diffusé, non applicable ou conversion impossible; jamais imputé. Consulter source et quality_report.",src_0e7cf8e163b5,TRUE,voir R/common.R et script de transformation,Transformation locale; autorisation d’adaptation non confirmée.
party_finance_income,snapshot_id,snapshot id,Identifiant unique de la consultation et des octets sources.,character,selon description,NA,"NA : absent, non diffusé, non applicable ou conversion impossible; jamais imputé. Consulter source et quality_report.",src_0e7cf8e163b5,TRUE,voir R/common.R et script de transformation,Transformation locale; autorisation d’adaptation non confirmée.
party_finance_income,observed_at,observed at,Instant UTC où la source a été consultée; ne désigne pas la date de l’événement.,character,selon description,NA,"NA : absent, non diffusé, non applicable ou conversion impossible; jamais imputé. Consulter source et quality_report.",src_0e7cf8e163b5,TRUE,voir R/common.R et script de transformation,Transformation locale; autorisation d’adaptation non confirmée.
party_finance_income,retrieved_at,retrieved at,"Fin de la récupération, en UTC.",character,selon description,NA,"NA : absent, non diffusé, non applicable ou conversion impossible; jamais imputé. Consulter source et quality_report.",src_0e7cf8e163b5,TRUE,voir R/common.R et script de transformation,Transformation locale; autorisation d’adaptation non confirmée.
party_finance_income,source_updated_at,source updated at,"Horodatage annoncé par le producteur, converti en UTC; manquant si absent.",character,selon description,NA,"NA : absent, non diffusé, non applicable ou conversion impossible; jamais imputé. Consulter source et quality_report.",src_0e7cf8e163b5,FALSE,NA,Transformation locale; autorisation d’adaptation non confirmée.
party_finance_income,data_status,data status,État fourni par la source ou type explicite de transformation; finalité jamais inférée d’un pourcentage de dépouillement.,character,selon description,official_financial_cell_visually_verified,"NA : absent, non diffusé, non applicable ou conversion impossible; jamais imputé. Consulter source et quality_report.",src_0e7cf8e163b5,FALSE,NA,Transformation locale; autorisation d’adaptation non confirmée.
party_finance_income,document_title,document title,Titre du document dans l’index officiel.,character,selon description,NA,"NA : absent, non diffusé, non applicable ou conversion impossible; jamais imputé. Consulter source et quality_report.",src_0e7cf8e163b5,FALSE,NA,Transformation locale; autorisation d’adaptation non confirmée.
party_finance_income,document_url,document url,URL effectivement diffusée par le producteur.,character,selon description,NA,"NA : absent, non diffusé, non applicable ou conversion impossible; jamais imputé. Consulter source et quality_report.",src_0e7cf8e163b5,FALSE,NA,Transformation locale; autorisation d’adaptation non confirmée.
party_finance_income,financial_year_source,financial year source,Année présente dans le nom du document; ne définit pas l’exercice de chaque colonne comparative.,character,selon description,NA,"NA : absent, non diffusé, non applicable ou conversion impossible; jamais imputé. Consulter source et quality_report.",src_0e7cf8e163b5,FALSE,NA,Transformation locale; autorisation d’adaptation non confirmée.
party_finance_income,source_page,source page,"Numéro de page dans le PDF, à partir de 1; peut différer de la pagination imprimée.",character,selon description,NA,"NA : absent, non diffusé, non applicable ou conversion impossible; jamais imputé. Consulter source et quality_report.",src_0e7cf8e163b5,FALSE,NA,Transformation locale; autorisation d’adaptation non confirmée.
party_finance_income,source_line,source line,Numéro de ligne du texte extrait sur cette page.,character,selon description,NA,"NA : absent, non diffusé, non applicable ou conversion impossible; jamais imputé. Consulter source et quality_report.",src_0e7cf8e163b5,FALSE,NA,Transformation locale; autorisation d’adaptation non confirmée.
party_finance_income,line_label_source,line label source,"Libellé original de ligne comptable, avant normalisation.",character,selon description,NA,"NA : absent, non diffusé, non applicable ou conversion impossible; jamais imputé. Consulter source et quality_report.",src_0e7cf8e163b5,FALSE,NA,Transformation locale; autorisation d’adaptation non confirmée.
party_finance_income,source_numeric_column,source numeric column,Position numérique dans la ligne du texte extrait; à interpréter seulement après validation des en-têtes.,character,selon description,NA,"NA : absent, non diffusé, non applicable ou conversion impossible; jamais imputé. Consulter source et quality_report.",src_0e7cf8e163b5,FALSE,NA,Transformation locale; autorisation d’adaptation non confirmée.
party_finance_income,value_source,value source,"Valeur originale, y compris les symboles de suppression; ne pas les remplacer par zéro.",character,selon description,NA,"NA : absent, non diffusé, non applicable ou conversion impossible; jamais imputé. Consulter source et quality_report.",src_0e7cf8e163b5,FALSE,NA,Transformation locale; autorisation d’adaptation non confirmée.
party_finance_income,value_numeric,value numeric,"Conversion numérique quand elle est possible, sinon manquant.",numeric,selon description,NA,"NA : absent, non diffusé, non applicable ou conversion impossible; jamais imputé. Consulter source et quality_report.",src_0e7cf8e163b5,FALSE,NA,Transformation locale; autorisation d’adaptation non confirmée.
party_finance_income,financial_year,financial year,Exercice financier confirmé par en-tête et règle validée.,numeric,selon description,NA,"NA : absent, non diffusé, non applicable ou conversion impossible; jamais imputé. Consulter source et quality_report.",src_0e7cf8e163b5,FALSE,NA,Transformation locale; autorisation d’adaptation non confirmée.
party_finance_income,entity_name_source,entity name source,Nom officiel de l’entité bénéficiaire; aucun nom de donateur n’est conservé dans les agrégations.,character,selon description,NA,"NA : absent, non diffusé, non applicable ou conversion impossible; jamais imputé. Consulter source et quality_report.",src_0e7cf8e163b5,FALSE,NA,Transformation locale; autorisation d’adaptation non confirmée.
party_finance_income,review_status,review status,Type de vérification explicite appliqué à cette extraction.,character,selon description,NA,"NA : absent, non diffusé, non applicable ou conversion impossible; jamais imputé. Consulter source et quality_report.",src_0e7cf8e163b5,FALSE,NA,Transformation locale; autorisation d’adaptation non confirmée.
party_finance_income,value_cad,value cad,Montant d’une cellule financière dont la colonne et l’exercice ont été vérifiés.,numeric,CAD nominaux,NA,"NA : absent, non diffusé, non applicable ou conversion impossible; jamais imputé. Consulter source et quality_report.",src_0e7cf8e163b5,FALSE,NA,Transformation locale; autorisation d’adaptation non confirmée.
party_finance_income,entity_scope_source,entity scope source,"Périmètre comptable, notamment parti seul ou parti avec instances et exclusion des transferts internes.",character,selon description,NA,"NA : absent, non diffusé, non applicable ou conversion impossible; jamais imputé. Consulter source et quality_report.",src_0e7cf8e163b5,FALSE,NA,Transformation locale; autorisation d’adaptation non confirmée.
party_finance_income_summary,entity_name_source,entity name source,Nom officiel de l’entité bénéficiaire; aucun nom de donateur n’est conservé dans les agrégations.,character,selon description,NA,"NA : absent, non diffusé, non applicable ou conversion impossible; jamais imputé. Consulter source et quality_report.",src_f5ccbf4af143,FALSE,NA,Transformation locale; autorisation d’adaptation non confirmée.
party_finance_income_summary,financial_year,financial year,Exercice financier confirmé par en-tête et règle validée.,numeric,selon description,NA,"NA : absent, non diffusé, non applicable ou conversion impossible; jamais imputé. Consulter source et quality_report.",src_f5ccbf4af143,FALSE,NA,Transformation locale; autorisation d’adaptation non confirmée.
party_finance_income_summary,source_page,source page,"Numéro de page dans le PDF, à partir de 1; peut différer de la pagination imprimée.",character,selon description,NA,"NA : absent, non diffusé, non applicable ou conversion impossible; jamais imputé. Consulter source et quality_report.",src_f5ccbf4af143,FALSE,NA,Transformation locale; autorisation d’adaptation non confirmée.
party_finance_income_summary,total_expenses_cad,total expenses cad,"Total officiel des dépenses du parti et de ses instances, transferts entre entités exclus.",numeric,CAD nominaux,NA,"NA : absent, non diffusé, non applicable ou conversion impossible; jamais imputé. Consulter source et quality_report.",src_f5ccbf4af143,FALSE,NA,Transformation locale; autorisation d’adaptation non confirmée.
party_finance_income_summary,review_hash,review hash,Empreinte de l’extraction approuvée et de son PDF; une modification exige une nouvelle vérification.,character,selon description,NA,"NA : absent, non diffusé, non applicable ou conversion impossible; jamais imputé. Consulter source et quality_report.",src_f5ccbf4af143,FALSE,NA,Transformation locale; autorisation d’adaptation non confirmée.
party_finance_income_summary,source_id,source id,Identifiant SHA-256 de l’URL dans le catalogue maître.,character,selon description,NA,"NA : absent, non diffusé, non applicable ou conversion impossible; jamais imputé. Consulter source et quality_report.",src_f5ccbf4af143,TRUE,voir R/common.R et script de transformation,Transformation locale; autorisation d’adaptation non confirmée.
party_finance_income_summary,snapshot_id,snapshot id,Identifiant unique de la consultation et des octets sources.,character,selon description,NA,"NA : absent, non diffusé, non applicable ou conversion impossible; jamais imputé. Consulter source et quality_report.",src_f5ccbf4af143,TRUE,voir R/common.R et script de transformation,Transformation locale; autorisation d’adaptation non confirmée.
party_finance_income_summary,observed_at,observed at,Instant UTC où la source a été consultée; ne désigne pas la date de l’événement.,character,selon description,NA,"NA : absent, non diffusé, non applicable ou conversion impossible; jamais imputé. Consulter source et quality_report.",src_f5ccbf4af143,TRUE,voir R/common.R et script de transformation,Transformation locale; autorisation d’adaptation non confirmée.
party_finance_income_summary,retrieved_at,retrieved at,"Fin de la récupération, en UTC.",character,selon description,NA,"NA : absent, non diffusé, non applicable ou conversion impossible; jamais imputé. Consulter source et quality_report.",src_f5ccbf4af143,TRUE,voir R/common.R et script de transformation,Transformation locale; autorisation d’adaptation non confirmée.
party_finance_income_summary,source_updated_at,source updated at,"Horodatage annoncé par le producteur, converti en UTC; manquant si absent.",character,selon description,NA,"NA : absent, non diffusé, non applicable ou conversion impossible; jamais imputé. Consulter source et quality_report.",src_f5ccbf4af143,FALSE,NA,Transformation locale; autorisation d’adaptation non confirmée.
party_finance_income_summary,data_status,data status,État fourni par la source ou type explicite de transformation; finalité jamais inférée d’un pourcentage de dépouillement.,character,selon description,official_summary_visually_verified,"NA : absent, non diffusé, non applicable ou conversion impossible; jamais imputé. Consulter source et quality_report.",src_f5ccbf4af143,FALSE,NA,Transformation locale; autorisation d’adaptation non confirmée.
party_finance_income_summary,value_tokens_source,value tokens source,Jetons OCR originaux de la ligne; les tirets et artefacts restent conservés et manquants.,character,selon description,NA,"NA : absent, non diffusé, non applicable ou conversion impossible; jamais imputé. Consulter source et quality_report.",src_f5ccbf4af143,FALSE,NA,Transformation locale; autorisation d’adaptation non confirmée.
party_finance_income_summary,entity_scope_source,entity scope source,"Périmètre comptable, notamment parti seul ou parti avec instances et exclusion des transferts internes.",character,selon description,NA,"NA : absent, non diffusé, non applicable ou conversion impossible; jamais imputé. Consulter source et quality_report.",src_f5ccbf4af143,FALSE,NA,Transformation locale; autorisation d’adaptation non confirmée.
party_finance_income_summary,report_status_source,report status source,Rapport produit ou non produit selon le sommaire source; montant manquant ne signifie pas dépense nulle.,character,selon description,NA,"NA : absent, non diffusé, non applicable ou conversion impossible; jamais imputé. Consulter source et quality_report.",src_f5ccbf4af143,FALSE,NA,Transformation locale; autorisation d’adaptation non confirmée.
party_finance_income_summary,account_source,account source,Poste de revenus dans la récapitulation officielle.,character,selon description,NA,"NA : absent, non diffusé, non applicable ou conversion impossible; jamais imputé. Consulter source et quality_report.",src_f5ccbf4af143,FALSE,NA,Transformation locale; autorisation d’adaptation non confirmée.
party_finance_income_summary,value_cad,value cad,Montant d’une cellule financière dont la colonne et l’exercice ont été vérifiés.,numeric,CAD nominaux,NA,"NA : absent, non diffusé, non applicable ou conversion impossible; jamais imputé. Consulter source et quality_report.",src_f5ccbf4af143,FALSE,NA,Transformation locale; autorisation d’adaptation non confirmée.
party_finances_annual,entity_name_source,entity name source,Nom officiel de l’entité bénéficiaire; aucun nom de donateur n’est conservé dans les agrégations.,character,selon description,NA,"NA : absent, non diffusé, non applicable ou conversion impossible; jamais imputé. Consulter source et quality_report.",src_f5ccbf4af143,FALSE,NA,Transformation locale; autorisation d’adaptation non confirmée.
party_finances_annual,financial_year,financial year,Exercice financier confirmé par en-tête et règle validée.,numeric,selon description,NA,"NA : absent, non diffusé, non applicable ou conversion impossible; jamais imputé. Consulter source et quality_report.",src_f5ccbf4af143,FALSE,NA,Transformation locale; autorisation d’adaptation non confirmée.
party_finances_annual,source_page,source page,"Numéro de page dans le PDF, à partir de 1; peut différer de la pagination imprimée.",character,selon description,NA,"NA : absent, non diffusé, non applicable ou conversion impossible; jamais imputé. Consulter source et quality_report.",src_f5ccbf4af143,FALSE,NA,Transformation locale; autorisation d’adaptation non confirmée.
party_finances_annual,contributions_cad,contributions cad,"Revenus de contributions dans la récapitulation annuelle officielle, en CAD nominaux.",numeric,CAD nominaux,NA,"NA : absent, non diffusé, non applicable ou conversion impossible; jamais imputé. Consulter source et quality_report.",src_f5ccbf4af143,FALSE,NA,Transformation locale; autorisation d’adaptation non confirmée.
party_finances_annual,memberships_cad,memberships cad,"Revenus d’adhésions dans la récapitulation officielle, en CAD nominaux.",numeric,CAD nominaux,NA,"NA : absent, non diffusé, non applicable ou conversion impossible; jamais imputé. Consulter source et quality_report.",src_f5ccbf4af143,FALSE,NA,Transformation locale; autorisation d’adaptation non confirmée.
party_finances_annual,political_activities_cad,political activities cad,"Revenus d’activités politiques dans la récapitulation officielle, en CAD nominaux.",numeric,CAD nominaux,NA,"NA : absent, non diffusé, non applicable ou conversion impossible; jamais imputé. Consulter source et quality_report.",src_f5ccbf4af143,FALSE,NA,Transformation locale; autorisation d’adaptation non confirmée.
party_finances_annual,public_funding_cad,public funding cad,Financement public dans la récapitulation officielle; périmètre distinct des seules allocations versées.,numeric,CAD nominaux,NA,"NA : absent, non diffusé, non applicable ou conversion impossible; jamais imputé. Consulter source et quality_report.",src_f5ccbf4af143,FALSE,NA,Transformation locale; autorisation d’adaptation non confirmée.
party_finances_annual,electoral_reimbursements_cad,electoral reimbursements cad,"Remboursements de dépenses électorales dans la récapitulation officielle, en CAD nominaux.",numeric,CAD nominaux,NA,"NA : absent, non diffusé, non applicable ou conversion impossible; jamais imputé. Consulter source et quality_report.",src_f5ccbf4af143,FALSE,NA,Transformation locale; autorisation d’adaptation non confirmée.
party_finances_annual,other_income_cad,other income cad,"Autres revenus dans la récapitulation officielle, en CAD nominaux.",numeric,CAD nominaux,NA,"NA : absent, non diffusé, non applicable ou conversion impossible; jamais imputé. Consulter source et quality_report.",src_f5ccbf4af143,FALSE,NA,Transformation locale; autorisation d’adaptation non confirmée.
party_finances_annual,total_income_cad,total income cad,"Total officiel des revenus du parti et de ses instances, transferts entre entités exclus.",numeric,CAD nominaux,NA,"NA : absent, non diffusé, non applicable ou conversion impossible; jamais imputé. Consulter source et quality_report.",src_f5ccbf4af143,FALSE,NA,Transformation locale; autorisation d’adaptation non confirmée.
party_finances_annual,total_expenses_cad,total expenses cad,"Total officiel des dépenses du parti et de ses instances, transferts entre entités exclus.",numeric,CAD nominaux,NA,"NA : absent, non diffusé, non applicable ou conversion impossible; jamais imputé. Consulter source et quality_report.",src_f5ccbf4af143,FALSE,NA,Transformation locale; autorisation d’adaptation non confirmée.
party_finances_annual,review_hash,review hash,Empreinte de l’extraction approuvée et de son PDF; une modification exige une nouvelle vérification.,character,selon description,NA,"NA : absent, non diffusé, non applicable ou conversion impossible; jamais imputé. Consulter source et quality_report.",src_f5ccbf4af143,FALSE,NA,Transformation locale; autorisation d’adaptation non confirmée.
party_finances_annual,source_id,source id,Identifiant SHA-256 de l’URL dans le catalogue maître.,character,selon description,NA,"NA : absent, non diffusé, non applicable ou conversion impossible; jamais imputé. Consulter source et quality_report.",src_f5ccbf4af143,TRUE,voir R/common.R et script de transformation,Transformation locale; autorisation d’adaptation non confirmée.
party_finances_annual,snapshot_id,snapshot id,Identifiant unique de la consultation et des octets sources.,character,selon description,NA,"NA : absent, non diffusé, non applicable ou conversion impossible; jamais imputé. Consulter source et quality_report.",src_f5ccbf4af143,TRUE,voir R/common.R et script de transformation,Transformation locale; autorisation d’adaptation non confirmée.
party_finances_annual,observed_at,observed at,Instant UTC où la source a été consultée; ne désigne pas la date de l’événement.,character,selon description,NA,"NA : absent, non diffusé, non applicable ou conversion impossible; jamais imputé. Consulter source et quality_report.",src_f5ccbf4af143,TRUE,voir R/common.R et script de transformation,Transformation locale; autorisation d’adaptation non confirmée.
party_finances_annual,retrieved_at,retrieved at,"Fin de la récupération, en UTC.",character,selon description,NA,"NA : absent, non diffusé, non applicable ou conversion impossible; jamais imputé. Consulter source et quality_report.",src_f5ccbf4af143,TRUE,voir R/common.R et script de transformation,Transformation locale; autorisation d’adaptation non confirmée.
party_finances_annual,source_updated_at,source updated at,"Horodatage annoncé par le producteur, converti en UTC; manquant si absent.",character,selon description,NA,"NA : absent, non diffusé, non applicable ou conversion impossible; jamais imputé. Consulter source et quality_report.",src_f5ccbf4af143,FALSE,NA,Transformation locale; autorisation d’adaptation non confirmée.
party_finances_annual,data_status,data status,État fourni par la source ou type explicite de transformation; finalité jamais inférée d’un pourcentage de dépouillement.,character,selon description,official_summary_visually_verified,"NA : absent, non diffusé, non applicable ou conversion impossible; jamais imputé. Consulter source et quality_report.",src_f5ccbf4af143,FALSE,NA,Transformation locale; autorisation d’adaptation non confirmée.
party_finances_annual,value_tokens_source,value tokens source,Jetons OCR originaux de la ligne; les tirets et artefacts restent conservés et manquants.,character,selon description,NA,"NA : absent, non diffusé, non applicable ou conversion impossible; jamais imputé. Consulter source et quality_report.",src_f5ccbf4af143,FALSE,NA,Transformation locale; autorisation d’adaptation non confirmée.
party_finances_annual,entity_scope_source,entity scope source,"Périmètre comptable, notamment parti seul ou parti avec instances et exclusion des transferts internes.",character,selon description,NA,"NA : absent, non diffusé, non applicable ou conversion impossible; jamais imputé. Consulter source et quality_report.",src_f5ccbf4af143,FALSE,NA,Transformation locale; autorisation d’adaptation non confirmée.
party_finances_annual,report_status_source,report status source,Rapport produit ou non produit selon le sommaire source; montant manquant ne signifie pas dépense nulle.,character,selon description,NA,"NA : absent, non diffusé, non applicable ou conversion impossible; jamais imputé. Consulter source et quality_report.",src_f5ccbf4af143,FALSE,NA,Transformation locale; autorisation d’adaptation non confirmée.
party_public_funding,numero_parti,numero parti,Code original du parti dans le JSON des allocations; aucune continuité avec les anciens codes électoraux présumée.,integer,selon description,NA,"NA : absent, non diffusé, non applicable ou conversion impossible; jamais imputé. Consulter source et quality_report.",src_f9078e7eddb3,FALSE,NA,Transformation locale; autorisation d’adaptation non confirmée.
party_public_funding,nom_parti,nom parti,Nom original du parti dans le JSON des allocations.,character,selon description,NA,"NA : absent, non diffusé, non applicable ou conversion impossible; jamais imputé. Consulter source et quality_report.",src_f9078e7eddb3,FALSE,NA,Transformation locale; autorisation d’adaptation non confirmée.
party_public_funding,montant,montant,"Valeur monétaire originale du JSON des allocations, sans renommage destructif.",numeric,selon description,NA,"NA : absent, non diffusé, non applicable ou conversion impossible; jamais imputé. Consulter source et quality_report.",src_f9078e7eddb3,FALSE,NA,Transformation locale; autorisation d’adaptation non confirmée.
party_public_funding,financial_year,financial year,Exercice financier confirmé par en-tête et règle validée.,integer,selon description,NA,"NA : absent, non diffusé, non applicable ou conversion impossible; jamais imputé. Consulter source et quality_report.",src_f9078e7eddb3,FALSE,NA,Transformation locale; autorisation d’adaptation non confirmée.
party_public_funding,entity_name_source,entity name source,Nom officiel de l’entité bénéficiaire; aucun nom de donateur n’est conservé dans les agrégations.,character,selon description,NA,"NA : absent, non diffusé, non applicable ou conversion impossible; jamais imputé. Consulter source et quality_report.",src_f9078e7eddb3,FALSE,NA,Transformation locale; autorisation d’adaptation non confirmée.
party_public_funding,party_code_source,party code source,"Code original dans le JSON, lorsqu’il existe.",character,selon description,NA,"NA : absent, non diffusé, non applicable ou conversion impossible; jamais imputé. Consulter source et quality_report.",src_f9078e7eddb3,FALSE,NA,Transformation locale; autorisation d’adaptation non confirmée.
party_public_funding,allocation_paid_cad,allocation paid cad,"Allocation effectivement versée dans l’année publiée, en dollars nominaux.",numeric,CAD nominaux,NA,"NA : absent, non diffusé, non applicable ou conversion impossible; jamais imputé. Consulter source et quality_report.",src_f9078e7eddb3,FALSE,NA,Transformation locale; autorisation d’adaptation non confirmée.
party_public_funding,year_context_source_id,year context source id,Source de la page officielle dont le titre précise l’année des allocations.,character,selon description,NA,"NA : absent, non diffusé, non applicable ou conversion impossible; jamais imputé. Consulter source et quality_report.",src_f9078e7eddb3,TRUE,voir R/common.R et script de transformation,Transformation locale; autorisation d’adaptation non confirmée.
party_public_funding,year_context_snapshot_id,year context snapshot id,"Capture de cette page officielle, consultée le même jour que le JSON des allocations.",character,selon description,NA,"NA : absent, non diffusé, non applicable ou conversion impossible; jamais imputé. Consulter source et quality_report.",src_f9078e7eddb3,TRUE,voir R/common.R et script de transformation,Transformation locale; autorisation d’adaptation non confirmée.
party_public_funding,source_id,source id,Identifiant SHA-256 de l’URL dans le catalogue maître.,character,selon description,NA,"NA : absent, non diffusé, non applicable ou conversion impossible; jamais imputé. Consulter source et quality_report.",src_f9078e7eddb3,TRUE,voir R/common.R et script de transformation,Transformation locale; autorisation d’adaptation non confirmée.
party_public_funding,snapshot_id,snapshot id,Identifiant unique de la consultation et des octets sources.,character,selon description,NA,"NA : absent, non diffusé, non applicable ou conversion impossible; jamais imputé. Consulter source et quality_report.",src_f9078e7eddb3,TRUE,voir R/common.R et script de transformation,Transformation locale; autorisation d’adaptation non confirmée.
party_public_funding,observed_at,observed at,Instant UTC où la source a été consultée; ne désigne pas la date de l’événement.,character,selon description,NA,"NA : absent, non diffusé, non applicable ou conversion impossible; jamais imputé. Consulter source et quality_report.",src_f9078e7eddb3,TRUE,voir R/common.R et script de transformation,Transformation locale; autorisation d’adaptation non confirmée.
party_public_funding,retrieved_at,retrieved at,"Fin de la récupération, en UTC.",character,selon description,NA,"NA : absent, non diffusé, non applicable ou conversion impossible; jamais imputé. Consulter source et quality_report.",src_f9078e7eddb3,TRUE,voir R/common.R et script de transformation,Transformation locale; autorisation d’adaptation non confirmée.
party_public_funding,source_updated_at,source updated at,"Horodatage annoncé par le producteur, converti en UTC; manquant si absent.",character,selon description,NA,"NA : absent, non diffusé, non applicable ou conversion impossible; jamais imputé. Consulter source et quality_report.",src_f9078e7eddb3,FALSE,NA,Transformation locale; autorisation d’adaptation non confirmée.
party_public_funding,data_status,data status,État fourni par la source ou type explicite de transformation; finalité jamais inférée d’un pourcentage de dépouillement.,character,selon description,official_public_funding,"NA : absent, non diffusé, non applicable ou conversion impossible; jamais imputé. Consulter source et quality_report.",src_f9078e7eddb3,FALSE,NA,Transformation locale; autorisation d’adaptation non confirmée.
political_contributions_aggregated,entity_type_source,entity type source,"Type officiel d’entité bénéficiaire du financement : parti, candidat, député ou campagne.",character,selon description,NA,"NA : absent, non diffusé, non applicable ou conversion impossible; jamais imputé. Consulter source et quality_report.",src_54b914419613,FALSE,NA,Transformation locale; autorisation d’adaptation non confirmée.
political_contributions_aggregated,entity_name_source,entity name source,Nom officiel de l’entité bénéficiaire; aucun nom de donateur n’est conservé dans les agrégations.,character,selon description,NA,"NA : absent, non diffusé, non applicable ou conversion impossible; jamais imputé. Consulter source et quality_report.",src_54b914419613,FALSE,NA,Transformation locale; autorisation d’adaptation non confirmée.
political_contributions_aggregated,event_date_source,event date source,Date de campagne à la direction fournie dans le fichier de contributions; ce n’est pas une date de versement.,character,selon description,NA,"NA : absent, non diffusé, non applicable ou conversion impossible; jamais imputé. Consulter source et quality_report.",src_54b914419613,FALSE,NA,Transformation locale; autorisation d’adaptation non confirmée.
political_contributions_aggregated,year,year,"Année financière déclarée dans le fichier, pas une année reconstruite à partir d’une campagne.",numeric,selon description,NA,"NA : absent, non diffusé, non applicable ou conversion impossible; jamais imputé. Consulter source et quality_report.",src_54b914419613,FALSE,NA,Transformation locale; autorisation d’adaptation non confirmée.
political_contributions_aggregated,contributor_entity_records,contributor entity records,Nombre de lignes annuelles personne-entité dans la source. Les mêmes personnes peuvent figurer dans plusieurs groupes.,integer,selon description,NA,"NA : absent, non diffusé, non applicable ou conversion impossible; jamais imputé. Consulter source et quality_report.",src_54b914419613,FALSE,NA,Transformation locale; autorisation d’adaptation non confirmée.
political_contributions_aggregated,contributions_count,contributions count,Somme du nombre de versements annoncé pour les lignes personne-entité annuelles; aucune personne distincte inférée.,numeric,selon description,NA,"NA : absent, non diffusé, non applicable ou conversion impossible; jamais imputé. Consulter source et quality_report.",src_54b914419613,FALSE,NA,Transformation locale; autorisation d’adaptation non confirmée.
political_contributions_aggregated,missing_amount_count,missing amount count,Nombre de contributions dont le montant n’a pas pu être lu.,integer,selon description,NA,"NA : absent, non diffusé, non applicable ou conversion impossible; jamais imputé. Consulter source et quality_report.",src_54b914419613,FALSE,NA,Transformation locale; autorisation d’adaptation non confirmée.
political_contributions_aggregated,total_amount,total amount,Somme des montants; manquant si un montant du groupe est manquant.,numeric,CAD nominaux,NA,"NA : absent, non diffusé, non applicable ou conversion impossible; jamais imputé. Consulter source et quality_report.",src_54b914419613,TRUE,sum(amount) si aucune valeur manquante,Transformation locale; autorisation d’adaptation non confirmée.
political_contributions_aggregated,median_amount,median amount,Médiane des totaux annuels personne-entité; ne décrit pas les versements individuels.,numeric,CAD nominaux,NA,"NA : absent, non diffusé, non applicable ou conversion impossible; jamais imputé. Consulter source et quality_report.",src_54b914419613,TRUE,median(amount),Transformation locale; autorisation d’adaptation non confirmée.
political_contributions_aggregated,q25_amount,q25 amount,"Premier quartile des totaux annuels personne-entité, type 7.",numeric,CAD nominaux,NA,"NA : absent, non diffusé, non applicable ou conversion impossible; jamais imputé. Consulter source et quality_report.",src_54b914419613,TRUE,"quantile(amount, .25, type=7)",Transformation locale; autorisation d’adaptation non confirmée.
political_contributions_aggregated,q75_amount,q75 amount,"Troisième quartile des totaux annuels personne-entité, type 7.",numeric,CAD nominaux,NA,"NA : absent, non diffusé, non applicable ou conversion impossible; jamais imputé. Consulter source et quality_report.",src_54b914419613,TRUE,"quantile(amount, .75, type=7)",Transformation locale; autorisation d’adaptation non confirmée.
political_contributions_aggregated,aggregation,aggregation,Grain exact de l’agrégation locale.,character,selon description,NA,"NA : absent, non diffusé, non applicable ou conversion impossible; jamais imputé. Consulter source et quality_report.",src_54b914419613,FALSE,NA,Transformation locale; autorisation d’adaptation non confirmée.
political_contributions_aggregated,amount_distribution_grain,amount distribution grain,"La distribution porte sur les totaux annuels personne-entité, pas sur les versements individuels.",character,selon description,NA,"NA : absent, non diffusé, non applicable ou conversion impossible; jamais imputé. Consulter source et quality_report.",src_54b914419613,FALSE,NA,Transformation locale; autorisation d’adaptation non confirmée.
political_contributions_aggregated,source_id,source id,Identifiant SHA-256 de l’URL dans le catalogue maître.,character,selon description,NA,"NA : absent, non diffusé, non applicable ou conversion impossible; jamais imputé. Consulter source et quality_report.",src_54b914419613,TRUE,voir R/common.R et script de transformation,Transformation locale; autorisation d’adaptation non confirmée.
political_contributions_aggregated,snapshot_id,snapshot id,Identifiant unique de la consultation et des octets sources.,character,selon description,NA,"NA : absent, non diffusé, non applicable ou conversion impossible; jamais imputé. Consulter source et quality_report.",src_54b914419613,TRUE,voir R/common.R et script de transformation,Transformation locale; autorisation d’adaptation non confirmée.
political_contributions_aggregated,observed_at,observed at,Instant UTC où la source a été consultée; ne désigne pas la date de l’événement.,character,selon description,NA,"NA : absent, non diffusé, non applicable ou conversion impossible; jamais imputé. Consulter source et quality_report.",src_54b914419613,TRUE,voir R/common.R et script de transformation,Transformation locale; autorisation d’adaptation non confirmée.
political_contributions_aggregated,retrieved_at,retrieved at,"Fin de la récupération, en UTC.",character,selon description,NA,"NA : absent, non diffusé, non applicable ou conversion impossible; jamais imputé. Consulter source et quality_report.",src_54b914419613,TRUE,voir R/common.R et script de transformation,Transformation locale; autorisation d’adaptation non confirmée.
political_contributions_aggregated,source_updated_at,source updated at,"Horodatage annoncé par le producteur, converti en UTC; manquant si absent.",character,selon description,NA,"NA : absent, non diffusé, non applicable ou conversion impossible; jamais imputé. Consulter source et quality_report.",src_54b914419613,FALSE,NA,Transformation locale; autorisation d’adaptation non confirmée.
political_contributions_aggregated,data_status,data status,État fourni par la source ou type explicite de transformation; finalité jamais inférée d’un pourcentage de dépouillement.,character,selon description,aggregated,"NA : absent, non diffusé, non applicable ou conversion impossible; jamais imputé. Consulter source et quality_report.",src_54b914419613,FALSE,NA,Transformation locale; autorisation d’adaptation non confirmée.
political_contributions_city,entity_type_source,entity type source,"Type officiel d’entité bénéficiaire du financement : parti, candidat, député ou campagne.",character,selon description,NA,"NA : absent, non diffusé, non applicable ou conversion impossible; jamais imputé. Consulter source et quality_report.",src_54b914419613,FALSE,NA,Transformation locale; autorisation d’adaptation non confirmée.
political_contributions_city,entity_name_source,entity name source,Nom officiel de l’entité bénéficiaire; aucun nom de donateur n’est conservé dans les agrégations.,character,selon description,NA,"NA : absent, non diffusé, non applicable ou conversion impossible; jamais imputé. Consulter source et quality_report.",src_54b914419613,FALSE,NA,Transformation locale; autorisation d’adaptation non confirmée.
political_contributions_city,event_date_source,event date source,Date de campagne à la direction fournie dans le fichier de contributions; ce n’est pas une date de versement.,character,selon description,NA,"NA : absent, non diffusé, non applicable ou conversion impossible; jamais imputé. Consulter source et quality_report.",src_54b914419613,FALSE,NA,Transformation locale; autorisation d’adaptation non confirmée.
political_contributions_city,year,year,"Année financière déclarée dans le fichier, pas une année reconstruite à partir d’une campagne.",numeric,selon description,NA,"NA : absent, non diffusé, non applicable ou conversion impossible; jamais imputé. Consulter source et quality_report.",src_54b914419613,FALSE,NA,Transformation locale; autorisation d’adaptation non confirmée.
political_contributions_city,city_source,city source,Municipalité publiée dans le fichier de contributions; petits groupes omis.,character,selon description,NA,"NA : absent, non diffusé, non applicable ou conversion impossible; jamais imputé. Consulter source et quality_report.",src_54b914419613,FALSE,NA,Transformation locale; autorisation d’adaptation non confirmée.
political_contributions_city,contributor_entity_records,contributor entity records,Nombre de lignes annuelles personne-entité dans la source. Les mêmes personnes peuvent figurer dans plusieurs groupes.,integer,selon description,NA,"NA : absent, non diffusé, non applicable ou conversion impossible; jamais imputé. Consulter source et quality_report.",src_54b914419613,FALSE,NA,Transformation locale; autorisation d’adaptation non confirmée.
political_contributions_city,contributions_count,contributions count,Somme du nombre de versements annoncé pour les lignes personne-entité annuelles; aucune personne distincte inférée.,numeric,selon description,NA,"NA : absent, non diffusé, non applicable ou conversion impossible; jamais imputé. Consulter source et quality_report.",src_54b914419613,FALSE,NA,Transformation locale; autorisation d’adaptation non confirmée.
political_contributions_city,missing_amount_count,missing amount count,Nombre de contributions dont le montant n’a pas pu être lu.,integer,selon description,NA,"NA : absent, non diffusé, non applicable ou conversion impossible; jamais imputé. Consulter source et quality_report.",src_54b914419613,FALSE,NA,Transformation locale; autorisation d’adaptation non confirmée.
political_contributions_city,total_amount,total amount,Somme des montants; manquant si un montant du groupe est manquant.,numeric,CAD nominaux,NA,"NA : absent, non diffusé, non applicable ou conversion impossible; jamais imputé. Consulter source et quality_report.",src_54b914419613,TRUE,sum(amount) si aucune valeur manquante,Transformation locale; autorisation d’adaptation non confirmée.
political_contributions_city,median_amount,median amount,Médiane des totaux annuels personne-entité; ne décrit pas les versements individuels.,numeric,CAD nominaux,NA,"NA : absent, non diffusé, non applicable ou conversion impossible; jamais imputé. Consulter source et quality_report.",src_54b914419613,TRUE,median(amount),Transformation locale; autorisation d’adaptation non confirmée.
political_contributions_city,q25_amount,q25 amount,"Premier quartile des totaux annuels personne-entité, type 7.",numeric,CAD nominaux,NA,"NA : absent, non diffusé, non applicable ou conversion impossible; jamais imputé. Consulter source et quality_report.",src_54b914419613,TRUE,"quantile(amount, .25, type=7)",Transformation locale; autorisation d’adaptation non confirmée.
political_contributions_city,q75_amount,q75 amount,"Troisième quartile des totaux annuels personne-entité, type 7.",numeric,CAD nominaux,NA,"NA : absent, non diffusé, non applicable ou conversion impossible; jamais imputé. Consulter source et quality_report.",src_54b914419613,TRUE,"quantile(amount, .75, type=7)",Transformation locale; autorisation d’adaptation non confirmée.
political_contributions_city,aggregation,aggregation,Grain exact de l’agrégation locale.,character,selon description,NA,"NA : absent, non diffusé, non applicable ou conversion impossible; jamais imputé. Consulter source et quality_report.",src_54b914419613,FALSE,NA,Transformation locale; autorisation d’adaptation non confirmée.
political_contributions_city,amount_distribution_grain,amount distribution grain,"La distribution porte sur les totaux annuels personne-entité, pas sur les versements individuels.",character,selon description,NA,"NA : absent, non diffusé, non applicable ou conversion impossible; jamais imputé. Consulter source et quality_report.",src_54b914419613,FALSE,NA,Transformation locale; autorisation d’adaptation non confirmée.
political_contributions_city,source_id,source id,Identifiant SHA-256 de l’URL dans le catalogue maître.,character,selon description,NA,"NA : absent, non diffusé, non applicable ou conversion impossible; jamais imputé. Consulter source et quality_report.",src_54b914419613,TRUE,voir R/common.R et script de transformation,Transformation locale; autorisation d’adaptation non confirmée.
political_contributions_city,snapshot_id,snapshot id,Identifiant unique de la consultation et des octets sources.,character,selon description,NA,"NA : absent, non diffusé, non applicable ou conversion impossible; jamais imputé. Consulter source et quality_report.",src_54b914419613,TRUE,voir R/common.R et script de transformation,Transformation locale; autorisation d’adaptation non confirmée.
political_contributions_city,observed_at,observed at,Instant UTC où la source a été consultée; ne désigne pas la date de l’événement.,character,selon description,NA,"NA : absent, non diffusé, non applicable ou conversion impossible; jamais imputé. Consulter source et quality_report.",src_54b914419613,TRUE,voir R/common.R et script de transformation,Transformation locale; autorisation d’adaptation non confirmée.
political_contributions_city,retrieved_at,retrieved at,"Fin de la récupération, en UTC.",character,selon description,NA,"NA : absent, non diffusé, non applicable ou conversion impossible; jamais imputé. Consulter source et quality_report.",src_54b914419613,TRUE,voir R/common.R et script de transformation,Transformation locale; autorisation d’adaptation non confirmée.
political_contributions_city,source_updated_at,source updated at,"Horodatage annoncé par le producteur, converti en UTC; manquant si absent.",character,selon description,NA,"NA : absent, non diffusé, non applicable ou conversion impossible; jamais imputé. Consulter source et quality_report.",src_54b914419613,FALSE,NA,Transformation locale; autorisation d’adaptation non confirmée.
political_contributions_city,data_status,data status,État fourni par la source ou type explicite de transformation; finalité jamais inférée d’un pourcentage de dépouillement.,character,selon description,aggregated,"NA : absent, non diffusé, non applicable ou conversion impossible; jamais imputé. Consulter source et quality_report.",src_54b914419613,FALSE,NA,Transformation locale; autorisation d’adaptation non confirmée.
turnout_history_source,source_row,source row,Numéro de ligne à l’intérieur du tableau extrait.,integer,selon description,NA,"NA : absent, non diffusé, non applicable ou conversion impossible; jamais imputé. Consulter source et quality_report.",src_6c3e3712dabd,FALSE,NA,Transformation locale; autorisation d’adaptation non confirmée.
turnout_history_source,source_variable,source variable,Intitulé de colonne original du tableau officiel.,character,selon description,NA,"NA : absent, non diffusé, non applicable ou conversion impossible; jamais imputé. Consulter source et quality_report.",src_6c3e3712dabd,FALSE,NA,Transformation locale; autorisation d’adaptation non confirmée.
turnout_history_source,value_source,value source,"Valeur originale, y compris les symboles de suppression; ne pas les remplacer par zéro.",character,selon description,NA,"NA : absent, non diffusé, non applicable ou conversion impossible; jamais imputé. Consulter source et quality_report.",src_6c3e3712dabd,FALSE,NA,Transformation locale; autorisation d’adaptation non confirmée.
turnout_history_source,source_table_number,source table number,Numéro du tableau dans la page HTML source.,integer,selon description,NA,"NA : absent, non diffusé, non applicable ou conversion impossible; jamais imputé. Consulter source et quality_report.",src_6c3e3712dabd,FALSE,NA,Transformation locale; autorisation d’adaptation non confirmée.
turnout_history_source,source_title,source title,Titre officiel du document ou de la page dans l’inventaire.,character,selon description,NA,"NA : absent, non diffusé, non applicable ou conversion impossible; jamais imputé. Consulter source et quality_report.",src_6c3e3712dabd,FALSE,NA,Transformation locale; autorisation d’adaptation non confirmée.
turnout_history_source,source_id,source id,Identifiant SHA-256 de l’URL dans le catalogue maître.,character,selon description,NA,"NA : absent, non diffusé, non applicable ou conversion impossible; jamais imputé. Consulter source et quality_report.",src_6c3e3712dabd,TRUE,voir R/common.R et script de transformation,Transformation locale; autorisation d’adaptation non confirmée.
turnout_history_source,snapshot_id,snapshot id,Identifiant unique de la consultation et des octets sources.,character,selon description,NA,"NA : absent, non diffusé, non applicable ou conversion impossible; jamais imputé. Consulter source et quality_report.",src_6c3e3712dabd,TRUE,voir R/common.R et script de transformation,Transformation locale; autorisation d’adaptation non confirmée.
turnout_history_source,observed_at,observed at,Instant UTC où la source a été consultée; ne désigne pas la date de l’événement.,character,selon description,NA,"NA : absent, non diffusé, non applicable ou conversion impossible; jamais imputé. Consulter source et quality_report.",src_6c3e3712dabd,TRUE,voir R/common.R et script de transformation,Transformation locale; autorisation d’adaptation non confirmée.
turnout_history_source,retrieved_at,retrieved at,"Fin de la récupération, en UTC.",character,selon description,NA,"NA : absent, non diffusé, non applicable ou conversion impossible; jamais imputé. Consulter source et quality_report.",src_6c3e3712dabd,TRUE,voir R/common.R et script de transformation,Transformation locale; autorisation d’adaptation non confirmée.
turnout_history_source,source_updated_at,source updated at,"Horodatage annoncé par le producteur, converti en UTC; manquant si absent.",character,selon description,NA,"NA : absent, non diffusé, non applicable ou conversion impossible; jamais imputé. Consulter source et quality_report.",src_6c3e3712dabd,FALSE,NA,Transformation locale; autorisation d’adaptation non confirmée.
turnout_history_source,data_status,data status,État fourni par la source ou type explicite de transformation; finalité jamais inférée d’un pourcentage de dépouillement.,character,selon description,observed,"NA : absent, non diffusé, non applicable ou conversion impossible; jamais imputé. Consulter source et quality_report.",src_6c3e3712dabd,FALSE,NA,Transformation locale; autorisation d’adaptation non confirmée.
