observed_at,check,severity,source_id,table,detail
2026-10-03T14:01:19.163Z,acquisition,warning,src_3bbf709ff718,NA,HTTP 403
2026-10-03T14:01:33.514Z,acquisition,warning,src_53f384df61ef,NA,"embedded nul in string: 'PK\003\004\024\0\0\0\0\0Il\xd2\\\0\0\0\0\0\0\0\0\0\0\0\0*\0 \0circonscriptions_electorales_2026_mapinfo/ux\v\0\001\004\0\0\0\0\004\0\0\0\0UT\r\0\a\032,4j\032,4j'"
2026-10-03T14:01:38.605Z,acquisition,warning,src_4a2457749372,NA,embedded nul in string: 'PK\003\004\024\0\0\b\0\0\x90j\xd2\\\0\0\0\0\0\0\0\0\0\0\0\0-\0 \0circonscriptions_électorales_2026_shapefile/ux\v\0\001\004\0\0\0\0\004\0\0\0\0UT\r\0\a\xe1(4j\xe1'
2026-10-03T14:01:45.915Z,acquisition,warning,src_04bf0e127029,NA,embedded nul in string: 'PK\003\004\024\0\b\0\b\0\xc5|j\\\0\0\0\0\0\0\0\0\0\0\0\0\r\0 \0Lisez-moi.urlux\v\0\001\004\0\0\0\0\004\0\0\0\0UT\r\0\a#s\xb0iPs\xb0iIs\xb0iM˱\n\xc20\020\006\xe0\xbd\xd0G\xb9d\027|\0\xc1Iq\022\x87\xf4\xfaC'
2026-10-03T14:01:48.312Z,acquisition,warning,src_8c25176b3b11,NA,embedded nul in string: 'PK\003\004\024\0\b\0\b\0KT\022[\0\0\0\0\0\0\0\0\0\0\0\0\r\0 \0Lisez-moi.urlux\v\0\001\004\0\0\0\0\004\0\0\0\0UT\r\0\a\xee9\xa3h$:\xa3h\003:\xa3hM˱\n\xc20\020\006\xe0\xbd\xd0G\xb9d\027|\0\xc1Iq\022\x87\xf4\xfaC'
2026-10-03T14:01:50.557Z,acquisition,warning,src_57c005bbf0f6,NA,embedded nul in string: 'PK\003\004\024\0\0\0\b\0CzrZ\x91\xcd }\xb3\016\0\0\xc3A\0\0$\0\0\0DGE_80.10_CEP-Terrebonne_sans_SE.csv\xad\x9c\xcbr\033E\024\x86\xf7T\xf1\016\xb3\003\xaa\x88\x99\xbeN7\xb3\x8aý\xb8\x85@\xf6\xc2\021\x89(G\xa2'
2026-10-03T14:01:52.963Z,acquisition,warning,src_e82b708fe54b,NA,embedded nul in string: 'PK\003\004\024\0\0\0\b\0`KKWb\xa5\037*+\016\0\0\xb78\0\0$\0\0\0DGE-80.10_CEP-Jean-Talon_sans_SE.csv\xad[\xcbr\034\xc7\021\xbc\xfb+\xe6\xa6\v\xb9\xeew\xf7\xa8O\xa4$۲%\x8b\024\025\xbc\xaf\x80\xb1\xb86\xb8'
2026-10-03T14:01:56.095Z,acquisition,warning,src_02aae4952a51,NA,embedded nul in string: 'PK\003\004\024\0\0\0\b\0irnV\x85]\023<f\017\0\0\xa4M\0\0\035\0\0\0DGE-80.10_CEPSHSA_sans_SE.csv\xb5\\\xc9v\xebD\020\xdd\xf3\025ڱ!F=JB+\xc2<\x8f\x87\xbdI\004\x98\023l\x8eI\030>\x91\xbf`\xc7\xe1/\xb8\xb7\xaa'
2026-10-03T14:02:03.882Z,acquisition,warning,src_0fb95c6f3b76,NA,embedded nul in string: 'PK\003\004\024\0\0\0\b\0\xaetUUmN\x8b\x9e@\r\0\0\0028\0\0 \0\0\0DGE-80-10_Repentigny_sans_SE.csv\xad\x9bKn3E\024\x85\xe7H\xec\xa1gL\x82\xe9zW\xd1#\xde \xf1\016\xca\xdc$\006\x8c\x82\x83\x9c\004\x89%\xb2\v\xa6'
2026-10-03T14:02:07.565Z,acquisition,warning,src_0f7998c94572,NA,embedded nul in string: 'PK\003\004\024\0\0\0\b\0i\x80\x99T\xc2\021\x85s\xce\f\0\0\x937\0\0$\0\0\0DGE-80.10_Marie-Victorin_sans_SE.csv\xad[˒\xdbD\024\xddS\xc5?h\xc7&1\xean\xf5\v\xadx\024\024U\004&\004fof\004cp\xec'
2026-10-03T14:02:11.323Z,acquisition,warning,src_f80644e75365,NA,embedded nul in string: 'PK\003\004\024\0\0\0\b\0\tW\x83O+F\xc5\001\xae\f\0\0k6\0\0*\0\0\0JeanTalon_R\x82sultats officiels_20191202.csv\xb5[\xcbr\xe3D\024\xddS\xc5?h\xc7fƨ\xdf\xddh\x95\f\xef\xe210T\xf6&'
2026-10-03T14:02:16.070Z,acquisition,warning,src_70d5ee7502b1,NA,embedded nul in string: 'PK\003\004\024\0\0\0\0\08\x81JO\0\0\0\0\0\0\0\0\0\0\0\0\v\0\0\02018-12-10/PK\003\004\024\0\0\0\b\0\x9a\x84\x8dMk\x8e]\xa0\x8d\f\0\0\v5\0\04\0\0\02018-12-10/Roberval_R\x82sultats'
2026-10-03T14:02:23.703Z,acquisition,warning,src_a0012cc28850,NA,"embedded nul in string: 'PK\003\004\024\0\0\0\b\0\x95YvMZ\034R\xfdU\t\0\0\xd7&\0\0!\0\0\0DGE-80.10_Abitibi-Est_Sans_SE.csv\xad\x9aɮ\xd3@\020E\xf7H\xfc\x83wl\030ܳ\x9b^1\x83\x98\a\xb1\017\017\003\x86\xe0\x80\xe3 \xc1\037\xf2\027,'"
2026-10-03T14:02:34.302Z,acquisition,warning,src_3bbf709ff718,NA,HTTP 403
2026-10-03T14:09:27.975Z,transform,error,src_02de9feae13c,NA,Colonnes circonscription manquantes
2026-10-03T14:09:28.091Z,poll_schema,warning,src_04bf0e127029,NA,DGE-80.10_Chicoutimi_sans_SE.csv
2026-10-03T14:09:28.211Z,transform,error,src_0ce80283f028,NA,cannot open file 'data/interim/polls/6269a5a5ed76d8c579c79c88f1780bec124e45675f71b75dc3b07f6322ae1207/Richelieu_R<82>sultats officiels_20150309.csv': Illegal byte sequence
2026-10-03T14:09:28.246Z,transform,error,src_0fb95c6f3b76,NA,cannot open file 'data/interim/polls/a3a7400acdd123d8f22301ebb9ff7cf10f54d9f1e4195cd515041fe2efc84b9f/DGE-80.10_C<93>te-du-Sud_sans_SE.csv': Illegal byte sequence
2026-10-03T14:09:28.252Z,transform,error,src_1320ae322de0,NA,Colonnes circonscription manquantes
2026-10-03T14:09:30.707Z,transform,error,src_324607d7dfe9,NA,cannot open file 'data/interim/polls/87dfcb40e5c15c03400baac769218ba206d873305982f81a4367d32157c3aab8/2017-10-02/Louis-H<82>bert_R<82>sultats officiels_20171002.csv': Illegal byte sequence
2026-10-03T14:09:30.768Z,transform,error,src_3c0feca35341,NA,cannot open file 'data/interim/polls/e1a7ebd45acd1152ce6f437724312affb81f6702a1066d3afb6ee7fa51f1a758/L<82>vis_R<82>sultats officiels_20141020.csv': Illegal byte sequence
2026-10-03T14:09:33.931Z,transform,error,src_4b31782ef406,NA,cannot open file 'data/interim/polls/54260fb53117882655e195065eaf83e49593aa102d39ac2f93d8ba48b658c9b5/Chauveau_R<82>sultats officiels_20150608.csv': Illegal byte sequence
2026-10-03T14:09:34.108Z,poll_schema,warning,src_57c005bbf0f6,NA,DGE_80.10_CEP-Terrebonne_sans_SE.csv
2026-10-03T14:09:38.167Z,transform,error,src_70d5ee7502b1,NA,cannot open file 'data/interim/polls/53f6cc135c27757786ef3824e6727edd8dbba3e59ea841d88515b2d66664ef14/2018-12-10/Roberval_R<82>sultats officiels_20181210.csv': Illegal byte sequence
2026-10-03T14:09:38.173Z,transform,error,src_71477ce5c01a,NA,cannot open file 'data/interim/polls/d7c32e3d92d9e8d967398b10871e10618283dfb0d78680d3e9f50f0fcce4472f/2016-04-11/Chicoutimi_R<82>sultats officiels_20160411.csv': Illegal byte sequence
2026-10-03T14:09:38.183Z,transform,error,src_71826904d44e,NA,cannot open file 'data/interim/polls/a682194c0eae43f4955aad0facfa112fb5103e3cd7c4349b60fcd097e62537f6/Bourassa-Sauv<82>_officiels2014.csv': Illegal byte sequence
2026-10-03T14:09:38.191Z,transform,error,src_73afd1588720,NA,Colonnes circonscription manquantes
2026-10-03T14:09:38.198Z,transform,error,src_790afb52d855,NA,cannot open file 'data/interim/polls/c3a83a0f1af23cba250e6481e6047479077d4b109ddead68f20edbc653bcd187/20151109/Beauce-Sud_R<82>sultats officiels_20151109.csv': Illegal byte sequence
2026-10-03T14:09:38.305Z,transform,error,src_827a94931755,NA,cannot open file 'data/interim/polls/7d2fd7da9355ff4737a5a5dbd572c93ec8555dd854813d040bdbd211a9c2a04e/2017-05-29/Gouin_R<82>sultats officiels_20170529.csv': Illegal byte sequence
2026-10-03T14:09:38.316Z,poll_schema,warning,src_8c25176b3b11,NA,DGE-80.10_CEP_144_Arthabaska_sans_SE.csv
2026-10-03T14:09:38.433Z,transform,error,src_95002082f0df,NA,cannot open file 'data/interim/polls/6a30178633a6650822a60d2916dc1f4ed475b053c735923aa3d87f42d42c874e/2013-12-09/Outremont_R<82>sultats officiels_20131209.csv': Illegal byte sequence
2026-10-03T14:09:38.439Z,transform,error,src_979ff86575ac,NA,cannot open file 'data/interim/polls/4a9d99c5b456b1275270b5aec7379c50f86cd123d7d58a6630a57d52e6cab191/2016-12-05/Arthabaska_R<82>sultats officiels_20161205.csv': Illegal byte sequence
2026-10-03T14:09:50.107Z,poll_schema,warning,src_f428cc11d231,NA,2012-09-04.csv
2026-10-03T14:09:54.546Z,transform,error,src_f80644e75365,NA,cannot open file 'data/interim/polls/f7ba0f9d3a9c284e78797f4e6f4131e7e72b2caa240ce716d7a650fd5b87c007/JeanTalon_R<82>sultats officiels_20191202.csv': Illegal byte sequence
2026-10-03T14:17:16.258Z,acquisition,warning,src_52e2d7d3768e,NA,"Failed to perform HTTP request.
Caused by error in `curl::curl_fetch_disk()`:
! SSL peer certificate or SSH remote key was not OK [www.assnat.qc.ca]: SSL certificate problem: self-signed certificate in certificate chain"
2026-10-03T14:17:17.834Z,acquisition,warning,src_5179307198a5,NA,"Failed to perform HTTP request.
Caused by error in `curl::curl_fetch_disk()`:
! SSL peer certificate or SSH remote key was not OK [www.assnat.qc.ca]: SSL certificate problem: self-signed certificate in certificate chain"
2026-10-03T14:17:19.493Z,acquisition,warning,src_724898755de5,NA,"Failed to perform HTTP request.
Caused by error in `curl::curl_fetch_disk()`:
! SSL peer certificate or SSH remote key was not OK [www.assnat.qc.ca]: SSL certificate problem: self-signed certificate in certificate chain"
2026-10-03T14:17:21.161Z,acquisition,warning,src_db3d57b00e40,NA,"Failed to perform HTTP request.
Caused by error in `curl::curl_fetch_disk()`:
! SSL peer certificate or SSH remote key was not OK [www.assnat.qc.ca]: SSL certificate problem: self-signed certificate in certificate chain"
2026-10-03T14:17:23.030Z,acquisition,warning,src_ccc54fd0ebf1,NA,"Failed to perform HTTP request.
Caused by error in `curl::curl_fetch_disk()`:
! SSL peer certificate or SSH remote key was not OK [www.assnat.qc.ca]: SSL certificate problem: self-signed certificate in certificate chain"
2026-10-03T14:17:24.947Z,acquisition,warning,src_400452365bd1,NA,"Failed to perform HTTP request.
Caused by error in `curl::curl_fetch_disk()`:
! SSL peer certificate or SSH remote key was not OK [www.assnat.qc.ca]: SSL certificate problem: self-signed certificate in certificate chain"
2026-10-03T14:17:26.750Z,acquisition,warning,src_ef29c51fe1f8,NA,"Failed to perform HTTP request.
Caused by error in `curl::curl_fetch_disk()`:
! SSL peer certificate or SSH remote key was not OK [www.assnat.qc.ca]: SSL certificate problem: self-signed certificate in certificate chain"
2026-10-03T14:17:29.314Z,acquisition,warning,src_440ebd7b572a,NA,"Failed to perform HTTP request.
Caused by error in `curl::curl_fetch_disk()`:
! SSL peer certificate or SSH remote key was not OK [www.assnat.qc.ca]: SSL certificate problem: self-signed certificate in certificate chain"
2026-10-03T14:17:31.058Z,acquisition,warning,src_82efc8cec4cf,NA,"Failed to perform HTTP request.
Caused by error in `curl::curl_fetch_disk()`:
! SSL peer certificate or SSH remote key was not OK [www.assnat.qc.ca]: SSL certificate problem: self-signed certificate in certificate chain"
2026-10-03T14:17:32.711Z,acquisition,warning,src_612bcc4cc655,NA,"Failed to perform HTTP request.
Caused by error in `curl::curl_fetch_disk()`:
! SSL peer certificate or SSH remote key was not OK [www.assnat.qc.ca]: SSL certificate problem: self-signed certificate in certificate chain"
2026-10-03T14:17:34.697Z,acquisition,warning,src_7b9ed0fabd68,NA,"Failed to perform HTTP request.
Caused by error in `curl::curl_fetch_disk()`:
! SSL peer certificate or SSH remote key was not OK [www.assnat.qc.ca]: SSL certificate problem: self-signed certificate in certificate chain"
2026-10-03T14:17:36.909Z,acquisition,warning,src_c3fc7d75adf4,NA,"Failed to perform HTTP request.
Caused by error in `curl::curl_fetch_disk()`:
! SSL peer certificate or SSH remote key was not OK [www.assnat.qc.ca]: SSL certificate problem: self-signed certificate in certificate chain"
2026-10-03T14:17:38.848Z,acquisition,warning,src_fc37ed3fd768,NA,"Failed to perform HTTP request.
Caused by error in `curl::curl_fetch_disk()`:
! SSL peer certificate or SSH remote key was not OK [www.assnat.qc.ca]: SSL certificate problem: self-signed certificate in certificate chain"
2026-10-03T14:17:40.055Z,acquisition,warning,src_728d86af63e6,NA,"Failed to perform HTTP request.
Caused by error in `curl::curl_fetch_disk()`:
! SSL peer certificate or SSH remote key was not OK [www.assnat.qc.ca]: SSL certificate problem: self-signed certificate in certificate chain"
2026-10-03T14:17:41.667Z,acquisition,warning,src_d4a5c8d4c2ec,NA,"Failed to perform HTTP request.
Caused by error in `curl::curl_fetch_disk()`:
! SSL peer certificate or SSH remote key was not OK [www.assnat.qc.ca]: SSL certificate problem: self-signed certificate in certificate chain"
2026-10-03T14:17:43.299Z,acquisition,warning,src_c67c8d9bd6bc,NA,"Failed to perform HTTP request.
Caused by error in `curl::curl_fetch_disk()`:
! SSL peer certificate or SSH remote key was not OK [www.assnat.qc.ca]: SSL certificate problem: self-signed certificate in certificate chain"
2026-10-03T14:17:45.436Z,acquisition,warning,src_a567416f3b01,NA,"Failed to perform HTTP request.
Caused by error in `curl::curl_fetch_disk()`:
! SSL peer certificate or SSH remote key was not OK [www.assnat.qc.ca]: SSL certificate problem: self-signed certificate in certificate chain"
2026-10-03T14:17:51.788Z,acquisition,warning,src_128f9f74ba8d,NA,"Failed to perform HTTP request.
Caused by error in `curl::curl_fetch_disk()`:
! SSL peer certificate or SSH remote key was not OK [www.assnat.qc.ca]: SSL certificate problem: self-signed certificate in certificate chain"
2026-10-03T14:17:54.823Z,acquisition,warning,src_3de6cee42b89,NA,"Failed to perform HTTP request.
Caused by error in `curl::curl_fetch_disk()`:
! SSL peer certificate or SSH remote key was not OK [www.assnat.qc.ca]: SSL certificate problem: self-signed certificate in certificate chain"
2026-10-03T14:17:59.510Z,acquisition,warning,src_a0251ac689cb,NA,"Failed to perform HTTP request.
Caused by error in `curl::curl_fetch_disk()`:
! SSL peer certificate or SSH remote key was not OK [www.assnat.qc.ca]: SSL certificate problem: self-signed certificate in certificate chain"
2026-10-03T14:18:08.211Z,acquisition,warning,src_fd9a5ca5abb0,NA,"Failed to perform HTTP request.
Caused by error in `curl::curl_fetch_disk()`:
! SSL peer certificate or SSH remote key was not OK [www.assnat.qc.ca]: SSL certificate problem: self-signed certificate in certificate chain"
2026-10-03T14:18:11.075Z,poll_schema,warning,src_0fb95c6f3b76,NA,member_461012013cdf8659.csv
2026-10-03T14:18:12.485Z,acquisition,warning,src_6f9919271d21,NA,"Failed to perform HTTP request.
Caused by error in `curl::curl_fetch_disk()`:
! SSL peer certificate or SSH remote key was not OK [www.assnat.qc.ca]: SSL certificate problem: self-signed certificate in certificate chain"
2026-10-03T14:18:19.591Z,acquisition,warning,src_4840108788f3,NA,"Failed to perform HTTP request.
Caused by error in `curl::curl_fetch_disk()`:
! SSL peer certificate or SSH remote key was not OK [www.assnat.qc.ca]: SSL certificate problem: self-signed certificate in certificate chain"
2026-10-03T14:18:21.766Z,acquisition,warning,src_2244578dce31,NA,"Failed to perform HTTP request.
Caused by error in `curl::curl_fetch_disk()`:
! SSL peer certificate or SSH remote key was not OK [www.assnat.qc.ca]: SSL certificate problem: self-signed certificate in certificate chain"
2026-10-03T14:18:23.884Z,acquisition,warning,src_e2545508d8ce,NA,"Failed to perform HTTP request.
Caused by error in `curl::curl_fetch_disk()`:
! SSL peer certificate or SSH remote key was not OK [www.assnat.qc.ca]: SSL certificate problem: self-signed certificate in certificate chain"
2026-10-03T14:18:26.160Z,acquisition,warning,src_9d3d3707d691,NA,"Failed to perform HTTP request.
Caused by error in `curl::curl_fetch_disk()`:
! SSL peer certificate or SSH remote key was not OK [www.assnat.qc.ca]: SSL certificate problem: self-signed certificate in certificate chain"
2026-10-03T14:18:28.756Z,acquisition,warning,src_6498b71b1a4c,NA,"Failed to perform HTTP request.
Caused by error in `curl::curl_fetch_disk()`:
! SSL peer certificate or SSH remote key was not OK [www.assnat.qc.ca]: SSL certificate problem: self-signed certificate in certificate chain"
2026-10-03T14:18:30.870Z,acquisition,warning,src_00f6f4053817,NA,"Failed to perform HTTP request.
Caused by error in `curl::curl_fetch_disk()`:
! SSL peer certificate or SSH remote key was not OK [www.assnat.qc.ca]: SSL certificate problem: self-signed certificate in certificate chain"
2026-10-03T14:18:32.372Z,acquisition,warning,src_4cc517b0501c,NA,"Failed to perform HTTP request.
Caused by error in `curl::curl_fetch_disk()`:
! SSL peer certificate or SSH remote key was not OK [www.assnat.qc.ca]: SSL certificate problem: self-signed certificate in certificate chain"
2026-10-03T14:18:34.422Z,acquisition,warning,src_dca5486a83eb,NA,"Failed to perform HTTP request.
Caused by error in `curl::curl_fetch_disk()`:
! SSL peer certificate or SSH remote key was not OK [www.assnat.qc.ca]: SSL certificate problem: self-signed certificate in certificate chain"
2026-10-03T14:19:05.235Z,acquisition,warning,src_54b914419613,NA,"Failed to perform HTTP request.
Caused by error in `curl::curl_fetch_disk()`:
! Timeout was reached [donnees.electionsquebec.qc.ca]: Operation timed out after 30001 milliseconds with 10364968 out of 24083166 bytes received"
2026-10-03T14:21:36.920Z,supplemental,error,src_e91d45d3f2aa,NA,Feuille démographique introuvable
2026-10-03T14:25:14.008Z,poll_schema,warning,src_0fb95c6f3b76,NA,member_461012013cdf8659.csv
2026-10-03T14:28:28.998Z,supplemental,error,src_e91d45d3f2aa,NA,Feuille démographique introuvable
2026-10-03T14:28:30.843Z,geometry,error,src_038f7589e400,NA,cannot open file 'data/interim/geography/98f8b968f5bdc9bd0c9e4fa389543f895d3304b9d1b51edd174517beef9db32f/Circonscriptions_<82>lectorales_2017_shapefile.dbf': Illegal byte sequence
2026-10-03T14:38:57.326Z,poll_schema,warning,src_0fb95c6f3b76,NA,member_461012013cdf8659.csv
2026-10-03T14:42:14.399Z,by_elections:timestamp,pass,NA,by_elections,horodatage et capture présents
2026-10-03T14:42:14.403Z,by_elections:provenance,pass,NA,by_elections,chaque source appartient au catalogue
2026-10-03T14:42:14.404Z,by_elections:registered,pass,NA,by_elections,comptage entier non négatif
2026-10-03T14:42:14.404Z,by_elections:valid_ballots,pass,NA,by_elections,comptage entier non négatif
2026-10-03T14:42:14.405Z,by_elections:rejected_ballots,pass,NA,by_elections,comptage entier non négatif
2026-10-03T14:42:14.405Z,by_elections:votes_cast,pass,NA,by_elections,comptage entier non négatif
2026-10-03T14:42:14.405Z,by_elections:polls_counted,pass,NA,by_elections,comptage entier non négatif
2026-10-03T14:42:14.406Z,by_elections:polls_total,pass,NA,by_elections,comptage entier non négatif
2026-10-03T14:42:14.406Z,by_elections:ballots,pass,NA,by_elections,exprimés = valides + rejetés
2026-10-03T14:42:14.406Z,by_elections:turnout,pass,NA,by_elections,taux recalculé cohérent
2026-10-03T14:42:14.407Z,candidate_statistics:timestamp,pass,NA,candidate_statistics,horodatage et capture présents
2026-10-03T14:42:14.410Z,candidate_statistics:provenance,pass,NA,candidate_statistics,chaque source appartient au catalogue
2026-10-03T14:42:14.410Z,candidates:timestamp,pass,NA,candidates,horodatage et capture présents
2026-10-03T14:42:14.413Z,candidates:provenance,pass,NA,candidates,chaque source appartient au catalogue
2026-10-03T14:42:14.413Z,candidates:key,pass,NA,candidates,candidate_id × snapshot_id
2026-10-03T14:42:14.414Z,candidates_2012:timestamp,pass,NA,candidates_2012,horodatage et capture présents
2026-10-03T14:42:14.417Z,candidates_2012:provenance,pass,NA,candidates_2012,chaque source appartient au catalogue
2026-10-03T14:42:14.417Z,candidates_2012:key,pass,NA,candidates_2012,candidate_id × snapshot_id
2026-10-03T14:42:14.418Z,district_crosswalk_2017_2026:timestamp,pass,NA,district_crosswalk_2017_2026,horodatage et capture présents
2026-10-03T14:42:14.420Z,district_crosswalk_2017_2026:provenance,pass,NA,district_crosswalk_2017_2026,chaque source appartient au catalogue
2026-10-03T14:42:14.422Z,district_demographics:timestamp,pass,NA,district_demographics,horodatage et capture présents
2026-10-03T14:42:14.447Z,district_demographics:provenance,pass,NA,district_demographics,chaque source appartient au catalogue
2026-10-03T14:42:14.447Z,district_indicators:timestamp,pass,NA,district_indicators,horodatage et capture présents
2026-10-03T14:42:14.450Z,district_indicators:provenance,pass,NA,district_indicators,chaque source appartient au catalogue
2026-10-03T14:42:14.450Z,elections:timestamp,pass,NA,elections,horodatage et capture présents
2026-10-03T14:42:14.453Z,elections:provenance,pass,NA,elections,chaque source appartient au catalogue
2026-10-03T14:42:14.454Z,elections:key,pass,NA,elections,election_id × snapshot_id
2026-10-03T14:42:14.454Z,elections:registered,pass,NA,elections,comptage entier non négatif
2026-10-03T14:42:14.454Z,elections:valid_ballots,pass,NA,elections,comptage entier non négatif
2026-10-03T14:42:14.455Z,elections:rejected_ballots,pass,NA,elections,comptage entier non négatif
2026-10-03T14:42:14.455Z,elections:votes_cast,pass,NA,elections,comptage entier non négatif
2026-10-03T14:42:14.455Z,elections:polls_counted,pass,NA,elections,comptage entier non négatif
2026-10-03T14:42:14.456Z,elections:polls_total,pass,NA,elections,comptage entier non négatif
2026-10-03T14:42:14.456Z,elections:ballots,pass,NA,elections,exprimés = valides + rejetés
2026-10-03T14:42:14.457Z,elections:turnout,pass,NA,elections,taux recalculé cohérent
2026-10-03T14:42:14.457Z,electoral_district_geometries:timestamp,pass,NA,electoral_district_geometries,horodatage et capture présents
2026-10-03T14:42:14.460Z,electoral_district_geometries:provenance,pass,NA,electoral_district_geometries,chaque source appartient au catalogue
2026-10-03T14:42:14.461Z,electoral_districts:timestamp,pass,NA,electoral_districts,horodatage et capture présents
2026-10-03T14:42:14.463Z,electoral_districts:provenance,pass,NA,electoral_districts,chaque source appartient au catalogue
2026-10-03T14:42:14.464Z,electoral_districts:key,pass,NA,electoral_districts,district_id × snapshot_id
2026-10-03T14:42:14.464Z,historical_candidate_results:timestamp,pass,NA,historical_candidate_results,horodatage et capture présents
2026-10-03T14:42:14.467Z,historical_candidate_results:provenance,pass,NA,historical_candidate_results,chaque source appartient au catalogue
2026-10-03T14:42:14.468Z,historical_candidate_results:votes,pass,NA,historical_candidate_results,comptage entier non négatif
2026-10-03T14:42:14.468Z,historical_district_results:timestamp,pass,NA,historical_district_results,horodatage et capture présents
2026-10-03T14:42:14.471Z,historical_district_results:provenance,pass,NA,historical_district_results,chaque source appartient au catalogue
2026-10-03T14:42:14.471Z,historical_district_results:registered,pass,NA,historical_district_results,comptage entier non négatif
2026-10-03T14:42:14.472Z,historical_district_results:valid_ballots,pass,NA,historical_district_results,comptage entier non négatif
2026-10-03T14:42:14.472Z,historical_district_results:rejected_ballots,pass,NA,historical_district_results,comptage entier non négatif
2026-10-03T14:42:14.472Z,historical_district_results:votes_cast,pass,NA,historical_district_results,comptage entier non négatif
2026-10-03T14:42:14.473Z,historical_district_results:polls_counted,pass,NA,historical_district_results,comptage entier non négatif
2026-10-03T14:42:14.473Z,historical_district_results:polls_total,pass,NA,historical_district_results,comptage entier non négatif
2026-10-03T14:42:14.473Z,historical_district_results:ballots,pass,NA,historical_district_results,exprimés = valides + rejetés
2026-10-03T14:42:14.474Z,historical_district_results:turnout,pass,NA,historical_district_results,taux recalculé cohérent
2026-10-03T14:42:14.474Z,historical_party_results:timestamp,pass,NA,historical_party_results,horodatage et capture présents
2026-10-03T14:42:14.477Z,historical_party_results:provenance,pass,NA,historical_party_results,chaque source appartient au catalogue
2026-10-03T14:42:14.477Z,historical_party_results:votes,pass,NA,historical_party_results,comptage entier non négatif
2026-10-03T14:42:14.478Z,historical_turnout:timestamp,pass,NA,historical_turnout,horodatage et capture présents
2026-10-03T14:42:14.480Z,historical_turnout:provenance,pass,NA,historical_turnout,chaque source appartient au catalogue
2026-10-03T14:42:14.481Z,historical_turnout:registered,pass,NA,historical_turnout,comptage entier non négatif
2026-10-03T14:42:14.481Z,historical_turnout:valid_ballots,pass,NA,historical_turnout,comptage entier non négatif
2026-10-03T14:42:14.482Z,historical_turnout:rejected_ballots,pass,NA,historical_turnout,comptage entier non négatif
2026-10-03T14:42:14.482Z,historical_turnout:votes_cast,pass,NA,historical_turnout,comptage entier non négatif
2026-10-03T14:42:14.482Z,historical_turnout:polls_counted,pass,NA,historical_turnout,comptage entier non négatif
2026-10-03T14:42:14.483Z,historical_turnout:polls_total,pass,NA,historical_turnout,comptage entier non négatif
2026-10-03T14:42:14.483Z,historical_turnout:ballots,pass,NA,historical_turnout,exprimés = valides + rejetés
2026-10-03T14:42:14.483Z,historical_turnout:turnout,pass,NA,historical_turnout,taux recalculé cohérent
2026-10-03T14:42:14.484Z,legacy_election_source_tables:timestamp,pass,NA,legacy_election_source_tables,horodatage et capture présents
2026-10-03T14:42:14.487Z,legacy_election_source_tables:provenance,pass,NA,legacy_election_source_tables,chaque source appartient au catalogue
2026-10-03T14:42:14.487Z,parties:timestamp,pass,NA,parties,horodatage et capture présents
2026-10-03T14:42:14.489Z,parties:provenance,pass,NA,parties,chaque source appartient au catalogue
2026-10-03T14:42:14.490Z,party_authorization_history:timestamp,pass,NA,party_authorization_history,horodatage et capture présents
2026-10-03T14:42:14.492Z,party_authorization_history:provenance,pass,NA,party_authorization_history,chaque source appartient au catalogue
2026-10-03T14:42:14.493Z,party_officials:timestamp,pass,NA,party_officials,horodatage et capture présents
2026-10-03T14:42:14.495Z,party_officials:provenance,pass,NA,party_officials,chaque source appartient au catalogue
2026-10-03T14:42:14.496Z,political_contributions_city:timestamp,pass,NA,political_contributions_city,horodatage et capture présents
2026-10-03T14:42:14.499Z,political_contributions_city:provenance,pass,NA,political_contributions_city,chaque source appartient au catalogue
2026-10-03T14:42:14.499Z,political_contributions_month:timestamp,pass,NA,political_contributions_month,horodatage et capture présents
2026-10-03T14:42:14.502Z,political_contributions_month:provenance,pass,NA,political_contributions_month,chaque source appartient au catalogue
2026-10-03T14:42:14.502Z,political_contributions_year:timestamp,pass,NA,political_contributions_year,horodatage et capture présents
2026-10-03T14:42:14.505Z,political_contributions_year:provenance,pass,NA,political_contributions_year,chaque source appartient au catalogue
2026-10-03T14:42:14.508Z,polling_division_results:timestamp,pass,NA,polling_division_results,horodatage et capture présents
2026-10-03T14:42:14.566Z,polling_division_results:provenance,pass,NA,polling_division_results,chaque source appartient au catalogue
2026-10-03T14:42:14.969Z,polling_division_results:key,pass,NA,polling_division_results,polling_unit_id × candidate_id × snapshot_id
2026-10-03T14:42:14.974Z,polling_division_results:votes,pass,NA,polling_division_results,comptage entier non négatif
2026-10-03T14:42:14.975Z,polling_summary_fields:timestamp,pass,NA,polling_summary_fields,horodatage et capture présents
2026-10-03T14:42:14.979Z,polling_summary_fields:provenance,pass,NA,polling_summary_fields,chaque source appartient au catalogue
2026-10-03T14:42:14.980Z,polling_units:timestamp,pass,NA,polling_units,horodatage et capture présents
2026-10-03T14:42:14.988Z,polling_units:provenance,pass,NA,polling_units,chaque source appartient au catalogue
2026-10-03T14:42:15.047Z,polling_units:key,pass,NA,polling_units,polling_unit_id × snapshot_id
2026-10-03T14:42:15.048Z,polling_units:registered,pass,NA,polling_units,comptage entier non négatif
2026-10-03T14:42:15.049Z,polling_units:valid_ballots,pass,NA,polling_units,comptage entier non négatif
2026-10-03T14:42:15.050Z,polling_units:rejected_ballots,pass,NA,polling_units,comptage entier non négatif
2026-10-03T14:42:15.050Z,polling_units:votes_cast,pass,NA,polling_units,comptage entier non négatif
2026-10-03T14:42:15.051Z,polling_units:ballots,pass,NA,polling_units,exprimés = valides + rejetés
2026-10-03T14:42:15.052Z,registered_electors:timestamp,pass,NA,registered_electors,horodatage et capture présents
2026-10-03T14:42:15.054Z,registered_electors:provenance,pass,NA,registered_electors,chaque source appartient au catalogue
2026-10-03T14:42:15.055Z,registered_electors:key,pass,NA,registered_electors,election_id × district_id × snapshot_id
2026-10-03T14:42:15.055Z,result_source_fields:timestamp,pass,NA,result_source_fields,horodatage et capture présents
2026-10-03T14:42:15.060Z,result_source_fields:provenance,pass,NA,result_source_fields,chaque source appartient au catalogue
2026-10-03T14:42:15.060Z,results_candidate:timestamp,pass,NA,results_candidate,horodatage et capture présents
2026-10-03T14:42:15.063Z,results_candidate:provenance,pass,NA,results_candidate,chaque source appartient au catalogue
2026-10-03T14:42:15.065Z,results_candidate:key,pass,NA,results_candidate,election_id × district_id × candidate_id × snapshot_id
2026-10-03T14:42:15.066Z,results_candidate:votes,pass,NA,results_candidate,comptage entier non négatif
2026-10-03T14:42:15.066Z,results_party:timestamp,pass,NA,results_party,horodatage et capture présents
2026-10-03T14:42:15.069Z,results_party:provenance,pass,NA,results_party,chaque source appartient au catalogue
2026-10-03T14:42:15.069Z,results_party:key,pass,NA,results_party,election_id × party_id × snapshot_id
2026-10-03T14:42:15.070Z,results_party:votes,pass,NA,results_party,comptage entier non négatif
2026-10-03T14:42:15.070Z,turnout:timestamp,pass,NA,turnout,horodatage et capture présents
2026-10-03T14:42:15.072Z,turnout:provenance,pass,NA,turnout,chaque source appartient au catalogue
2026-10-03T14:42:15.073Z,turnout:key,pass,NA,turnout,election_id × district_id × snapshot_id
2026-10-03T14:42:15.073Z,turnout:registered,pass,NA,turnout,comptage entier non négatif
2026-10-03T14:42:15.074Z,turnout:valid_ballots,pass,NA,turnout,comptage entier non négatif
2026-10-03T14:42:15.074Z,turnout:rejected_ballots,pass,NA,turnout,comptage entier non négatif
2026-10-03T14:42:15.074Z,turnout:votes_cast,pass,NA,turnout,comptage entier non négatif
2026-10-03T14:42:15.075Z,turnout:polls_counted,pass,NA,turnout,comptage entier non négatif
2026-10-03T14:42:15.075Z,turnout:polls_total,pass,NA,turnout,comptage entier non négatif
2026-10-03T14:42:15.075Z,turnout:ballots,pass,NA,turnout,exprimés = valides + rejetés
2026-10-03T14:42:15.076Z,turnout:turnout,pass,NA,turnout,taux recalculé cohérent
2026-10-03T14:42:15.076Z,turnout_history_source:timestamp,pass,NA,turnout_history_source,horodatage et capture présents
2026-10-03T14:42:15.185Z,turnout_history_source:provenance,pass,NA,turnout_history_source,chaque source appartient au catalogue
2026-10-03T14:42:15.189Z,candidate_vote_totals,pass,NA,results_candidate,sommes des candidats = bulletins valides finaux
2026-10-03T14:42:15.478Z,polling_vote_totals,pass,NA,polling_units,0 unités dont les votes ne concordent pas
2026-10-03T14:42:15.480Z,polling_links,warning,NA,polling_division_results,2612 appariements laissés non résolus
2026-10-03T14:42:15.483Z,2026_candidates,pass,NA,candidates,908 dans la source officielle consultée le 3 octobre 2026
2026-10-03T14:42:15.483Z,2026_candidate_districts,pass,NA,candidates,127 circonscriptions officielles
2026-10-03T14:42:15.484Z,2026_map_count,pass,NA,electoral_districts,127 circonscriptions dans la liste officielle
2026-10-03T14:42:15.484Z,result_status,pass,NA,results_candidate,final uniquement selon source
2026-10-03T14:42:15.485Z,no_preliminary_elected,pass,NA,results_candidate,aucune élection annoncée sur la base d’un fichier préliminaire
2026-10-03T14:50:56.663Z,by_elections:timestamp,pass,NA,by_elections,horodatage et capture présents
2026-10-03T14:50:56.668Z,by_elections:provenance,pass,NA,by_elections,chaque source appartient au catalogue
2026-10-03T14:50:56.669Z,by_elections:registered,pass,NA,by_elections,comptage entier non négatif
2026-10-03T14:50:56.669Z,by_elections:valid_ballots,pass,NA,by_elections,comptage entier non négatif
2026-10-03T14:50:56.669Z,by_elections:rejected_ballots,pass,NA,by_elections,comptage entier non négatif
2026-10-03T14:50:56.670Z,by_elections:votes_cast,pass,NA,by_elections,comptage entier non négatif
2026-10-03T14:50:56.670Z,by_elections:polls_counted,pass,NA,by_elections,comptage entier non négatif
2026-10-03T14:50:56.670Z,by_elections:polls_total,pass,NA,by_elections,comptage entier non négatif
2026-10-03T14:50:56.671Z,by_elections:ballots,pass,NA,by_elections,exprimés = valides + rejetés
2026-10-03T14:50:56.671Z,by_elections:turnout,pass,NA,by_elections,taux recalculé cohérent
2026-10-03T14:50:56.675Z,candidate_statistics:timestamp,pass,NA,candidate_statistics,horodatage et capture présents
2026-10-03T14:50:56.678Z,candidate_statistics:provenance,pass,NA,candidate_statistics,chaque source appartient au catalogue
2026-10-03T14:50:56.679Z,candidates:timestamp,pass,NA,candidates,horodatage et capture présents
2026-10-03T14:50:56.681Z,candidates:provenance,pass,NA,candidates,chaque source appartient au catalogue
2026-10-03T14:50:56.682Z,candidates:key,pass,NA,candidates,candidate_id × snapshot_id
2026-10-03T14:50:56.682Z,candidates_2012:timestamp,pass,NA,candidates_2012,horodatage et capture présents
2026-10-03T14:50:56.685Z,candidates_2012:provenance,pass,NA,candidates_2012,chaque source appartient au catalogue
2026-10-03T14:50:56.686Z,candidates_2012:key,pass,NA,candidates_2012,candidate_id × snapshot_id
2026-10-03T14:50:56.686Z,district_crosswalk_2017_2026:timestamp,pass,NA,district_crosswalk_2017_2026,horodatage et capture présents
2026-10-03T14:50:56.688Z,district_crosswalk_2017_2026:provenance,pass,NA,district_crosswalk_2017_2026,chaque source appartient au catalogue
2026-10-03T14:50:56.691Z,district_demographics:timestamp,pass,NA,district_demographics,horodatage et capture présents
2026-10-03T14:50:56.717Z,district_demographics:provenance,pass,NA,district_demographics,chaque source appartient au catalogue
2026-10-03T14:50:56.717Z,district_indicators:timestamp,pass,NA,district_indicators,horodatage et capture présents
2026-10-03T14:50:56.719Z,district_indicators:provenance,pass,NA,district_indicators,chaque source appartient au catalogue
2026-10-03T14:50:56.720Z,elections:timestamp,pass,NA,elections,horodatage et capture présents
2026-10-03T14:50:56.722Z,elections:provenance,pass,NA,elections,chaque source appartient au catalogue
2026-10-03T14:50:56.723Z,elections:key,pass,NA,elections,election_id × snapshot_id
2026-10-03T14:50:56.723Z,elections:registered,pass,NA,elections,comptage entier non négatif
2026-10-03T14:50:56.723Z,elections:valid_ballots,pass,NA,elections,comptage entier non négatif
2026-10-03T14:50:56.724Z,elections:rejected_ballots,pass,NA,elections,comptage entier non négatif
2026-10-03T14:50:56.724Z,elections:votes_cast,pass,NA,elections,comptage entier non négatif
2026-10-03T14:50:56.724Z,elections:polls_counted,pass,NA,elections,comptage entier non négatif
2026-10-03T14:50:56.725Z,elections:polls_total,pass,NA,elections,comptage entier non négatif
2026-10-03T14:50:56.725Z,elections:ballots,pass,NA,elections,exprimés = valides + rejetés
2026-10-03T14:50:56.725Z,elections:turnout,pass,NA,elections,taux recalculé cohérent
2026-10-03T14:50:56.726Z,electoral_district_geometries:timestamp,pass,NA,electoral_district_geometries,horodatage et capture présents
2026-10-03T14:50:56.728Z,electoral_district_geometries:provenance,pass,NA,electoral_district_geometries,chaque source appartient au catalogue
2026-10-03T14:50:56.729Z,electoral_districts:timestamp,pass,NA,electoral_districts,horodatage et capture présents
2026-10-03T14:50:56.731Z,electoral_districts:provenance,pass,NA,electoral_districts,chaque source appartient au catalogue
2026-10-03T14:50:56.732Z,electoral_districts:key,pass,NA,electoral_districts,district_id × snapshot_id
2026-10-03T14:50:56.732Z,historical_candidate_results:timestamp,pass,NA,historical_candidate_results,horodatage et capture présents
2026-10-03T14:50:56.735Z,historical_candidate_results:provenance,pass,NA,historical_candidate_results,chaque source appartient au catalogue
2026-10-03T14:50:56.735Z,historical_candidate_results:votes,pass,NA,historical_candidate_results,comptage entier non négatif
2026-10-03T14:50:56.736Z,historical_district_results:timestamp,pass,NA,historical_district_results,horodatage et capture présents
2026-10-03T14:50:56.738Z,historical_district_results:provenance,pass,NA,historical_district_results,chaque source appartient au catalogue
2026-10-03T14:50:56.739Z,historical_district_results:registered,pass,NA,historical_district_results,comptage entier non négatif
2026-10-03T14:50:56.739Z,historical_district_results:valid_ballots,pass,NA,historical_district_results,comptage entier non négatif
2026-10-03T14:50:56.740Z,historical_district_results:rejected_ballots,pass,NA,historical_district_results,comptage entier non négatif
2026-10-03T14:50:56.740Z,historical_district_results:votes_cast,pass,NA,historical_district_results,comptage entier non négatif
2026-10-03T14:50:56.740Z,historical_district_results:polls_counted,pass,NA,historical_district_results,comptage entier non négatif
2026-10-03T14:50:56.741Z,historical_district_results:polls_total,pass,NA,historical_district_results,comptage entier non négatif
2026-10-03T14:50:56.741Z,historical_district_results:ballots,pass,NA,historical_district_results,exprimés = valides + rejetés
2026-10-03T14:50:56.741Z,historical_district_results:turnout,pass,NA,historical_district_results,taux recalculé cohérent
2026-10-03T14:50:56.742Z,historical_party_results:timestamp,pass,NA,historical_party_results,horodatage et capture présents
2026-10-03T14:50:56.794Z,historical_party_results:provenance,pass,NA,historical_party_results,chaque source appartient au catalogue
2026-10-03T14:50:56.794Z,historical_party_results:votes,pass,NA,historical_party_results,comptage entier non négatif
2026-10-03T14:50:56.795Z,historical_turnout:timestamp,pass,NA,historical_turnout,horodatage et capture présents
2026-10-03T14:50:56.798Z,historical_turnout:provenance,pass,NA,historical_turnout,chaque source appartient au catalogue
2026-10-03T14:50:56.798Z,historical_turnout:registered,pass,NA,historical_turnout,comptage entier non négatif
2026-10-03T14:50:56.798Z,historical_turnout:valid_ballots,pass,NA,historical_turnout,comptage entier non négatif
2026-10-03T14:50:56.799Z,historical_turnout:rejected_ballots,pass,NA,historical_turnout,comptage entier non négatif
2026-10-03T14:50:56.799Z,historical_turnout:votes_cast,pass,NA,historical_turnout,comptage entier non négatif
2026-10-03T14:50:56.799Z,historical_turnout:polls_counted,pass,NA,historical_turnout,comptage entier non négatif
2026-10-03T14:50:56.800Z,historical_turnout:polls_total,pass,NA,historical_turnout,comptage entier non négatif
2026-10-03T14:50:56.800Z,historical_turnout:ballots,pass,NA,historical_turnout,exprimés = valides + rejetés
2026-10-03T14:50:56.800Z,historical_turnout:turnout,pass,NA,historical_turnout,taux recalculé cohérent
2026-10-03T14:50:56.801Z,legacy_election_source_tables:timestamp,pass,NA,legacy_election_source_tables,horodatage et capture présents
2026-10-03T14:50:56.803Z,legacy_election_source_tables:provenance,pass,NA,legacy_election_source_tables,chaque source appartient au catalogue
2026-10-03T14:50:56.803Z,parties:timestamp,pass,NA,parties,horodatage et capture présents
2026-10-03T14:50:56.806Z,parties:provenance,pass,NA,parties,chaque source appartient au catalogue
2026-10-03T14:50:56.806Z,party_authorization_history:timestamp,pass,NA,party_authorization_history,horodatage et capture présents
2026-10-03T14:50:56.808Z,party_authorization_history:provenance,pass,NA,party_authorization_history,chaque source appartient au catalogue
2026-10-03T14:50:56.808Z,party_officials:timestamp,pass,NA,party_officials,horodatage et capture présents
2026-10-03T14:50:56.811Z,party_officials:provenance,pass,NA,party_officials,chaque source appartient au catalogue
2026-10-03T14:50:56.811Z,political_contributions_city:timestamp,pass,NA,political_contributions_city,horodatage et capture présents
2026-10-03T14:50:56.814Z,political_contributions_city:provenance,pass,NA,political_contributions_city,chaque source appartient au catalogue
2026-10-03T14:50:56.818Z,polling_division_results:timestamp,pass,NA,polling_division_results,horodatage et capture présents
2026-10-03T14:50:56.862Z,polling_division_results:provenance,pass,NA,polling_division_results,chaque source appartient au catalogue
2026-10-03T14:50:57.316Z,polling_division_results:key,pass,NA,polling_division_results,polling_unit_id × candidate_id × snapshot_id
2026-10-03T14:50:57.321Z,polling_division_results:votes,pass,NA,polling_division_results,comptage entier non négatif
2026-10-03T14:50:57.321Z,polling_summary_fields:timestamp,pass,NA,polling_summary_fields,horodatage et capture présents
2026-10-03T14:50:57.325Z,polling_summary_fields:provenance,pass,NA,polling_summary_fields,chaque source appartient au catalogue
2026-10-03T14:50:57.326Z,polling_units:timestamp,pass,NA,polling_units,horodatage et capture présents
2026-10-03T14:50:57.407Z,polling_units:provenance,pass,NA,polling_units,chaque source appartient au catalogue
2026-10-03T14:50:57.436Z,polling_units:key,pass,NA,polling_units,polling_unit_id × snapshot_id
2026-10-03T14:50:57.437Z,polling_units:registered,pass,NA,polling_units,comptage entier non négatif
2026-10-03T14:50:57.438Z,polling_units:valid_ballots,pass,NA,polling_units,comptage entier non négatif
2026-10-03T14:50:57.439Z,polling_units:rejected_ballots,pass,NA,polling_units,comptage entier non négatif
2026-10-03T14:50:57.439Z,polling_units:votes_cast,pass,NA,polling_units,comptage entier non négatif
2026-10-03T14:50:57.440Z,polling_units:ballots,pass,NA,polling_units,exprimés = valides + rejetés
2026-10-03T14:50:57.440Z,registered_electors:timestamp,pass,NA,registered_electors,horodatage et capture présents
2026-10-03T14:50:57.444Z,registered_electors:provenance,pass,NA,registered_electors,chaque source appartient au catalogue
2026-10-03T14:50:57.444Z,registered_electors:key,pass,NA,registered_electors,election_id × district_id × snapshot_id
2026-10-03T14:50:57.445Z,result_source_fields:timestamp,pass,NA,result_source_fields,horodatage et capture présents
2026-10-03T14:50:57.449Z,result_source_fields:provenance,pass,NA,result_source_fields,chaque source appartient au catalogue
2026-10-03T14:50:57.449Z,results_candidate:timestamp,pass,NA,results_candidate,horodatage et capture présents
2026-10-03T14:50:57.452Z,results_candidate:provenance,pass,NA,results_candidate,chaque source appartient au catalogue
2026-10-03T14:50:57.455Z,results_candidate:key,pass,NA,results_candidate,election_id × district_id × candidate_id × snapshot_id
2026-10-03T14:50:57.455Z,results_candidate:votes,pass,NA,results_candidate,comptage entier non négatif
2026-10-03T14:50:57.456Z,results_party:timestamp,pass,NA,results_party,horodatage et capture présents
2026-10-03T14:50:57.458Z,results_party:provenance,pass,NA,results_party,chaque source appartient au catalogue
2026-10-03T14:50:57.459Z,results_party:key,pass,NA,results_party,election_id × party_id × snapshot_id
2026-10-03T14:50:57.459Z,results_party:votes,pass,NA,results_party,comptage entier non négatif
2026-10-03T14:50:57.460Z,turnout:timestamp,pass,NA,turnout,horodatage et capture présents
2026-10-03T14:50:57.462Z,turnout:provenance,pass,NA,turnout,chaque source appartient au catalogue
2026-10-03T14:50:57.463Z,turnout:key,pass,NA,turnout,election_id × district_id × snapshot_id
2026-10-03T14:50:57.463Z,turnout:registered,pass,NA,turnout,comptage entier non négatif
2026-10-03T14:50:57.464Z,turnout:valid_ballots,pass,NA,turnout,comptage entier non négatif
2026-10-03T14:50:57.464Z,turnout:rejected_ballots,pass,NA,turnout,comptage entier non négatif
2026-10-03T14:50:57.464Z,turnout:votes_cast,pass,NA,turnout,comptage entier non négatif
2026-10-03T14:50:57.465Z,turnout:polls_counted,pass,NA,turnout,comptage entier non négatif
2026-10-03T14:50:57.465Z,turnout:polls_total,pass,NA,turnout,comptage entier non négatif
2026-10-03T14:50:57.466Z,turnout:ballots,pass,NA,turnout,exprimés = valides + rejetés
2026-10-03T14:50:57.466Z,turnout:turnout,pass,NA,turnout,taux recalculé cohérent
2026-10-03T14:50:57.466Z,turnout_history_source:timestamp,pass,NA,turnout_history_source,horodatage et capture présents
2026-10-03T14:50:57.469Z,turnout_history_source:provenance,pass,NA,turnout_history_source,chaque source appartient au catalogue
2026-10-03T14:50:57.477Z,candidate_vote_totals,pass,NA,results_candidate,sommes des candidats = bulletins valides finaux
2026-10-03T14:50:57.751Z,polling_vote_totals,pass,NA,polling_units,0 unités dont les votes ne concordent pas
2026-10-03T14:50:57.753Z,polling_links,warning,NA,polling_division_results,2612 appariements laissés non résolus
2026-10-03T14:50:57.755Z,2026_candidates,pass,NA,candidates,908 dans la source officielle consultée le 3 octobre 2026
2026-10-03T14:50:57.756Z,2026_candidate_districts,pass,NA,candidates,127 circonscriptions officielles
2026-10-03T14:50:57.757Z,2026_map_count,pass,NA,electoral_districts,127 circonscriptions dans la liste officielle
2026-10-03T14:50:57.757Z,result_status,pass,NA,results_candidate,final uniquement selon source
2026-10-03T14:50:57.757Z,no_preliminary_elected,pass,NA,results_candidate,aucune élection annoncée sur la base d’un fichier préliminaire
2026-10-03T15:09:23.590Z,transform,error,src_04249426efff,NA,the condition has length > 1
2026-10-03T15:09:23.590Z,transform,error,src_04249426efff,NA,the condition has length > 1
2026-10-03T15:09:25.915Z,transform,error,src_23a95c0b8ace,NA,the condition has length > 1
2026-10-03T15:09:25.915Z,transform,error,src_23a95c0b8ace,NA,the condition has length > 1
2026-10-03T15:09:28.319Z,transform,error,src_2d4e90d4e476,NA,the condition has length > 1
2026-10-03T15:09:28.319Z,transform,error,src_2d4e90d4e476,NA,the condition has length > 1
2026-10-03T15:09:30.572Z,transform,error,src_335c9751e725,NA,the condition has length > 1
2026-10-03T15:09:30.572Z,transform,error,src_335c9751e725,NA,the condition has length > 1
2026-10-03T15:09:36.849Z,transform,error,src_46b2b80361d8,NA,the condition has length > 1
2026-10-03T15:09:36.849Z,transform,error,src_46b2b80361d8,NA,the condition has length > 1
2026-10-03T15:09:36.989Z,transform,error,src_4e9171631c9b,NA,the condition has length > 1
2026-10-03T15:09:36.989Z,transform,error,src_4e9171631c9b,NA,the condition has length > 1
2026-10-03T15:09:40.590Z,transform,error,src_53258148a5e9,NA,the condition has length > 1
2026-10-03T15:09:40.590Z,transform,error,src_53258148a5e9,NA,the condition has length > 1
2026-10-03T15:09:41.064Z,transform,error,src_68477afa07d6,NA,the condition has length > 1
2026-10-03T15:09:41.064Z,transform,error,src_68477afa07d6,NA,the condition has length > 1
2026-10-03T15:09:55.975Z,transform,error,src_81c5fe8d1b02,NA,the condition has length > 1
2026-10-03T15:09:55.975Z,transform,error,src_81c5fe8d1b02,NA,the condition has length > 1
2026-10-03T15:09:56.174Z,transform,error,src_8f0698d69120,NA,the condition has length > 1
2026-10-03T15:09:56.174Z,transform,error,src_8f0698d69120,NA,the condition has length > 1
2026-10-03T15:09:56.587Z,transform,error,src_9869ef080ebd,NA,the condition has length > 1
2026-10-03T15:09:56.587Z,transform,error,src_9869ef080ebd,NA,the condition has length > 1
2026-10-03T15:09:56.596Z,transform,error,src_9ef2a7b66e04,NA,the condition has length > 1
2026-10-03T15:09:56.596Z,transform,error,src_9ef2a7b66e04,NA,the condition has length > 1
2026-10-03T15:09:56.604Z,transform,error,src_a0bedefcbbb2,NA,the condition has length > 1
2026-10-03T15:09:56.604Z,transform,error,src_a0bedefcbbb2,NA,the condition has length > 1
2026-10-03T15:10:18.872Z,transform,error,src_c0d45adf2a1b,NA,the condition has length > 1
2026-10-03T15:10:18.872Z,transform,error,src_c0d45adf2a1b,NA,the condition has length > 1
2026-10-03T15:10:19.082Z,transform,error,src_d0efa9a1d2ca,NA,the condition has length > 1
2026-10-03T15:10:19.082Z,transform,error,src_d0efa9a1d2ca,NA,the condition has length > 1
2026-10-03T15:10:19.091Z,transform,error,src_d46eedaf6c55,NA,the condition has length > 1
2026-10-03T15:10:19.091Z,transform,error,src_d46eedaf6c55,NA,the condition has length > 1
2026-10-03T15:10:38.523Z,transform,error,src_fc8fc11eea9d,NA,the condition has length > 1
2026-10-03T15:10:38.523Z,transform,error,src_fc8fc11eea9d,NA,the condition has length > 1
2026-10-03T15:10:39.857Z,poll_schema,warning,src_0fb95c6f3b76,NA,member_461012013cdf8659.csv
2026-10-03T15:13:31.034Z,legacy_json,error,src_23a95c0b8ace,NA,Can't combine `..1$party_code_source` <character> and `..2$party_code_source` <integer>.
2026-10-03T15:13:31.047Z,legacy_json,error,src_d46eedaf6c55,NA,Can't combine `..1$party_code_source` <character> and `..2$party_code_source` <integer>.
2026-10-03T15:13:31.064Z,legacy_json,error,src_fc8fc11eea9d,NA,Can't combine `..1$party_code_source` <character> and `..2$party_code_source` <integer>.
2026-10-03T15:13:31.077Z,legacy_json,error,src_335c9751e725,NA,Can't combine `..1$party_code_source` <character> and `..2$party_code_source` <integer>.
2026-10-03T15:13:31.090Z,legacy_json,error,src_8f0698d69120,NA,Can't combine `..1$party_code_source` <character> and `..2$party_code_source` <integer>.
2026-10-03T15:13:31.101Z,legacy_json,error,src_53258148a5e9,NA,Can't combine `..1$party_code_source` <character> and `..2$party_code_source` <integer>.
2026-10-03T15:13:31.118Z,legacy_json,error,src_81c5fe8d1b02,NA,Can't combine `..1$party_code_source` <character> and `..2$party_code_source` <integer>.
2026-10-03T15:13:31.130Z,legacy_json,error,src_9ef2a7b66e04,NA,Can't combine `..1$party_code_source` <character> and `..2$party_code_source` <integer>.
2026-10-03T15:13:31.143Z,legacy_json,error,src_c0d45adf2a1b,NA,Can't combine `..1$party_code_source` <character> and `..2$party_code_source` <integer>.
2026-10-03T15:13:31.155Z,legacy_json,error,src_4e9171631c9b,NA,Can't combine `..1$party_code_source` <character> and `..2$party_code_source` <integer>.
2026-10-03T15:13:31.171Z,legacy_json,error,src_2d4e90d4e476,NA,Can't combine `..1$party_code_source` <character> and `..2$party_code_source` <integer>.
2026-10-03T15:13:31.184Z,legacy_json,error,src_9869ef080ebd,NA,Can't combine `..1$party_code_source` <character> and `..2$party_code_source` <integer>.
2026-10-03T15:13:31.197Z,legacy_json,error,src_46b2b80361d8,NA,Can't combine `..1$party_code_source` <character> and `..2$party_code_source` <integer>.
2026-10-03T15:13:31.209Z,legacy_json,error,src_d0efa9a1d2ca,NA,Can't combine `..1$party_code_source` <character> and `..2$party_code_source` <integer>.
2026-10-03T15:13:31.221Z,legacy_json,error,src_68477afa07d6,NA,Can't combine `..1$party_code_source` <character> and `..2$party_code_source` <integer>.
2026-10-03T15:13:31.237Z,legacy_json,error,src_04249426efff,NA,Can't combine `..1$party_code_source` <character> and `..2$party_code_source` <integer>.
2026-10-03T15:13:31.248Z,legacy_json,error,src_a0bedefcbbb2,NA,Can't combine `..1$party_code_source` <character> and `..2$party_code_source` <integer>.
2026-10-03T15:13:34.365Z,legacy_polling,error,src_e1bd95cfcae7,NA,Territoire historique ambigu : ¿les-de-la-Madeleine
2026-10-03T15:13:36.307Z,legacy_polling,error,src_97943df8aee2,NA,Territoire historique ambigu : ¿les-de-la-Madeleine
2026-10-03T15:16:48.257Z,poll_schema,warning,src_0fb95c6f3b76,NA,member_461012013cdf8659.csv
2026-10-03T15:19:46.443Z,legacy_polling,error,src_e1bd95cfcae7,NA,Territoire historique ambigu : ¿les-de-la-Madeleine
2026-10-03T15:19:48.375Z,legacy_polling,error,src_97943df8aee2,NA,Territoire historique ambigu : ¿les-de-la-Madeleine
2026-10-03T15:28:59.429Z,legacy_polling,error,src_e1bd95cfcae7,NA,Territoire historique ambigu : ¿les-de-la-Madeleine
2026-10-03T15:29:00.293Z,legacy_polling,error,src_97943df8aee2,NA,Territoire historique ambigu : ¿les-de-la-Madeleine
2026-10-03T15:29:51.762Z,legacy_polling,error,src_e1bd95cfcae7,NA,Territoire historique ambigu : ¿les-de-la-Madeleine
2026-10-03T15:29:52.616Z,legacy_polling,error,src_97943df8aee2,NA,Territoire historique ambigu : ¿les-de-la-Madeleine
2026-10-03T15:32:32.782Z,legacy_territory_label,warning,src_e1bd95cfcae7,NA,Libellé source ¿les-de-la-Madeleine relié à Îles-de-la-Madeleine par au moins deux triplets exacts nom-prénom-parti du même événement.
2026-10-03T15:32:33.241Z,legacy_territory_label,warning,src_e1bd95cfcae7,NA,Libellé source Mille-¿les relié à Mille-Îles par au moins deux triplets exacts nom-prénom-parti du même événement.
2026-10-03T15:32:34.807Z,legacy_territory_label,warning,src_97943df8aee2,NA,Libellé source ¿les-de-la-Madeleine relié à Îles-de-la-Madeleine par au moins deux triplets exacts nom-prénom-parti du même événement.
2026-10-03T15:32:35.291Z,legacy_territory_label,warning,src_97943df8aee2,NA,Libellé source Mille-¿les relié à Mille-Îles par au moins deux triplets exacts nom-prénom-parti du même événement.
2026-10-03T15:32:36.111Z,legacy_polling,error,src_52c4ab07b017,NA,Colonnes de bulletins absentes dans bloc historique
2026-10-03T15:32:36.933Z,legacy_territory_label,warning,src_ae53c8c7c088,NA,Libellé source ¿les-de-la-Madeleine relié à Îles-de-la-Madeleine par au moins deux triplets exacts nom-prénom-parti du même événement.
2026-10-03T15:32:37.381Z,legacy_territory_label,warning,src_ae53c8c7c088,NA,Libellé source Mille-¿les relié à Mille-Îles par au moins deux triplets exacts nom-prénom-parti du même événement.
2026-10-03T15:35:18.235Z,poll_schema,warning,src_0fb95c6f3b76,NA,member_461012013cdf8659.csv
2026-10-03T15:35:47.531Z,legacy_territory_label,warning,src_e1bd95cfcae7,NA,Libellé source ¿les-de-la-Madeleine relié à Îles-de-la-Madeleine par au moins deux triplets exacts nom-prénom-parti du même événement.
2026-10-03T15:35:47.993Z,legacy_territory_label,warning,src_e1bd95cfcae7,NA,Libellé source Mille-¿les relié à Mille-Îles par au moins deux triplets exacts nom-prénom-parti du même événement.
2026-10-03T15:35:49.518Z,legacy_territory_label,warning,src_97943df8aee2,NA,Libellé source ¿les-de-la-Madeleine relié à Îles-de-la-Madeleine par au moins deux triplets exacts nom-prénom-parti du même événement.
2026-10-03T15:35:50.029Z,legacy_territory_label,warning,src_97943df8aee2,NA,Libellé source Mille-¿les relié à Mille-Îles par au moins deux triplets exacts nom-prénom-parti du même événement.
2026-10-03T15:35:50.881Z,legacy_polling,error,src_52c4ab07b017,NA,Colonnes de bulletins absentes dans bloc historique
2026-10-03T15:35:51.700Z,legacy_territory_label,warning,src_ae53c8c7c088,NA,Libellé source ¿les-de-la-Madeleine relié à Îles-de-la-Madeleine par au moins deux triplets exacts nom-prénom-parti du même événement.
2026-10-03T15:35:52.172Z,legacy_territory_label,warning,src_ae53c8c7c088,NA,Libellé source Mille-¿les relié à Mille-Îles par au moins deux triplets exacts nom-prénom-parti du même événement.
2026-10-03T15:36:00.111Z,contribution_grain,info,src_54b914419613,NA,"Totaux annuels par personne et entité. Date de l’événement = campagne à la direction, pas date du versement. Aucune agrégation mensuelle construite."
2026-10-03T15:39:08.000Z,poll_schema,warning,src_0fb95c6f3b76,NA,member_461012013cdf8659.csv
2026-10-03T15:39:37.154Z,legacy_territory_label,warning,src_e1bd95cfcae7,NA,Libellé source ¿les-de-la-Madeleine relié à Îles-de-la-Madeleine par au moins deux triplets exacts nom-prénom-parti du même événement.
2026-10-03T15:39:37.605Z,legacy_territory_label,warning,src_e1bd95cfcae7,NA,Libellé source Mille-¿les relié à Mille-Îles par au moins deux triplets exacts nom-prénom-parti du même événement.
2026-10-03T15:39:39.149Z,legacy_territory_label,warning,src_97943df8aee2,NA,Libellé source ¿les-de-la-Madeleine relié à Îles-de-la-Madeleine par au moins deux triplets exacts nom-prénom-parti du même événement.
2026-10-03T15:39:39.662Z,legacy_territory_label,warning,src_97943df8aee2,NA,Libellé source Mille-¿les relié à Mille-Îles par au moins deux triplets exacts nom-prénom-parti du même événement.
2026-10-03T15:39:40.523Z,legacy_polling,error,src_52c4ab07b017,NA,Colonnes de bulletins absentes dans bloc historique
2026-10-03T15:39:41.352Z,legacy_territory_label,warning,src_ae53c8c7c088,NA,Libellé source ¿les-de-la-Madeleine relié à Îles-de-la-Madeleine par au moins deux triplets exacts nom-prénom-parti du même événement.
2026-10-03T15:39:41.860Z,legacy_territory_label,warning,src_ae53c8c7c088,NA,Libellé source Mille-¿les relié à Mille-Îles par au moins deux triplets exacts nom-prénom-parti du même événement.
2026-10-03T15:39:49.794Z,contribution_grain,info,src_54b914419613,NA,"Totaux annuels par personne et entité. Date de l’événement = campagne à la direction, pas date du versement. Aucune agrégation mensuelle construite."
2026-10-03T15:43:27.997Z,legacy_territory_label,warning,src_e1bd95cfcae7,NA,Libellé source ¿les-de-la-Madeleine relié à Îles-de-la-Madeleine par au moins deux triplets exacts nom-prénom-parti du même événement.
2026-10-03T15:43:28.448Z,legacy_territory_label,warning,src_e1bd95cfcae7,NA,Libellé source Mille-¿les relié à Mille-Îles par au moins deux triplets exacts nom-prénom-parti du même événement.
2026-10-03T15:43:30.001Z,legacy_territory_label,warning,src_97943df8aee2,NA,Libellé source ¿les-de-la-Madeleine relié à Îles-de-la-Madeleine par au moins deux triplets exacts nom-prénom-parti du même événement.
2026-10-03T15:43:30.488Z,legacy_territory_label,warning,src_97943df8aee2,NA,Libellé source Mille-¿les relié à Mille-Îles par au moins deux triplets exacts nom-prénom-parti du même événement.
2026-10-03T15:43:31.921Z,legacy_territory_label,warning,src_52c4ab07b017,NA,Libellé source ¿les-de-la-Madeleine relié à Îles-de-la-Madeleine par au moins deux triplets exacts nom-prénom-parti du même événement.
2026-10-03T15:43:32.367Z,legacy_territory_label,warning,src_52c4ab07b017,NA,Libellé source Mille-¿les relié à Mille-Îles par au moins deux triplets exacts nom-prénom-parti du même événement.
2026-10-03T15:43:33.889Z,legacy_territory_label,warning,src_ae53c8c7c088,NA,Libellé source ¿les-de-la-Madeleine relié à Îles-de-la-Madeleine par au moins deux triplets exacts nom-prénom-parti du même événement.
2026-10-03T15:43:34.346Z,legacy_territory_label,warning,src_ae53c8c7c088,NA,Libellé source Mille-¿les relié à Mille-Îles par au moins deux triplets exacts nom-prénom-parti du même événement.
2026-10-03T15:43:35.332Z,legacy_elections:timestamp,pass,NA,legacy_elections,horodatage et capture présents
2026-10-03T15:43:35.335Z,legacy_elections:provenance,pass,NA,legacy_elections,chaque source appartient au catalogue
2026-10-03T15:43:35.335Z,legacy_elections:registered,pass,NA,legacy_elections,comptage entier non négatif
2026-10-03T15:43:35.336Z,legacy_elections:valid_ballots,pass,NA,legacy_elections,comptage entier non négatif
2026-10-03T15:43:35.336Z,legacy_elections:rejected_ballots,pass,NA,legacy_elections,comptage entier non négatif
2026-10-03T15:43:35.336Z,legacy_elections:votes_cast,pass,NA,legacy_elections,comptage entier non négatif
2026-10-03T15:43:35.337Z,legacy_elections:ballots,error,NA,legacy_elections,exprimés = valides + rejetés
2026-10-03T15:43:35.337Z,legacy_elections:turnout,pass,NA,legacy_elections,taux recalculé cohérent
2026-10-03T15:43:35.337Z,legacy_historical_candidate_results:timestamp,pass,NA,legacy_historical_candidate_results,horodatage et capture présents
2026-10-03T15:43:35.340Z,legacy_historical_candidate_results:provenance,pass,NA,legacy_historical_candidate_results,chaque source appartient au catalogue
2026-10-03T15:43:35.341Z,legacy_historical_candidate_results:valid_ballots,pass,NA,legacy_historical_candidate_results,comptage entier non négatif
2026-10-03T15:43:35.341Z,legacy_historical_candidate_results:votes,pass,NA,legacy_historical_candidate_results,comptage entier non négatif
2026-10-03T15:43:35.342Z,legacy_historical_district_results:timestamp,pass,NA,legacy_historical_district_results,horodatage et capture présents
2026-10-03T15:43:35.344Z,legacy_historical_district_results:provenance,pass,NA,legacy_historical_district_results,chaque source appartient au catalogue
2026-10-03T15:43:35.345Z,legacy_historical_district_results:registered,pass,NA,legacy_historical_district_results,comptage entier non négatif
2026-10-03T15:43:35.345Z,legacy_historical_district_results:valid_ballots,pass,NA,legacy_historical_district_results,comptage entier non négatif
2026-10-03T15:43:35.346Z,legacy_historical_district_results:rejected_ballots,pass,NA,legacy_historical_district_results,comptage entier non négatif
2026-10-03T15:43:35.346Z,legacy_historical_district_results:votes_cast,pass,NA,legacy_historical_district_results,comptage entier non négatif
2026-10-03T15:43:35.346Z,legacy_historical_district_results:ballots,error,NA,legacy_historical_district_results,exprimés = valides + rejetés
2026-10-03T15:43:35.347Z,legacy_historical_district_results:turnout,pass,NA,legacy_historical_district_results,taux recalculé cohérent
2026-10-03T15:43:35.347Z,legacy_historical_party_results:timestamp,pass,NA,legacy_historical_party_results,horodatage et capture présents
2026-10-03T15:43:35.350Z,legacy_historical_party_results:provenance,pass,NA,legacy_historical_party_results,chaque source appartient au catalogue
2026-10-03T15:43:35.350Z,legacy_historical_party_results:votes,pass,NA,legacy_historical_party_results,comptage entier non négatif
2026-10-03T15:43:35.353Z,legacy_polling_division_results:timestamp,pass,NA,legacy_polling_division_results,horodatage et capture présents
2026-10-03T15:43:35.390Z,legacy_polling_division_results:provenance,pass,NA,legacy_polling_division_results,chaque source appartient au catalogue
2026-10-03T15:43:35.393Z,legacy_polling_division_results:votes,pass,NA,legacy_polling_division_results,comptage entier non négatif
2026-10-03T15:43:35.394Z,legacy_polling_units:timestamp,pass,NA,legacy_polling_units,horodatage et capture présents
2026-10-03T15:43:35.403Z,legacy_polling_units:provenance,pass,NA,legacy_polling_units,chaque source appartient au catalogue
2026-10-03T15:43:35.404Z,legacy_polling_units:registered,pass,NA,legacy_polling_units,comptage entier non négatif
2026-10-03T15:43:35.405Z,legacy_polling_units:valid_ballots,pass,NA,legacy_polling_units,comptage entier non négatif
2026-10-03T15:43:35.406Z,legacy_polling_units:rejected_ballots,pass,NA,legacy_polling_units,comptage entier non négatif
2026-10-03T15:43:35.407Z,legacy_polling_units:votes_cast,pass,NA,legacy_polling_units,comptage entier non négatif
2026-10-03T15:43:35.408Z,legacy_polling_units:ballots,pass,NA,legacy_polling_units,exprimés = valides + rejetés
2026-10-03T15:43:35.700Z,legacy_polling_vote_totals,pass,NA,legacy_polling_units,0 unités historiques non réconciliées
2026-10-03T15:43:35.706Z,legacy_candidate_vote_totals,pass,NA,legacy_historical_candidate_results,sommes historiques concordent quand les comptages numériques sont fournis
2026-10-03T15:43:35.706Z,legacy_historical_candidate_results:shares,pass,NA,legacy_historical_candidate_results,parts recalculées concordantes
2026-10-03T15:46:21.566Z,poll_schema,warning,src_0fb95c6f3b76,NA,member_461012013cdf8659.csv
2026-10-03T15:46:50.530Z,legacy_territory_label,warning,src_e1bd95cfcae7,NA,Libellé source ¿les-de-la-Madeleine relié à Îles-de-la-Madeleine par au moins deux triplets exacts nom-prénom-parti du même événement.
2026-10-03T15:46:50.980Z,legacy_territory_label,warning,src_e1bd95cfcae7,NA,Libellé source Mille-¿les relié à Mille-Îles par au moins deux triplets exacts nom-prénom-parti du même événement.
2026-10-03T15:46:52.509Z,legacy_territory_label,warning,src_97943df8aee2,NA,Libellé source ¿les-de-la-Madeleine relié à Îles-de-la-Madeleine par au moins deux triplets exacts nom-prénom-parti du même événement.
2026-10-03T15:46:53.012Z,legacy_territory_label,warning,src_97943df8aee2,NA,Libellé source Mille-¿les relié à Mille-Îles par au moins deux triplets exacts nom-prénom-parti du même événement.
2026-10-03T15:46:54.443Z,legacy_territory_label,warning,src_52c4ab07b017,NA,Libellé source ¿les-de-la-Madeleine relié à Îles-de-la-Madeleine par au moins deux triplets exacts nom-prénom-parti du même événement.
2026-10-03T15:46:54.919Z,legacy_territory_label,warning,src_52c4ab07b017,NA,Libellé source Mille-¿les relié à Mille-Îles par au moins deux triplets exacts nom-prénom-parti du même événement.
2026-10-03T15:46:56.411Z,legacy_territory_label,warning,src_ae53c8c7c088,NA,Libellé source ¿les-de-la-Madeleine relié à Îles-de-la-Madeleine par au moins deux triplets exacts nom-prénom-parti du même événement.
2026-10-03T15:46:56.879Z,legacy_territory_label,warning,src_ae53c8c7c088,NA,Libellé source Mille-¿les relié à Mille-Îles par au moins deux triplets exacts nom-prénom-parti du même événement.
2026-10-03T15:47:04.541Z,contribution_grain,info,src_54b914419613,NA,"Totaux annuels par personne et entité. Date de l’événement = campagne à la direction, pas date du versement. Aucune agrégation mensuelle construite."
2026-10-03T15:47:41.203Z,assnat_historical_source_tables:timestamp,pass,NA,assnat_historical_source_tables,horodatage et capture présents
2026-10-03T15:47:41.215Z,assnat_historical_source_tables:provenance,pass,NA,assnat_historical_source_tables,chaque source appartient au catalogue
2026-10-03T15:47:41.215Z,by_elections:timestamp,pass,NA,by_elections,horodatage et capture présents
2026-10-03T15:47:41.218Z,by_elections:provenance,pass,NA,by_elections,chaque source appartient au catalogue
2026-10-03T15:47:41.218Z,by_elections:registered,pass,NA,by_elections,comptage entier non négatif
2026-10-03T15:47:41.218Z,by_elections:valid_ballots,pass,NA,by_elections,comptage entier non négatif
2026-10-03T15:47:41.219Z,by_elections:rejected_ballots,pass,NA,by_elections,comptage entier non négatif
2026-10-03T15:47:41.219Z,by_elections:votes_cast,pass,NA,by_elections,comptage entier non négatif
2026-10-03T15:47:41.219Z,by_elections:polls_counted,pass,NA,by_elections,comptage entier non négatif
2026-10-03T15:47:41.220Z,by_elections:polls_total,pass,NA,by_elections,comptage entier non négatif
2026-10-03T15:47:41.220Z,by_elections:ballots,pass,NA,by_elections,exprimés = valides + rejetés
2026-10-03T15:47:41.220Z,by_elections:turnout,pass,NA,by_elections,taux recalculé cohérent
2026-10-03T15:47:41.221Z,candidate_statistics:timestamp,pass,NA,candidate_statistics,horodatage et capture présents
2026-10-03T15:47:41.223Z,candidate_statistics:provenance,pass,NA,candidate_statistics,chaque source appartient au catalogue
2026-10-03T15:47:41.224Z,candidates:timestamp,pass,NA,candidates,horodatage et capture présents
2026-10-03T15:47:41.226Z,candidates:provenance,pass,NA,candidates,chaque source appartient au catalogue
2026-10-03T15:47:41.227Z,candidates:key,pass,NA,candidates,candidate_id × snapshot_id
2026-10-03T15:47:41.227Z,candidates_2012:timestamp,pass,NA,candidates_2012,horodatage et capture présents
2026-10-03T15:47:41.230Z,candidates_2012:provenance,pass,NA,candidates_2012,chaque source appartient au catalogue
2026-10-03T15:47:41.231Z,candidates_2012:key,pass,NA,candidates_2012,candidate_id × snapshot_id
2026-10-03T15:47:41.231Z,district_crosswalk_2017_2026:timestamp,pass,NA,district_crosswalk_2017_2026,horodatage et capture présents
2026-10-03T15:47:41.234Z,district_crosswalk_2017_2026:provenance,pass,NA,district_crosswalk_2017_2026,chaque source appartient au catalogue
2026-10-03T15:47:41.236Z,district_demographics:timestamp,pass,NA,district_demographics,horodatage et capture présents
2026-10-03T15:47:41.260Z,district_demographics:provenance,pass,NA,district_demographics,chaque source appartient au catalogue
2026-10-03T15:47:41.260Z,district_indicators:timestamp,pass,NA,district_indicators,horodatage et capture présents
2026-10-03T15:47:41.263Z,district_indicators:provenance,pass,NA,district_indicators,chaque source appartient au catalogue
2026-10-03T15:47:41.263Z,district_map_changes:timestamp,pass,NA,district_map_changes,horodatage et capture présents
2026-10-03T15:47:41.266Z,district_map_changes:provenance,pass,NA,district_map_changes,chaque source appartient au catalogue
2026-10-03T15:47:41.266Z,district_map_changes_spatial:timestamp,pass,NA,district_map_changes_spatial,horodatage et capture présents
2026-10-03T15:47:41.269Z,district_map_changes_spatial:provenance,pass,NA,district_map_changes_spatial,chaque source appartient au catalogue
2026-10-03T15:47:41.269Z,election_calendar_2026:timestamp,pass,NA,election_calendar_2026,horodatage et capture présents
2026-10-03T15:47:41.271Z,election_calendar_2026:provenance,pass,NA,election_calendar_2026,chaque source appartient au catalogue
2026-10-03T15:47:41.272Z,election_expense_limits:timestamp,pass,NA,election_expense_limits,horodatage et capture présents
2026-10-03T15:47:41.275Z,election_expense_limits:provenance,pass,NA,election_expense_limits,chaque source appartient au catalogue
2026-10-03T15:47:41.275Z,elections:timestamp,pass,NA,elections,horodatage et capture présents
2026-10-03T15:47:41.278Z,elections:provenance,pass,NA,elections,chaque source appartient au catalogue
2026-10-03T15:47:41.278Z,elections:key,pass,NA,elections,election_id × snapshot_id
2026-10-03T15:47:41.278Z,elections:registered,pass,NA,elections,comptage entier non négatif
2026-10-03T15:47:41.279Z,elections:valid_ballots,pass,NA,elections,comptage entier non négatif
2026-10-03T15:47:41.279Z,elections:rejected_ballots,pass,NA,elections,comptage entier non négatif
2026-10-03T15:47:41.279Z,elections:votes_cast,pass,NA,elections,comptage entier non négatif
2026-10-03T15:47:41.280Z,elections:polls_counted,pass,NA,elections,comptage entier non négatif
2026-10-03T15:47:41.280Z,elections:polls_total,pass,NA,elections,comptage entier non négatif
2026-10-03T15:47:41.280Z,elections:ballots,pass,NA,elections,exprimés = valides + rejetés
2026-10-03T15:47:41.280Z,elections:turnout,pass,NA,elections,taux recalculé cohérent
2026-10-03T15:47:41.281Z,electoral_district_geometries:timestamp,pass,NA,electoral_district_geometries,horodatage et capture présents
2026-10-03T15:47:41.284Z,electoral_district_geometries:provenance,pass,NA,electoral_district_geometries,chaque source appartient au catalogue
2026-10-03T15:47:41.284Z,electoral_districts:timestamp,pass,NA,electoral_districts,horodatage et capture présents
2026-10-03T15:47:41.286Z,electoral_districts:provenance,pass,NA,electoral_districts,chaque source appartient au catalogue
2026-10-03T15:47:41.287Z,electoral_districts:key,pass,NA,electoral_districts,district_id × snapshot_id
2026-10-03T15:47:41.287Z,finance_source_tables:timestamp,pass,NA,finance_source_tables,horodatage et capture présents
2026-10-03T15:47:41.290Z,finance_source_tables:provenance,pass,NA,finance_source_tables,chaque source appartient au catalogue
2026-10-03T15:47:41.290Z,financial_document_index:timestamp,pass,NA,financial_document_index,horodatage et capture présents
2026-10-03T15:47:41.315Z,financial_document_index:provenance,pass,NA,financial_document_index,chaque source appartient au catalogue
2026-10-03T15:47:41.316Z,financial_source_cells:timestamp,pass,NA,financial_source_cells,horodatage et capture présents
2026-10-03T15:47:41.321Z,financial_source_cells:provenance,pass,NA,financial_source_cells,chaque source appartient au catalogue
2026-10-03T15:47:41.321Z,historical_candidate_results:timestamp,pass,NA,historical_candidate_results,horodatage et capture présents
2026-10-03T15:47:41.324Z,historical_candidate_results:provenance,pass,NA,historical_candidate_results,chaque source appartient au catalogue
2026-10-03T15:47:41.324Z,historical_candidate_results:votes,pass,NA,historical_candidate_results,comptage entier non négatif
2026-10-03T15:47:41.324Z,historical_district_results:timestamp,pass,NA,historical_district_results,horodatage et capture présents
2026-10-03T15:47:41.327Z,historical_district_results:provenance,pass,NA,historical_district_results,chaque source appartient au catalogue
2026-10-03T15:47:41.328Z,historical_district_results:registered,pass,NA,historical_district_results,comptage entier non négatif
2026-10-03T15:47:41.328Z,historical_district_results:valid_ballots,pass,NA,historical_district_results,comptage entier non négatif
2026-10-03T15:47:41.328Z,historical_district_results:rejected_ballots,pass,NA,historical_district_results,comptage entier non négatif
2026-10-03T15:47:41.329Z,historical_district_results:votes_cast,pass,NA,historical_district_results,comptage entier non négatif
2026-10-03T15:47:41.329Z,historical_district_results:polls_counted,pass,NA,historical_district_results,comptage entier non négatif
2026-10-03T15:47:41.329Z,historical_district_results:polls_total,pass,NA,historical_district_results,comptage entier non négatif
2026-10-03T15:47:41.330Z,historical_district_results:ballots,pass,NA,historical_district_results,exprimés = valides + rejetés
2026-10-03T15:47:41.330Z,historical_district_results:turnout,pass,NA,historical_district_results,taux recalculé cohérent
2026-10-03T15:47:41.330Z,historical_party_results:timestamp,pass,NA,historical_party_results,horodatage et capture présents
2026-10-03T15:47:41.333Z,historical_party_results:provenance,pass,NA,historical_party_results,chaque source appartient au catalogue
2026-10-03T15:47:41.333Z,historical_party_results:votes,pass,NA,historical_party_results,comptage entier non négatif
2026-10-03T15:47:41.333Z,historical_turnout:timestamp,pass,NA,historical_turnout,horodatage et capture présents
2026-10-03T15:47:41.336Z,historical_turnout:provenance,pass,NA,historical_turnout,chaque source appartient au catalogue
2026-10-03T15:47:41.336Z,historical_turnout:registered,pass,NA,historical_turnout,comptage entier non négatif
2026-10-03T15:47:41.336Z,historical_turnout:valid_ballots,pass,NA,historical_turnout,comptage entier non négatif
2026-10-03T15:47:41.337Z,historical_turnout:rejected_ballots,pass,NA,historical_turnout,comptage entier non négatif
2026-10-03T15:47:41.337Z,historical_turnout:votes_cast,pass,NA,historical_turnout,comptage entier non négatif
2026-10-03T15:47:41.337Z,historical_turnout:polls_counted,pass,NA,historical_turnout,comptage entier non négatif
2026-10-03T15:47:41.338Z,historical_turnout:polls_total,pass,NA,historical_turnout,comptage entier non négatif
2026-10-03T15:47:41.338Z,historical_turnout:ballots,pass,NA,historical_turnout,exprimés = valides + rejetés
2026-10-03T15:47:41.338Z,historical_turnout:turnout,pass,NA,historical_turnout,taux recalculé cohérent
2026-10-03T15:47:41.339Z,legacy_election_source_tables:timestamp,pass,NA,legacy_election_source_tables,horodatage et capture présents
2026-10-03T15:47:41.341Z,legacy_election_source_tables:provenance,pass,NA,legacy_election_source_tables,chaque source appartient au catalogue
2026-10-03T15:47:41.342Z,legacy_elections:timestamp,pass,NA,legacy_elections,horodatage et capture présents
2026-10-03T15:47:41.344Z,legacy_elections:provenance,pass,NA,legacy_elections,chaque source appartient au catalogue
2026-10-03T15:47:41.344Z,legacy_elections:registered,pass,NA,legacy_elections,comptage entier non négatif
2026-10-03T15:47:41.345Z,legacy_elections:valid_ballots,pass,NA,legacy_elections,comptage entier non négatif
2026-10-03T15:47:41.345Z,legacy_elections:rejected_ballots,pass,NA,legacy_elections,comptage entier non négatif
2026-10-03T15:47:41.345Z,legacy_elections:votes_cast,pass,NA,legacy_elections,comptage entier non négatif
2026-10-03T15:47:41.346Z,legacy_elections:ballots,error,NA,legacy_elections,exprimés = valides + rejetés
2026-10-03T15:47:41.346Z,legacy_elections:turnout,pass,NA,legacy_elections,taux recalculé cohérent
2026-10-03T15:47:41.346Z,legacy_historical_candidate_results:timestamp,pass,NA,legacy_historical_candidate_results,horodatage et capture présents
2026-10-03T15:47:41.349Z,legacy_historical_candidate_results:provenance,pass,NA,legacy_historical_candidate_results,chaque source appartient au catalogue
2026-10-03T15:47:41.350Z,legacy_historical_candidate_results:valid_ballots,pass,NA,legacy_historical_candidate_results,comptage entier non négatif
2026-10-03T15:47:41.350Z,legacy_historical_candidate_results:votes,pass,NA,legacy_historical_candidate_results,comptage entier non négatif
2026-10-03T15:47:41.350Z,legacy_historical_district_results:timestamp,pass,NA,legacy_historical_district_results,horodatage et capture présents
2026-10-03T15:47:41.353Z,legacy_historical_district_results:provenance,pass,NA,legacy_historical_district_results,chaque source appartient au catalogue
2026-10-03T15:47:41.354Z,legacy_historical_district_results:registered,pass,NA,legacy_historical_district_results,comptage entier non négatif
2026-10-03T15:47:41.354Z,legacy_historical_district_results:valid_ballots,pass,NA,legacy_historical_district_results,comptage entier non négatif
2026-10-03T15:47:41.354Z,legacy_historical_district_results:rejected_ballots,pass,NA,legacy_historical_district_results,comptage entier non négatif
2026-10-03T15:47:41.354Z,legacy_historical_district_results:votes_cast,pass,NA,legacy_historical_district_results,comptage entier non négatif
2026-10-03T15:47:41.355Z,legacy_historical_district_results:ballots,error,NA,legacy_historical_district_results,exprimés = valides + rejetés
2026-10-03T15:47:41.355Z,legacy_historical_district_results:turnout,pass,NA,legacy_historical_district_results,taux recalculé cohérent
2026-10-03T15:47:41.355Z,legacy_historical_party_results:timestamp,pass,NA,legacy_historical_party_results,horodatage et capture présents
2026-10-03T15:47:41.358Z,legacy_historical_party_results:provenance,pass,NA,legacy_historical_party_results,chaque source appartient au catalogue
2026-10-03T15:47:41.359Z,legacy_historical_party_results:votes,pass,NA,legacy_historical_party_results,comptage entier non négatif
2026-10-03T15:47:41.361Z,legacy_polling_division_results:timestamp,pass,NA,legacy_polling_division_results,horodatage et capture présents
2026-10-03T15:47:41.397Z,legacy_polling_division_results:provenance,pass,NA,legacy_polling_division_results,chaque source appartient au catalogue
2026-10-03T15:47:41.401Z,legacy_polling_division_results:votes,pass,NA,legacy_polling_division_results,comptage entier non négatif
2026-10-03T15:47:41.402Z,legacy_polling_units:timestamp,pass,NA,legacy_polling_units,horodatage et capture présents
2026-10-03T15:47:41.411Z,legacy_polling_units:provenance,pass,NA,legacy_polling_units,chaque source appartient au catalogue
2026-10-03T15:47:41.411Z,legacy_polling_units:registered,pass,NA,legacy_polling_units,comptage entier non négatif
2026-10-03T15:47:41.412Z,legacy_polling_units:valid_ballots,pass,NA,legacy_polling_units,comptage entier non négatif
2026-10-03T15:47:41.413Z,legacy_polling_units:rejected_ballots,pass,NA,legacy_polling_units,comptage entier non négatif
2026-10-03T15:47:41.414Z,legacy_polling_units:votes_cast,pass,NA,legacy_polling_units,comptage entier non négatif
2026-10-03T15:47:41.415Z,legacy_polling_units:ballots,pass,NA,legacy_polling_units,exprimés = valides + rejetés
2026-10-03T15:47:41.415Z,parties:timestamp,pass,NA,parties,horodatage et capture présents
2026-10-03T15:47:41.418Z,parties:provenance,pass,NA,parties,chaque source appartient au catalogue
2026-10-03T15:47:41.418Z,party_authorization_history:timestamp,pass,NA,party_authorization_history,horodatage et capture présents
2026-10-03T15:47:41.421Z,party_authorization_history:provenance,pass,NA,party_authorization_history,chaque source appartient au catalogue
2026-10-03T15:47:41.421Z,party_balance_sheet:timestamp,pass,NA,party_balance_sheet,horodatage et capture présents
2026-10-03T15:47:41.424Z,party_balance_sheet:provenance,pass,NA,party_balance_sheet,chaque source appartient au catalogue
2026-10-03T15:47:41.424Z,party_cashflows:timestamp,pass,NA,party_cashflows,horodatage et capture présents
2026-10-03T15:47:41.427Z,party_cashflows:provenance,pass,NA,party_cashflows,chaque source appartient au catalogue
2026-10-03T15:47:41.427Z,party_finance_expenses:timestamp,pass,NA,party_finance_expenses,horodatage et capture présents
2026-10-03T15:47:41.430Z,party_finance_expenses:provenance,pass,NA,party_finance_expenses,chaque source appartient au catalogue
2026-10-03T15:47:41.430Z,party_finance_income:timestamp,pass,NA,party_finance_income,horodatage et capture présents
2026-10-03T15:47:41.433Z,party_finance_income:provenance,pass,NA,party_finance_income,chaque source appartient au catalogue
2026-10-03T15:47:41.433Z,party_finance_income_summary:timestamp,pass,NA,party_finance_income_summary,horodatage et capture présents
2026-10-03T15:47:41.436Z,party_finance_income_summary:provenance,pass,NA,party_finance_income_summary,chaque source appartient au catalogue
2026-10-03T15:47:41.436Z,party_finances_annual:timestamp,pass,NA,party_finances_annual,horodatage et capture présents
2026-10-03T15:47:41.439Z,party_finances_annual:provenance,pass,NA,party_finances_annual,chaque source appartient au catalogue
2026-10-03T15:47:41.439Z,party_officials:timestamp,pass,NA,party_officials,horodatage et capture présents
2026-10-03T15:47:41.441Z,party_officials:provenance,pass,NA,party_officials,chaque source appartient au catalogue
2026-10-03T15:47:41.442Z,party_public_funding:timestamp,pass,NA,party_public_funding,horodatage et capture présents
2026-10-03T15:47:41.444Z,party_public_funding:provenance,pass,NA,party_public_funding,chaque source appartient au catalogue
2026-10-03T15:47:41.444Z,political_contributions_aggregated:timestamp,pass,NA,political_contributions_aggregated,horodatage et capture présents
2026-10-03T15:47:41.447Z,political_contributions_aggregated:provenance,pass,NA,political_contributions_aggregated,chaque source appartient au catalogue
2026-10-03T15:47:41.448Z,political_contributions_city:timestamp,pass,NA,political_contributions_city,horodatage et capture présents
2026-10-03T15:47:41.451Z,political_contributions_city:provenance,pass,NA,political_contributions_city,chaque source appartient au catalogue
2026-10-03T15:47:41.451Z,polling_candidate_links:timestamp,pass,NA,polling_candidate_links,horodatage et capture présents
2026-10-03T15:47:41.454Z,polling_candidate_links:provenance,pass,NA,polling_candidate_links,chaque source appartient au catalogue
2026-10-03T15:47:41.457Z,polling_division_results:timestamp,pass,NA,polling_division_results,horodatage et capture présents
2026-10-03T15:47:41.505Z,polling_division_results:provenance,pass,NA,polling_division_results,chaque source appartient au catalogue
2026-10-03T15:47:41.988Z,polling_division_results:key,pass,NA,polling_division_results,polling_unit_id × candidate_id × snapshot_id
2026-10-03T15:47:41.992Z,polling_division_results:votes,pass,NA,polling_division_results,comptage entier non négatif
2026-10-03T15:47:41.993Z,polling_summary_fields:timestamp,pass,NA,polling_summary_fields,horodatage et capture présents
2026-10-03T15:47:41.998Z,polling_summary_fields:provenance,pass,NA,polling_summary_fields,chaque source appartient au catalogue
2026-10-03T15:47:41.999Z,polling_units:timestamp,pass,NA,polling_units,horodatage et capture présents
2026-10-03T15:47:42.007Z,polling_units:provenance,pass,NA,polling_units,chaque source appartient au catalogue
2026-10-03T15:47:42.035Z,polling_units:key,pass,NA,polling_units,polling_unit_id × snapshot_id
2026-10-03T15:47:42.037Z,polling_units:registered,pass,NA,polling_units,comptage entier non négatif
2026-10-03T15:47:42.037Z,polling_units:valid_ballots,pass,NA,polling_units,comptage entier non négatif
2026-10-03T15:47:42.038Z,polling_units:rejected_ballots,pass,NA,polling_units,comptage entier non négatif
2026-10-03T15:47:42.039Z,polling_units:votes_cast,pass,NA,polling_units,comptage entier non négatif
2026-10-03T15:47:42.040Z,polling_units:ballots,pass,NA,polling_units,exprimés = valides + rejetés
2026-10-03T15:47:42.041Z,registered_electors:timestamp,pass,NA,registered_electors,horodatage et capture présents
2026-10-03T15:47:42.044Z,registered_electors:provenance,pass,NA,registered_electors,chaque source appartient au catalogue
2026-10-03T15:47:42.044Z,registered_electors:key,pass,NA,registered_electors,election_id × district_id × snapshot_id
2026-10-03T15:47:42.045Z,result_source_fields:timestamp,pass,NA,result_source_fields,horodatage et capture présents
2026-10-03T15:47:42.049Z,result_source_fields:provenance,pass,NA,result_source_fields,chaque source appartient au catalogue
2026-10-03T15:47:42.050Z,results_candidate:timestamp,pass,NA,results_candidate,horodatage et capture présents
2026-10-03T15:47:42.053Z,results_candidate:provenance,pass,NA,results_candidate,chaque source appartient au catalogue
2026-10-03T15:47:42.055Z,results_candidate:key,pass,NA,results_candidate,election_id × district_id × candidate_id × snapshot_id
2026-10-03T15:47:42.056Z,results_candidate:votes,pass,NA,results_candidate,comptage entier non négatif
2026-10-03T15:47:42.056Z,results_party:timestamp,pass,NA,results_party,horodatage et capture présents
2026-10-03T15:47:42.059Z,results_party:provenance,pass,NA,results_party,chaque source appartient au catalogue
2026-10-03T15:47:42.059Z,results_party:key,pass,NA,results_party,election_id × party_id × snapshot_id
2026-10-03T15:47:42.059Z,results_party:votes,pass,NA,results_party,comptage entier non négatif
2026-10-03T15:47:42.060Z,turnout:timestamp,pass,NA,turnout,horodatage et capture présents
2026-10-03T15:47:42.063Z,turnout:provenance,pass,NA,turnout,chaque source appartient au catalogue
2026-10-03T15:47:42.063Z,turnout:key,pass,NA,turnout,election_id × district_id × snapshot_id
2026-10-03T15:47:42.063Z,turnout:registered,pass,NA,turnout,comptage entier non négatif
2026-10-03T15:47:42.064Z,turnout:valid_ballots,pass,NA,turnout,comptage entier non négatif
2026-10-03T15:47:42.064Z,turnout:rejected_ballots,pass,NA,turnout,comptage entier non négatif
2026-10-03T15:47:42.064Z,turnout:votes_cast,pass,NA,turnout,comptage entier non négatif
2026-10-03T15:47:42.065Z,turnout:polls_counted,pass,NA,turnout,comptage entier non négatif
2026-10-03T15:47:42.065Z,turnout:polls_total,pass,NA,turnout,comptage entier non négatif
2026-10-03T15:47:42.065Z,turnout:ballots,pass,NA,turnout,exprimés = valides + rejetés
2026-10-03T15:47:42.066Z,turnout:turnout,pass,NA,turnout,taux recalculé cohérent
2026-10-03T15:47:42.066Z,turnout_history:timestamp,pass,NA,turnout_history,horodatage et capture présents
2026-10-03T15:47:42.069Z,turnout_history:provenance,pass,NA,turnout_history,chaque source appartient au catalogue
2026-10-03T15:47:42.069Z,turnout_history:registered,pass,NA,turnout_history,comptage entier non négatif
2026-10-03T15:47:42.069Z,turnout_history:valid_ballots,pass,NA,turnout_history,comptage entier non négatif
2026-10-03T15:47:42.070Z,turnout_history:rejected_ballots,pass,NA,turnout_history,comptage entier non négatif
2026-10-03T15:47:42.070Z,turnout_history:votes_cast,pass,NA,turnout_history,comptage entier non négatif
2026-10-03T15:47:42.070Z,turnout_history:polls_counted,pass,NA,turnout_history,comptage entier non négatif
2026-10-03T15:47:42.071Z,turnout_history:polls_total,pass,NA,turnout_history,comptage entier non négatif
2026-10-03T15:47:42.071Z,turnout_history:ballots,pass,NA,turnout_history,exprimés = valides + rejetés
2026-10-03T15:47:42.071Z,turnout_history:turnout,pass,NA,turnout_history,taux recalculé cohérent
2026-10-03T15:47:42.072Z,turnout_history_source:timestamp,pass,NA,turnout_history_source,horodatage et capture présents
2026-10-03T15:47:42.074Z,turnout_history_source:provenance,pass,NA,turnout_history_source,chaque source appartient au catalogue
2026-10-03T15:47:42.075Z,turnout_preliminary_2026:timestamp,pass,NA,turnout_preliminary_2026,horodatage et capture présents
2026-10-03T15:47:42.077Z,turnout_preliminary_2026:provenance,pass,NA,turnout_preliminary_2026,chaque source appartient au catalogue
2026-10-03T15:47:42.078Z,turnout_preliminary_2026:registered,pass,NA,turnout_preliminary_2026,comptage entier non négatif
2026-10-03T15:47:42.078Z,turnout_preliminary_2026:votes_cast,pass,NA,turnout_preliminary_2026,comptage entier non négatif
2026-10-03T15:47:42.082Z,candidate_vote_totals,pass,NA,results_candidate,sommes des candidats = bulletins valides finaux
2026-10-03T15:47:42.361Z,polling_vote_totals,pass,NA,polling_units,0 unités dont les votes ne concordent pas
2026-10-03T15:47:42.363Z,polling_links,warning,NA,polling_division_results,2612 appariements laissés non résolus
2026-10-03T15:47:42.629Z,legacy_polling_vote_totals,pass,NA,legacy_polling_units,0 unités historiques non réconciliées
2026-10-03T15:47:42.635Z,legacy_candidate_vote_totals,pass,NA,legacy_historical_candidate_results,sommes historiques concordent quand les comptages numériques sont fournis
2026-10-03T15:47:42.635Z,crosswalk_fractions,pass,NA,district_crosswalk_2017_2026,"fractions dans [0,1], tolérance numérique 1e-6"
2026-10-03T15:47:42.636Z,results_candidate:shares,pass,NA,results_candidate,parts recalculées concordantes
2026-10-03T15:47:42.636Z,historical_candidate_results:shares,pass,NA,historical_candidate_results,parts recalculées concordantes
2026-10-03T15:47:42.637Z,legacy_historical_candidate_results:shares,pass,NA,legacy_historical_candidate_results,parts recalculées concordantes
2026-10-03T15:47:42.637Z,calendar_dates,pass,NA,election_calendar_2026,dates de calendrier valides
2026-10-03T15:47:42.638Z,2026_candidates,pass,NA,candidates,Contrôle de référence daté : 908 au 3 octobre 2026; une rectification ultérieure doit être revue.
2026-10-03T15:47:42.638Z,2026_candidate_districts,pass,NA,candidates,127 circonscriptions officielles
2026-10-03T15:47:42.639Z,2026_map_count,pass,NA,electoral_districts,127 circonscriptions dans la liste officielle
2026-10-03T15:47:42.639Z,result_status,pass,NA,results_candidate,final uniquement selon source
2026-10-03T15:47:42.640Z,no_preliminary_elected,pass,NA,results_candidate,aucune élection annoncée sur la base d’un fichier préliminaire
2026-10-03T15:52:13.903Z,assnat_historical_source_tables:timestamp,pass,NA,assnat_historical_source_tables,horodatage et capture présents
2026-10-03T15:52:13.915Z,assnat_historical_source_tables:provenance,pass,NA,assnat_historical_source_tables,chaque source appartient au catalogue
2026-10-03T15:52:13.916Z,by_elections:timestamp,pass,NA,by_elections,horodatage et capture présents
2026-10-03T15:52:13.918Z,by_elections:provenance,pass,NA,by_elections,chaque source appartient au catalogue
2026-10-03T15:52:13.919Z,by_elections:registered,pass,NA,by_elections,comptage entier non négatif
2026-10-03T15:52:13.919Z,by_elections:valid_ballots,pass,NA,by_elections,comptage entier non négatif
2026-10-03T15:52:13.920Z,by_elections:rejected_ballots,pass,NA,by_elections,comptage entier non négatif
2026-10-03T15:52:13.920Z,by_elections:votes_cast,pass,NA,by_elections,comptage entier non négatif
2026-10-03T15:52:13.920Z,by_elections:polls_counted,pass,NA,by_elections,comptage entier non négatif
2026-10-03T15:52:13.921Z,by_elections:polls_total,pass,NA,by_elections,comptage entier non négatif
2026-10-03T15:52:13.926Z,by_elections:ballots,pass,NA,by_elections,0 non-concordances; valides + rejetés = exprimés quand applicable
2026-10-03T15:52:13.926Z,by_elections:turnout,pass,NA,by_elections,taux recalculé cohérent
2026-10-03T15:52:13.926Z,candidate_statistics:timestamp,pass,NA,candidate_statistics,horodatage et capture présents
2026-10-03T15:52:13.929Z,candidate_statistics:provenance,pass,NA,candidate_statistics,chaque source appartient au catalogue
2026-10-03T15:52:13.930Z,candidates:timestamp,pass,NA,candidates,horodatage et capture présents
2026-10-03T15:52:13.933Z,candidates:provenance,pass,NA,candidates,chaque source appartient au catalogue
2026-10-03T15:52:13.933Z,candidates:key,pass,NA,candidates,candidate_id × snapshot_id
2026-10-03T15:52:13.934Z,candidates_2012:timestamp,pass,NA,candidates_2012,horodatage et capture présents
2026-10-03T15:52:13.937Z,candidates_2012:provenance,pass,NA,candidates_2012,chaque source appartient au catalogue
2026-10-03T15:52:13.937Z,candidates_2012:key,pass,NA,candidates_2012,candidate_id × snapshot_id
2026-10-03T15:52:13.938Z,district_crosswalk_2017_2026:timestamp,pass,NA,district_crosswalk_2017_2026,horodatage et capture présents
2026-10-03T15:52:13.940Z,district_crosswalk_2017_2026:provenance,pass,NA,district_crosswalk_2017_2026,chaque source appartient au catalogue
2026-10-03T15:52:13.942Z,district_demographics:timestamp,pass,NA,district_demographics,horodatage et capture présents
2026-10-03T15:52:13.972Z,district_demographics:provenance,pass,NA,district_demographics,chaque source appartient au catalogue
2026-10-03T15:52:13.972Z,district_indicators:timestamp,pass,NA,district_indicators,horodatage et capture présents
2026-10-03T15:52:13.975Z,district_indicators:provenance,pass,NA,district_indicators,chaque source appartient au catalogue
2026-10-03T15:52:13.975Z,district_map_changes:timestamp,pass,NA,district_map_changes,horodatage et capture présents
2026-10-03T15:52:13.977Z,district_map_changes:provenance,pass,NA,district_map_changes,chaque source appartient au catalogue
2026-10-03T15:52:13.978Z,district_map_changes_spatial:timestamp,pass,NA,district_map_changes_spatial,horodatage et capture présents
2026-10-03T15:52:13.980Z,district_map_changes_spatial:provenance,pass,NA,district_map_changes_spatial,chaque source appartient au catalogue
2026-10-03T15:52:13.981Z,election_calendar_2026:timestamp,pass,NA,election_calendar_2026,horodatage et capture présents
2026-10-03T15:52:13.983Z,election_calendar_2026:provenance,pass,NA,election_calendar_2026,chaque source appartient au catalogue
2026-10-03T15:52:13.984Z,election_expense_limits:timestamp,pass,NA,election_expense_limits,horodatage et capture présents
2026-10-03T15:52:13.986Z,election_expense_limits:provenance,pass,NA,election_expense_limits,chaque source appartient au catalogue
2026-10-03T15:52:13.986Z,elections:timestamp,pass,NA,elections,horodatage et capture présents
2026-10-03T15:52:13.989Z,elections:provenance,pass,NA,elections,chaque source appartient au catalogue
2026-10-03T15:52:13.989Z,elections:key,pass,NA,elections,election_id × snapshot_id
2026-10-03T15:52:13.990Z,elections:registered,pass,NA,elections,comptage entier non négatif
2026-10-03T15:52:13.990Z,elections:valid_ballots,pass,NA,elections,comptage entier non négatif
2026-10-03T15:52:13.990Z,elections:rejected_ballots,pass,NA,elections,comptage entier non négatif
2026-10-03T15:52:13.991Z,elections:votes_cast,pass,NA,elections,comptage entier non négatif
2026-10-03T15:52:13.991Z,elections:polls_counted,pass,NA,elections,comptage entier non négatif
2026-10-03T15:52:13.991Z,elections:polls_total,pass,NA,elections,comptage entier non négatif
2026-10-03T15:52:13.995Z,elections:ballots,pass,NA,elections,0 non-concordances; valides + rejetés = exprimés quand applicable
2026-10-03T15:52:13.996Z,elections:turnout,pass,NA,elections,taux recalculé cohérent
2026-10-03T15:52:13.996Z,electoral_district_geometries:timestamp,pass,NA,electoral_district_geometries,horodatage et capture présents
2026-10-03T15:52:13.999Z,electoral_district_geometries:provenance,pass,NA,electoral_district_geometries,chaque source appartient au catalogue
2026-10-03T15:52:13.999Z,electoral_districts:timestamp,pass,NA,electoral_districts,horodatage et capture présents
2026-10-03T15:52:14.002Z,electoral_districts:provenance,pass,NA,electoral_districts,chaque source appartient au catalogue
2026-10-03T15:52:14.003Z,electoral_districts:key,pass,NA,electoral_districts,district_id × snapshot_id
2026-10-03T15:52:14.003Z,finance_source_tables:timestamp,pass,NA,finance_source_tables,horodatage et capture présents
2026-10-03T15:52:14.006Z,finance_source_tables:provenance,pass,NA,finance_source_tables,chaque source appartient au catalogue
2026-10-03T15:52:14.006Z,financial_document_index:timestamp,pass,NA,financial_document_index,horodatage et capture présents
2026-10-03T15:52:14.009Z,financial_document_index:provenance,pass,NA,financial_document_index,chaque source appartient au catalogue
2026-10-03T15:52:14.009Z,financial_source_cells:timestamp,pass,NA,financial_source_cells,horodatage et capture présents
2026-10-03T15:52:14.013Z,financial_source_cells:provenance,pass,NA,financial_source_cells,chaque source appartient au catalogue
2026-10-03T15:52:14.014Z,historical_candidate_results:timestamp,pass,NA,historical_candidate_results,horodatage et capture présents
2026-10-03T15:52:14.017Z,historical_candidate_results:provenance,pass,NA,historical_candidate_results,chaque source appartient au catalogue
2026-10-03T15:52:14.017Z,historical_candidate_results:votes,pass,NA,historical_candidate_results,comptage entier non négatif
2026-10-03T15:52:14.025Z,historical_district_results:timestamp,pass,NA,historical_district_results,horodatage et capture présents
2026-10-03T15:52:14.028Z,historical_district_results:provenance,pass,NA,historical_district_results,chaque source appartient au catalogue
2026-10-03T15:52:14.028Z,historical_district_results:registered,pass,NA,historical_district_results,comptage entier non négatif
2026-10-03T15:52:14.029Z,historical_district_results:valid_ballots,pass,NA,historical_district_results,comptage entier non négatif
2026-10-03T15:52:14.029Z,historical_district_results:rejected_ballots,pass,NA,historical_district_results,comptage entier non négatif
2026-10-03T15:52:14.029Z,historical_district_results:votes_cast,pass,NA,historical_district_results,comptage entier non négatif
2026-10-03T15:52:14.030Z,historical_district_results:polls_counted,pass,NA,historical_district_results,comptage entier non négatif
2026-10-03T15:52:14.030Z,historical_district_results:polls_total,pass,NA,historical_district_results,comptage entier non négatif
2026-10-03T15:52:14.034Z,historical_district_results:ballots,pass,NA,historical_district_results,0 non-concordances; valides + rejetés = exprimés quand applicable
2026-10-03T15:52:14.035Z,historical_district_results:turnout,pass,NA,historical_district_results,taux recalculé cohérent
2026-10-03T15:52:14.035Z,historical_party_results:timestamp,pass,NA,historical_party_results,horodatage et capture présents
2026-10-03T15:52:14.038Z,historical_party_results:provenance,pass,NA,historical_party_results,chaque source appartient au catalogue
2026-10-03T15:52:14.038Z,historical_party_results:votes,pass,NA,historical_party_results,comptage entier non négatif
2026-10-03T15:52:14.038Z,historical_turnout:timestamp,pass,NA,historical_turnout,horodatage et capture présents
2026-10-03T15:52:14.041Z,historical_turnout:provenance,pass,NA,historical_turnout,chaque source appartient au catalogue
2026-10-03T15:52:14.041Z,historical_turnout:registered,pass,NA,historical_turnout,comptage entier non négatif
2026-10-03T15:52:14.041Z,historical_turnout:valid_ballots,pass,NA,historical_turnout,comptage entier non négatif
2026-10-03T15:52:14.042Z,historical_turnout:rejected_ballots,pass,NA,historical_turnout,comptage entier non négatif
2026-10-03T15:52:14.042Z,historical_turnout:votes_cast,pass,NA,historical_turnout,comptage entier non négatif
2026-10-03T15:52:14.042Z,historical_turnout:polls_counted,pass,NA,historical_turnout,comptage entier non négatif
2026-10-03T15:52:14.043Z,historical_turnout:polls_total,pass,NA,historical_turnout,comptage entier non négatif
2026-10-03T15:52:14.046Z,historical_turnout:ballots,pass,NA,historical_turnout,0 non-concordances; valides + rejetés = exprimés quand applicable
2026-10-03T15:52:14.047Z,historical_turnout:turnout,pass,NA,historical_turnout,taux recalculé cohérent
2026-10-03T15:52:14.047Z,legacy_election_source_tables:timestamp,pass,NA,legacy_election_source_tables,horodatage et capture présents
2026-10-03T15:52:14.050Z,legacy_election_source_tables:provenance,pass,NA,legacy_election_source_tables,chaque source appartient au catalogue
2026-10-03T15:52:14.050Z,legacy_elections:timestamp,pass,NA,legacy_elections,horodatage et capture présents
2026-10-03T15:52:14.052Z,legacy_elections:provenance,pass,NA,legacy_elections,chaque source appartient au catalogue
2026-10-03T15:52:14.053Z,legacy_elections:registered,pass,NA,legacy_elections,comptage entier non négatif
2026-10-03T15:52:14.053Z,legacy_elections:valid_ballots,pass,NA,legacy_elections,comptage entier non négatif
2026-10-03T15:52:14.053Z,legacy_elections:rejected_ballots,pass,NA,legacy_elections,comptage entier non négatif
2026-10-03T15:52:14.054Z,legacy_elections:votes_cast,pass,NA,legacy_elections,comptage entier non négatif
2026-10-03T15:52:14.058Z,legacy_elections:ballots,warning,NA,legacy_elections,1 non-concordances; valides + rejetés = exprimés quand applicable
2026-10-03T15:52:14.062Z,legacy_elections:turnout,pass,NA,legacy_elections,taux recalculé cohérent
2026-10-03T15:52:14.062Z,legacy_historical_candidate_results:timestamp,pass,NA,legacy_historical_candidate_results,horodatage et capture présents
2026-10-03T15:52:14.065Z,legacy_historical_candidate_results:provenance,pass,NA,legacy_historical_candidate_results,chaque source appartient au catalogue
2026-10-03T15:52:14.066Z,legacy_historical_candidate_results:valid_ballots,pass,NA,legacy_historical_candidate_results,comptage entier non négatif
2026-10-03T15:52:14.072Z,legacy_historical_candidate_results:votes,pass,NA,legacy_historical_candidate_results,comptage entier non négatif
2026-10-03T15:52:14.072Z,legacy_historical_district_results:timestamp,pass,NA,legacy_historical_district_results,horodatage et capture présents
2026-10-03T15:52:14.075Z,legacy_historical_district_results:provenance,pass,NA,legacy_historical_district_results,chaque source appartient au catalogue
2026-10-03T15:52:14.076Z,legacy_historical_district_results:registered,pass,NA,legacy_historical_district_results,comptage entier non négatif
2026-10-03T15:52:14.076Z,legacy_historical_district_results:valid_ballots,pass,NA,legacy_historical_district_results,comptage entier non négatif
2026-10-03T15:52:14.077Z,legacy_historical_district_results:rejected_ballots,pass,NA,legacy_historical_district_results,comptage entier non négatif
2026-10-03T15:52:14.077Z,legacy_historical_district_results:votes_cast,pass,NA,legacy_historical_district_results,comptage entier non négatif
2026-10-03T15:52:14.081Z,legacy_historical_district_results:ballots,warning,NA,legacy_historical_district_results,1 non-concordances; valides + rejetés = exprimés quand applicable
2026-10-03T15:52:14.086Z,legacy_historical_district_results:turnout,pass,NA,legacy_historical_district_results,taux recalculé cohérent
2026-10-03T15:52:14.086Z,legacy_historical_party_results:timestamp,pass,NA,legacy_historical_party_results,horodatage et capture présents
2026-10-03T15:52:14.089Z,legacy_historical_party_results:provenance,pass,NA,legacy_historical_party_results,chaque source appartient au catalogue
2026-10-03T15:52:14.089Z,legacy_historical_party_results:votes,pass,NA,legacy_historical_party_results,comptage entier non négatif
2026-10-03T15:52:14.092Z,legacy_polling_division_results:timestamp,pass,NA,legacy_polling_division_results,horodatage et capture présents
2026-10-03T15:52:14.135Z,legacy_polling_division_results:provenance,pass,NA,legacy_polling_division_results,chaque source appartient au catalogue
2026-10-03T15:52:14.138Z,legacy_polling_division_results:votes,pass,NA,legacy_polling_division_results,comptage entier non négatif
2026-10-03T15:52:14.139Z,legacy_polling_units:timestamp,pass,NA,legacy_polling_units,horodatage et capture présents
2026-10-03T15:52:14.148Z,legacy_polling_units:provenance,pass,NA,legacy_polling_units,chaque source appartient au catalogue
2026-10-03T15:52:14.149Z,legacy_polling_units:registered,pass,NA,legacy_polling_units,comptage entier non négatif
2026-10-03T15:52:14.150Z,legacy_polling_units:valid_ballots,pass,NA,legacy_polling_units,comptage entier non négatif
2026-10-03T15:52:14.151Z,legacy_polling_units:rejected_ballots,pass,NA,legacy_polling_units,comptage entier non négatif
2026-10-03T15:52:14.152Z,legacy_polling_units:votes_cast,pass,NA,legacy_polling_units,comptage entier non négatif
2026-10-03T15:52:14.175Z,legacy_polling_units:ballots,pass,NA,legacy_polling_units,0 non-concordances; valides + rejetés = exprimés quand applicable
2026-10-03T15:52:14.176Z,parties:timestamp,pass,NA,parties,horodatage et capture présents
2026-10-03T15:52:14.179Z,parties:provenance,pass,NA,parties,chaque source appartient au catalogue
2026-10-03T15:52:14.179Z,party_authorization_history:timestamp,pass,NA,party_authorization_history,horodatage et capture présents
2026-10-03T15:52:14.182Z,party_authorization_history:provenance,pass,NA,party_authorization_history,chaque source appartient au catalogue
2026-10-03T15:52:14.182Z,party_balance_sheet:timestamp,pass,NA,party_balance_sheet,horodatage et capture présents
2026-10-03T15:52:14.185Z,party_balance_sheet:provenance,pass,NA,party_balance_sheet,chaque source appartient au catalogue
2026-10-03T15:52:14.185Z,party_cashflows:timestamp,pass,NA,party_cashflows,horodatage et capture présents
2026-10-03T15:52:14.188Z,party_cashflows:provenance,pass,NA,party_cashflows,chaque source appartient au catalogue
2026-10-03T15:52:14.188Z,party_finance_expenses:timestamp,pass,NA,party_finance_expenses,horodatage et capture présents
2026-10-03T15:52:14.191Z,party_finance_expenses:provenance,pass,NA,party_finance_expenses,chaque source appartient au catalogue
2026-10-03T15:52:14.191Z,party_finance_income:timestamp,pass,NA,party_finance_income,horodatage et capture présents
2026-10-03T15:52:14.194Z,party_finance_income:provenance,pass,NA,party_finance_income,chaque source appartient au catalogue
2026-10-03T15:52:14.194Z,party_finance_income_summary:timestamp,pass,NA,party_finance_income_summary,horodatage et capture présents
2026-10-03T15:52:14.196Z,party_finance_income_summary:provenance,pass,NA,party_finance_income_summary,chaque source appartient au catalogue
2026-10-03T15:52:14.197Z,party_finances_annual:timestamp,pass,NA,party_finances_annual,horodatage et capture présents
2026-10-03T15:52:14.199Z,party_finances_annual:provenance,pass,NA,party_finances_annual,chaque source appartient au catalogue
2026-10-03T15:52:14.200Z,party_officials:timestamp,pass,NA,party_officials,horodatage et capture présents
2026-10-03T15:52:14.202Z,party_officials:provenance,pass,NA,party_officials,chaque source appartient au catalogue
2026-10-03T15:52:14.202Z,party_public_funding:timestamp,pass,NA,party_public_funding,horodatage et capture présents
2026-10-03T15:52:14.205Z,party_public_funding:provenance,pass,NA,party_public_funding,chaque source appartient au catalogue
2026-10-03T15:52:14.205Z,political_contributions_aggregated:timestamp,pass,NA,political_contributions_aggregated,horodatage et capture présents
2026-10-03T15:52:14.208Z,political_contributions_aggregated:provenance,pass,NA,political_contributions_aggregated,chaque source appartient au catalogue
2026-10-03T15:52:14.208Z,political_contributions_city:timestamp,pass,NA,political_contributions_city,horodatage et capture présents
2026-10-03T15:52:14.211Z,political_contributions_city:provenance,pass,NA,political_contributions_city,chaque source appartient au catalogue
2026-10-03T15:52:14.211Z,polling_candidate_links:timestamp,pass,NA,polling_candidate_links,horodatage et capture présents
2026-10-03T15:52:14.214Z,polling_candidate_links:provenance,pass,NA,polling_candidate_links,chaque source appartient au catalogue
2026-10-03T15:52:14.218Z,polling_division_results:timestamp,pass,NA,polling_division_results,horodatage et capture présents
2026-10-03T15:52:14.271Z,polling_division_results:provenance,pass,NA,polling_division_results,chaque source appartient au catalogue
2026-10-03T15:52:14.824Z,polling_division_results:key,pass,NA,polling_division_results,polling_unit_id × candidate_id × snapshot_id
2026-10-03T15:52:14.828Z,polling_division_results:votes,pass,NA,polling_division_results,comptage entier non négatif
2026-10-03T15:52:14.829Z,polling_summary_fields:timestamp,pass,NA,polling_summary_fields,horodatage et capture présents
2026-10-03T15:52:14.833Z,polling_summary_fields:provenance,pass,NA,polling_summary_fields,chaque source appartient au catalogue
2026-10-03T15:52:14.834Z,polling_units:timestamp,pass,NA,polling_units,horodatage et capture présents
2026-10-03T15:52:14.843Z,polling_units:provenance,pass,NA,polling_units,chaque source appartient au catalogue
2026-10-03T15:52:14.880Z,polling_units:key,pass,NA,polling_units,polling_unit_id × snapshot_id
2026-10-03T15:52:14.881Z,polling_units:registered,pass,NA,polling_units,comptage entier non négatif
2026-10-03T15:52:14.882Z,polling_units:valid_ballots,pass,NA,polling_units,comptage entier non négatif
2026-10-03T15:52:14.883Z,polling_units:rejected_ballots,pass,NA,polling_units,comptage entier non négatif
2026-10-03T15:52:14.884Z,polling_units:votes_cast,pass,NA,polling_units,comptage entier non négatif
2026-10-03T15:52:14.891Z,polling_units:ballots,pass,NA,polling_units,0 non-concordances; valides + rejetés = exprimés quand applicable
2026-10-03T15:52:14.891Z,registered_electors:timestamp,pass,NA,registered_electors,horodatage et capture présents
2026-10-03T15:52:14.894Z,registered_electors:provenance,pass,NA,registered_electors,chaque source appartient au catalogue
2026-10-03T15:52:14.909Z,registered_electors:key,pass,NA,registered_electors,election_id × district_id × snapshot_id
2026-10-03T15:52:14.909Z,result_source_fields:timestamp,pass,NA,result_source_fields,horodatage et capture présents
2026-10-03T15:52:14.914Z,result_source_fields:provenance,pass,NA,result_source_fields,chaque source appartient au catalogue
2026-10-03T15:52:14.915Z,results_candidate:timestamp,pass,NA,results_candidate,horodatage et capture présents
2026-10-03T15:52:14.918Z,results_candidate:provenance,pass,NA,results_candidate,chaque source appartient au catalogue
2026-10-03T15:52:14.920Z,results_candidate:key,pass,NA,results_candidate,election_id × district_id × candidate_id × snapshot_id
2026-10-03T15:52:14.920Z,results_candidate:votes,pass,NA,results_candidate,comptage entier non négatif
2026-10-03T15:52:14.921Z,results_party:timestamp,pass,NA,results_party,horodatage et capture présents
2026-10-03T15:52:14.924Z,results_party:provenance,pass,NA,results_party,chaque source appartient au catalogue
2026-10-03T15:52:14.924Z,results_party:key,pass,NA,results_party,election_id × party_id × snapshot_id
2026-10-03T15:52:14.925Z,results_party:votes,pass,NA,results_party,comptage entier non négatif
2026-10-03T15:52:14.925Z,turnout:timestamp,pass,NA,turnout,horodatage et capture présents
2026-10-03T15:52:14.928Z,turnout:provenance,pass,NA,turnout,chaque source appartient au catalogue
2026-10-03T15:52:14.929Z,turnout:key,pass,NA,turnout,election_id × district_id × snapshot_id
2026-10-03T15:52:14.930Z,turnout:registered,pass,NA,turnout,comptage entier non négatif
2026-10-03T15:52:14.930Z,turnout:valid_ballots,pass,NA,turnout,comptage entier non négatif
2026-10-03T15:52:14.930Z,turnout:rejected_ballots,pass,NA,turnout,comptage entier non négatif
2026-10-03T15:52:14.931Z,turnout:votes_cast,pass,NA,turnout,comptage entier non négatif
2026-10-03T15:52:14.931Z,turnout:polls_counted,pass,NA,turnout,comptage entier non négatif
2026-10-03T15:52:14.931Z,turnout:polls_total,pass,NA,turnout,comptage entier non négatif
2026-10-03T15:52:14.936Z,turnout:ballots,pass,NA,turnout,0 non-concordances; valides + rejetés = exprimés quand applicable
2026-10-03T15:52:14.936Z,turnout:turnout,pass,NA,turnout,taux recalculé cohérent
2026-10-03T15:52:14.937Z,turnout_history:timestamp,pass,NA,turnout_history,horodatage et capture présents
2026-10-03T15:52:14.940Z,turnout_history:provenance,pass,NA,turnout_history,chaque source appartient au catalogue
2026-10-03T15:52:14.940Z,turnout_history:registered,pass,NA,turnout_history,comptage entier non négatif
2026-10-03T15:52:14.941Z,turnout_history:valid_ballots,pass,NA,turnout_history,comptage entier non négatif
2026-10-03T15:52:14.941Z,turnout_history:rejected_ballots,pass,NA,turnout_history,comptage entier non négatif
2026-10-03T15:52:14.941Z,turnout_history:votes_cast,pass,NA,turnout_history,comptage entier non négatif
2026-10-03T15:52:14.942Z,turnout_history:polls_counted,pass,NA,turnout_history,comptage entier non négatif
2026-10-03T15:52:14.942Z,turnout_history:polls_total,pass,NA,turnout_history,comptage entier non négatif
2026-10-03T15:52:14.946Z,turnout_history:ballots,pass,NA,turnout_history,0 non-concordances; valides + rejetés = exprimés quand applicable
2026-10-03T15:52:14.946Z,turnout_history:turnout,pass,NA,turnout_history,taux recalculé cohérent
2026-10-03T15:52:14.946Z,turnout_history_source:timestamp,pass,NA,turnout_history_source,horodatage et capture présents
2026-10-03T15:52:14.949Z,turnout_history_source:provenance,pass,NA,turnout_history_source,chaque source appartient au catalogue
2026-10-03T15:52:14.949Z,turnout_preliminary_2026:timestamp,pass,NA,turnout_preliminary_2026,horodatage et capture présents
2026-10-03T15:52:14.952Z,turnout_preliminary_2026:provenance,pass,NA,turnout_preliminary_2026,chaque source appartient au catalogue
2026-10-03T15:52:14.952Z,turnout_preliminary_2026:registered,pass,NA,turnout_preliminary_2026,comptage entier non négatif
2026-10-03T15:52:14.952Z,turnout_preliminary_2026:votes_cast,pass,NA,turnout_preliminary_2026,comptage entier non négatif
2026-10-03T15:52:14.959Z,candidate_vote_totals,pass,NA,results_candidate,sommes des candidats = bulletins valides finaux
2026-10-03T15:52:15.228Z,polling_vote_totals,pass,NA,polling_units,0 unités dont les votes ne concordent pas
2026-10-03T15:52:15.230Z,polling_links,warning,NA,polling_division_results,2612 appariements laissés non résolus
2026-10-03T15:52:15.506Z,legacy_polling_vote_totals,pass,NA,legacy_polling_units,0 unités historiques non réconciliées
2026-10-03T15:52:15.512Z,legacy_candidate_vote_totals,pass,NA,legacy_historical_candidate_results,sommes historiques concordent quand les comptages numériques sont fournis
2026-10-03T15:52:15.513Z,crosswalk_fractions,pass,NA,district_crosswalk_2017_2026,"fractions dans [0,1], tolérance numérique 1e-6"
2026-10-03T15:52:15.515Z,results_candidate:shares,pass,NA,results_candidate,parts recalculées concordantes
2026-10-03T15:52:15.517Z,historical_candidate_results:shares,pass,NA,historical_candidate_results,parts recalculées concordantes
2026-10-03T15:52:15.517Z,legacy_historical_candidate_results:shares,pass,NA,legacy_historical_candidate_results,parts recalculées concordantes
2026-10-03T15:52:15.518Z,calendar_dates,pass,NA,election_calendar_2026,dates de calendrier valides
2026-10-03T15:52:15.519Z,2026_candidates,pass,NA,candidates,Contrôle de référence daté : 908 au 3 octobre 2026; une rectification ultérieure doit être revue.
2026-10-03T15:52:15.519Z,2026_candidate_districts,pass,NA,candidates,127 circonscriptions officielles
2026-10-03T15:52:15.520Z,2026_map_count,pass,NA,electoral_districts,127 circonscriptions dans la liste officielle
2026-10-03T15:52:15.520Z,result_status,pass,NA,results_candidate,final uniquement selon source
2026-10-03T15:52:15.521Z,no_preliminary_elected,pass,NA,results_candidate,aucune élection annoncée sur la base d’un fichier préliminaire
2026-10-03T16:05:43.537Z,poll_schema,warning,src_0fb95c6f3b76,NA,member_461012013cdf8659.csv
2026-10-03T16:06:13.767Z,legacy_territory_label,warning,src_e1bd95cfcae7,NA,Libellé source ¿les-de-la-Madeleine relié à Îles-de-la-Madeleine par au moins deux triplets exacts nom-prénom-parti du même événement.
2026-10-03T16:06:14.247Z,legacy_territory_label,warning,src_e1bd95cfcae7,NA,Libellé source Mille-¿les relié à Mille-Îles par au moins deux triplets exacts nom-prénom-parti du même événement.
2026-10-03T16:06:15.841Z,legacy_territory_label,warning,src_97943df8aee2,NA,Libellé source ¿les-de-la-Madeleine relié à Îles-de-la-Madeleine par au moins deux triplets exacts nom-prénom-parti du même événement.
2026-10-03T16:06:16.384Z,legacy_territory_label,warning,src_97943df8aee2,NA,Libellé source Mille-¿les relié à Mille-Îles par au moins deux triplets exacts nom-prénom-parti du même événement.
2026-10-03T16:06:17.893Z,legacy_territory_label,warning,src_52c4ab07b017,NA,Libellé source ¿les-de-la-Madeleine relié à Îles-de-la-Madeleine par au moins deux triplets exacts nom-prénom-parti du même événement.
2026-10-03T16:06:18.409Z,legacy_territory_label,warning,src_52c4ab07b017,NA,Libellé source Mille-¿les relié à Mille-Îles par au moins deux triplets exacts nom-prénom-parti du même événement.
2026-10-03T16:06:19.989Z,legacy_territory_label,warning,src_ae53c8c7c088,NA,Libellé source ¿les-de-la-Madeleine relié à Îles-de-la-Madeleine par au moins deux triplets exacts nom-prénom-parti du même événement.
2026-10-03T16:06:20.509Z,legacy_territory_label,warning,src_ae53c8c7c088,NA,Libellé source Mille-¿les relié à Mille-Îles par au moins deux triplets exacts nom-prénom-parti du même événement.
2026-10-03T16:06:28.303Z,contribution_grain,info,src_54b914419613,NA,"Totaux annuels par personne et entité. Date de l’événement = campagne à la direction, pas date du versement. Aucune agrégation mensuelle construite."
2026-10-03T16:07:06.481Z,assnat_historical_source_tables:timestamp,pass,NA,assnat_historical_source_tables,horodatage et capture présents
2026-10-03T16:07:06.493Z,assnat_historical_source_tables:provenance,pass,NA,assnat_historical_source_tables,chaque source appartient au catalogue
2026-10-03T16:07:06.494Z,by_elections:timestamp,pass,NA,by_elections,horodatage et capture présents
2026-10-03T16:07:06.497Z,by_elections:provenance,pass,NA,by_elections,chaque source appartient au catalogue
2026-10-03T16:07:06.497Z,by_elections:registered,pass,NA,by_elections,comptage entier non négatif
2026-10-03T16:07:06.498Z,by_elections:valid_ballots,pass,NA,by_elections,comptage entier non négatif
2026-10-03T16:07:06.498Z,by_elections:rejected_ballots,pass,NA,by_elections,comptage entier non négatif
2026-10-03T16:07:06.498Z,by_elections:votes_cast,pass,NA,by_elections,comptage entier non négatif
2026-10-03T16:07:06.499Z,by_elections:polls_counted,pass,NA,by_elections,comptage entier non négatif
2026-10-03T16:07:06.499Z,by_elections:polls_total,pass,NA,by_elections,comptage entier non négatif
2026-10-03T16:07:06.505Z,by_elections:ballots,pass,NA,by_elections,0 non-concordances; valides + rejetés = exprimés quand applicable
2026-10-03T16:07:06.505Z,by_elections:turnout,pass,NA,by_elections,taux recalculé cohérent
2026-10-03T16:07:06.505Z,candidate_statistics:timestamp,pass,NA,candidate_statistics,horodatage et capture présents
2026-10-03T16:07:06.508Z,candidate_statistics:provenance,pass,NA,candidate_statistics,chaque source appartient au catalogue
2026-10-03T16:07:06.509Z,candidates:timestamp,pass,NA,candidates,horodatage et capture présents
2026-10-03T16:07:06.511Z,candidates:provenance,pass,NA,candidates,chaque source appartient au catalogue
2026-10-03T16:07:06.512Z,candidates:key,pass,NA,candidates,candidate_id × snapshot_id
2026-10-03T16:07:06.513Z,candidates_2012:timestamp,pass,NA,candidates_2012,horodatage et capture présents
2026-10-03T16:07:06.515Z,candidates_2012:provenance,pass,NA,candidates_2012,chaque source appartient au catalogue
2026-10-03T16:07:06.516Z,candidates_2012:key,pass,NA,candidates_2012,candidate_id × snapshot_id
2026-10-03T16:07:06.516Z,district_crosswalk_2017_2026:timestamp,pass,NA,district_crosswalk_2017_2026,horodatage et capture présents
2026-10-03T16:07:06.519Z,district_crosswalk_2017_2026:provenance,pass,NA,district_crosswalk_2017_2026,chaque source appartient au catalogue
2026-10-03T16:07:06.521Z,district_demographics:timestamp,pass,NA,district_demographics,horodatage et capture présents
2026-10-03T16:07:06.546Z,district_demographics:provenance,pass,NA,district_demographics,chaque source appartient au catalogue
2026-10-03T16:07:06.547Z,district_indicators:timestamp,pass,NA,district_indicators,horodatage et capture présents
2026-10-03T16:07:06.549Z,district_indicators:provenance,pass,NA,district_indicators,chaque source appartient au catalogue
2026-10-03T16:07:06.550Z,district_map_changes:timestamp,pass,NA,district_map_changes,horodatage et capture présents
2026-10-03T16:07:06.553Z,district_map_changes:provenance,pass,NA,district_map_changes,chaque source appartient au catalogue
2026-10-03T16:07:06.553Z,district_map_changes_spatial:timestamp,pass,NA,district_map_changes_spatial,horodatage et capture présents
2026-10-03T16:07:06.556Z,district_map_changes_spatial:provenance,pass,NA,district_map_changes_spatial,chaque source appartient au catalogue
2026-10-03T16:07:06.556Z,election_calendar_2026:timestamp,pass,NA,election_calendar_2026,horodatage et capture présents
2026-10-03T16:07:06.559Z,election_calendar_2026:provenance,pass,NA,election_calendar_2026,chaque source appartient au catalogue
2026-10-03T16:07:06.559Z,election_expense_limits:timestamp,pass,NA,election_expense_limits,horodatage et capture présents
2026-10-03T16:07:06.562Z,election_expense_limits:provenance,pass,NA,election_expense_limits,chaque source appartient au catalogue
2026-10-03T16:07:06.562Z,elections:timestamp,pass,NA,elections,horodatage et capture présents
2026-10-03T16:07:06.565Z,elections:provenance,pass,NA,elections,chaque source appartient au catalogue
2026-10-03T16:07:06.565Z,elections:key,pass,NA,elections,election_id × snapshot_id
2026-10-03T16:07:06.566Z,elections:registered,pass,NA,elections,comptage entier non négatif
2026-10-03T16:07:06.566Z,elections:valid_ballots,pass,NA,elections,comptage entier non négatif
2026-10-03T16:07:06.567Z,elections:rejected_ballots,pass,NA,elections,comptage entier non négatif
2026-10-03T16:07:06.567Z,elections:votes_cast,pass,NA,elections,comptage entier non négatif
2026-10-03T16:07:06.567Z,elections:polls_counted,pass,NA,elections,comptage entier non négatif
2026-10-03T16:07:06.568Z,elections:polls_total,pass,NA,elections,comptage entier non négatif
2026-10-03T16:07:06.572Z,elections:ballots,pass,NA,elections,0 non-concordances; valides + rejetés = exprimés quand applicable
2026-10-03T16:07:06.572Z,elections:turnout,pass,NA,elections,taux recalculé cohérent
2026-10-03T16:07:06.573Z,electoral_district_geometries:timestamp,pass,NA,electoral_district_geometries,horodatage et capture présents
2026-10-03T16:07:06.576Z,electoral_district_geometries:provenance,pass,NA,electoral_district_geometries,chaque source appartient au catalogue
2026-10-03T16:07:06.576Z,electoral_districts:timestamp,pass,NA,electoral_districts,horodatage et capture présents
2026-10-03T16:07:06.579Z,electoral_districts:provenance,pass,NA,electoral_districts,chaque source appartient au catalogue
2026-10-03T16:07:06.580Z,electoral_districts:key,pass,NA,electoral_districts,district_id × snapshot_id
2026-10-03T16:07:06.580Z,finance_source_tables:timestamp,pass,NA,finance_source_tables,horodatage et capture présents
2026-10-03T16:07:06.583Z,finance_source_tables:provenance,pass,NA,finance_source_tables,chaque source appartient au catalogue
2026-10-03T16:07:06.583Z,financial_document_index:timestamp,pass,NA,financial_document_index,horodatage et capture présents
2026-10-03T16:07:06.586Z,financial_document_index:provenance,pass,NA,financial_document_index,chaque source appartient au catalogue
2026-10-03T16:07:06.587Z,financial_source_cells:timestamp,pass,NA,financial_source_cells,horodatage et capture présents
2026-10-03T16:07:06.591Z,financial_source_cells:provenance,pass,NA,financial_source_cells,chaque source appartient au catalogue
2026-10-03T16:07:06.591Z,historical_candidate_results:timestamp,pass,NA,historical_candidate_results,horodatage et capture présents
2026-10-03T16:07:06.594Z,historical_candidate_results:provenance,pass,NA,historical_candidate_results,chaque source appartient au catalogue
2026-10-03T16:07:06.595Z,historical_candidate_results:votes,pass,NA,historical_candidate_results,comptage entier non négatif
2026-10-03T16:07:06.595Z,historical_district_results:timestamp,pass,NA,historical_district_results,horodatage et capture présents
2026-10-03T16:07:06.598Z,historical_district_results:provenance,pass,NA,historical_district_results,chaque source appartient au catalogue
2026-10-03T16:07:06.598Z,historical_district_results:registered,pass,NA,historical_district_results,comptage entier non négatif
2026-10-03T16:07:06.598Z,historical_district_results:valid_ballots,pass,NA,historical_district_results,comptage entier non négatif
2026-10-03T16:07:06.599Z,historical_district_results:rejected_ballots,pass,NA,historical_district_results,comptage entier non négatif
2026-10-03T16:07:06.599Z,historical_district_results:votes_cast,pass,NA,historical_district_results,comptage entier non négatif
2026-10-03T16:07:06.599Z,historical_district_results:polls_counted,pass,NA,historical_district_results,comptage entier non négatif
2026-10-03T16:07:06.600Z,historical_district_results:polls_total,pass,NA,historical_district_results,comptage entier non négatif
2026-10-03T16:07:06.605Z,historical_district_results:ballots,pass,NA,historical_district_results,0 non-concordances; valides + rejetés = exprimés quand applicable
2026-10-03T16:07:06.605Z,historical_district_results:turnout,pass,NA,historical_district_results,taux recalculé cohérent
2026-10-03T16:07:06.606Z,historical_party_results:timestamp,pass,NA,historical_party_results,horodatage et capture présents
2026-10-03T16:07:06.608Z,historical_party_results:provenance,pass,NA,historical_party_results,chaque source appartient au catalogue
2026-10-03T16:07:06.609Z,historical_party_results:votes,pass,NA,historical_party_results,comptage entier non négatif
2026-10-03T16:07:06.609Z,historical_turnout:timestamp,pass,NA,historical_turnout,horodatage et capture présents
2026-10-03T16:07:06.612Z,historical_turnout:provenance,pass,NA,historical_turnout,chaque source appartient au catalogue
2026-10-03T16:07:06.612Z,historical_turnout:registered,pass,NA,historical_turnout,comptage entier non négatif
2026-10-03T16:07:06.613Z,historical_turnout:valid_ballots,pass,NA,historical_turnout,comptage entier non négatif
2026-10-03T16:07:06.613Z,historical_turnout:rejected_ballots,pass,NA,historical_turnout,comptage entier non négatif
2026-10-03T16:07:06.613Z,historical_turnout:votes_cast,pass,NA,historical_turnout,comptage entier non négatif
2026-10-03T16:07:06.614Z,historical_turnout:polls_counted,pass,NA,historical_turnout,comptage entier non négatif
2026-10-03T16:07:06.614Z,historical_turnout:polls_total,pass,NA,historical_turnout,comptage entier non négatif
2026-10-03T16:07:06.618Z,historical_turnout:ballots,pass,NA,historical_turnout,0 non-concordances; valides + rejetés = exprimés quand applicable
2026-10-03T16:07:06.619Z,historical_turnout:turnout,pass,NA,historical_turnout,taux recalculé cohérent
2026-10-03T16:07:06.619Z,legacy_election_source_tables:timestamp,pass,NA,legacy_election_source_tables,horodatage et capture présents
2026-10-03T16:07:06.622Z,legacy_election_source_tables:provenance,pass,NA,legacy_election_source_tables,chaque source appartient au catalogue
2026-10-03T16:07:06.623Z,legacy_elections:timestamp,pass,NA,legacy_elections,horodatage et capture présents
2026-10-03T16:07:06.625Z,legacy_elections:provenance,pass,NA,legacy_elections,chaque source appartient au catalogue
2026-10-03T16:07:06.626Z,legacy_elections:registered,pass,NA,legacy_elections,comptage entier non négatif
2026-10-03T16:07:06.626Z,legacy_elections:valid_ballots,pass,NA,legacy_elections,comptage entier non négatif
2026-10-03T16:07:06.626Z,legacy_elections:rejected_ballots,pass,NA,legacy_elections,comptage entier non négatif
2026-10-03T16:07:06.627Z,legacy_elections:votes_cast,pass,NA,legacy_elections,comptage entier non négatif
2026-10-03T16:07:06.631Z,legacy_elections:ballots,warning,NA,legacy_elections,1 non-concordances; valides + rejetés = exprimés quand applicable
2026-10-03T16:07:06.634Z,legacy_elections:turnout,pass,NA,legacy_elections,taux recalculé cohérent
2026-10-03T16:07:06.635Z,legacy_historical_candidate_results:timestamp,pass,NA,legacy_historical_candidate_results,horodatage et capture présents
2026-10-03T16:07:06.638Z,legacy_historical_candidate_results:provenance,pass,NA,legacy_historical_candidate_results,chaque source appartient au catalogue
2026-10-03T16:07:06.638Z,legacy_historical_candidate_results:valid_ballots,pass,NA,legacy_historical_candidate_results,comptage entier non négatif
2026-10-03T16:07:06.639Z,legacy_historical_candidate_results:votes,pass,NA,legacy_historical_candidate_results,comptage entier non négatif
2026-10-03T16:07:06.639Z,legacy_historical_district_results:timestamp,pass,NA,legacy_historical_district_results,horodatage et capture présents
2026-10-03T16:07:06.642Z,legacy_historical_district_results:provenance,pass,NA,legacy_historical_district_results,chaque source appartient au catalogue
2026-10-03T16:07:06.642Z,legacy_historical_district_results:registered,pass,NA,legacy_historical_district_results,comptage entier non négatif
2026-10-03T16:07:06.643Z,legacy_historical_district_results:valid_ballots,pass,NA,legacy_historical_district_results,comptage entier non négatif
2026-10-03T16:07:06.643Z,legacy_historical_district_results:rejected_ballots,pass,NA,legacy_historical_district_results,comptage entier non négatif
2026-10-03T16:07:06.644Z,legacy_historical_district_results:votes_cast,pass,NA,legacy_historical_district_results,comptage entier non négatif
2026-10-03T16:07:06.649Z,legacy_historical_district_results:ballots,warning,NA,legacy_historical_district_results,1 non-concordances; valides + rejetés = exprimés quand applicable
2026-10-03T16:07:06.651Z,legacy_historical_district_results:turnout,pass,NA,legacy_historical_district_results,taux recalculé cohérent
2026-10-03T16:07:06.652Z,legacy_historical_party_results:timestamp,pass,NA,legacy_historical_party_results,horodatage et capture présents
2026-10-03T16:07:06.655Z,legacy_historical_party_results:provenance,pass,NA,legacy_historical_party_results,chaque source appartient au catalogue
2026-10-03T16:07:06.655Z,legacy_historical_party_results:votes,pass,NA,legacy_historical_party_results,comptage entier non négatif
2026-10-03T16:07:06.658Z,legacy_polling_division_results:timestamp,pass,NA,legacy_polling_division_results,horodatage et capture présents
2026-10-03T16:07:06.694Z,legacy_polling_division_results:provenance,pass,NA,legacy_polling_division_results,chaque source appartient au catalogue
2026-10-03T16:07:06.698Z,legacy_polling_division_results:votes,pass,NA,legacy_polling_division_results,comptage entier non négatif
2026-10-03T16:07:06.699Z,legacy_polling_units:timestamp,pass,NA,legacy_polling_units,horodatage et capture présents
2026-10-03T16:07:06.709Z,legacy_polling_units:provenance,pass,NA,legacy_polling_units,chaque source appartient au catalogue
2026-10-03T16:07:06.710Z,legacy_polling_units:registered,pass,NA,legacy_polling_units,comptage entier non négatif
2026-10-03T16:07:06.711Z,legacy_polling_units:valid_ballots,pass,NA,legacy_polling_units,comptage entier non négatif
2026-10-03T16:07:06.712Z,legacy_polling_units:rejected_ballots,pass,NA,legacy_polling_units,comptage entier non négatif
2026-10-03T16:07:06.712Z,legacy_polling_units:votes_cast,pass,NA,legacy_polling_units,comptage entier non négatif
2026-10-03T16:07:06.717Z,legacy_polling_units:ballots,pass,NA,legacy_polling_units,0 non-concordances; valides + rejetés = exprimés quand applicable
2026-10-03T16:07:06.718Z,parties:timestamp,pass,NA,parties,horodatage et capture présents
2026-10-03T16:07:06.721Z,parties:provenance,pass,NA,parties,chaque source appartient au catalogue
2026-10-03T16:07:06.721Z,party_authorization_history:timestamp,pass,NA,party_authorization_history,horodatage et capture présents
2026-10-03T16:07:06.724Z,party_authorization_history:provenance,pass,NA,party_authorization_history,chaque source appartient au catalogue
2026-10-03T16:07:06.724Z,party_balance_sheet:timestamp,pass,NA,party_balance_sheet,horodatage et capture présents
2026-10-03T16:07:06.727Z,party_balance_sheet:provenance,pass,NA,party_balance_sheet,chaque source appartient au catalogue
2026-10-03T16:07:06.735Z,party_cashflows:timestamp,pass,NA,party_cashflows,horodatage et capture présents
2026-10-03T16:07:06.738Z,party_cashflows:provenance,pass,NA,party_cashflows,chaque source appartient au catalogue
2026-10-03T16:07:06.739Z,party_finance_expenses:timestamp,pass,NA,party_finance_expenses,horodatage et capture présents
2026-10-03T16:07:06.741Z,party_finance_expenses:provenance,pass,NA,party_finance_expenses,chaque source appartient au catalogue
2026-10-03T16:07:06.742Z,party_finance_income:timestamp,pass,NA,party_finance_income,horodatage et capture présents
2026-10-03T16:07:06.745Z,party_finance_income:provenance,pass,NA,party_finance_income,chaque source appartient au catalogue
2026-10-03T16:07:06.745Z,party_finance_income_summary:timestamp,pass,NA,party_finance_income_summary,horodatage et capture présents
2026-10-03T16:07:06.748Z,party_finance_income_summary:provenance,pass,NA,party_finance_income_summary,chaque source appartient au catalogue
2026-10-03T16:07:06.748Z,party_finances_annual:timestamp,pass,NA,party_finances_annual,horodatage et capture présents
2026-10-03T16:07:06.751Z,party_finances_annual:provenance,pass,NA,party_finances_annual,chaque source appartient au catalogue
2026-10-03T16:07:06.751Z,party_officials:timestamp,pass,NA,party_officials,horodatage et capture présents
2026-10-03T16:07:06.754Z,party_officials:provenance,pass,NA,party_officials,chaque source appartient au catalogue
2026-10-03T16:07:06.754Z,party_public_funding:timestamp,pass,NA,party_public_funding,horodatage et capture présents
2026-10-03T16:07:06.757Z,party_public_funding:provenance,pass,NA,party_public_funding,chaque source appartient au catalogue
2026-10-03T16:07:06.757Z,political_contributions_aggregated:timestamp,pass,NA,political_contributions_aggregated,horodatage et capture présents
2026-10-03T16:07:06.759Z,political_contributions_aggregated:provenance,pass,NA,political_contributions_aggregated,chaque source appartient au catalogue
2026-10-03T16:07:06.760Z,political_contributions_city:timestamp,pass,NA,political_contributions_city,horodatage et capture présents
2026-10-03T16:07:06.763Z,political_contributions_city:provenance,pass,NA,political_contributions_city,chaque source appartient au catalogue
2026-10-03T16:07:06.763Z,polling_candidate_links:timestamp,pass,NA,polling_candidate_links,horodatage et capture présents
2026-10-03T16:07:06.766Z,polling_candidate_links:provenance,pass,NA,polling_candidate_links,chaque source appartient au catalogue
2026-10-03T16:07:06.770Z,polling_division_results:timestamp,pass,NA,polling_division_results,horodatage et capture présents
2026-10-03T16:07:06.815Z,polling_division_results:provenance,pass,NA,polling_division_results,chaque source appartient au catalogue
2026-10-03T16:07:07.165Z,polling_division_results:key,pass,NA,polling_division_results,polling_unit_id × candidate_id × snapshot_id
2026-10-03T16:07:07.170Z,polling_division_results:votes,pass,NA,polling_division_results,comptage entier non négatif
2026-10-03T16:07:07.171Z,polling_summary_fields:timestamp,pass,NA,polling_summary_fields,horodatage et capture présents
2026-10-03T16:07:07.175Z,polling_summary_fields:provenance,pass,NA,polling_summary_fields,chaque source appartient au catalogue
2026-10-03T16:07:07.176Z,polling_units:timestamp,pass,NA,polling_units,horodatage et capture présents
2026-10-03T16:07:07.185Z,polling_units:provenance,pass,NA,polling_units,chaque source appartient au catalogue
2026-10-03T16:07:07.223Z,polling_units:key,pass,NA,polling_units,polling_unit_id × snapshot_id
2026-10-03T16:07:07.224Z,polling_units:registered,pass,NA,polling_units,comptage entier non négatif
2026-10-03T16:07:07.225Z,polling_units:valid_ballots,pass,NA,polling_units,comptage entier non négatif
2026-10-03T16:07:07.226Z,polling_units:rejected_ballots,pass,NA,polling_units,comptage entier non négatif
2026-10-03T16:07:07.254Z,polling_units:votes_cast,pass,NA,polling_units,comptage entier non négatif
2026-10-03T16:07:07.259Z,polling_units:ballots,pass,NA,polling_units,0 non-concordances; valides + rejetés = exprimés quand applicable
2026-10-03T16:07:07.260Z,registered_electors:timestamp,pass,NA,registered_electors,horodatage et capture présents
2026-10-03T16:07:07.262Z,registered_electors:provenance,pass,NA,registered_electors,chaque source appartient au catalogue
2026-10-03T16:07:07.263Z,registered_electors:key,pass,NA,registered_electors,election_id × district_id × snapshot_id
2026-10-03T16:07:07.263Z,result_source_fields:timestamp,pass,NA,result_source_fields,horodatage et capture présents
2026-10-03T16:07:07.268Z,result_source_fields:provenance,pass,NA,result_source_fields,chaque source appartient au catalogue
2026-10-03T16:07:07.268Z,results_candidate:timestamp,pass,NA,results_candidate,horodatage et capture présents
2026-10-03T16:07:07.271Z,results_candidate:provenance,pass,NA,results_candidate,chaque source appartient au catalogue
2026-10-03T16:07:07.274Z,results_candidate:key,pass,NA,results_candidate,election_id × district_id × candidate_id × snapshot_id
2026-10-03T16:07:07.274Z,results_candidate:votes,pass,NA,results_candidate,comptage entier non négatif
2026-10-03T16:07:07.274Z,results_party:timestamp,pass,NA,results_party,horodatage et capture présents
2026-10-03T16:07:07.277Z,results_party:provenance,pass,NA,results_party,chaque source appartient au catalogue
2026-10-03T16:07:07.277Z,results_party:key,pass,NA,results_party,election_id × party_id × snapshot_id
2026-10-03T16:07:07.278Z,results_party:votes,pass,NA,results_party,comptage entier non négatif
2026-10-03T16:07:07.278Z,turnout:timestamp,pass,NA,turnout,horodatage et capture présents
2026-10-03T16:07:07.281Z,turnout:provenance,pass,NA,turnout,chaque source appartient au catalogue
2026-10-03T16:07:07.282Z,turnout:key,pass,NA,turnout,election_id × district_id × snapshot_id
2026-10-03T16:07:07.282Z,turnout:registered,pass,NA,turnout,comptage entier non négatif
2026-10-03T16:07:07.282Z,turnout:valid_ballots,pass,NA,turnout,comptage entier non négatif
2026-10-03T16:07:07.283Z,turnout:rejected_ballots,pass,NA,turnout,comptage entier non négatif
2026-10-03T16:07:07.283Z,turnout:votes_cast,pass,NA,turnout,comptage entier non négatif
2026-10-03T16:07:07.283Z,turnout:polls_counted,pass,NA,turnout,comptage entier non négatif
2026-10-03T16:07:07.284Z,turnout:polls_total,pass,NA,turnout,comptage entier non négatif
2026-10-03T16:07:07.288Z,turnout:ballots,pass,NA,turnout,0 non-concordances; valides + rejetés = exprimés quand applicable
2026-10-03T16:07:07.289Z,turnout:turnout,pass,NA,turnout,taux recalculé cohérent
2026-10-03T16:07:07.289Z,turnout_history:timestamp,pass,NA,turnout_history,horodatage et capture présents
2026-10-03T16:07:07.291Z,turnout_history:provenance,pass,NA,turnout_history,chaque source appartient au catalogue
2026-10-03T16:07:07.292Z,turnout_history:registered,pass,NA,turnout_history,comptage entier non négatif
2026-10-03T16:07:07.292Z,turnout_history:valid_ballots,pass,NA,turnout_history,comptage entier non négatif
2026-10-03T16:07:07.293Z,turnout_history:rejected_ballots,pass,NA,turnout_history,comptage entier non négatif
2026-10-03T16:07:07.293Z,turnout_history:votes_cast,pass,NA,turnout_history,comptage entier non négatif
2026-10-03T16:07:07.293Z,turnout_history:polls_counted,pass,NA,turnout_history,comptage entier non négatif
2026-10-03T16:07:07.294Z,turnout_history:polls_total,pass,NA,turnout_history,comptage entier non négatif
2026-10-03T16:07:07.297Z,turnout_history:ballots,pass,NA,turnout_history,0 non-concordances; valides + rejetés = exprimés quand applicable
2026-10-03T16:07:07.298Z,turnout_history:turnout,pass,NA,turnout_history,taux recalculé cohérent
2026-10-03T16:07:07.298Z,turnout_history_source:timestamp,pass,NA,turnout_history_source,horodatage et capture présents
2026-10-03T16:07:07.301Z,turnout_history_source:provenance,pass,NA,turnout_history_source,chaque source appartient au catalogue
2026-10-03T16:07:07.301Z,turnout_preliminary_2026:timestamp,pass,NA,turnout_preliminary_2026,horodatage et capture présents
2026-10-03T16:07:07.304Z,turnout_preliminary_2026:provenance,pass,NA,turnout_preliminary_2026,chaque source appartient au catalogue
2026-10-03T16:07:07.305Z,turnout_preliminary_2026:registered,pass,NA,turnout_preliminary_2026,comptage entier non négatif
2026-10-03T16:07:07.305Z,turnout_preliminary_2026:votes_cast,pass,NA,turnout_preliminary_2026,comptage entier non négatif
2026-10-03T16:07:07.308Z,candidate_vote_totals,pass,NA,results_candidate,sommes des candidats = bulletins valides finaux
2026-10-03T16:07:07.587Z,polling_vote_totals,pass,NA,polling_units,0 unités dont les votes ne concordent pas
2026-10-03T16:07:07.589Z,polling_links,warning,NA,polling_division_results,2612 appariements laissés non résolus
2026-10-03T16:07:07.862Z,legacy_polling_vote_totals,pass,NA,legacy_polling_units,0 unités historiques non réconciliées
2026-10-03T16:07:07.869Z,legacy_candidate_vote_totals,pass,NA,legacy_historical_candidate_results,sommes historiques concordent quand les comptages numériques sont fournis
2026-10-03T16:07:07.869Z,crosswalk_fractions,pass,NA,district_crosswalk_2017_2026,"fractions dans [0,1], tolérance numérique 1e-6"
2026-10-03T16:07:07.872Z,results_candidate:shares,pass,NA,results_candidate,parts recalculées concordantes
2026-10-03T16:07:07.873Z,historical_candidate_results:shares,pass,NA,historical_candidate_results,parts recalculées concordantes
2026-10-03T16:07:07.874Z,legacy_historical_candidate_results:shares,pass,NA,legacy_historical_candidate_results,parts recalculées concordantes
2026-10-03T16:07:07.875Z,calendar_dates,pass,NA,election_calendar_2026,dates de calendrier valides
2026-10-03T16:07:07.875Z,2026_candidates,pass,NA,candidates,Contrôle de référence daté : 908 au 3 octobre 2026; une rectification ultérieure doit être revue.
2026-10-03T16:07:07.876Z,2026_candidate_districts,pass,NA,candidates,127 circonscriptions officielles
2026-10-03T16:07:07.877Z,2026_map_count,pass,NA,electoral_districts,127 circonscriptions dans la liste officielle
2026-10-03T16:07:07.877Z,result_status,pass,NA,results_candidate,final uniquement selon source
2026-10-03T16:07:07.877Z,no_preliminary_elected,pass,NA,results_candidate,aucune élection annoncée sur la base d’un fichier préliminaire
2026-10-03T16:08:25.571Z,assnat_historical_source_tables:timestamp,pass,NA,assnat_historical_source_tables,horodatage et capture présents
2026-10-03T16:08:25.583Z,assnat_historical_source_tables:provenance,pass,NA,assnat_historical_source_tables,chaque source appartient au catalogue
2026-10-03T16:08:25.584Z,by_elections:timestamp,pass,NA,by_elections,horodatage et capture présents
2026-10-03T16:08:25.587Z,by_elections:provenance,pass,NA,by_elections,chaque source appartient au catalogue
2026-10-03T16:08:25.588Z,by_elections:registered,pass,NA,by_elections,comptage entier non négatif
2026-10-03T16:08:25.588Z,by_elections:valid_ballots,pass,NA,by_elections,comptage entier non négatif
2026-10-03T16:08:25.589Z,by_elections:rejected_ballots,pass,NA,by_elections,comptage entier non négatif
2026-10-03T16:08:25.589Z,by_elections:votes_cast,pass,NA,by_elections,comptage entier non négatif
2026-10-03T16:08:25.595Z,by_elections:polls_counted,pass,NA,by_elections,comptage entier non négatif
2026-10-03T16:08:25.596Z,by_elections:polls_total,pass,NA,by_elections,comptage entier non négatif
2026-10-03T16:08:25.601Z,by_elections:ballots,pass,NA,by_elections,0 non-concordances; valides + rejetés = exprimés quand applicable
2026-10-03T16:08:25.602Z,by_elections:turnout,pass,NA,by_elections,taux recalculé cohérent
2026-10-03T16:08:25.602Z,candidate_statistics:timestamp,pass,NA,candidate_statistics,horodatage et capture présents
2026-10-03T16:08:25.606Z,candidate_statistics:provenance,pass,NA,candidate_statistics,chaque source appartient au catalogue
2026-10-03T16:08:25.606Z,candidates:timestamp,pass,NA,candidates,horodatage et capture présents
2026-10-03T16:08:25.609Z,candidates:provenance,pass,NA,candidates,chaque source appartient au catalogue
2026-10-03T16:08:25.610Z,candidates:key,pass,NA,candidates,candidate_id × snapshot_id
2026-10-03T16:08:25.610Z,candidates_2012:timestamp,pass,NA,candidates_2012,horodatage et capture présents
2026-10-03T16:08:25.613Z,candidates_2012:provenance,pass,NA,candidates_2012,chaque source appartient au catalogue
2026-10-03T16:08:25.614Z,candidates_2012:key,pass,NA,candidates_2012,candidate_id × snapshot_id
2026-10-03T16:08:25.614Z,district_crosswalk_2017_2026:timestamp,pass,NA,district_crosswalk_2017_2026,horodatage et capture présents
2026-10-03T16:08:25.617Z,district_crosswalk_2017_2026:provenance,pass,NA,district_crosswalk_2017_2026,chaque source appartient au catalogue
2026-10-03T16:08:25.620Z,district_demographics:timestamp,pass,NA,district_demographics,horodatage et capture présents
2026-10-03T16:08:25.644Z,district_demographics:provenance,pass,NA,district_demographics,chaque source appartient au catalogue
2026-10-03T16:08:25.645Z,district_indicators:timestamp,pass,NA,district_indicators,horodatage et capture présents
2026-10-03T16:08:25.648Z,district_indicators:provenance,pass,NA,district_indicators,chaque source appartient au catalogue
2026-10-03T16:08:25.648Z,district_map_changes:timestamp,pass,NA,district_map_changes,horodatage et capture présents
2026-10-03T16:08:25.651Z,district_map_changes:provenance,pass,NA,district_map_changes,chaque source appartient au catalogue
2026-10-03T16:08:25.651Z,district_map_changes_spatial:timestamp,pass,NA,district_map_changes_spatial,horodatage et capture présents
2026-10-03T16:08:25.655Z,district_map_changes_spatial:provenance,pass,NA,district_map_changes_spatial,chaque source appartient au catalogue
2026-10-03T16:08:25.655Z,election_calendar_2026:timestamp,pass,NA,election_calendar_2026,horodatage et capture présents
2026-10-03T16:08:25.664Z,election_calendar_2026:provenance,pass,NA,election_calendar_2026,chaque source appartient au catalogue
2026-10-03T16:08:25.664Z,election_expense_limits:timestamp,pass,NA,election_expense_limits,horodatage et capture présents
2026-10-03T16:08:25.667Z,election_expense_limits:provenance,pass,NA,election_expense_limits,chaque source appartient au catalogue
2026-10-03T16:08:25.668Z,elections:timestamp,pass,NA,elections,horodatage et capture présents
2026-10-03T16:08:25.671Z,elections:provenance,pass,NA,elections,chaque source appartient au catalogue
2026-10-03T16:08:25.672Z,elections:key,pass,NA,elections,election_id × snapshot_id
2026-10-03T16:08:25.672Z,elections:registered,pass,NA,elections,comptage entier non négatif
2026-10-03T16:08:25.672Z,elections:valid_ballots,pass,NA,elections,comptage entier non négatif
2026-10-03T16:08:25.673Z,elections:rejected_ballots,pass,NA,elections,comptage entier non négatif
2026-10-03T16:08:25.673Z,elections:votes_cast,pass,NA,elections,comptage entier non négatif
2026-10-03T16:08:25.673Z,elections:polls_counted,pass,NA,elections,comptage entier non négatif
2026-10-03T16:08:25.674Z,elections:polls_total,pass,NA,elections,comptage entier non négatif
2026-10-03T16:08:25.678Z,elections:ballots,pass,NA,elections,0 non-concordances; valides + rejetés = exprimés quand applicable
2026-10-03T16:08:25.678Z,elections:turnout,pass,NA,elections,taux recalculé cohérent
2026-10-03T16:08:25.679Z,electoral_district_geometries:timestamp,pass,NA,electoral_district_geometries,horodatage et capture présents
2026-10-03T16:08:25.682Z,electoral_district_geometries:provenance,pass,NA,electoral_district_geometries,chaque source appartient au catalogue
2026-10-03T16:08:25.682Z,electoral_districts:timestamp,pass,NA,electoral_districts,horodatage et capture présents
2026-10-03T16:08:25.685Z,electoral_districts:provenance,pass,NA,electoral_districts,chaque source appartient au catalogue
2026-10-03T16:08:25.686Z,electoral_districts:key,pass,NA,electoral_districts,district_id × snapshot_id
2026-10-03T16:08:25.686Z,finance_source_tables:timestamp,pass,NA,finance_source_tables,horodatage et capture présents
2026-10-03T16:08:25.689Z,finance_source_tables:provenance,pass,NA,finance_source_tables,chaque source appartient au catalogue
2026-10-03T16:08:25.690Z,financial_document_index:timestamp,pass,NA,financial_document_index,horodatage et capture présents
2026-10-03T16:08:25.692Z,financial_document_index:provenance,pass,NA,financial_document_index,chaque source appartient au catalogue
2026-10-03T16:08:25.693Z,financial_source_cells:timestamp,pass,NA,financial_source_cells,horodatage et capture présents
2026-10-03T16:08:25.698Z,financial_source_cells:provenance,pass,NA,financial_source_cells,chaque source appartient au catalogue
2026-10-03T16:08:25.699Z,historical_candidate_results:timestamp,pass,NA,historical_candidate_results,horodatage et capture présents
2026-10-03T16:08:25.702Z,historical_candidate_results:provenance,pass,NA,historical_candidate_results,chaque source appartient au catalogue
2026-10-03T16:08:25.702Z,historical_candidate_results:votes,pass,NA,historical_candidate_results,comptage entier non négatif
2026-10-03T16:08:25.703Z,historical_district_results:timestamp,pass,NA,historical_district_results,horodatage et capture présents
2026-10-03T16:08:25.706Z,historical_district_results:provenance,pass,NA,historical_district_results,chaque source appartient au catalogue
2026-10-03T16:08:25.706Z,historical_district_results:registered,pass,NA,historical_district_results,comptage entier non négatif
2026-10-03T16:08:25.707Z,historical_district_results:valid_ballots,pass,NA,historical_district_results,comptage entier non négatif
2026-10-03T16:08:25.707Z,historical_district_results:rejected_ballots,pass,NA,historical_district_results,comptage entier non négatif
2026-10-03T16:08:25.708Z,historical_district_results:votes_cast,pass,NA,historical_district_results,comptage entier non négatif
2026-10-03T16:08:25.708Z,historical_district_results:polls_counted,pass,NA,historical_district_results,comptage entier non négatif
2026-10-03T16:08:25.708Z,historical_district_results:polls_total,pass,NA,historical_district_results,comptage entier non négatif
2026-10-03T16:08:25.713Z,historical_district_results:ballots,pass,NA,historical_district_results,0 non-concordances; valides + rejetés = exprimés quand applicable
2026-10-03T16:08:25.713Z,historical_district_results:turnout,pass,NA,historical_district_results,taux recalculé cohérent
2026-10-03T16:08:25.714Z,historical_party_results:timestamp,pass,NA,historical_party_results,horodatage et capture présents
2026-10-03T16:08:25.716Z,historical_party_results:provenance,pass,NA,historical_party_results,chaque source appartient au catalogue
2026-10-03T16:08:25.717Z,historical_party_results:votes,pass,NA,historical_party_results,comptage entier non négatif
2026-10-03T16:08:25.717Z,historical_turnout:timestamp,pass,NA,historical_turnout,horodatage et capture présents
2026-10-03T16:08:25.721Z,historical_turnout:provenance,pass,NA,historical_turnout,chaque source appartient au catalogue
2026-10-03T16:08:25.721Z,historical_turnout:registered,pass,NA,historical_turnout,comptage entier non négatif
2026-10-03T16:08:25.728Z,historical_turnout:valid_ballots,pass,NA,historical_turnout,comptage entier non négatif
2026-10-03T16:08:25.728Z,historical_turnout:rejected_ballots,pass,NA,historical_turnout,comptage entier non négatif
2026-10-03T16:08:25.728Z,historical_turnout:votes_cast,pass,NA,historical_turnout,comptage entier non négatif
2026-10-03T16:08:25.729Z,historical_turnout:polls_counted,pass,NA,historical_turnout,comptage entier non négatif
2026-10-03T16:08:25.729Z,historical_turnout:polls_total,pass,NA,historical_turnout,comptage entier non négatif
2026-10-03T16:08:25.734Z,historical_turnout:ballots,pass,NA,historical_turnout,0 non-concordances; valides + rejetés = exprimés quand applicable
2026-10-03T16:08:25.734Z,historical_turnout:turnout,pass,NA,historical_turnout,taux recalculé cohérent
2026-10-03T16:08:25.735Z,legacy_election_source_tables:timestamp,pass,NA,legacy_election_source_tables,horodatage et capture présents
2026-10-03T16:08:25.738Z,legacy_election_source_tables:provenance,pass,NA,legacy_election_source_tables,chaque source appartient au catalogue
2026-10-03T16:08:25.738Z,legacy_elections:timestamp,pass,NA,legacy_elections,horodatage et capture présents
2026-10-03T16:08:25.741Z,legacy_elections:provenance,pass,NA,legacy_elections,chaque source appartient au catalogue
2026-10-03T16:08:25.742Z,legacy_elections:registered,pass,NA,legacy_elections,comptage entier non négatif
2026-10-03T16:08:25.742Z,legacy_elections:valid_ballots,pass,NA,legacy_elections,comptage entier non négatif
2026-10-03T16:08:25.742Z,legacy_elections:rejected_ballots,pass,NA,legacy_elections,comptage entier non négatif
2026-10-03T16:08:25.742Z,legacy_elections:votes_cast,pass,NA,legacy_elections,comptage entier non négatif
2026-10-03T16:08:25.747Z,legacy_elections:ballots,warning,NA,legacy_elections,1 non-concordances; valides + rejetés = exprimés quand applicable
2026-10-03T16:08:25.752Z,legacy_elections:turnout,pass,NA,legacy_elections,taux recalculé cohérent
2026-10-03T16:08:25.752Z,legacy_historical_candidate_results:timestamp,pass,NA,legacy_historical_candidate_results,horodatage et capture présents
2026-10-03T16:08:25.756Z,legacy_historical_candidate_results:provenance,pass,NA,legacy_historical_candidate_results,chaque source appartient au catalogue
2026-10-03T16:08:25.756Z,legacy_historical_candidate_results:valid_ballots,pass,NA,legacy_historical_candidate_results,comptage entier non négatif
2026-10-03T16:08:25.756Z,legacy_historical_candidate_results:votes,pass,NA,legacy_historical_candidate_results,comptage entier non négatif
2026-10-03T16:08:25.757Z,legacy_historical_district_results:timestamp,pass,NA,legacy_historical_district_results,horodatage et capture présents
2026-10-03T16:08:25.760Z,legacy_historical_district_results:provenance,pass,NA,legacy_historical_district_results,chaque source appartient au catalogue
2026-10-03T16:08:25.760Z,legacy_historical_district_results:registered,pass,NA,legacy_historical_district_results,comptage entier non négatif
2026-10-03T16:08:25.761Z,legacy_historical_district_results:valid_ballots,pass,NA,legacy_historical_district_results,comptage entier non négatif
2026-10-03T16:08:25.761Z,legacy_historical_district_results:rejected_ballots,pass,NA,legacy_historical_district_results,comptage entier non négatif
2026-10-03T16:08:25.761Z,legacy_historical_district_results:votes_cast,pass,NA,legacy_historical_district_results,comptage entier non négatif
2026-10-03T16:08:25.766Z,legacy_historical_district_results:ballots,warning,NA,legacy_historical_district_results,1 non-concordances; valides + rejetés = exprimés quand applicable
2026-10-03T16:08:25.772Z,legacy_historical_district_results:turnout,pass,NA,legacy_historical_district_results,taux recalculé cohérent
2026-10-03T16:08:25.772Z,legacy_historical_party_results:timestamp,pass,NA,legacy_historical_party_results,horodatage et capture présents
2026-10-03T16:08:25.775Z,legacy_historical_party_results:provenance,pass,NA,legacy_historical_party_results,chaque source appartient au catalogue
2026-10-03T16:08:25.776Z,legacy_historical_party_results:votes,pass,NA,legacy_historical_party_results,comptage entier non négatif
2026-10-03T16:08:25.779Z,legacy_polling_division_results:timestamp,pass,NA,legacy_polling_division_results,horodatage et capture présents
2026-10-03T16:08:25.820Z,legacy_polling_division_results:provenance,pass,NA,legacy_polling_division_results,chaque source appartient au catalogue
2026-10-03T16:08:25.824Z,legacy_polling_division_results:votes,pass,NA,legacy_polling_division_results,comptage entier non négatif
2026-10-03T16:08:25.824Z,legacy_polling_units:timestamp,pass,NA,legacy_polling_units,horodatage et capture présents
2026-10-03T16:08:25.834Z,legacy_polling_units:provenance,pass,NA,legacy_polling_units,chaque source appartient au catalogue
2026-10-03T16:08:25.835Z,legacy_polling_units:registered,pass,NA,legacy_polling_units,comptage entier non négatif
2026-10-03T16:08:25.836Z,legacy_polling_units:valid_ballots,pass,NA,legacy_polling_units,comptage entier non négatif
2026-10-03T16:08:25.837Z,legacy_polling_units:rejected_ballots,pass,NA,legacy_polling_units,comptage entier non négatif
2026-10-03T16:08:25.838Z,legacy_polling_units:votes_cast,pass,NA,legacy_polling_units,comptage entier non négatif
2026-10-03T16:08:25.843Z,legacy_polling_units:ballots,pass,NA,legacy_polling_units,0 non-concordances; valides + rejetés = exprimés quand applicable
2026-10-03T16:08:25.844Z,parties:timestamp,pass,NA,parties,horodatage et capture présents
2026-10-03T16:08:25.847Z,parties:provenance,pass,NA,parties,chaque source appartient au catalogue
2026-10-03T16:08:25.847Z,party_authorization_history:timestamp,pass,NA,party_authorization_history,horodatage et capture présents
2026-10-03T16:08:25.860Z,party_authorization_history:provenance,pass,NA,party_authorization_history,chaque source appartient au catalogue
2026-10-03T16:08:25.861Z,party_balance_sheet:timestamp,pass,NA,party_balance_sheet,horodatage et capture présents
2026-10-03T16:08:25.863Z,party_balance_sheet:provenance,pass,NA,party_balance_sheet,chaque source appartient au catalogue
2026-10-03T16:08:25.864Z,party_cashflows:timestamp,pass,NA,party_cashflows,horodatage et capture présents
2026-10-03T16:08:25.867Z,party_cashflows:provenance,pass,NA,party_cashflows,chaque source appartient au catalogue
2026-10-03T16:08:25.867Z,party_finance_expenses:timestamp,pass,NA,party_finance_expenses,horodatage et capture présents
2026-10-03T16:08:25.870Z,party_finance_expenses:provenance,pass,NA,party_finance_expenses,chaque source appartient au catalogue
2026-10-03T16:08:25.870Z,party_finance_income:timestamp,pass,NA,party_finance_income,horodatage et capture présents
2026-10-03T16:08:25.873Z,party_finance_income:provenance,pass,NA,party_finance_income,chaque source appartient au catalogue
2026-10-03T16:08:25.874Z,party_finance_income_summary:timestamp,pass,NA,party_finance_income_summary,horodatage et capture présents
2026-10-03T16:08:25.876Z,party_finance_income_summary:provenance,pass,NA,party_finance_income_summary,chaque source appartient au catalogue
2026-10-03T16:08:25.877Z,party_finances_annual:timestamp,pass,NA,party_finances_annual,horodatage et capture présents
2026-10-03T16:08:25.879Z,party_finances_annual:provenance,pass,NA,party_finances_annual,chaque source appartient au catalogue
2026-10-03T16:08:25.880Z,party_officials:timestamp,pass,NA,party_officials,horodatage et capture présents
2026-10-03T16:08:25.883Z,party_officials:provenance,pass,NA,party_officials,chaque source appartient au catalogue
2026-10-03T16:08:25.883Z,party_public_funding:timestamp,pass,NA,party_public_funding,horodatage et capture présents
2026-10-03T16:08:25.896Z,party_public_funding:provenance,pass,NA,party_public_funding,chaque source appartient au catalogue
2026-10-03T16:08:25.897Z,political_contributions_aggregated:timestamp,pass,NA,political_contributions_aggregated,horodatage et capture présents
2026-10-03T16:08:25.900Z,political_contributions_aggregated:provenance,pass,NA,political_contributions_aggregated,chaque source appartient au catalogue
2026-10-03T16:08:25.900Z,political_contributions_city:timestamp,pass,NA,political_contributions_city,horodatage et capture présents
2026-10-03T16:08:25.904Z,political_contributions_city:provenance,pass,NA,political_contributions_city,chaque source appartient au catalogue
2026-10-03T16:08:25.905Z,polling_candidate_links:timestamp,pass,NA,polling_candidate_links,horodatage et capture présents
2026-10-03T16:08:25.907Z,polling_candidate_links:provenance,pass,NA,polling_candidate_links,chaque source appartient au catalogue
2026-10-03T16:08:25.912Z,polling_division_results:timestamp,pass,NA,polling_division_results,horodatage et capture présents
2026-10-03T16:08:25.962Z,polling_division_results:provenance,pass,NA,polling_division_results,chaque source appartient au catalogue
2026-10-03T16:08:26.550Z,polling_division_results:key,pass,NA,polling_division_results,polling_unit_id × candidate_id × snapshot_id
2026-10-03T16:08:26.554Z,polling_division_results:votes,pass,NA,polling_division_results,comptage entier non négatif
2026-10-03T16:08:26.555Z,polling_summary_fields:timestamp,pass,NA,polling_summary_fields,horodatage et capture présents
2026-10-03T16:08:26.560Z,polling_summary_fields:provenance,pass,NA,polling_summary_fields,chaque source appartient au catalogue
2026-10-03T16:08:26.561Z,polling_units:timestamp,pass,NA,polling_units,horodatage et capture présents
2026-10-03T16:08:26.570Z,polling_units:provenance,pass,NA,polling_units,chaque source appartient au catalogue
2026-10-03T16:08:26.616Z,polling_units:key,pass,NA,polling_units,polling_unit_id × snapshot_id
2026-10-03T16:08:26.618Z,polling_units:registered,pass,NA,polling_units,comptage entier non négatif
2026-10-03T16:08:26.619Z,polling_units:valid_ballots,pass,NA,polling_units,comptage entier non négatif
2026-10-03T16:08:26.620Z,polling_units:rejected_ballots,pass,NA,polling_units,comptage entier non négatif
2026-10-03T16:08:26.621Z,polling_units:votes_cast,pass,NA,polling_units,comptage entier non négatif
2026-10-03T16:08:26.626Z,polling_units:ballots,pass,NA,polling_units,0 non-concordances; valides + rejetés = exprimés quand applicable
2026-10-03T16:08:26.626Z,registered_electors:timestamp,pass,NA,registered_electors,horodatage et capture présents
2026-10-03T16:08:26.629Z,registered_electors:provenance,pass,NA,registered_electors,chaque source appartient au catalogue
2026-10-03T16:08:26.630Z,registered_electors:key,pass,NA,registered_electors,election_id × district_id × snapshot_id
2026-10-03T16:08:26.630Z,result_source_fields:timestamp,pass,NA,result_source_fields,horodatage et capture présents
2026-10-03T16:08:26.636Z,result_source_fields:provenance,pass,NA,result_source_fields,chaque source appartient au catalogue
2026-10-03T16:08:26.636Z,results_candidate:timestamp,pass,NA,results_candidate,horodatage et capture présents
2026-10-03T16:08:26.639Z,results_candidate:provenance,pass,NA,results_candidate,chaque source appartient au catalogue
2026-10-03T16:08:26.642Z,results_candidate:key,pass,NA,results_candidate,election_id × district_id × candidate_id × snapshot_id
2026-10-03T16:08:26.642Z,results_candidate:votes,pass,NA,results_candidate,comptage entier non négatif
2026-10-03T16:08:26.643Z,results_party:timestamp,pass,NA,results_party,horodatage et capture présents
2026-10-03T16:08:26.646Z,results_party:provenance,pass,NA,results_party,chaque source appartient au catalogue
2026-10-03T16:08:26.646Z,results_party:key,pass,NA,results_party,election_id × party_id × snapshot_id
2026-10-03T16:08:26.647Z,results_party:votes,pass,NA,results_party,comptage entier non négatif
2026-10-03T16:08:26.647Z,turnout:timestamp,pass,NA,turnout,horodatage et capture présents
2026-10-03T16:08:26.650Z,turnout:provenance,pass,NA,turnout,chaque source appartient au catalogue
2026-10-03T16:08:26.651Z,turnout:key,pass,NA,turnout,election_id × district_id × snapshot_id
2026-10-03T16:08:26.651Z,turnout:registered,pass,NA,turnout,comptage entier non négatif
2026-10-03T16:08:26.652Z,turnout:valid_ballots,pass,NA,turnout,comptage entier non négatif
2026-10-03T16:08:26.652Z,turnout:rejected_ballots,pass,NA,turnout,comptage entier non négatif
2026-10-03T16:08:26.652Z,turnout:votes_cast,pass,NA,turnout,comptage entier non négatif
2026-10-03T16:08:26.653Z,turnout:polls_counted,pass,NA,turnout,comptage entier non négatif
2026-10-03T16:08:26.653Z,turnout:polls_total,pass,NA,turnout,comptage entier non négatif
2026-10-03T16:08:26.658Z,turnout:ballots,pass,NA,turnout,0 non-concordances; valides + rejetés = exprimés quand applicable
2026-10-03T16:08:26.658Z,turnout:turnout,pass,NA,turnout,taux recalculé cohérent
2026-10-03T16:08:26.659Z,turnout_history:timestamp,pass,NA,turnout_history,horodatage et capture présents
2026-10-03T16:08:26.662Z,turnout_history:provenance,pass,NA,turnout_history,chaque source appartient au catalogue
2026-10-03T16:08:26.662Z,turnout_history:registered,pass,NA,turnout_history,comptage entier non négatif
2026-10-03T16:08:26.663Z,turnout_history:valid_ballots,pass,NA,turnout_history,comptage entier non négatif
2026-10-03T16:08:26.663Z,turnout_history:rejected_ballots,pass,NA,turnout_history,comptage entier non négatif
2026-10-03T16:08:26.664Z,turnout_history:votes_cast,pass,NA,turnout_history,comptage entier non négatif
2026-10-03T16:08:26.664Z,turnout_history:polls_counted,pass,NA,turnout_history,comptage entier non négatif
2026-10-03T16:08:26.664Z,turnout_history:polls_total,pass,NA,turnout_history,comptage entier non négatif
2026-10-03T16:08:26.669Z,turnout_history:ballots,pass,NA,turnout_history,0 non-concordances; valides + rejetés = exprimés quand applicable
2026-10-03T16:08:26.669Z,turnout_history:turnout,pass,NA,turnout_history,taux recalculé cohérent
2026-10-03T16:08:26.670Z,turnout_history_source:timestamp,pass,NA,turnout_history_source,horodatage et capture présents
2026-10-03T16:08:26.673Z,turnout_history_source:provenance,pass,NA,turnout_history_source,chaque source appartient au catalogue
2026-10-03T16:08:26.673Z,turnout_preliminary_2026:timestamp,pass,NA,turnout_preliminary_2026,horodatage et capture présents
2026-10-03T16:08:26.676Z,turnout_preliminary_2026:provenance,pass,NA,turnout_preliminary_2026,chaque source appartient au catalogue
2026-10-03T16:08:26.677Z,turnout_preliminary_2026:registered,pass,NA,turnout_preliminary_2026,comptage entier non négatif
2026-10-03T16:08:26.677Z,turnout_preliminary_2026:votes_cast,pass,NA,turnout_preliminary_2026,comptage entier non négatif
2026-10-03T16:08:26.684Z,candidate_vote_totals,pass,NA,results_candidate,sommes des candidats = bulletins valides finaux
2026-10-03T16:08:26.985Z,polling_vote_totals,pass,NA,polling_units,0 unités dont les votes ne concordent pas
2026-10-03T16:08:26.987Z,polling_links,warning,NA,polling_division_results,2612 appariements laissés non résolus
2026-10-03T16:08:27.283Z,legacy_polling_vote_totals,pass,NA,legacy_polling_units,0 unités historiques non réconciliées
2026-10-03T16:08:27.290Z,legacy_candidate_vote_totals,pass,NA,legacy_historical_candidate_results,sommes historiques concordent quand les comptages numériques sont fournis
2026-10-03T16:08:27.290Z,crosswalk_fractions,pass,NA,district_crosswalk_2017_2026,"fractions dans [0,1], tolérance numérique 1e-6"
2026-10-03T16:08:27.293Z,results_candidate:shares,pass,NA,results_candidate,parts recalculées concordantes
2026-10-03T16:08:27.295Z,historical_candidate_results:shares,pass,NA,historical_candidate_results,parts recalculées concordantes
2026-10-03T16:08:27.295Z,legacy_historical_candidate_results:shares,pass,NA,legacy_historical_candidate_results,parts recalculées concordantes
2026-10-03T16:08:27.296Z,calendar_dates,pass,NA,election_calendar_2026,dates de calendrier valides
2026-10-03T16:08:27.297Z,2026_candidates,pass,NA,candidates,Contrôle de référence daté : 908 au 3 octobre 2026; une rectification ultérieure doit être revue.
2026-10-03T16:08:27.297Z,2026_candidate_districts,pass,NA,candidates,127 circonscriptions officielles
2026-10-03T16:08:27.298Z,2026_map_count,pass,NA,electoral_districts,127 circonscriptions dans la liste officielle
2026-10-03T16:08:27.299Z,result_status,pass,NA,results_candidate,final uniquement selon source
2026-10-03T16:08:27.299Z,no_preliminary_elected,pass,NA,results_candidate,aucune élection annoncée sur la base d’un fichier préliminaire
2026-10-03T16:11:29.582Z,poll_schema,warning,src_0fb95c6f3b76,NA,member_461012013cdf8659.csv
2026-10-03T16:11:59.812Z,legacy_territory_label,warning,src_e1bd95cfcae7,NA,Libellé source ¿les-de-la-Madeleine relié à Îles-de-la-Madeleine par au moins deux triplets exacts nom-prénom-parti du même événement.
2026-10-03T16:12:00.302Z,legacy_territory_label,warning,src_e1bd95cfcae7,NA,Libellé source Mille-¿les relié à Mille-Îles par au moins deux triplets exacts nom-prénom-parti du même événement.
2026-10-03T16:12:01.932Z,legacy_territory_label,warning,src_97943df8aee2,NA,Libellé source ¿les-de-la-Madeleine relié à Îles-de-la-Madeleine par au moins deux triplets exacts nom-prénom-parti du même événement.
2026-10-03T16:12:02.481Z,legacy_territory_label,warning,src_97943df8aee2,NA,Libellé source Mille-¿les relié à Mille-Îles par au moins deux triplets exacts nom-prénom-parti du même événement.
2026-10-03T16:12:04.047Z,legacy_territory_label,warning,src_52c4ab07b017,NA,Libellé source ¿les-de-la-Madeleine relié à Îles-de-la-Madeleine par au moins deux triplets exacts nom-prénom-parti du même événement.
2026-10-03T16:12:04.594Z,legacy_territory_label,warning,src_52c4ab07b017,NA,Libellé source Mille-¿les relié à Mille-Îles par au moins deux triplets exacts nom-prénom-parti du même événement.
2026-10-03T16:12:06.224Z,legacy_territory_label,warning,src_ae53c8c7c088,NA,Libellé source ¿les-de-la-Madeleine relié à Îles-de-la-Madeleine par au moins deux triplets exacts nom-prénom-parti du même événement.
2026-10-03T16:12:06.739Z,legacy_territory_label,warning,src_ae53c8c7c088,NA,Libellé source Mille-¿les relié à Mille-Îles par au moins deux triplets exacts nom-prénom-parti du même événement.
2026-10-03T16:12:14.910Z,contribution_grain,info,src_54b914419613,NA,"Totaux annuels par personne et entité. Date de l’événement = campagne à la direction, pas date du versement. Aucune agrégation mensuelle construite."
2026-10-03T16:12:53.109Z,assnat_historical_source_tables:timestamp,pass,NA,assnat_historical_source_tables,horodatage et capture présents
2026-10-03T16:12:53.122Z,assnat_historical_source_tables:provenance,pass,NA,assnat_historical_source_tables,chaque source appartient au catalogue
2026-10-03T16:12:53.122Z,by_elections:timestamp,pass,NA,by_elections,horodatage et capture présents
2026-10-03T16:12:53.125Z,by_elections:provenance,pass,NA,by_elections,chaque source appartient au catalogue
2026-10-03T16:12:53.125Z,by_elections:registered,pass,NA,by_elections,comptage entier non négatif
2026-10-03T16:12:53.126Z,by_elections:valid_ballots,pass,NA,by_elections,comptage entier non négatif
2026-10-03T16:12:53.126Z,by_elections:rejected_ballots,pass,NA,by_elections,comptage entier non négatif
2026-10-03T16:12:53.127Z,by_elections:votes_cast,pass,NA,by_elections,comptage entier non négatif
2026-10-03T16:12:53.127Z,by_elections:polls_counted,pass,NA,by_elections,comptage entier non négatif
2026-10-03T16:12:53.127Z,by_elections:polls_total,pass,NA,by_elections,comptage entier non négatif
2026-10-03T16:12:53.133Z,by_elections:ballots,pass,NA,by_elections,0 non-concordances; valides + rejetés = exprimés quand applicable
2026-10-03T16:12:53.133Z,by_elections:turnout,pass,NA,by_elections,taux recalculé cohérent
2026-10-03T16:12:53.134Z,candidate_statistics:timestamp,pass,NA,candidate_statistics,horodatage et capture présents
2026-10-03T16:12:53.137Z,candidate_statistics:provenance,pass,NA,candidate_statistics,chaque source appartient au catalogue
2026-10-03T16:12:53.137Z,candidates:timestamp,pass,NA,candidates,horodatage et capture présents
2026-10-03T16:12:53.140Z,candidates:provenance,pass,NA,candidates,chaque source appartient au catalogue
2026-10-03T16:12:53.141Z,candidates:key,pass,NA,candidates,candidate_id × snapshot_id
2026-10-03T16:12:53.141Z,candidates_2012:timestamp,pass,NA,candidates_2012,horodatage et capture présents
2026-10-03T16:12:53.144Z,candidates_2012:provenance,pass,NA,candidates_2012,chaque source appartient au catalogue
2026-10-03T16:12:53.145Z,candidates_2012:key,pass,NA,candidates_2012,candidate_id × snapshot_id
2026-10-03T16:12:53.145Z,district_crosswalk_2017_2026:timestamp,pass,NA,district_crosswalk_2017_2026,horodatage et capture présents
2026-10-03T16:12:53.149Z,district_crosswalk_2017_2026:provenance,pass,NA,district_crosswalk_2017_2026,chaque source appartient au catalogue
2026-10-03T16:12:53.151Z,district_demographics:timestamp,pass,NA,district_demographics,horodatage et capture présents
2026-10-03T16:12:53.186Z,district_demographics:provenance,pass,NA,district_demographics,chaque source appartient au catalogue
2026-10-03T16:12:53.186Z,district_indicators:timestamp,pass,NA,district_indicators,horodatage et capture présents
2026-10-03T16:12:53.189Z,district_indicators:provenance,pass,NA,district_indicators,chaque source appartient au catalogue
2026-10-03T16:12:53.190Z,district_map_changes:timestamp,pass,NA,district_map_changes,horodatage et capture présents
2026-10-03T16:12:53.193Z,district_map_changes:provenance,pass,NA,district_map_changes,chaque source appartient au catalogue
2026-10-03T16:12:53.193Z,district_map_changes_spatial:timestamp,pass,NA,district_map_changes_spatial,horodatage et capture présents
2026-10-03T16:12:53.196Z,district_map_changes_spatial:provenance,pass,NA,district_map_changes_spatial,chaque source appartient au catalogue
2026-10-03T16:12:53.197Z,election_calendar_2026:timestamp,pass,NA,election_calendar_2026,horodatage et capture présents
2026-10-03T16:12:53.200Z,election_calendar_2026:provenance,pass,NA,election_calendar_2026,chaque source appartient au catalogue
2026-10-03T16:12:53.200Z,election_expense_limits:timestamp,pass,NA,election_expense_limits,horodatage et capture présents
2026-10-03T16:12:53.203Z,election_expense_limits:provenance,pass,NA,election_expense_limits,chaque source appartient au catalogue
2026-10-03T16:12:53.204Z,elections:timestamp,pass,NA,elections,horodatage et capture présents
2026-10-03T16:12:53.207Z,elections:provenance,pass,NA,elections,chaque source appartient au catalogue
2026-10-03T16:12:53.207Z,elections:key,pass,NA,elections,election_id × snapshot_id
2026-10-03T16:12:53.207Z,elections:registered,pass,NA,elections,comptage entier non négatif
2026-10-03T16:12:53.208Z,elections:valid_ballots,pass,NA,elections,comptage entier non négatif
2026-10-03T16:12:53.208Z,elections:rejected_ballots,pass,NA,elections,comptage entier non négatif
2026-10-03T16:12:53.209Z,elections:votes_cast,pass,NA,elections,comptage entier non négatif
2026-10-03T16:12:53.209Z,elections:polls_counted,pass,NA,elections,comptage entier non négatif
2026-10-03T16:12:53.209Z,elections:polls_total,pass,NA,elections,comptage entier non négatif
2026-10-03T16:12:53.214Z,elections:ballots,pass,NA,elections,0 non-concordances; valides + rejetés = exprimés quand applicable
2026-10-03T16:12:53.215Z,elections:turnout,pass,NA,elections,taux recalculé cohérent
2026-10-03T16:12:53.215Z,electoral_district_geometries:timestamp,pass,NA,electoral_district_geometries,horodatage et capture présents
2026-10-03T16:12:53.218Z,electoral_district_geometries:provenance,pass,NA,electoral_district_geometries,chaque source appartient au catalogue
2026-10-03T16:12:53.219Z,electoral_districts:timestamp,pass,NA,electoral_districts,horodatage et capture présents
2026-10-03T16:12:53.221Z,electoral_districts:provenance,pass,NA,electoral_districts,chaque source appartient au catalogue
2026-10-03T16:12:53.222Z,electoral_districts:key,pass,NA,electoral_districts,district_id × snapshot_id
2026-10-03T16:12:53.222Z,finance_source_tables:timestamp,pass,NA,finance_source_tables,horodatage et capture présents
2026-10-03T16:12:53.225Z,finance_source_tables:provenance,pass,NA,finance_source_tables,chaque source appartient au catalogue
2026-10-03T16:12:53.226Z,financial_document_index:timestamp,pass,NA,financial_document_index,horodatage et capture présents
2026-10-03T16:12:53.229Z,financial_document_index:provenance,pass,NA,financial_document_index,chaque source appartient au catalogue
2026-10-03T16:12:53.230Z,financial_source_cells:timestamp,pass,NA,financial_source_cells,horodatage et capture présents
2026-10-03T16:12:53.235Z,financial_source_cells:provenance,pass,NA,financial_source_cells,chaque source appartient au catalogue
2026-10-03T16:12:53.235Z,historical_candidate_results:timestamp,pass,NA,historical_candidate_results,horodatage et capture présents
2026-10-03T16:12:53.238Z,historical_candidate_results:provenance,pass,NA,historical_candidate_results,chaque source appartient au catalogue
2026-10-03T16:12:53.239Z,historical_candidate_results:votes,pass,NA,historical_candidate_results,comptage entier non négatif
2026-10-03T16:12:53.239Z,historical_district_results:timestamp,pass,NA,historical_district_results,horodatage et capture présents
2026-10-03T16:12:53.242Z,historical_district_results:provenance,pass,NA,historical_district_results,chaque source appartient au catalogue
2026-10-03T16:12:53.243Z,historical_district_results:registered,pass,NA,historical_district_results,comptage entier non négatif
2026-10-03T16:12:53.243Z,historical_district_results:valid_ballots,pass,NA,historical_district_results,comptage entier non négatif
2026-10-03T16:12:53.244Z,historical_district_results:rejected_ballots,pass,NA,historical_district_results,comptage entier non négatif
2026-10-03T16:12:53.244Z,historical_district_results:votes_cast,pass,NA,historical_district_results,comptage entier non négatif
2026-10-03T16:12:53.244Z,historical_district_results:polls_counted,pass,NA,historical_district_results,comptage entier non négatif
2026-10-03T16:12:53.245Z,historical_district_results:polls_total,pass,NA,historical_district_results,comptage entier non négatif
2026-10-03T16:12:53.250Z,historical_district_results:ballots,pass,NA,historical_district_results,0 non-concordances; valides + rejetés = exprimés quand applicable
2026-10-03T16:12:53.250Z,historical_district_results:turnout,pass,NA,historical_district_results,taux recalculé cohérent
2026-10-03T16:12:53.251Z,historical_party_results:timestamp,pass,NA,historical_party_results,horodatage et capture présents
2026-10-03T16:12:53.254Z,historical_party_results:provenance,pass,NA,historical_party_results,chaque source appartient au catalogue
2026-10-03T16:12:53.254Z,historical_party_results:votes,pass,NA,historical_party_results,comptage entier non négatif
2026-10-03T16:12:53.255Z,historical_turnout:timestamp,pass,NA,historical_turnout,horodatage et capture présents
2026-10-03T16:12:53.257Z,historical_turnout:provenance,pass,NA,historical_turnout,chaque source appartient au catalogue
2026-10-03T16:12:53.258Z,historical_turnout:registered,pass,NA,historical_turnout,comptage entier non négatif
2026-10-03T16:12:53.258Z,historical_turnout:valid_ballots,pass,NA,historical_turnout,comptage entier non négatif
2026-10-03T16:12:53.259Z,historical_turnout:rejected_ballots,pass,NA,historical_turnout,comptage entier non négatif
2026-10-03T16:12:53.259Z,historical_turnout:votes_cast,pass,NA,historical_turnout,comptage entier non négatif
2026-10-03T16:12:53.260Z,historical_turnout:polls_counted,pass,NA,historical_turnout,comptage entier non négatif
2026-10-03T16:12:53.260Z,historical_turnout:polls_total,pass,NA,historical_turnout,comptage entier non négatif
2026-10-03T16:12:53.265Z,historical_turnout:ballots,pass,NA,historical_turnout,0 non-concordances; valides + rejetés = exprimés quand applicable
2026-10-03T16:12:53.266Z,historical_turnout:turnout,pass,NA,historical_turnout,taux recalculé cohérent
2026-10-03T16:12:53.266Z,legacy_election_source_tables:timestamp,pass,NA,legacy_election_source_tables,horodatage et capture présents
2026-10-03T16:12:53.269Z,legacy_election_source_tables:provenance,pass,NA,legacy_election_source_tables,chaque source appartient au catalogue
2026-10-03T16:12:53.269Z,legacy_elections:timestamp,pass,NA,legacy_elections,horodatage et capture présents
2026-10-03T16:12:53.272Z,legacy_elections:provenance,pass,NA,legacy_elections,chaque source appartient au catalogue
2026-10-03T16:12:53.273Z,legacy_elections:registered,pass,NA,legacy_elections,comptage entier non négatif
2026-10-03T16:12:53.273Z,legacy_elections:valid_ballots,pass,NA,legacy_elections,comptage entier non négatif
2026-10-03T16:12:53.273Z,legacy_elections:rejected_ballots,pass,NA,legacy_elections,comptage entier non négatif
2026-10-03T16:12:53.274Z,legacy_elections:votes_cast,pass,NA,legacy_elections,comptage entier non négatif
2026-10-03T16:12:53.279Z,legacy_elections:ballots,warning,NA,legacy_elections,1 non-concordances; valides + rejetés = exprimés quand applicable
2026-10-03T16:12:53.281Z,legacy_elections:turnout,pass,NA,legacy_elections,taux recalculé cohérent
2026-10-03T16:12:53.282Z,legacy_historical_candidate_results:timestamp,pass,NA,legacy_historical_candidate_results,horodatage et capture présents
2026-10-03T16:12:53.285Z,legacy_historical_candidate_results:provenance,pass,NA,legacy_historical_candidate_results,chaque source appartient au catalogue
2026-10-03T16:12:53.286Z,legacy_historical_candidate_results:valid_ballots,pass,NA,legacy_historical_candidate_results,comptage entier non négatif
2026-10-03T16:12:53.286Z,legacy_historical_candidate_results:votes,pass,NA,legacy_historical_candidate_results,comptage entier non négatif
2026-10-03T16:12:53.286Z,legacy_historical_district_results:timestamp,pass,NA,legacy_historical_district_results,horodatage et capture présents
2026-10-03T16:12:53.290Z,legacy_historical_district_results:provenance,pass,NA,legacy_historical_district_results,chaque source appartient au catalogue
2026-10-03T16:12:53.290Z,legacy_historical_district_results:registered,pass,NA,legacy_historical_district_results,comptage entier non négatif
2026-10-03T16:12:53.290Z,legacy_historical_district_results:valid_ballots,pass,NA,legacy_historical_district_results,comptage entier non négatif
2026-10-03T16:12:53.291Z,legacy_historical_district_results:rejected_ballots,pass,NA,legacy_historical_district_results,comptage entier non négatif
2026-10-03T16:12:53.291Z,legacy_historical_district_results:votes_cast,pass,NA,legacy_historical_district_results,comptage entier non négatif
2026-10-03T16:12:53.297Z,legacy_historical_district_results:ballots,warning,NA,legacy_historical_district_results,1 non-concordances; valides + rejetés = exprimés quand applicable
2026-10-03T16:12:53.299Z,legacy_historical_district_results:turnout,pass,NA,legacy_historical_district_results,taux recalculé cohérent
2026-10-03T16:12:53.300Z,legacy_historical_party_results:timestamp,pass,NA,legacy_historical_party_results,horodatage et capture présents
2026-10-03T16:12:53.303Z,legacy_historical_party_results:provenance,pass,NA,legacy_historical_party_results,chaque source appartient au catalogue
2026-10-03T16:12:53.303Z,legacy_historical_party_results:votes,pass,NA,legacy_historical_party_results,comptage entier non négatif
2026-10-03T16:12:53.307Z,legacy_polling_division_results:timestamp,pass,NA,legacy_polling_division_results,horodatage et capture présents
2026-10-03T16:12:53.346Z,legacy_polling_division_results:provenance,pass,NA,legacy_polling_division_results,chaque source appartient au catalogue
2026-10-03T16:12:53.350Z,legacy_polling_division_results:votes,pass,NA,legacy_polling_division_results,comptage entier non négatif
2026-10-03T16:12:53.352Z,legacy_polling_units:timestamp,pass,NA,legacy_polling_units,horodatage et capture présents
2026-10-03T16:12:53.371Z,legacy_polling_units:provenance,pass,NA,legacy_polling_units,chaque source appartient au catalogue
2026-10-03T16:12:53.373Z,legacy_polling_units:registered,pass,NA,legacy_polling_units,comptage entier non négatif
2026-10-03T16:12:53.374Z,legacy_polling_units:valid_ballots,pass,NA,legacy_polling_units,comptage entier non négatif
2026-10-03T16:12:53.375Z,legacy_polling_units:rejected_ballots,pass,NA,legacy_polling_units,comptage entier non négatif
2026-10-03T16:12:53.376Z,legacy_polling_units:votes_cast,pass,NA,legacy_polling_units,comptage entier non négatif
2026-10-03T16:12:53.381Z,legacy_polling_units:ballots,pass,NA,legacy_polling_units,0 non-concordances; valides + rejetés = exprimés quand applicable
2026-10-03T16:12:53.382Z,parties:timestamp,pass,NA,parties,horodatage et capture présents
2026-10-03T16:12:53.384Z,parties:provenance,pass,NA,parties,chaque source appartient au catalogue
2026-10-03T16:12:53.385Z,party_authorization_history:timestamp,pass,NA,party_authorization_history,horodatage et capture présents
2026-10-03T16:12:53.388Z,party_authorization_history:provenance,pass,NA,party_authorization_history,chaque source appartient au catalogue
2026-10-03T16:12:53.388Z,party_balance_sheet:timestamp,pass,NA,party_balance_sheet,horodatage et capture présents
2026-10-03T16:12:53.391Z,party_balance_sheet:provenance,pass,NA,party_balance_sheet,chaque source appartient au catalogue
2026-10-03T16:12:53.392Z,party_cashflows:timestamp,pass,NA,party_cashflows,horodatage et capture présents
2026-10-03T16:12:53.395Z,party_cashflows:provenance,pass,NA,party_cashflows,chaque source appartient au catalogue
2026-10-03T16:12:53.395Z,party_finance_expenses:timestamp,pass,NA,party_finance_expenses,horodatage et capture présents
2026-10-03T16:12:53.398Z,party_finance_expenses:provenance,pass,NA,party_finance_expenses,chaque source appartient au catalogue
2026-10-03T16:12:53.399Z,party_finance_income:timestamp,pass,NA,party_finance_income,horodatage et capture présents
2026-10-03T16:12:53.402Z,party_finance_income:provenance,pass,NA,party_finance_income,chaque source appartient au catalogue
2026-10-03T16:12:53.402Z,party_finance_income_summary:timestamp,pass,NA,party_finance_income_summary,horodatage et capture présents
2026-10-03T16:12:53.405Z,party_finance_income_summary:provenance,pass,NA,party_finance_income_summary,chaque source appartient au catalogue
2026-10-03T16:12:53.405Z,party_finances_annual:timestamp,pass,NA,party_finances_annual,horodatage et capture présents
2026-10-03T16:12:53.408Z,party_finances_annual:provenance,pass,NA,party_finances_annual,chaque source appartient au catalogue
2026-10-03T16:12:53.409Z,party_officials:timestamp,pass,NA,party_officials,horodatage et capture présents
2026-10-03T16:12:53.412Z,party_officials:provenance,pass,NA,party_officials,chaque source appartient au catalogue
2026-10-03T16:12:53.412Z,party_public_funding:timestamp,pass,NA,party_public_funding,horodatage et capture présents
2026-10-03T16:12:53.415Z,party_public_funding:provenance,pass,NA,party_public_funding,chaque source appartient au catalogue
2026-10-03T16:12:53.416Z,political_contributions_aggregated:timestamp,pass,NA,political_contributions_aggregated,horodatage et capture présents
2026-10-03T16:12:53.419Z,political_contributions_aggregated:provenance,pass,NA,political_contributions_aggregated,chaque source appartient au catalogue
2026-10-03T16:12:53.419Z,political_contributions_city:timestamp,pass,NA,political_contributions_city,horodatage et capture présents
2026-10-03T16:12:53.422Z,political_contributions_city:provenance,pass,NA,political_contributions_city,chaque source appartient au catalogue
2026-10-03T16:12:53.423Z,polling_candidate_links:timestamp,pass,NA,polling_candidate_links,horodatage et capture présents
2026-10-03T16:12:53.426Z,polling_candidate_links:provenance,pass,NA,polling_candidate_links,chaque source appartient au catalogue
2026-10-03T16:12:53.431Z,polling_division_results:timestamp,pass,NA,polling_division_results,horodatage et capture présents
2026-10-03T16:12:53.481Z,polling_division_results:provenance,pass,NA,polling_division_results,chaque source appartient au catalogue
2026-10-03T16:12:54.150Z,polling_division_results:key,pass,NA,polling_division_results,polling_unit_id × candidate_id × snapshot_id
2026-10-03T16:12:54.155Z,polling_division_results:votes,pass,NA,polling_division_results,comptage entier non négatif
2026-10-03T16:12:54.155Z,polling_summary_fields:timestamp,pass,NA,polling_summary_fields,horodatage et capture présents
2026-10-03T16:12:54.160Z,polling_summary_fields:provenance,pass,NA,polling_summary_fields,chaque source appartient au catalogue
2026-10-03T16:12:54.161Z,polling_units:timestamp,pass,NA,polling_units,horodatage et capture présents
2026-10-03T16:12:54.171Z,polling_units:provenance,pass,NA,polling_units,chaque source appartient au catalogue
2026-10-03T16:12:54.203Z,polling_units:key,pass,NA,polling_units,polling_unit_id × snapshot_id
2026-10-03T16:12:54.205Z,polling_units:registered,pass,NA,polling_units,comptage entier non négatif
2026-10-03T16:12:54.205Z,polling_units:valid_ballots,pass,NA,polling_units,comptage entier non négatif
2026-10-03T16:12:54.206Z,polling_units:rejected_ballots,pass,NA,polling_units,comptage entier non négatif
2026-10-03T16:12:54.207Z,polling_units:votes_cast,pass,NA,polling_units,comptage entier non négatif
2026-10-03T16:12:54.213Z,polling_units:ballots,pass,NA,polling_units,0 non-concordances; valides + rejetés = exprimés quand applicable
2026-10-03T16:12:54.214Z,registered_electors:timestamp,pass,NA,registered_electors,horodatage et capture présents
2026-10-03T16:12:54.217Z,registered_electors:provenance,pass,NA,registered_electors,chaque source appartient au catalogue
2026-10-03T16:12:54.218Z,registered_electors:key,pass,NA,registered_electors,election_id × district_id × snapshot_id
2026-10-03T16:12:54.218Z,result_source_fields:timestamp,pass,NA,result_source_fields,horodatage et capture présents
2026-10-03T16:12:54.224Z,result_source_fields:provenance,pass,NA,result_source_fields,chaque source appartient au catalogue
2026-10-03T16:12:54.224Z,results_candidate:timestamp,pass,NA,results_candidate,horodatage et capture présents
2026-10-03T16:12:54.227Z,results_candidate:provenance,pass,NA,results_candidate,chaque source appartient au catalogue
2026-10-03T16:12:54.231Z,results_candidate:key,pass,NA,results_candidate,election_id × district_id × candidate_id × snapshot_id
2026-10-03T16:12:54.231Z,results_candidate:votes,pass,NA,results_candidate,comptage entier non négatif
2026-10-03T16:12:54.232Z,results_party:timestamp,pass,NA,results_party,horodatage et capture présents
2026-10-03T16:12:54.235Z,results_party:provenance,pass,NA,results_party,chaque source appartient au catalogue
2026-10-03T16:12:54.236Z,results_party:key,pass,NA,results_party,election_id × party_id × snapshot_id
2026-10-03T16:12:54.236Z,results_party:votes,pass,NA,results_party,comptage entier non négatif
2026-10-03T16:12:54.237Z,turnout:timestamp,pass,NA,turnout,horodatage et capture présents
2026-10-03T16:12:54.240Z,turnout:provenance,pass,NA,turnout,chaque source appartient au catalogue
2026-10-03T16:12:54.241Z,turnout:key,pass,NA,turnout,election_id × district_id × snapshot_id
2026-10-03T16:12:54.242Z,turnout:registered,pass,NA,turnout,comptage entier non négatif
2026-10-03T16:12:54.242Z,turnout:valid_ballots,pass,NA,turnout,comptage entier non négatif
2026-10-03T16:12:54.243Z,turnout:rejected_ballots,pass,NA,turnout,comptage entier non négatif
2026-10-03T16:12:54.243Z,turnout:votes_cast,pass,NA,turnout,comptage entier non négatif
2026-10-03T16:12:54.243Z,turnout:polls_counted,pass,NA,turnout,comptage entier non négatif
2026-10-03T16:12:54.244Z,turnout:polls_total,pass,NA,turnout,comptage entier non négatif
2026-10-03T16:12:54.249Z,turnout:ballots,pass,NA,turnout,0 non-concordances; valides + rejetés = exprimés quand applicable
2026-10-03T16:12:54.250Z,turnout:turnout,pass,NA,turnout,taux recalculé cohérent
2026-10-03T16:12:54.250Z,turnout_history:timestamp,pass,NA,turnout_history,horodatage et capture présents
2026-10-03T16:12:54.253Z,turnout_history:provenance,pass,NA,turnout_history,chaque source appartient au catalogue
2026-10-03T16:12:54.254Z,turnout_history:registered,pass,NA,turnout_history,comptage entier non négatif
2026-10-03T16:12:54.254Z,turnout_history:valid_ballots,pass,NA,turnout_history,comptage entier non négatif
2026-10-03T16:12:54.255Z,turnout_history:rejected_ballots,pass,NA,turnout_history,comptage entier non négatif
2026-10-03T16:12:54.255Z,turnout_history:votes_cast,pass,NA,turnout_history,comptage entier non négatif
2026-10-03T16:12:54.255Z,turnout_history:polls_counted,pass,NA,turnout_history,comptage entier non négatif
2026-10-03T16:12:54.256Z,turnout_history:polls_total,pass,NA,turnout_history,comptage entier non négatif
2026-10-03T16:12:54.260Z,turnout_history:ballots,pass,NA,turnout_history,0 non-concordances; valides + rejetés = exprimés quand applicable
2026-10-03T16:12:54.261Z,turnout_history:turnout,pass,NA,turnout_history,taux recalculé cohérent
2026-10-03T16:12:54.262Z,turnout_history_source:timestamp,pass,NA,turnout_history_source,horodatage et capture présents
2026-10-03T16:12:54.265Z,turnout_history_source:provenance,pass,NA,turnout_history_source,chaque source appartient au catalogue
2026-10-03T16:12:54.266Z,turnout_preliminary_2026:timestamp,pass,NA,turnout_preliminary_2026,horodatage et capture présents
2026-10-03T16:12:54.269Z,turnout_preliminary_2026:provenance,pass,NA,turnout_preliminary_2026,chaque source appartient au catalogue
2026-10-03T16:12:54.269Z,turnout_preliminary_2026:registered,pass,NA,turnout_preliminary_2026,comptage entier non négatif
2026-10-03T16:12:54.270Z,turnout_preliminary_2026:votes_cast,pass,NA,turnout_preliminary_2026,comptage entier non négatif
2026-10-03T16:12:54.274Z,candidate_vote_totals,pass,NA,results_candidate,sommes des candidats = bulletins valides finaux
2026-10-03T16:12:54.583Z,polling_vote_totals,pass,NA,polling_units,0 unités dont les votes ne concordent pas
2026-10-03T16:12:54.586Z,polling_links,warning,NA,polling_division_results,2612 appariements laissés non résolus
2026-10-03T16:12:54.900Z,legacy_polling_vote_totals,pass,NA,legacy_polling_units,0 unités historiques non réconciliées
2026-10-03T16:12:54.906Z,legacy_candidate_vote_totals,pass,NA,legacy_historical_candidate_results,sommes historiques concordent quand les comptages numériques sont fournis
2026-10-03T16:12:54.907Z,crosswalk_fractions,pass,NA,district_crosswalk_2017_2026,"fractions dans [0,1], tolérance numérique 1e-6"
2026-10-03T16:12:54.909Z,results_candidate:shares,pass,NA,results_candidate,parts recalculées concordantes
2026-10-03T16:12:54.912Z,historical_candidate_results:shares,pass,NA,historical_candidate_results,parts recalculées concordantes
2026-10-03T16:12:54.912Z,legacy_historical_candidate_results:shares,pass,NA,legacy_historical_candidate_results,parts recalculées concordantes
2026-10-03T16:12:54.913Z,calendar_dates,pass,NA,election_calendar_2026,dates de calendrier valides
2026-10-03T16:12:54.914Z,2026_candidates,pass,NA,candidates,Contrôle de référence daté : 908 au 3 octobre 2026; une rectification ultérieure doit être revue.
2026-10-03T16:12:54.914Z,2026_candidate_districts,pass,NA,candidates,127 circonscriptions officielles
2026-10-03T16:12:54.915Z,2026_map_count,pass,NA,electoral_districts,127 circonscriptions dans la liste officielle
2026-10-03T16:12:54.915Z,result_status,pass,NA,results_candidate,final uniquement selon source
2026-10-03T16:12:54.916Z,no_preliminary_elected,pass,NA,results_candidate,aucune élection annoncée sur la base d’un fichier préliminaire
2026-10-03T16:13:35.504Z,assnat_historical_source_tables:timestamp,pass,NA,assnat_historical_source_tables,horodatage et capture présents
2026-10-03T16:13:35.516Z,assnat_historical_source_tables:provenance,pass,NA,assnat_historical_source_tables,chaque source appartient au catalogue
2026-10-03T16:13:35.517Z,by_elections:timestamp,pass,NA,by_elections,horodatage et capture présents
2026-10-03T16:13:35.519Z,by_elections:provenance,pass,NA,by_elections,chaque source appartient au catalogue
2026-10-03T16:13:35.520Z,by_elections:registered,pass,NA,by_elections,comptage entier non négatif
2026-10-03T16:13:35.520Z,by_elections:valid_ballots,pass,NA,by_elections,comptage entier non négatif
2026-10-03T16:13:35.521Z,by_elections:rejected_ballots,pass,NA,by_elections,comptage entier non négatif
2026-10-03T16:13:35.521Z,by_elections:votes_cast,pass,NA,by_elections,comptage entier non négatif
2026-10-03T16:13:35.527Z,by_elections:polls_counted,pass,NA,by_elections,comptage entier non négatif
2026-10-03T16:13:35.527Z,by_elections:polls_total,pass,NA,by_elections,comptage entier non négatif
2026-10-03T16:13:35.532Z,by_elections:ballots,pass,NA,by_elections,0 non-concordances; valides + rejetés = exprimés quand applicable
2026-10-03T16:13:35.533Z,by_elections:turnout,pass,NA,by_elections,taux recalculé cohérent
2026-10-03T16:13:35.533Z,candidate_statistics:timestamp,pass,NA,candidate_statistics,horodatage et capture présents
2026-10-03T16:13:35.536Z,candidate_statistics:provenance,pass,NA,candidate_statistics,chaque source appartient au catalogue
2026-10-03T16:13:35.537Z,candidates:timestamp,pass,NA,candidates,horodatage et capture présents
2026-10-03T16:13:35.539Z,candidates:provenance,pass,NA,candidates,chaque source appartient au catalogue
2026-10-03T16:13:35.540Z,candidates:key,pass,NA,candidates,candidate_id × snapshot_id
2026-10-03T16:13:35.540Z,candidates_2012:timestamp,pass,NA,candidates_2012,horodatage et capture présents
2026-10-03T16:13:35.543Z,candidates_2012:provenance,pass,NA,candidates_2012,chaque source appartient au catalogue
2026-10-03T16:13:35.543Z,candidates_2012:key,pass,NA,candidates_2012,candidate_id × snapshot_id
2026-10-03T16:13:35.544Z,district_crosswalk_2017_2026:timestamp,pass,NA,district_crosswalk_2017_2026,horodatage et capture présents
2026-10-03T16:13:35.547Z,district_crosswalk_2017_2026:provenance,pass,NA,district_crosswalk_2017_2026,chaque source appartient au catalogue
2026-10-03T16:13:35.549Z,district_demographics:timestamp,pass,NA,district_demographics,horodatage et capture présents
2026-10-03T16:13:35.575Z,district_demographics:provenance,pass,NA,district_demographics,chaque source appartient au catalogue
2026-10-03T16:13:35.575Z,district_indicators:timestamp,pass,NA,district_indicators,horodatage et capture présents
2026-10-03T16:13:35.578Z,district_indicators:provenance,pass,NA,district_indicators,chaque source appartient au catalogue
2026-10-03T16:13:35.579Z,district_map_changes:timestamp,pass,NA,district_map_changes,horodatage et capture présents
2026-10-03T16:13:35.581Z,district_map_changes:provenance,pass,NA,district_map_changes,chaque source appartient au catalogue
2026-10-03T16:13:35.582Z,district_map_changes_spatial:timestamp,pass,NA,district_map_changes_spatial,horodatage et capture présents
2026-10-03T16:13:35.584Z,district_map_changes_spatial:provenance,pass,NA,district_map_changes_spatial,chaque source appartient au catalogue
2026-10-03T16:13:35.585Z,election_calendar_2026:timestamp,pass,NA,election_calendar_2026,horodatage et capture présents
2026-10-03T16:13:35.593Z,election_calendar_2026:provenance,pass,NA,election_calendar_2026,chaque source appartient au catalogue
2026-10-03T16:13:35.594Z,election_expense_limits:timestamp,pass,NA,election_expense_limits,horodatage et capture présents
2026-10-03T16:13:35.596Z,election_expense_limits:provenance,pass,NA,election_expense_limits,chaque source appartient au catalogue
2026-10-03T16:13:35.597Z,elections:timestamp,pass,NA,elections,horodatage et capture présents
2026-10-03T16:13:35.600Z,elections:provenance,pass,NA,elections,chaque source appartient au catalogue
2026-10-03T16:13:35.600Z,elections:key,pass,NA,elections,election_id × snapshot_id
2026-10-03T16:13:35.600Z,elections:registered,pass,NA,elections,comptage entier non négatif
2026-10-03T16:13:35.601Z,elections:valid_ballots,pass,NA,elections,comptage entier non négatif
2026-10-03T16:13:35.601Z,elections:rejected_ballots,pass,NA,elections,comptage entier non négatif
2026-10-03T16:13:35.601Z,elections:votes_cast,pass,NA,elections,comptage entier non négatif
2026-10-03T16:13:35.602Z,elections:polls_counted,pass,NA,elections,comptage entier non négatif
2026-10-03T16:13:35.602Z,elections:polls_total,pass,NA,elections,comptage entier non négatif
2026-10-03T16:13:35.606Z,elections:ballots,pass,NA,elections,0 non-concordances; valides + rejetés = exprimés quand applicable
2026-10-03T16:13:35.606Z,elections:turnout,pass,NA,elections,taux recalculé cohérent
2026-10-03T16:13:35.606Z,electoral_district_geometries:timestamp,pass,NA,electoral_district_geometries,horodatage et capture présents
2026-10-03T16:13:35.609Z,electoral_district_geometries:provenance,pass,NA,electoral_district_geometries,chaque source appartient au catalogue
2026-10-03T16:13:35.609Z,electoral_districts:timestamp,pass,NA,electoral_districts,horodatage et capture présents
2026-10-03T16:13:35.612Z,electoral_districts:provenance,pass,NA,electoral_districts,chaque source appartient au catalogue
2026-10-03T16:13:35.612Z,electoral_districts:key,pass,NA,electoral_districts,district_id × snapshot_id
2026-10-03T16:13:35.613Z,finance_source_tables:timestamp,pass,NA,finance_source_tables,horodatage et capture présents
2026-10-03T16:13:35.615Z,finance_source_tables:provenance,pass,NA,finance_source_tables,chaque source appartient au catalogue
2026-10-03T16:13:35.616Z,financial_document_index:timestamp,pass,NA,financial_document_index,horodatage et capture présents
2026-10-03T16:13:35.618Z,financial_document_index:provenance,pass,NA,financial_document_index,chaque source appartient au catalogue
2026-10-03T16:13:35.618Z,financial_source_cells:timestamp,pass,NA,financial_source_cells,horodatage et capture présents
2026-10-03T16:13:35.623Z,financial_source_cells:provenance,pass,NA,financial_source_cells,chaque source appartient au catalogue
2026-10-03T16:13:35.623Z,historical_candidate_results:timestamp,pass,NA,historical_candidate_results,horodatage et capture présents
2026-10-03T16:13:35.626Z,historical_candidate_results:provenance,pass,NA,historical_candidate_results,chaque source appartient au catalogue
2026-10-03T16:13:35.626Z,historical_candidate_results:votes,pass,NA,historical_candidate_results,comptage entier non négatif
2026-10-03T16:13:35.626Z,historical_district_results:timestamp,pass,NA,historical_district_results,horodatage et capture présents
2026-10-03T16:13:35.629Z,historical_district_results:provenance,pass,NA,historical_district_results,chaque source appartient au catalogue
2026-10-03T16:13:35.630Z,historical_district_results:registered,pass,NA,historical_district_results,comptage entier non négatif
2026-10-03T16:13:35.630Z,historical_district_results:valid_ballots,pass,NA,historical_district_results,comptage entier non négatif
2026-10-03T16:13:35.630Z,historical_district_results:rejected_ballots,pass,NA,historical_district_results,comptage entier non négatif
2026-10-03T16:13:35.631Z,historical_district_results:votes_cast,pass,NA,historical_district_results,comptage entier non négatif
2026-10-03T16:13:35.631Z,historical_district_results:polls_counted,pass,NA,historical_district_results,comptage entier non négatif
2026-10-03T16:13:35.631Z,historical_district_results:polls_total,pass,NA,historical_district_results,comptage entier non négatif
2026-10-03T16:13:35.635Z,historical_district_results:ballots,pass,NA,historical_district_results,0 non-concordances; valides + rejetés = exprimés quand applicable
2026-10-03T16:13:35.635Z,historical_district_results:turnout,pass,NA,historical_district_results,taux recalculé cohérent
2026-10-03T16:13:35.636Z,historical_party_results:timestamp,pass,NA,historical_party_results,horodatage et capture présents
2026-10-03T16:13:35.638Z,historical_party_results:provenance,pass,NA,historical_party_results,chaque source appartient au catalogue
2026-10-03T16:13:35.639Z,historical_party_results:votes,pass,NA,historical_party_results,comptage entier non négatif
2026-10-03T16:13:35.639Z,historical_turnout:timestamp,pass,NA,historical_turnout,horodatage et capture présents
2026-10-03T16:13:35.642Z,historical_turnout:provenance,pass,NA,historical_turnout,chaque source appartient au catalogue
2026-10-03T16:13:35.643Z,historical_turnout:registered,pass,NA,historical_turnout,comptage entier non négatif
2026-10-03T16:13:35.648Z,historical_turnout:valid_ballots,pass,NA,historical_turnout,comptage entier non négatif
2026-10-03T16:13:35.649Z,historical_turnout:rejected_ballots,pass,NA,historical_turnout,comptage entier non négatif
2026-10-03T16:13:35.649Z,historical_turnout:votes_cast,pass,NA,historical_turnout,comptage entier non négatif
2026-10-03T16:13:35.649Z,historical_turnout:polls_counted,pass,NA,historical_turnout,comptage entier non négatif
2026-10-03T16:13:35.650Z,historical_turnout:polls_total,pass,NA,historical_turnout,comptage entier non négatif
2026-10-03T16:13:35.653Z,historical_turnout:ballots,pass,NA,historical_turnout,0 non-concordances; valides + rejetés = exprimés quand applicable
2026-10-03T16:13:35.654Z,historical_turnout:turnout,pass,NA,historical_turnout,taux recalculé cohérent
2026-10-03T16:13:35.654Z,legacy_election_source_tables:timestamp,pass,NA,legacy_election_source_tables,horodatage et capture présents
2026-10-03T16:13:35.657Z,legacy_election_source_tables:provenance,pass,NA,legacy_election_source_tables,chaque source appartient au catalogue
2026-10-03T16:13:35.657Z,legacy_elections:timestamp,pass,NA,legacy_elections,horodatage et capture présents
2026-10-03T16:13:35.659Z,legacy_elections:provenance,pass,NA,legacy_elections,chaque source appartient au catalogue
2026-10-03T16:13:35.660Z,legacy_elections:registered,pass,NA,legacy_elections,comptage entier non négatif
2026-10-03T16:13:35.660Z,legacy_elections:valid_ballots,pass,NA,legacy_elections,comptage entier non négatif
2026-10-03T16:13:35.660Z,legacy_elections:rejected_ballots,pass,NA,legacy_elections,comptage entier non négatif
2026-10-03T16:13:35.661Z,legacy_elections:votes_cast,pass,NA,legacy_elections,comptage entier non négatif
2026-10-03T16:13:35.665Z,legacy_elections:ballots,warning,NA,legacy_elections,1 non-concordances; valides + rejetés = exprimés quand applicable
2026-10-03T16:13:35.669Z,legacy_elections:turnout,pass,NA,legacy_elections,taux recalculé cohérent
2026-10-03T16:13:35.670Z,legacy_historical_candidate_results:timestamp,pass,NA,legacy_historical_candidate_results,horodatage et capture présents
2026-10-03T16:13:35.673Z,legacy_historical_candidate_results:provenance,pass,NA,legacy_historical_candidate_results,chaque source appartient au catalogue
2026-10-03T16:13:35.673Z,legacy_historical_candidate_results:valid_ballots,pass,NA,legacy_historical_candidate_results,comptage entier non négatif
2026-10-03T16:13:35.673Z,legacy_historical_candidate_results:votes,pass,NA,legacy_historical_candidate_results,comptage entier non négatif
2026-10-03T16:13:35.674Z,legacy_historical_district_results:timestamp,pass,NA,legacy_historical_district_results,horodatage et capture présents
2026-10-03T16:13:35.677Z,legacy_historical_district_results:provenance,pass,NA,legacy_historical_district_results,chaque source appartient au catalogue
2026-10-03T16:13:35.677Z,legacy_historical_district_results:registered,pass,NA,legacy_historical_district_results,comptage entier non négatif
2026-10-03T16:13:35.678Z,legacy_historical_district_results:valid_ballots,pass,NA,legacy_historical_district_results,comptage entier non négatif
2026-10-03T16:13:35.678Z,legacy_historical_district_results:rejected_ballots,pass,NA,legacy_historical_district_results,comptage entier non négatif
2026-10-03T16:13:35.678Z,legacy_historical_district_results:votes_cast,pass,NA,legacy_historical_district_results,comptage entier non négatif
2026-10-03T16:13:35.682Z,legacy_historical_district_results:ballots,warning,NA,legacy_historical_district_results,1 non-concordances; valides + rejetés = exprimés quand applicable
2026-10-03T16:13:35.687Z,legacy_historical_district_results:turnout,pass,NA,legacy_historical_district_results,taux recalculé cohérent
2026-10-03T16:13:35.688Z,legacy_historical_party_results:timestamp,pass,NA,legacy_historical_party_results,horodatage et capture présents
2026-10-03T16:13:35.691Z,legacy_historical_party_results:provenance,pass,NA,legacy_historical_party_results,chaque source appartient au catalogue
2026-10-03T16:13:35.691Z,legacy_historical_party_results:votes,pass,NA,legacy_historical_party_results,comptage entier non négatif
2026-10-03T16:13:35.694Z,legacy_polling_division_results:timestamp,pass,NA,legacy_polling_division_results,horodatage et capture présents
2026-10-03T16:13:35.736Z,legacy_polling_division_results:provenance,pass,NA,legacy_polling_division_results,chaque source appartient au catalogue
2026-10-03T16:13:35.739Z,legacy_polling_division_results:votes,pass,NA,legacy_polling_division_results,comptage entier non négatif
2026-10-03T16:13:35.740Z,legacy_polling_units:timestamp,pass,NA,legacy_polling_units,horodatage et capture présents
2026-10-03T16:13:35.749Z,legacy_polling_units:provenance,pass,NA,legacy_polling_units,chaque source appartient au catalogue
2026-10-03T16:13:35.750Z,legacy_polling_units:registered,pass,NA,legacy_polling_units,comptage entier non négatif
2026-10-03T16:13:35.751Z,legacy_polling_units:valid_ballots,pass,NA,legacy_polling_units,comptage entier non négatif
2026-10-03T16:13:35.752Z,legacy_polling_units:rejected_ballots,pass,NA,legacy_polling_units,comptage entier non négatif
2026-10-03T16:13:35.753Z,legacy_polling_units:votes_cast,pass,NA,legacy_polling_units,comptage entier non négatif
2026-10-03T16:13:35.758Z,legacy_polling_units:ballots,pass,NA,legacy_polling_units,0 non-concordances; valides + rejetés = exprimés quand applicable
2026-10-03T16:13:35.758Z,parties:timestamp,pass,NA,parties,horodatage et capture présents
2026-10-03T16:13:35.761Z,parties:provenance,pass,NA,parties,chaque source appartient au catalogue
2026-10-03T16:13:35.761Z,party_authorization_history:timestamp,pass,NA,party_authorization_history,horodatage et capture présents
2026-10-03T16:13:35.774Z,party_authorization_history:provenance,pass,NA,party_authorization_history,chaque source appartient au catalogue
2026-10-03T16:13:35.774Z,party_balance_sheet:timestamp,pass,NA,party_balance_sheet,horodatage et capture présents
2026-10-03T16:13:35.777Z,party_balance_sheet:provenance,pass,NA,party_balance_sheet,chaque source appartient au catalogue
2026-10-03T16:13:35.777Z,party_cashflows:timestamp,pass,NA,party_cashflows,horodatage et capture présents
2026-10-03T16:13:35.780Z,party_cashflows:provenance,pass,NA,party_cashflows,chaque source appartient au catalogue
2026-10-03T16:13:35.780Z,party_finance_expenses:timestamp,pass,NA,party_finance_expenses,horodatage et capture présents
2026-10-03T16:13:35.783Z,party_finance_expenses:provenance,pass,NA,party_finance_expenses,chaque source appartient au catalogue
2026-10-03T16:13:35.783Z,party_finance_income:timestamp,pass,NA,party_finance_income,horodatage et capture présents
2026-10-03T16:13:35.786Z,party_finance_income:provenance,pass,NA,party_finance_income,chaque source appartient au catalogue
2026-10-03T16:13:35.786Z,party_finance_income_summary:timestamp,pass,NA,party_finance_income_summary,horodatage et capture présents
2026-10-03T16:13:35.789Z,party_finance_income_summary:provenance,pass,NA,party_finance_income_summary,chaque source appartient au catalogue
2026-10-03T16:13:35.789Z,party_finances_annual:timestamp,pass,NA,party_finances_annual,horodatage et capture présents
2026-10-03T16:13:35.791Z,party_finances_annual:provenance,pass,NA,party_finances_annual,chaque source appartient au catalogue
2026-10-03T16:13:35.792Z,party_officials:timestamp,pass,NA,party_officials,horodatage et capture présents
2026-10-03T16:13:35.794Z,party_officials:provenance,pass,NA,party_officials,chaque source appartient au catalogue
2026-10-03T16:13:35.795Z,party_public_funding:timestamp,pass,NA,party_public_funding,horodatage et capture présents
2026-10-03T16:13:35.807Z,party_public_funding:provenance,pass,NA,party_public_funding,chaque source appartient au catalogue
2026-10-03T16:13:35.807Z,political_contributions_aggregated:timestamp,pass,NA,political_contributions_aggregated,horodatage et capture présents
2026-10-03T16:13:35.809Z,political_contributions_aggregated:provenance,pass,NA,political_contributions_aggregated,chaque source appartient au catalogue
2026-10-03T16:13:35.810Z,political_contributions_city:timestamp,pass,NA,political_contributions_city,horodatage et capture présents
2026-10-03T16:13:35.813Z,political_contributions_city:provenance,pass,NA,political_contributions_city,chaque source appartient au catalogue
2026-10-03T16:13:35.814Z,polling_candidate_links:timestamp,pass,NA,polling_candidate_links,horodatage et capture présents
2026-10-03T16:13:35.816Z,polling_candidate_links:provenance,pass,NA,polling_candidate_links,chaque source appartient au catalogue
2026-10-03T16:13:35.820Z,polling_division_results:timestamp,pass,NA,polling_division_results,horodatage et capture présents
2026-10-03T16:13:35.870Z,polling_division_results:provenance,pass,NA,polling_division_results,chaque source appartient au catalogue
2026-10-03T16:13:36.428Z,polling_division_results:key,pass,NA,polling_division_results,polling_unit_id × candidate_id × snapshot_id
2026-10-03T16:13:36.432Z,polling_division_results:votes,pass,NA,polling_division_results,comptage entier non négatif
2026-10-03T16:13:36.433Z,polling_summary_fields:timestamp,pass,NA,polling_summary_fields,horodatage et capture présents
2026-10-03T16:13:36.438Z,polling_summary_fields:provenance,pass,NA,polling_summary_fields,chaque source appartient au catalogue
2026-10-03T16:13:36.438Z,polling_units:timestamp,pass,NA,polling_units,horodatage et capture présents
2026-10-03T16:13:36.448Z,polling_units:provenance,pass,NA,polling_units,chaque source appartient au catalogue
2026-10-03T16:13:36.491Z,polling_units:key,pass,NA,polling_units,polling_unit_id × snapshot_id
2026-10-03T16:13:36.492Z,polling_units:registered,pass,NA,polling_units,comptage entier non négatif
2026-10-03T16:13:36.493Z,polling_units:valid_ballots,pass,NA,polling_units,comptage entier non négatif
2026-10-03T16:13:36.494Z,polling_units:rejected_ballots,pass,NA,polling_units,comptage entier non négatif
2026-10-03T16:13:36.495Z,polling_units:votes_cast,pass,NA,polling_units,comptage entier non négatif
2026-10-03T16:13:36.500Z,polling_units:ballots,pass,NA,polling_units,0 non-concordances; valides + rejetés = exprimés quand applicable
2026-10-03T16:13:36.500Z,registered_electors:timestamp,pass,NA,registered_electors,horodatage et capture présents
2026-10-03T16:13:36.503Z,registered_electors:provenance,pass,NA,registered_electors,chaque source appartient au catalogue
2026-10-03T16:13:36.504Z,registered_electors:key,pass,NA,registered_electors,election_id × district_id × snapshot_id
2026-10-03T16:13:36.504Z,result_source_fields:timestamp,pass,NA,result_source_fields,horodatage et capture présents
2026-10-03T16:13:36.509Z,result_source_fields:provenance,pass,NA,result_source_fields,chaque source appartient au catalogue
2026-10-03T16:13:36.510Z,results_candidate:timestamp,pass,NA,results_candidate,horodatage et capture présents
2026-10-03T16:13:36.512Z,results_candidate:provenance,pass,NA,results_candidate,chaque source appartient au catalogue
2026-10-03T16:13:36.515Z,results_candidate:key,pass,NA,results_candidate,election_id × district_id × candidate_id × snapshot_id
2026-10-03T16:13:36.515Z,results_candidate:votes,pass,NA,results_candidate,comptage entier non négatif
2026-10-03T16:13:36.515Z,results_party:timestamp,pass,NA,results_party,horodatage et capture présents
2026-10-03T16:13:36.518Z,results_party:provenance,pass,NA,results_party,chaque source appartient au catalogue
2026-10-03T16:13:36.519Z,results_party:key,pass,NA,results_party,election_id × party_id × snapshot_id
2026-10-03T16:13:36.519Z,results_party:votes,pass,NA,results_party,comptage entier non négatif
2026-10-03T16:13:36.519Z,turnout:timestamp,pass,NA,turnout,horodatage et capture présents
2026-10-03T16:13:36.522Z,turnout:provenance,pass,NA,turnout,chaque source appartient au catalogue
2026-10-03T16:13:36.523Z,turnout:key,pass,NA,turnout,election_id × district_id × snapshot_id
2026-10-03T16:13:36.523Z,turnout:registered,pass,NA,turnout,comptage entier non négatif
2026-10-03T16:13:36.524Z,turnout:valid_ballots,pass,NA,turnout,comptage entier non négatif
2026-10-03T16:13:36.524Z,turnout:rejected_ballots,pass,NA,turnout,comptage entier non négatif
2026-10-03T16:13:36.524Z,turnout:votes_cast,pass,NA,turnout,comptage entier non négatif
2026-10-03T16:13:36.525Z,turnout:polls_counted,pass,NA,turnout,comptage entier non négatif
2026-10-03T16:13:36.525Z,turnout:polls_total,pass,NA,turnout,comptage entier non négatif
2026-10-03T16:13:36.529Z,turnout:ballots,pass,NA,turnout,0 non-concordances; valides + rejetés = exprimés quand applicable
2026-10-03T16:13:36.529Z,turnout:turnout,pass,NA,turnout,taux recalculé cohérent
2026-10-03T16:13:36.530Z,turnout_history:timestamp,pass,NA,turnout_history,horodatage et capture présents
2026-10-03T16:13:36.533Z,turnout_history:provenance,pass,NA,turnout_history,chaque source appartient au catalogue
2026-10-03T16:13:36.533Z,turnout_history:registered,pass,NA,turnout_history,comptage entier non négatif
2026-10-03T16:13:36.533Z,turnout_history:valid_ballots,pass,NA,turnout_history,comptage entier non négatif
2026-10-03T16:13:36.534Z,turnout_history:rejected_ballots,pass,NA,turnout_history,comptage entier non négatif
2026-10-03T16:13:36.534Z,turnout_history:votes_cast,pass,NA,turnout_history,comptage entier non négatif
2026-10-03T16:13:36.534Z,turnout_history:polls_counted,pass,NA,turnout_history,comptage entier non négatif
2026-10-03T16:13:36.535Z,turnout_history:polls_total,pass,NA,turnout_history,comptage entier non négatif
2026-10-03T16:13:36.538Z,turnout_history:ballots,pass,NA,turnout_history,0 non-concordances; valides + rejetés = exprimés quand applicable
2026-10-03T16:13:36.538Z,turnout_history:turnout,pass,NA,turnout_history,taux recalculé cohérent
2026-10-03T16:13:36.539Z,turnout_history_source:timestamp,pass,NA,turnout_history_source,horodatage et capture présents
2026-10-03T16:13:36.541Z,turnout_history_source:provenance,pass,NA,turnout_history_source,chaque source appartient au catalogue
2026-10-03T16:13:36.542Z,turnout_preliminary_2026:timestamp,pass,NA,turnout_preliminary_2026,horodatage et capture présents
2026-10-03T16:13:36.544Z,turnout_preliminary_2026:provenance,pass,NA,turnout_preliminary_2026,chaque source appartient au catalogue
2026-10-03T16:13:36.545Z,turnout_preliminary_2026:registered,pass,NA,turnout_preliminary_2026,comptage entier non négatif
2026-10-03T16:13:36.545Z,turnout_preliminary_2026:votes_cast,pass,NA,turnout_preliminary_2026,comptage entier non négatif
2026-10-03T16:13:36.551Z,candidate_vote_totals,pass,NA,results_candidate,sommes des candidats = bulletins valides finaux
2026-10-03T16:13:36.844Z,polling_vote_totals,pass,NA,polling_units,0 unités dont les votes ne concordent pas
2026-10-03T16:13:36.846Z,polling_links,warning,NA,polling_division_results,2612 appariements laissés non résolus
2026-10-03T16:13:37.136Z,legacy_polling_vote_totals,pass,NA,legacy_polling_units,0 unités historiques non réconciliées
2026-10-03T16:13:37.142Z,legacy_candidate_vote_totals,pass,NA,legacy_historical_candidate_results,sommes historiques concordent quand les comptages numériques sont fournis
2026-10-03T16:13:37.143Z,crosswalk_fractions,pass,NA,district_crosswalk_2017_2026,"fractions dans [0,1], tolérance numérique 1e-6"
2026-10-03T16:13:37.145Z,results_candidate:shares,pass,NA,results_candidate,parts recalculées concordantes
2026-10-03T16:13:37.147Z,historical_candidate_results:shares,pass,NA,historical_candidate_results,parts recalculées concordantes
2026-10-03T16:13:37.147Z,legacy_historical_candidate_results:shares,pass,NA,legacy_historical_candidate_results,parts recalculées concordantes
2026-10-03T16:13:37.148Z,calendar_dates,pass,NA,election_calendar_2026,dates de calendrier valides
2026-10-03T16:13:37.149Z,2026_candidates,pass,NA,candidates,Contrôle de référence daté : 908 au 3 octobre 2026; une rectification ultérieure doit être revue.
2026-10-03T16:13:37.149Z,2026_candidate_districts,pass,NA,candidates,127 circonscriptions officielles
2026-10-03T16:13:37.150Z,2026_map_count,pass,NA,electoral_districts,127 circonscriptions dans la liste officielle
2026-10-03T16:13:37.150Z,result_status,pass,NA,results_candidate,final uniquement selon source
2026-10-03T16:13:37.151Z,no_preliminary_elected,pass,NA,results_candidate,aucune élection annoncée sur la base d’un fichier préliminaire
2026-10-03T16:54:15.411Z,by_elections:timestamp,pass,NA,by_elections,horodatage et capture présents
2026-10-03T16:54:15.419Z,by_elections:provenance,pass,NA,by_elections,chaque source appartient au catalogue
2026-10-03T16:54:15.420Z,by_elections:registered,pass,NA,by_elections,comptage entier non négatif
2026-10-03T16:54:15.421Z,by_elections:valid_ballots,pass,NA,by_elections,comptage entier non négatif
2026-10-03T16:54:15.422Z,by_elections:rejected_ballots,pass,NA,by_elections,comptage entier non négatif
2026-10-03T16:54:15.424Z,by_elections:votes_cast,pass,NA,by_elections,comptage entier non négatif
2026-10-03T16:54:15.425Z,by_elections:polls_counted,pass,NA,by_elections,comptage entier non négatif
2026-10-03T16:54:15.426Z,by_elections:polls_total,pass,NA,by_elections,comptage entier non négatif
2026-10-03T16:54:15.436Z,by_elections:ballots,pass,NA,by_elections,0 non-concordances; valides + rejetés = exprimés quand applicable
2026-10-03T16:54:15.437Z,by_elections:turnout,pass,NA,by_elections,taux recalculé cohérent
2026-10-03T16:54:15.439Z,candidate_statistics:timestamp,pass,NA,candidate_statistics,horodatage et capture présents
2026-10-03T16:54:15.445Z,candidate_statistics:provenance,pass,NA,candidate_statistics,chaque source appartient au catalogue
2026-10-03T16:54:15.446Z,candidates:timestamp,pass,NA,candidates,horodatage et capture présents
2026-10-03T16:54:15.453Z,candidates:provenance,pass,NA,candidates,chaque source appartient au catalogue
2026-10-03T16:54:15.455Z,candidates:key,pass,NA,candidates,candidate_id × snapshot_id
2026-10-03T16:54:15.457Z,candidates_2012:timestamp,pass,NA,candidates_2012,horodatage et capture présents
2026-10-03T16:54:15.463Z,candidates_2012:provenance,pass,NA,candidates_2012,chaque source appartient au catalogue
2026-10-03T16:54:15.465Z,candidates_2012:key,pass,NA,candidates_2012,candidate_id × snapshot_id
2026-10-03T16:54:15.467Z,district_crosswalk_2017_2026:timestamp,pass,NA,district_crosswalk_2017_2026,horodatage et capture présents
2026-10-03T16:54:15.473Z,district_crosswalk_2017_2026:provenance,pass,NA,district_crosswalk_2017_2026,chaque source appartient au catalogue
2026-10-03T16:54:15.474Z,district_indicators:timestamp,pass,NA,district_indicators,horodatage et capture présents
2026-10-03T16:54:15.481Z,district_indicators:provenance,pass,NA,district_indicators,chaque source appartient au catalogue
2026-10-03T16:54:15.482Z,district_map_changes_spatial:timestamp,pass,NA,district_map_changes_spatial,horodatage et capture présents
2026-10-03T16:54:15.489Z,district_map_changes_spatial:provenance,pass,NA,district_map_changes_spatial,chaque source appartient au catalogue
2026-10-03T16:54:15.490Z,election_calendar_2026:timestamp,pass,NA,election_calendar_2026,horodatage et capture présents
2026-10-03T16:54:15.497Z,election_calendar_2026:provenance,pass,NA,election_calendar_2026,chaque source appartient au catalogue
2026-10-03T16:54:15.498Z,elections:timestamp,pass,NA,elections,horodatage et capture présents
2026-10-03T16:54:15.505Z,elections:provenance,pass,NA,elections,chaque source appartient au catalogue
2026-10-03T16:54:15.506Z,elections:key,pass,NA,elections,election_id × snapshot_id
2026-10-03T16:54:15.507Z,elections:registered,pass,NA,elections,comptage entier non négatif
2026-10-03T16:54:15.508Z,elections:valid_ballots,pass,NA,elections,comptage entier non négatif
2026-10-03T16:54:15.510Z,elections:rejected_ballots,pass,NA,elections,comptage entier non négatif
2026-10-03T16:54:15.511Z,elections:votes_cast,pass,NA,elections,comptage entier non négatif
2026-10-03T16:54:15.512Z,elections:polls_counted,pass,NA,elections,comptage entier non négatif
2026-10-03T16:54:15.513Z,elections:polls_total,pass,NA,elections,comptage entier non négatif
2026-10-03T16:54:15.524Z,elections:ballots,pass,NA,elections,0 non-concordances; valides + rejetés = exprimés quand applicable
2026-10-03T16:54:15.525Z,elections:turnout,pass,NA,elections,taux recalculé cohérent
2026-10-03T16:54:15.526Z,electoral_district_geometries:timestamp,pass,NA,electoral_district_geometries,horodatage et capture présents
2026-10-03T16:54:15.533Z,electoral_district_geometries:provenance,pass,NA,electoral_district_geometries,chaque source appartient au catalogue
2026-10-03T16:54:15.534Z,electoral_districts:timestamp,pass,NA,electoral_districts,horodatage et capture présents
2026-10-03T16:54:15.541Z,electoral_districts:provenance,pass,NA,electoral_districts,chaque source appartient au catalogue
2026-10-03T16:54:15.543Z,electoral_districts:key,pass,NA,electoral_districts,district_id × snapshot_id
2026-10-03T16:54:15.544Z,financial_document_index:timestamp,pass,NA,financial_document_index,horodatage et capture présents
2026-10-03T16:54:15.559Z,financial_document_index:provenance,pass,NA,financial_document_index,chaque source appartient au catalogue
2026-10-03T16:54:15.560Z,historical_candidate_results:timestamp,pass,NA,historical_candidate_results,horodatage et capture présents
2026-10-03T16:54:15.567Z,historical_candidate_results:provenance,pass,NA,historical_candidate_results,chaque source appartient au catalogue
2026-10-03T16:54:15.569Z,historical_candidate_results:votes,pass,NA,historical_candidate_results,comptage entier non négatif
2026-10-03T16:54:15.570Z,historical_district_results:timestamp,pass,NA,historical_district_results,horodatage et capture présents
2026-10-03T16:54:15.577Z,historical_district_results:provenance,pass,NA,historical_district_results,chaque source appartient au catalogue
2026-10-03T16:54:15.578Z,historical_district_results:registered,pass,NA,historical_district_results,comptage entier non négatif
2026-10-03T16:54:15.579Z,historical_district_results:valid_ballots,pass,NA,historical_district_results,comptage entier non négatif
2026-10-03T16:54:15.580Z,historical_district_results:rejected_ballots,pass,NA,historical_district_results,comptage entier non négatif
2026-10-03T16:54:15.581Z,historical_district_results:votes_cast,pass,NA,historical_district_results,comptage entier non négatif
2026-10-03T16:54:15.583Z,historical_district_results:polls_counted,pass,NA,historical_district_results,comptage entier non négatif
2026-10-03T16:54:15.584Z,historical_district_results:polls_total,pass,NA,historical_district_results,comptage entier non négatif
2026-10-03T16:54:15.594Z,historical_district_results:ballots,pass,NA,historical_district_results,0 non-concordances; valides + rejetés = exprimés quand applicable
2026-10-03T16:54:15.595Z,historical_district_results:turnout,pass,NA,historical_district_results,taux recalculé cohérent
2026-10-03T16:54:15.596Z,historical_party_results:timestamp,pass,NA,historical_party_results,horodatage et capture présents
2026-10-03T16:54:15.602Z,historical_party_results:provenance,pass,NA,historical_party_results,chaque source appartient au catalogue
2026-10-03T16:54:15.604Z,historical_party_results:votes,pass,NA,historical_party_results,comptage entier non négatif
2026-10-03T16:54:15.605Z,historical_turnout:timestamp,pass,NA,historical_turnout,horodatage et capture présents
2026-10-03T16:54:15.611Z,historical_turnout:provenance,pass,NA,historical_turnout,chaque source appartient au catalogue
2026-10-03T16:54:15.613Z,historical_turnout:registered,pass,NA,historical_turnout,comptage entier non négatif
2026-10-03T16:54:15.614Z,historical_turnout:valid_ballots,pass,NA,historical_turnout,comptage entier non négatif
2026-10-03T16:54:15.615Z,historical_turnout:rejected_ballots,pass,NA,historical_turnout,comptage entier non négatif
2026-10-03T16:54:15.617Z,historical_turnout:votes_cast,pass,NA,historical_turnout,comptage entier non négatif
2026-10-03T16:54:15.618Z,historical_turnout:polls_counted,pass,NA,historical_turnout,comptage entier non négatif
2026-10-03T16:54:15.619Z,historical_turnout:polls_total,pass,NA,historical_turnout,comptage entier non négatif
2026-10-03T16:54:15.629Z,historical_turnout:ballots,pass,NA,historical_turnout,0 non-concordances; valides + rejetés = exprimés quand applicable
2026-10-03T16:54:15.631Z,historical_turnout:turnout,pass,NA,historical_turnout,taux recalculé cohérent
2026-10-03T16:54:15.632Z,parties:timestamp,pass,NA,parties,horodatage et capture présents
2026-10-03T16:54:15.638Z,parties:provenance,pass,NA,parties,chaque source appartient au catalogue
2026-10-03T16:54:15.640Z,party_authorization_history:timestamp,pass,NA,party_authorization_history,horodatage et capture présents
2026-10-03T16:54:15.646Z,party_authorization_history:provenance,pass,NA,party_authorization_history,chaque source appartient au catalogue
2026-10-03T16:54:15.648Z,party_officials:timestamp,pass,NA,party_officials,horodatage et capture présents
2026-10-03T16:54:15.654Z,party_officials:provenance,pass,NA,party_officials,chaque source appartient au catalogue
2026-10-03T16:54:15.655Z,polling_candidate_links:timestamp,pass,NA,polling_candidate_links,horodatage et capture présents
2026-10-03T16:54:15.662Z,polling_candidate_links:provenance,pass,NA,polling_candidate_links,chaque source appartient au catalogue
2026-10-03T16:54:15.670Z,polling_division_results:timestamp,pass,NA,polling_division_results,horodatage et capture présents
2026-10-03T16:54:15.765Z,polling_division_results:provenance,pass,NA,polling_division_results,chaque source appartient au catalogue
2026-10-03T16:54:16.986Z,polling_division_results:key,pass,NA,polling_division_results,polling_unit_id × candidate_id × snapshot_id
2026-10-03T16:54:16.998Z,polling_division_results:votes,pass,NA,polling_division_results,comptage entier non négatif
2026-10-03T16:54:17.000Z,polling_summary_fields:timestamp,pass,NA,polling_summary_fields,horodatage et capture présents
2026-10-03T16:54:17.011Z,polling_summary_fields:provenance,pass,NA,polling_summary_fields,chaque source appartient au catalogue
2026-10-03T16:54:17.014Z,polling_units:timestamp,pass,NA,polling_units,horodatage et capture présents
2026-10-03T16:54:17.035Z,polling_units:provenance,pass,NA,polling_units,chaque source appartient au catalogue
2026-10-03T16:54:17.133Z,polling_units:key,pass,NA,polling_units,polling_unit_id × snapshot_id
2026-10-03T16:54:17.137Z,polling_units:registered,pass,NA,polling_units,comptage entier non négatif
2026-10-03T16:54:17.140Z,polling_units:valid_ballots,pass,NA,polling_units,comptage entier non négatif
2026-10-03T16:54:17.143Z,polling_units:rejected_ballots,pass,NA,polling_units,comptage entier non négatif
2026-10-03T16:54:17.147Z,polling_units:votes_cast,pass,NA,polling_units,comptage entier non négatif
2026-10-03T16:54:17.162Z,polling_units:ballots,pass,NA,polling_units,0 non-concordances; valides + rejetés = exprimés quand applicable
2026-10-03T16:54:17.164Z,registered_electors:timestamp,pass,NA,registered_electors,horodatage et capture présents
2026-10-03T16:54:17.171Z,registered_electors:provenance,pass,NA,registered_electors,chaque source appartient au catalogue
2026-10-03T16:54:17.173Z,registered_electors:key,pass,NA,registered_electors,election_id × district_id × snapshot_id
2026-10-03T16:54:17.176Z,result_source_fields:timestamp,pass,NA,result_source_fields,horodatage et capture présents
2026-10-03T16:54:17.187Z,result_source_fields:provenance,pass,NA,result_source_fields,chaque source appartient au catalogue
2026-10-03T16:54:17.189Z,results_candidate:timestamp,pass,NA,results_candidate,horodatage et capture présents
2026-10-03T16:54:17.197Z,results_candidate:provenance,pass,NA,results_candidate,chaque source appartient au catalogue
2026-10-03T16:54:17.222Z,results_candidate:key,pass,NA,results_candidate,election_id × district_id × candidate_id × snapshot_id
2026-10-03T16:54:17.224Z,results_candidate:votes,pass,NA,results_candidate,comptage entier non négatif
2026-10-03T16:54:17.225Z,results_party:timestamp,pass,NA,results_party,horodatage et capture présents
2026-10-03T16:54:17.232Z,results_party:provenance,pass,NA,results_party,chaque source appartient au catalogue
2026-10-03T16:54:17.234Z,results_party:key,pass,NA,results_party,election_id × party_id × snapshot_id
2026-10-03T16:54:17.235Z,results_party:votes,pass,NA,results_party,comptage entier non négatif
2026-10-03T16:54:17.236Z,turnout:timestamp,pass,NA,turnout,horodatage et capture présents
2026-10-03T16:54:17.243Z,turnout:provenance,pass,NA,turnout,chaque source appartient au catalogue
2026-10-03T16:54:17.245Z,turnout:key,pass,NA,turnout,election_id × district_id × snapshot_id
2026-10-03T16:54:17.246Z,turnout:registered,pass,NA,turnout,comptage entier non négatif
2026-10-03T16:54:17.247Z,turnout:valid_ballots,pass,NA,turnout,comptage entier non négatif
2026-10-03T16:54:17.248Z,turnout:rejected_ballots,pass,NA,turnout,comptage entier non négatif
2026-10-03T16:54:17.250Z,turnout:votes_cast,pass,NA,turnout,comptage entier non négatif
2026-10-03T16:54:17.251Z,turnout:polls_counted,pass,NA,turnout,comptage entier non négatif
2026-10-03T16:54:17.252Z,turnout:polls_total,pass,NA,turnout,comptage entier non négatif
2026-10-03T16:54:17.262Z,turnout:ballots,pass,NA,turnout,0 non-concordances; valides + rejetés = exprimés quand applicable
2026-10-03T16:54:17.263Z,turnout:turnout,pass,NA,turnout,taux recalculé cohérent
2026-10-03T16:54:17.265Z,turnout_history:timestamp,pass,NA,turnout_history,horodatage et capture présents
2026-10-03T16:54:17.271Z,turnout_history:provenance,pass,NA,turnout_history,chaque source appartient au catalogue
2026-10-03T16:54:17.273Z,turnout_history:registered,pass,NA,turnout_history,comptage entier non négatif
2026-10-03T16:54:17.274Z,turnout_history:valid_ballots,pass,NA,turnout_history,comptage entier non négatif
2026-10-03T16:54:17.275Z,turnout_history:rejected_ballots,pass,NA,turnout_history,comptage entier non négatif
2026-10-03T16:54:17.276Z,turnout_history:votes_cast,pass,NA,turnout_history,comptage entier non négatif
2026-10-03T16:54:17.277Z,turnout_history:polls_counted,pass,NA,turnout_history,comptage entier non négatif
2026-10-03T16:54:17.279Z,turnout_history:polls_total,pass,NA,turnout_history,comptage entier non négatif
2026-10-03T16:54:17.288Z,turnout_history:ballots,pass,NA,turnout_history,0 non-concordances; valides + rejetés = exprimés quand applicable
2026-10-03T16:54:17.290Z,turnout_history:turnout,pass,NA,turnout_history,taux recalculé cohérent
2026-10-03T16:54:17.291Z,turnout_preliminary_2026:timestamp,pass,NA,turnout_preliminary_2026,horodatage et capture présents
2026-10-03T16:54:17.297Z,turnout_preliminary_2026:provenance,pass,NA,turnout_preliminary_2026,chaque source appartient au catalogue
2026-10-03T16:54:17.299Z,turnout_preliminary_2026:registered,pass,NA,turnout_preliminary_2026,comptage entier non négatif
2026-10-03T16:54:17.300Z,turnout_preliminary_2026:votes_cast,pass,NA,turnout_preliminary_2026,comptage entier non négatif
2026-10-03T16:54:17.311Z,candidate_vote_totals,pass,NA,results_candidate,sommes des candidats = bulletins valides finaux
2026-10-03T16:54:18.029Z,polling_vote_totals,pass,NA,polling_units,0 unités dont les votes ne concordent pas
2026-10-03T16:54:18.032Z,polling_links,warning,NA,polling_division_results,2612 appariements laissés non résolus
2026-10-03T16:54:18.036Z,crosswalk_fractions,pass,NA,district_crosswalk_2017_2026,"fractions dans [0,1], tolérance numérique 1e-6"
2026-10-03T16:54:18.042Z,results_candidate:shares,pass,NA,results_candidate,parts recalculées concordantes
2026-10-03T16:54:18.048Z,historical_candidate_results:shares,pass,NA,historical_candidate_results,parts recalculées concordantes
2026-10-03T16:54:18.050Z,calendar_dates,pass,NA,election_calendar_2026,dates de calendrier valides
2026-10-03T16:54:18.052Z,2026_candidates,pass,NA,candidates,Contrôle de référence daté : 908 au 3 octobre 2026; une rectification ultérieure doit être revue.
2026-10-03T16:54:18.054Z,2026_candidate_districts,pass,NA,candidates,127 circonscriptions officielles
2026-10-03T16:54:18.056Z,2026_map_count,pass,NA,electoral_districts,127 circonscriptions dans la liste officielle
2026-10-03T16:54:18.057Z,result_status,pass,NA,results_candidate,final uniquement selon source
2026-10-03T16:54:18.059Z,no_preliminary_elected,pass,NA,results_candidate,aucune élection annoncée sur la base d’un fichier préliminaire
2026-10-03T16:54:30.666Z,by_elections:timestamp,pass,NA,by_elections,horodatage et capture présents
2026-10-03T16:54:30.675Z,by_elections:provenance,pass,NA,by_elections,chaque source appartient au catalogue
2026-10-03T16:54:30.677Z,by_elections:registered,pass,NA,by_elections,comptage entier non négatif
2026-10-03T16:54:30.678Z,by_elections:valid_ballots,pass,NA,by_elections,comptage entier non négatif
2026-10-03T16:54:30.679Z,by_elections:rejected_ballots,pass,NA,by_elections,comptage entier non négatif
2026-10-03T16:54:30.681Z,by_elections:votes_cast,pass,NA,by_elections,comptage entier non négatif
2026-10-03T16:54:30.682Z,by_elections:polls_counted,pass,NA,by_elections,comptage entier non négatif
2026-10-03T16:54:30.683Z,by_elections:polls_total,pass,NA,by_elections,comptage entier non négatif
2026-10-03T16:54:30.695Z,by_elections:ballots,pass,NA,by_elections,0 non-concordances; valides + rejetés = exprimés quand applicable
2026-10-03T16:54:30.697Z,by_elections:turnout,pass,NA,by_elections,taux recalculé cohérent
2026-10-03T16:54:30.698Z,candidate_statistics:timestamp,pass,NA,candidate_statistics,horodatage et capture présents
2026-10-03T16:54:30.706Z,candidate_statistics:provenance,pass,NA,candidate_statistics,chaque source appartient au catalogue
2026-10-03T16:54:30.707Z,candidates:timestamp,pass,NA,candidates,horodatage et capture présents
2026-10-03T16:54:30.714Z,candidates:provenance,pass,NA,candidates,chaque source appartient au catalogue
2026-10-03T16:54:30.716Z,candidates:key,pass,NA,candidates,candidate_id × snapshot_id
2026-10-03T16:54:30.718Z,candidates_2012:timestamp,pass,NA,candidates_2012,horodatage et capture présents
2026-10-03T16:54:30.724Z,candidates_2012:provenance,pass,NA,candidates_2012,chaque source appartient au catalogue
2026-10-03T16:54:30.726Z,candidates_2012:key,pass,NA,candidates_2012,candidate_id × snapshot_id
2026-10-03T16:54:30.728Z,district_crosswalk_2017_2026:timestamp,pass,NA,district_crosswalk_2017_2026,horodatage et capture présents
2026-10-03T16:54:30.734Z,district_crosswalk_2017_2026:provenance,pass,NA,district_crosswalk_2017_2026,chaque source appartient au catalogue
2026-10-03T16:54:30.736Z,district_indicators:timestamp,pass,NA,district_indicators,horodatage et capture présents
2026-10-03T16:54:30.742Z,district_indicators:provenance,pass,NA,district_indicators,chaque source appartient au catalogue
2026-10-03T16:54:30.743Z,district_map_changes_spatial:timestamp,pass,NA,district_map_changes_spatial,horodatage et capture présents
2026-10-03T16:54:30.750Z,district_map_changes_spatial:provenance,pass,NA,district_map_changes_spatial,chaque source appartient au catalogue
2026-10-03T16:54:30.751Z,election_calendar_2026:timestamp,pass,NA,election_calendar_2026,horodatage et capture présents
2026-10-03T16:54:30.757Z,election_calendar_2026:provenance,pass,NA,election_calendar_2026,chaque source appartient au catalogue
2026-10-03T16:54:30.759Z,elections:timestamp,pass,NA,elections,horodatage et capture présents
2026-10-03T16:54:30.765Z,elections:provenance,pass,NA,elections,chaque source appartient au catalogue
2026-10-03T16:54:30.767Z,elections:key,pass,NA,elections,election_id × snapshot_id
2026-10-03T16:54:30.768Z,elections:registered,pass,NA,elections,comptage entier non négatif
2026-10-03T16:54:30.769Z,elections:valid_ballots,pass,NA,elections,comptage entier non négatif
2026-10-03T16:54:30.770Z,elections:rejected_ballots,pass,NA,elections,comptage entier non négatif
2026-10-03T16:54:30.772Z,elections:votes_cast,pass,NA,elections,comptage entier non négatif
2026-10-03T16:54:30.773Z,elections:polls_counted,pass,NA,elections,comptage entier non négatif
2026-10-03T16:54:30.774Z,elections:polls_total,pass,NA,elections,comptage entier non négatif
2026-10-03T16:54:30.784Z,elections:ballots,pass,NA,elections,0 non-concordances; valides + rejetés = exprimés quand applicable
2026-10-03T16:54:30.786Z,elections:turnout,pass,NA,elections,taux recalculé cohérent
2026-10-03T16:54:30.787Z,electoral_district_geometries:timestamp,pass,NA,electoral_district_geometries,horodatage et capture présents
2026-10-03T16:54:30.793Z,electoral_district_geometries:provenance,pass,NA,electoral_district_geometries,chaque source appartient au catalogue
2026-10-03T16:54:30.795Z,electoral_districts:timestamp,pass,NA,electoral_districts,horodatage et capture présents
2026-10-03T16:54:30.801Z,electoral_districts:provenance,pass,NA,electoral_districts,chaque source appartient au catalogue
2026-10-03T16:54:30.803Z,electoral_districts:key,pass,NA,electoral_districts,district_id × snapshot_id
2026-10-03T16:54:30.804Z,financial_document_index:timestamp,pass,NA,financial_document_index,horodatage et capture présents
2026-10-03T16:54:30.811Z,financial_document_index:provenance,pass,NA,financial_document_index,chaque source appartient au catalogue
2026-10-03T16:54:30.812Z,historical_candidate_results:timestamp,pass,NA,historical_candidate_results,horodatage et capture présents
2026-10-03T16:54:30.819Z,historical_candidate_results:provenance,pass,NA,historical_candidate_results,chaque source appartient au catalogue
2026-10-03T16:54:30.821Z,historical_candidate_results:votes,pass,NA,historical_candidate_results,comptage entier non négatif
2026-10-03T16:54:30.822Z,historical_district_results:timestamp,pass,NA,historical_district_results,horodatage et capture présents
2026-10-03T16:54:30.828Z,historical_district_results:provenance,pass,NA,historical_district_results,chaque source appartient au catalogue
2026-10-03T16:54:30.830Z,historical_district_results:registered,pass,NA,historical_district_results,comptage entier non négatif
2026-10-03T16:54:30.831Z,historical_district_results:valid_ballots,pass,NA,historical_district_results,comptage entier non négatif
2026-10-03T16:54:30.832Z,historical_district_results:rejected_ballots,pass,NA,historical_district_results,comptage entier non négatif
2026-10-03T16:54:30.833Z,historical_district_results:votes_cast,pass,NA,historical_district_results,comptage entier non négatif
2026-10-03T16:54:30.835Z,historical_district_results:polls_counted,pass,NA,historical_district_results,comptage entier non négatif
2026-10-03T16:54:30.836Z,historical_district_results:polls_total,pass,NA,historical_district_results,comptage entier non négatif
2026-10-03T16:54:30.846Z,historical_district_results:ballots,pass,NA,historical_district_results,0 non-concordances; valides + rejetés = exprimés quand applicable
2026-10-03T16:54:30.855Z,historical_district_results:turnout,pass,NA,historical_district_results,taux recalculé cohérent
2026-10-03T16:54:30.857Z,historical_party_results:timestamp,pass,NA,historical_party_results,horodatage et capture présents
2026-10-03T16:54:30.864Z,historical_party_results:provenance,pass,NA,historical_party_results,chaque source appartient au catalogue
2026-10-03T16:54:30.865Z,historical_party_results:votes,pass,NA,historical_party_results,comptage entier non négatif
2026-10-03T16:54:30.866Z,historical_turnout:timestamp,pass,NA,historical_turnout,horodatage et capture présents
2026-10-03T16:54:30.873Z,historical_turnout:provenance,pass,NA,historical_turnout,chaque source appartient au catalogue
2026-10-03T16:54:30.874Z,historical_turnout:registered,pass,NA,historical_turnout,comptage entier non négatif
2026-10-03T16:54:30.876Z,historical_turnout:valid_ballots,pass,NA,historical_turnout,comptage entier non négatif
2026-10-03T16:54:30.877Z,historical_turnout:rejected_ballots,pass,NA,historical_turnout,comptage entier non négatif
2026-10-03T16:54:30.878Z,historical_turnout:votes_cast,pass,NA,historical_turnout,comptage entier non négatif
2026-10-03T16:54:30.879Z,historical_turnout:polls_counted,pass,NA,historical_turnout,comptage entier non négatif
2026-10-03T16:54:30.880Z,historical_turnout:polls_total,pass,NA,historical_turnout,comptage entier non négatif
2026-10-03T16:54:30.891Z,historical_turnout:ballots,pass,NA,historical_turnout,0 non-concordances; valides + rejetés = exprimés quand applicable
2026-10-03T16:54:30.892Z,historical_turnout:turnout,pass,NA,historical_turnout,taux recalculé cohérent
2026-10-03T16:54:30.893Z,parties:timestamp,pass,NA,parties,horodatage et capture présents
2026-10-03T16:54:30.900Z,parties:provenance,pass,NA,parties,chaque source appartient au catalogue
2026-10-03T16:54:30.901Z,party_authorization_history:timestamp,pass,NA,party_authorization_history,horodatage et capture présents
2026-10-03T16:54:30.907Z,party_authorization_history:provenance,pass,NA,party_authorization_history,chaque source appartient au catalogue
2026-10-03T16:54:30.909Z,party_officials:timestamp,pass,NA,party_officials,horodatage et capture présents
2026-10-03T16:54:30.915Z,party_officials:provenance,pass,NA,party_officials,chaque source appartient au catalogue
2026-10-03T16:54:30.917Z,polling_candidate_links:timestamp,pass,NA,polling_candidate_links,horodatage et capture présents
2026-10-03T16:54:30.923Z,polling_candidate_links:provenance,pass,NA,polling_candidate_links,chaque source appartient au catalogue
2026-10-03T16:54:30.930Z,polling_division_results:timestamp,pass,NA,polling_division_results,horodatage et capture présents
2026-10-03T16:54:31.020Z,polling_division_results:provenance,pass,NA,polling_division_results,chaque source appartient au catalogue
2026-10-03T16:54:32.022Z,polling_division_results:key,pass,NA,polling_division_results,polling_unit_id × candidate_id × snapshot_id
2026-10-03T16:54:32.035Z,polling_division_results:votes,pass,NA,polling_division_results,comptage entier non négatif
2026-10-03T16:54:32.036Z,polling_summary_fields:timestamp,pass,NA,polling_summary_fields,horodatage et capture présents
2026-10-03T16:54:32.046Z,polling_summary_fields:provenance,pass,NA,polling_summary_fields,chaque source appartient au catalogue
2026-10-03T16:54:32.050Z,polling_units:timestamp,pass,NA,polling_units,horodatage et capture présents
2026-10-03T16:54:32.070Z,polling_units:provenance,pass,NA,polling_units,chaque source appartient au catalogue
2026-10-03T16:54:32.201Z,polling_units:key,pass,NA,polling_units,polling_unit_id × snapshot_id
2026-10-03T16:54:32.203Z,polling_units:registered,pass,NA,polling_units,comptage entier non négatif
2026-10-03T16:54:32.206Z,polling_units:valid_ballots,pass,NA,polling_units,comptage entier non négatif
2026-10-03T16:54:32.208Z,polling_units:rejected_ballots,pass,NA,polling_units,comptage entier non négatif
2026-10-03T16:54:32.210Z,polling_units:votes_cast,pass,NA,polling_units,comptage entier non négatif
2026-10-03T16:54:32.409Z,polling_units:ballots,pass,NA,polling_units,0 non-concordances; valides + rejetés = exprimés quand applicable
2026-10-03T16:54:32.411Z,registered_electors:timestamp,pass,NA,registered_electors,horodatage et capture présents
2026-10-03T16:54:32.419Z,registered_electors:provenance,pass,NA,registered_electors,chaque source appartient au catalogue
2026-10-03T16:54:32.420Z,registered_electors:key,pass,NA,registered_electors,election_id × district_id × snapshot_id
2026-10-03T16:54:32.422Z,result_source_fields:timestamp,pass,NA,result_source_fields,horodatage et capture présents
2026-10-03T16:54:32.432Z,result_source_fields:provenance,pass,NA,result_source_fields,chaque source appartient au catalogue
2026-10-03T16:54:32.433Z,results_candidate:timestamp,pass,NA,results_candidate,horodatage et capture présents
2026-10-03T16:54:32.440Z,results_candidate:provenance,pass,NA,results_candidate,chaque source appartient au catalogue
2026-10-03T16:54:32.446Z,results_candidate:key,pass,NA,results_candidate,election_id × district_id × candidate_id × snapshot_id
2026-10-03T16:54:32.447Z,results_candidate:votes,pass,NA,results_candidate,comptage entier non négatif
2026-10-03T16:54:32.449Z,results_party:timestamp,pass,NA,results_party,horodatage et capture présents
2026-10-03T16:54:32.455Z,results_party:provenance,pass,NA,results_party,chaque source appartient au catalogue
2026-10-03T16:54:32.457Z,results_party:key,pass,NA,results_party,election_id × party_id × snapshot_id
2026-10-03T16:54:32.458Z,results_party:votes,pass,NA,results_party,comptage entier non négatif
2026-10-03T16:54:32.459Z,turnout:timestamp,pass,NA,turnout,horodatage et capture présents
2026-10-03T16:54:32.466Z,turnout:provenance,pass,NA,turnout,chaque source appartient au catalogue
2026-10-03T16:54:32.468Z,turnout:key,pass,NA,turnout,election_id × district_id × snapshot_id
2026-10-03T16:54:32.469Z,turnout:registered,pass,NA,turnout,comptage entier non négatif
2026-10-03T16:54:32.470Z,turnout:valid_ballots,pass,NA,turnout,comptage entier non négatif
2026-10-03T16:54:32.471Z,turnout:rejected_ballots,pass,NA,turnout,comptage entier non négatif
2026-10-03T16:54:32.473Z,turnout:votes_cast,pass,NA,turnout,comptage entier non négatif
2026-10-03T16:54:32.474Z,turnout:polls_counted,pass,NA,turnout,comptage entier non négatif
2026-10-03T16:54:32.475Z,turnout:polls_total,pass,NA,turnout,comptage entier non négatif
2026-10-03T16:54:32.485Z,turnout:ballots,pass,NA,turnout,0 non-concordances; valides + rejetés = exprimés quand applicable
2026-10-03T16:54:32.486Z,turnout:turnout,pass,NA,turnout,taux recalculé cohérent
2026-10-03T16:54:32.488Z,turnout_history:timestamp,pass,NA,turnout_history,horodatage et capture présents
2026-10-03T16:54:32.494Z,turnout_history:provenance,pass,NA,turnout_history,chaque source appartient au catalogue
2026-10-03T16:54:32.495Z,turnout_history:registered,pass,NA,turnout_history,comptage entier non négatif
2026-10-03T16:54:32.497Z,turnout_history:valid_ballots,pass,NA,turnout_history,comptage entier non négatif
2026-10-03T16:54:32.498Z,turnout_history:rejected_ballots,pass,NA,turnout_history,comptage entier non négatif
2026-10-03T16:54:32.499Z,turnout_history:votes_cast,pass,NA,turnout_history,comptage entier non négatif
2026-10-03T16:54:32.500Z,turnout_history:polls_counted,pass,NA,turnout_history,comptage entier non négatif
2026-10-03T16:54:32.501Z,turnout_history:polls_total,pass,NA,turnout_history,comptage entier non négatif
2026-10-03T16:54:32.511Z,turnout_history:ballots,pass,NA,turnout_history,0 non-concordances; valides + rejetés = exprimés quand applicable
2026-10-03T16:54:32.513Z,turnout_history:turnout,pass,NA,turnout_history,taux recalculé cohérent
2026-10-03T16:54:32.514Z,turnout_preliminary_2026:timestamp,pass,NA,turnout_preliminary_2026,horodatage et capture présents
2026-10-03T16:54:32.520Z,turnout_preliminary_2026:provenance,pass,NA,turnout_preliminary_2026,chaque source appartient au catalogue
2026-10-03T16:54:32.522Z,turnout_preliminary_2026:registered,pass,NA,turnout_preliminary_2026,comptage entier non négatif
2026-10-03T16:54:32.523Z,turnout_preliminary_2026:votes_cast,pass,NA,turnout_preliminary_2026,comptage entier non négatif
2026-10-03T16:54:32.539Z,candidate_vote_totals,pass,NA,results_candidate,sommes des candidats = bulletins valides finaux
2026-10-03T16:54:33.429Z,polling_vote_totals,pass,NA,polling_units,0 unités dont les votes ne concordent pas
2026-10-03T16:54:33.432Z,polling_links,warning,NA,polling_division_results,2612 appariements laissés non résolus
2026-10-03T16:54:33.436Z,crosswalk_fractions,pass,NA,district_crosswalk_2017_2026,"fractions dans [0,1], tolérance numérique 1e-6"
2026-10-03T16:54:33.445Z,results_candidate:shares,pass,NA,results_candidate,parts recalculées concordantes
2026-10-03T16:54:33.450Z,historical_candidate_results:shares,pass,NA,historical_candidate_results,parts recalculées concordantes
2026-10-03T16:54:33.451Z,calendar_dates,pass,NA,election_calendar_2026,dates de calendrier valides
2026-10-03T16:54:33.454Z,2026_candidates,pass,NA,candidates,Contrôle de référence daté : 908 au 3 octobre 2026; une rectification ultérieure doit être revue.
2026-10-03T16:54:33.456Z,2026_candidate_districts,pass,NA,candidates,127 circonscriptions officielles
2026-10-03T16:54:33.458Z,2026_map_count,pass,NA,electoral_districts,127 circonscriptions dans la liste officielle
2026-10-03T16:54:33.460Z,result_status,pass,NA,results_candidate,final uniquement selon source
2026-10-03T16:54:33.461Z,no_preliminary_elected,pass,NA,results_candidate,aucune élection annoncée sur la base d’un fichier préliminaire
2026-10-04T14:08:55.964Z,by_elections:timestamp,pass,NA,by_elections,horodatage et capture présents
2026-10-04T14:08:55.972Z,by_elections:provenance,pass,NA,by_elections,chaque source appartient au catalogue
2026-10-04T14:08:55.973Z,by_elections:registered,pass,NA,by_elections,comptage entier non négatif
2026-10-04T14:08:55.974Z,by_elections:valid_ballots,pass,NA,by_elections,comptage entier non négatif
2026-10-04T14:08:55.975Z,by_elections:rejected_ballots,pass,NA,by_elections,comptage entier non négatif
2026-10-04T14:08:55.977Z,by_elections:votes_cast,pass,NA,by_elections,comptage entier non négatif
2026-10-04T14:08:55.978Z,by_elections:polls_counted,pass,NA,by_elections,comptage entier non négatif
2026-10-04T14:08:55.979Z,by_elections:polls_total,pass,NA,by_elections,comptage entier non négatif
2026-10-04T14:08:55.989Z,by_elections:ballots,pass,NA,by_elections,0 non-concordances; valides + rejetés = exprimés quand applicable
2026-10-04T14:08:55.990Z,by_elections:turnout,pass,NA,by_elections,taux recalculé cohérent
2026-10-04T14:08:55.991Z,candidate_statistics:timestamp,pass,NA,candidate_statistics,horodatage et capture présents
2026-10-04T14:08:55.998Z,candidate_statistics:provenance,pass,NA,candidate_statistics,chaque source appartient au catalogue
2026-10-04T14:08:55.999Z,candidates:timestamp,pass,NA,candidates,horodatage et capture présents
2026-10-04T14:08:56.005Z,candidates:provenance,pass,NA,candidates,chaque source appartient au catalogue
2026-10-04T14:08:56.008Z,candidates:key,pass,NA,candidates,candidate_id × snapshot_id
2026-10-04T14:08:56.010Z,candidates_2012:timestamp,pass,NA,candidates_2012,horodatage et capture présents
2026-10-04T14:08:56.016Z,candidates_2012:provenance,pass,NA,candidates_2012,chaque source appartient au catalogue
2026-10-04T14:08:56.018Z,candidates_2012:key,pass,NA,candidates_2012,candidate_id × snapshot_id
2026-10-04T14:08:56.019Z,district_crosswalk_2017_2026:timestamp,pass,NA,district_crosswalk_2017_2026,horodatage et capture présents
2026-10-04T14:08:56.026Z,district_crosswalk_2017_2026:provenance,pass,NA,district_crosswalk_2017_2026,chaque source appartient au catalogue
2026-10-04T14:08:56.027Z,district_indicators:timestamp,pass,NA,district_indicators,horodatage et capture présents
2026-10-04T14:08:56.033Z,district_indicators:provenance,pass,NA,district_indicators,chaque source appartient au catalogue
2026-10-04T14:08:56.035Z,district_map_changes_spatial:timestamp,pass,NA,district_map_changes_spatial,horodatage et capture présents
2026-10-04T14:08:56.041Z,district_map_changes_spatial:provenance,pass,NA,district_map_changes_spatial,chaque source appartient au catalogue
2026-10-04T14:08:56.042Z,election_calendar_2026:timestamp,pass,NA,election_calendar_2026,horodatage et capture présents
2026-10-04T14:08:56.049Z,election_calendar_2026:provenance,pass,NA,election_calendar_2026,chaque source appartient au catalogue
2026-10-04T14:08:56.050Z,elections:timestamp,pass,NA,elections,horodatage et capture présents
2026-10-04T14:08:56.056Z,elections:provenance,pass,NA,elections,chaque source appartient au catalogue
2026-10-04T14:08:56.057Z,elections:key,pass,NA,elections,election_id × snapshot_id
2026-10-04T14:08:56.059Z,elections:registered,pass,NA,elections,comptage entier non négatif
2026-10-04T14:08:56.060Z,elections:valid_ballots,pass,NA,elections,comptage entier non négatif
2026-10-04T14:08:56.061Z,elections:rejected_ballots,pass,NA,elections,comptage entier non négatif
2026-10-04T14:08:56.062Z,elections:votes_cast,pass,NA,elections,comptage entier non négatif
2026-10-04T14:08:56.063Z,elections:polls_counted,pass,NA,elections,comptage entier non négatif
2026-10-04T14:08:56.065Z,elections:polls_total,pass,NA,elections,comptage entier non négatif
2026-10-04T14:08:56.074Z,elections:ballots,pass,NA,elections,0 non-concordances; valides + rejetés = exprimés quand applicable
2026-10-04T14:08:56.076Z,elections:turnout,pass,NA,elections,taux recalculé cohérent
2026-10-04T14:08:56.077Z,electoral_district_geometries:timestamp,pass,NA,electoral_district_geometries,horodatage et capture présents
2026-10-04T14:08:56.083Z,electoral_district_geometries:provenance,pass,NA,electoral_district_geometries,chaque source appartient au catalogue
2026-10-04T14:08:56.085Z,electoral_districts:timestamp,pass,NA,electoral_districts,horodatage et capture présents
2026-10-04T14:08:56.091Z,electoral_districts:provenance,pass,NA,electoral_districts,chaque source appartient au catalogue
2026-10-04T14:08:56.093Z,electoral_districts:key,pass,NA,electoral_districts,district_id × snapshot_id
2026-10-04T14:08:56.094Z,financial_document_index:timestamp,pass,NA,financial_document_index,horodatage et capture présents
2026-10-04T14:08:56.101Z,financial_document_index:provenance,pass,NA,financial_document_index,chaque source appartient au catalogue
2026-10-04T14:08:56.102Z,historical_candidate_results:timestamp,pass,NA,historical_candidate_results,horodatage et capture présents
2026-10-04T14:08:56.109Z,historical_candidate_results:provenance,pass,NA,historical_candidate_results,chaque source appartient au catalogue
2026-10-04T14:08:56.118Z,historical_candidate_results:votes,pass,NA,historical_candidate_results,comptage entier non négatif
2026-10-04T14:08:56.120Z,historical_district_results:timestamp,pass,NA,historical_district_results,horodatage et capture présents
2026-10-04T14:08:56.126Z,historical_district_results:provenance,pass,NA,historical_district_results,chaque source appartient au catalogue
2026-10-04T14:08:56.128Z,historical_district_results:registered,pass,NA,historical_district_results,comptage entier non négatif
2026-10-04T14:08:56.129Z,historical_district_results:valid_ballots,pass,NA,historical_district_results,comptage entier non négatif
2026-10-04T14:08:56.130Z,historical_district_results:rejected_ballots,pass,NA,historical_district_results,comptage entier non négatif
2026-10-04T14:08:56.131Z,historical_district_results:votes_cast,pass,NA,historical_district_results,comptage entier non négatif
2026-10-04T14:08:56.132Z,historical_district_results:polls_counted,pass,NA,historical_district_results,comptage entier non négatif
2026-10-04T14:08:56.134Z,historical_district_results:polls_total,pass,NA,historical_district_results,comptage entier non négatif
2026-10-04T14:08:56.143Z,historical_district_results:ballots,pass,NA,historical_district_results,0 non-concordances; valides + rejetés = exprimés quand applicable
2026-10-04T14:08:56.145Z,historical_district_results:turnout,pass,NA,historical_district_results,taux recalculé cohérent
2026-10-04T14:08:56.146Z,historical_party_results:timestamp,pass,NA,historical_party_results,horodatage et capture présents
2026-10-04T14:08:56.152Z,historical_party_results:provenance,pass,NA,historical_party_results,chaque source appartient au catalogue
2026-10-04T14:08:56.154Z,historical_party_results:votes,pass,NA,historical_party_results,comptage entier non négatif
2026-10-04T14:08:56.155Z,historical_turnout:timestamp,pass,NA,historical_turnout,horodatage et capture présents
2026-10-04T14:08:56.161Z,historical_turnout:provenance,pass,NA,historical_turnout,chaque source appartient au catalogue
2026-10-04T14:08:56.162Z,historical_turnout:registered,pass,NA,historical_turnout,comptage entier non négatif
2026-10-04T14:08:56.164Z,historical_turnout:valid_ballots,pass,NA,historical_turnout,comptage entier non négatif
2026-10-04T14:08:56.165Z,historical_turnout:rejected_ballots,pass,NA,historical_turnout,comptage entier non négatif
2026-10-04T14:08:56.166Z,historical_turnout:votes_cast,pass,NA,historical_turnout,comptage entier non négatif
2026-10-04T14:08:56.167Z,historical_turnout:polls_counted,pass,NA,historical_turnout,comptage entier non négatif
2026-10-04T14:08:56.169Z,historical_turnout:polls_total,pass,NA,historical_turnout,comptage entier non négatif
2026-10-04T14:08:56.179Z,historical_turnout:ballots,pass,NA,historical_turnout,0 non-concordances; valides + rejetés = exprimés quand applicable
2026-10-04T14:08:56.180Z,historical_turnout:turnout,pass,NA,historical_turnout,taux recalculé cohérent
2026-10-04T14:08:56.182Z,parties:timestamp,pass,NA,parties,horodatage et capture présents
2026-10-04T14:08:56.188Z,parties:provenance,pass,NA,parties,chaque source appartient au catalogue
2026-10-04T14:08:56.189Z,party_authorization_history:timestamp,pass,NA,party_authorization_history,horodatage et capture présents
2026-10-04T14:08:56.196Z,party_authorization_history:provenance,pass,NA,party_authorization_history,chaque source appartient au catalogue
2026-10-04T14:08:56.197Z,party_officials:timestamp,pass,NA,party_officials,horodatage et capture présents
2026-10-04T14:08:56.204Z,party_officials:provenance,pass,NA,party_officials,chaque source appartient au catalogue
2026-10-04T14:08:56.205Z,polling_candidate_links:timestamp,pass,NA,polling_candidate_links,horodatage et capture présents
2026-10-04T14:08:56.212Z,polling_candidate_links:provenance,pass,NA,polling_candidate_links,chaque source appartient au catalogue
2026-10-04T14:08:56.219Z,polling_division_results:timestamp,pass,NA,polling_division_results,horodatage et capture présents
2026-10-04T14:08:56.313Z,polling_division_results:provenance,pass,NA,polling_division_results,chaque source appartient au catalogue
2026-10-04T14:08:57.489Z,polling_division_results:key,pass,NA,polling_division_results,polling_unit_id × candidate_id × snapshot_id
2026-10-04T14:08:57.502Z,polling_division_results:votes,pass,NA,polling_division_results,comptage entier non négatif
2026-10-04T14:08:57.504Z,polling_summary_fields:timestamp,pass,NA,polling_summary_fields,horodatage et capture présents
2026-10-04T14:08:57.514Z,polling_summary_fields:provenance,pass,NA,polling_summary_fields,chaque source appartient au catalogue
2026-10-04T14:08:57.518Z,polling_units:timestamp,pass,NA,polling_units,horodatage et capture présents
2026-10-04T14:08:57.538Z,polling_units:provenance,pass,NA,polling_units,chaque source appartient au catalogue
2026-10-04T14:08:57.629Z,polling_units:key,pass,NA,polling_units,polling_unit_id × snapshot_id
2026-10-04T14:08:57.632Z,polling_units:registered,pass,NA,polling_units,comptage entier non négatif
2026-10-04T14:08:57.634Z,polling_units:valid_ballots,pass,NA,polling_units,comptage entier non négatif
2026-10-04T14:08:57.636Z,polling_units:rejected_ballots,pass,NA,polling_units,comptage entier non négatif
2026-10-04T14:08:57.638Z,polling_units:votes_cast,pass,NA,polling_units,comptage entier non négatif
2026-10-04T14:08:57.649Z,polling_units:ballots,pass,NA,polling_units,0 non-concordances; valides + rejetés = exprimés quand applicable
2026-10-04T14:08:57.651Z,registered_electors:timestamp,pass,NA,registered_electors,horodatage et capture présents
2026-10-04T14:08:57.657Z,registered_electors:provenance,pass,NA,registered_electors,chaque source appartient au catalogue
2026-10-04T14:08:57.659Z,registered_electors:key,pass,NA,registered_electors,election_id × district_id × snapshot_id
2026-10-04T14:08:57.660Z,result_source_fields:timestamp,pass,NA,result_source_fields,horodatage et capture présents
2026-10-04T14:08:57.670Z,result_source_fields:provenance,pass,NA,result_source_fields,chaque source appartient au catalogue
2026-10-04T14:08:57.671Z,results_candidate:timestamp,pass,NA,results_candidate,horodatage et capture présents
2026-10-04T14:08:57.678Z,results_candidate:provenance,pass,NA,results_candidate,chaque source appartient au catalogue
2026-10-04T14:08:57.683Z,results_candidate:key,pass,NA,results_candidate,election_id × district_id × candidate_id × snapshot_id
2026-10-04T14:08:57.685Z,results_candidate:votes,pass,NA,results_candidate,comptage entier non négatif
2026-10-04T14:08:57.686Z,results_party:timestamp,pass,NA,results_party,horodatage et capture présents
2026-10-04T14:08:57.692Z,results_party:provenance,pass,NA,results_party,chaque source appartient au catalogue
2026-10-04T14:08:57.694Z,results_party:key,pass,NA,results_party,election_id × party_id × snapshot_id
2026-10-04T14:08:57.695Z,results_party:votes,pass,NA,results_party,comptage entier non négatif
2026-10-04T14:08:57.696Z,turnout:timestamp,pass,NA,turnout,horodatage et capture présents
2026-10-04T14:08:57.703Z,turnout:provenance,pass,NA,turnout,chaque source appartient au catalogue
2026-10-04T14:08:57.705Z,turnout:key,pass,NA,turnout,election_id × district_id × snapshot_id
2026-10-04T14:08:57.706Z,turnout:registered,pass,NA,turnout,comptage entier non négatif
2026-10-04T14:08:57.707Z,turnout:valid_ballots,pass,NA,turnout,comptage entier non négatif
2026-10-04T14:08:57.708Z,turnout:rejected_ballots,pass,NA,turnout,comptage entier non négatif
2026-10-04T14:08:57.709Z,turnout:votes_cast,pass,NA,turnout,comptage entier non négatif
2026-10-04T14:08:57.711Z,turnout:polls_counted,pass,NA,turnout,comptage entier non négatif
2026-10-04T14:08:57.712Z,turnout:polls_total,pass,NA,turnout,comptage entier non négatif
2026-10-04T14:08:57.721Z,turnout:ballots,pass,NA,turnout,0 non-concordances; valides + rejetés = exprimés quand applicable
2026-10-04T14:08:57.723Z,turnout:turnout,pass,NA,turnout,taux recalculé cohérent
2026-10-04T14:08:57.724Z,turnout_history:timestamp,pass,NA,turnout_history,horodatage et capture présents
2026-10-04T14:08:57.730Z,turnout_history:provenance,pass,NA,turnout_history,chaque source appartient au catalogue
2026-10-04T14:08:57.732Z,turnout_history:registered,pass,NA,turnout_history,comptage entier non négatif
2026-10-04T14:08:57.733Z,turnout_history:valid_ballots,pass,NA,turnout_history,comptage entier non négatif
2026-10-04T14:08:57.734Z,turnout_history:rejected_ballots,pass,NA,turnout_history,comptage entier non négatif
2026-10-04T14:08:57.735Z,turnout_history:votes_cast,pass,NA,turnout_history,comptage entier non négatif
2026-10-04T14:08:57.736Z,turnout_history:polls_counted,pass,NA,turnout_history,comptage entier non négatif
2026-10-04T14:08:57.738Z,turnout_history:polls_total,pass,NA,turnout_history,comptage entier non négatif
2026-10-04T14:08:57.747Z,turnout_history:ballots,pass,NA,turnout_history,0 non-concordances; valides + rejetés = exprimés quand applicable
2026-10-04T14:08:57.749Z,turnout_history:turnout,pass,NA,turnout_history,taux recalculé cohérent
2026-10-04T14:08:57.750Z,turnout_preliminary_2026:timestamp,pass,NA,turnout_preliminary_2026,horodatage et capture présents
2026-10-04T14:08:57.756Z,turnout_preliminary_2026:provenance,pass,NA,turnout_preliminary_2026,chaque source appartient au catalogue
2026-10-04T14:08:57.757Z,turnout_preliminary_2026:registered,pass,NA,turnout_preliminary_2026,comptage entier non négatif
2026-10-04T14:08:57.759Z,turnout_preliminary_2026:votes_cast,pass,NA,turnout_preliminary_2026,comptage entier non négatif
2026-10-04T14:08:57.769Z,candidate_vote_totals,pass,NA,results_candidate,sommes des candidats = bulletins valides finaux
2026-10-04T14:08:58.493Z,polling_vote_totals,pass,NA,polling_units,0 unités dont les votes ne concordent pas
2026-10-04T14:08:58.498Z,polling_links,warning,NA,polling_division_results,2612 appariements laissés non résolus
2026-10-04T14:08:58.502Z,crosswalk_fractions,pass,NA,district_crosswalk_2017_2026,"fractions dans [0,1], tolérance numérique 1e-6"
2026-10-04T14:08:58.508Z,results_candidate:shares,pass,NA,results_candidate,parts recalculées concordantes
2026-10-04T14:08:58.514Z,historical_candidate_results:shares,pass,NA,historical_candidate_results,parts recalculées concordantes
2026-10-04T14:08:58.515Z,calendar_dates,pass,NA,election_calendar_2026,dates de calendrier valides
2026-10-04T14:08:58.518Z,2026_candidates,pass,NA,candidates,Contrôle de référence daté : 908 au 3 octobre 2026; une rectification ultérieure doit être revue.
2026-10-04T14:08:58.520Z,2026_candidate_districts,pass,NA,candidates,127 circonscriptions officielles
2026-10-04T14:08:58.522Z,2026_map_count,pass,NA,electoral_districts,127 circonscriptions dans la liste officielle
2026-10-04T14:08:58.523Z,result_status,pass,NA,results_candidate,final uniquement selon source
2026-10-04T14:08:58.525Z,no_preliminary_elected,pass,NA,results_candidate,aucune élection annoncée sur la base d’un fichier préliminaire
2026-10-04T14:09:10.750Z,by_elections:timestamp,pass,NA,by_elections,horodatage et capture présents
2026-10-04T14:09:10.759Z,by_elections:provenance,pass,NA,by_elections,chaque source appartient au catalogue
2026-10-04T14:09:10.760Z,by_elections:registered,pass,NA,by_elections,comptage entier non négatif
2026-10-04T14:09:10.762Z,by_elections:valid_ballots,pass,NA,by_elections,comptage entier non négatif
2026-10-04T14:09:10.763Z,by_elections:rejected_ballots,pass,NA,by_elections,comptage entier non négatif
2026-10-04T14:09:10.764Z,by_elections:votes_cast,pass,NA,by_elections,comptage entier non négatif
2026-10-04T14:09:10.765Z,by_elections:polls_counted,pass,NA,by_elections,comptage entier non négatif
2026-10-04T14:09:10.766Z,by_elections:polls_total,pass,NA,by_elections,comptage entier non négatif
2026-10-04T14:09:10.778Z,by_elections:ballots,pass,NA,by_elections,0 non-concordances; valides + rejetés = exprimés quand applicable
2026-10-04T14:09:10.779Z,by_elections:turnout,pass,NA,by_elections,taux recalculé cohérent
2026-10-04T14:09:10.780Z,candidate_statistics:timestamp,pass,NA,candidate_statistics,horodatage et capture présents
2026-10-04T14:09:10.787Z,candidate_statistics:provenance,pass,NA,candidate_statistics,chaque source appartient au catalogue
2026-10-04T14:09:10.789Z,candidates:timestamp,pass,NA,candidates,horodatage et capture présents
2026-10-04T14:09:10.795Z,candidates:provenance,pass,NA,candidates,chaque source appartient au catalogue
2026-10-04T14:09:10.798Z,candidates:key,pass,NA,candidates,candidate_id × snapshot_id
2026-10-04T14:09:10.800Z,candidates_2012:timestamp,pass,NA,candidates_2012,horodatage et capture présents
2026-10-04T14:09:10.806Z,candidates_2012:provenance,pass,NA,candidates_2012,chaque source appartient au catalogue
2026-10-04T14:09:10.808Z,candidates_2012:key,pass,NA,candidates_2012,candidate_id × snapshot_id
2026-10-04T14:09:10.809Z,district_crosswalk_2017_2026:timestamp,pass,NA,district_crosswalk_2017_2026,horodatage et capture présents
2026-10-04T14:09:10.816Z,district_crosswalk_2017_2026:provenance,pass,NA,district_crosswalk_2017_2026,chaque source appartient au catalogue
2026-10-04T14:09:10.817Z,district_indicators:timestamp,pass,NA,district_indicators,horodatage et capture présents
2026-10-04T14:09:10.823Z,district_indicators:provenance,pass,NA,district_indicators,chaque source appartient au catalogue
2026-10-04T14:09:10.825Z,district_map_changes_spatial:timestamp,pass,NA,district_map_changes_spatial,horodatage et capture présents
2026-10-04T14:09:10.831Z,district_map_changes_spatial:provenance,pass,NA,district_map_changes_spatial,chaque source appartient au catalogue
2026-10-04T14:09:10.832Z,election_calendar_2026:timestamp,pass,NA,election_calendar_2026,horodatage et capture présents
2026-10-04T14:09:10.839Z,election_calendar_2026:provenance,pass,NA,election_calendar_2026,chaque source appartient au catalogue
2026-10-04T14:09:10.840Z,elections:timestamp,pass,NA,elections,horodatage et capture présents
2026-10-04T14:09:10.846Z,elections:provenance,pass,NA,elections,chaque source appartient au catalogue
2026-10-04T14:09:10.847Z,elections:key,pass,NA,elections,election_id × snapshot_id
2026-10-04T14:09:10.849Z,elections:registered,pass,NA,elections,comptage entier non négatif
2026-10-04T14:09:10.850Z,elections:valid_ballots,pass,NA,elections,comptage entier non négatif
2026-10-04T14:09:10.851Z,elections:rejected_ballots,pass,NA,elections,comptage entier non négatif
2026-10-04T14:09:10.852Z,elections:votes_cast,pass,NA,elections,comptage entier non négatif
2026-10-04T14:09:10.853Z,elections:polls_counted,pass,NA,elections,comptage entier non négatif
2026-10-04T14:09:10.855Z,elections:polls_total,pass,NA,elections,comptage entier non négatif
2026-10-04T14:09:10.865Z,elections:ballots,pass,NA,elections,0 non-concordances; valides + rejetés = exprimés quand applicable
2026-10-04T14:09:10.866Z,elections:turnout,pass,NA,elections,taux recalculé cohérent
2026-10-04T14:09:10.867Z,electoral_district_geometries:timestamp,pass,NA,electoral_district_geometries,horodatage et capture présents
2026-10-04T14:09:10.873Z,electoral_district_geometries:provenance,pass,NA,electoral_district_geometries,chaque source appartient au catalogue
2026-10-04T14:09:10.875Z,electoral_districts:timestamp,pass,NA,electoral_districts,horodatage et capture présents
2026-10-04T14:09:10.881Z,electoral_districts:provenance,pass,NA,electoral_districts,chaque source appartient au catalogue
2026-10-04T14:09:10.883Z,electoral_districts:key,pass,NA,electoral_districts,district_id × snapshot_id
2026-10-04T14:09:10.884Z,financial_document_index:timestamp,pass,NA,financial_document_index,horodatage et capture présents
2026-10-04T14:09:10.891Z,financial_document_index:provenance,pass,NA,financial_document_index,chaque source appartient au catalogue
2026-10-04T14:09:10.892Z,historical_candidate_results:timestamp,pass,NA,historical_candidate_results,horodatage et capture présents
2026-10-04T14:09:10.898Z,historical_candidate_results:provenance,pass,NA,historical_candidate_results,chaque source appartient au catalogue
2026-10-04T14:09:10.900Z,historical_candidate_results:votes,pass,NA,historical_candidate_results,comptage entier non négatif
2026-10-04T14:09:10.901Z,historical_district_results:timestamp,pass,NA,historical_district_results,horodatage et capture présents
2026-10-04T14:09:10.908Z,historical_district_results:provenance,pass,NA,historical_district_results,chaque source appartient au catalogue
2026-10-04T14:09:10.909Z,historical_district_results:registered,pass,NA,historical_district_results,comptage entier non négatif
2026-10-04T14:09:10.910Z,historical_district_results:valid_ballots,pass,NA,historical_district_results,comptage entier non négatif
2026-10-04T14:09:10.911Z,historical_district_results:rejected_ballots,pass,NA,historical_district_results,comptage entier non négatif
2026-10-04T14:09:10.913Z,historical_district_results:votes_cast,pass,NA,historical_district_results,comptage entier non négatif
2026-10-04T14:09:10.914Z,historical_district_results:polls_counted,pass,NA,historical_district_results,comptage entier non négatif
2026-10-04T14:09:10.915Z,historical_district_results:polls_total,pass,NA,historical_district_results,comptage entier non négatif
2026-10-04T14:09:10.932Z,historical_district_results:ballots,pass,NA,historical_district_results,0 non-concordances; valides + rejetés = exprimés quand applicable
2026-10-04T14:09:10.933Z,historical_district_results:turnout,pass,NA,historical_district_results,taux recalculé cohérent
2026-10-04T14:09:10.934Z,historical_party_results:timestamp,pass,NA,historical_party_results,horodatage et capture présents
2026-10-04T14:09:10.941Z,historical_party_results:provenance,pass,NA,historical_party_results,chaque source appartient au catalogue
2026-10-04T14:09:10.942Z,historical_party_results:votes,pass,NA,historical_party_results,comptage entier non négatif
2026-10-04T14:09:10.943Z,historical_turnout:timestamp,pass,NA,historical_turnout,horodatage et capture présents
2026-10-04T14:09:10.950Z,historical_turnout:provenance,pass,NA,historical_turnout,chaque source appartient au catalogue
2026-10-04T14:09:10.951Z,historical_turnout:registered,pass,NA,historical_turnout,comptage entier non négatif
2026-10-04T14:09:10.952Z,historical_turnout:valid_ballots,pass,NA,historical_turnout,comptage entier non négatif
2026-10-04T14:09:10.953Z,historical_turnout:rejected_ballots,pass,NA,historical_turnout,comptage entier non négatif
2026-10-04T14:09:10.954Z,historical_turnout:votes_cast,pass,NA,historical_turnout,comptage entier non négatif
2026-10-04T14:09:10.956Z,historical_turnout:polls_counted,pass,NA,historical_turnout,comptage entier non négatif
2026-10-04T14:09:10.957Z,historical_turnout:polls_total,pass,NA,historical_turnout,comptage entier non négatif
2026-10-04T14:09:10.967Z,historical_turnout:ballots,pass,NA,historical_turnout,0 non-concordances; valides + rejetés = exprimés quand applicable
2026-10-04T14:09:10.968Z,historical_turnout:turnout,pass,NA,historical_turnout,taux recalculé cohérent
2026-10-04T14:09:10.969Z,parties:timestamp,pass,NA,parties,horodatage et capture présents
2026-10-04T14:09:10.976Z,parties:provenance,pass,NA,parties,chaque source appartient au catalogue
2026-10-04T14:09:10.977Z,party_authorization_history:timestamp,pass,NA,party_authorization_history,horodatage et capture présents
2026-10-04T14:09:10.983Z,party_authorization_history:provenance,pass,NA,party_authorization_history,chaque source appartient au catalogue
2026-10-04T14:09:10.985Z,party_officials:timestamp,pass,NA,party_officials,horodatage et capture présents
2026-10-04T14:09:10.991Z,party_officials:provenance,pass,NA,party_officials,chaque source appartient au catalogue
2026-10-04T14:09:10.992Z,polling_candidate_links:timestamp,pass,NA,polling_candidate_links,horodatage et capture présents
2026-10-04T14:09:10.999Z,polling_candidate_links:provenance,pass,NA,polling_candidate_links,chaque source appartient au catalogue
2026-10-04T14:09:11.006Z,polling_division_results:timestamp,pass,NA,polling_division_results,horodatage et capture présents
2026-10-04T14:09:11.093Z,polling_division_results:provenance,pass,NA,polling_division_results,chaque source appartient au catalogue
2026-10-04T14:09:12.071Z,polling_division_results:key,pass,NA,polling_division_results,polling_unit_id × candidate_id × snapshot_id
2026-10-04T14:09:12.084Z,polling_division_results:votes,pass,NA,polling_division_results,comptage entier non négatif
2026-10-04T14:09:12.085Z,polling_summary_fields:timestamp,pass,NA,polling_summary_fields,horodatage et capture présents
2026-10-04T14:09:12.095Z,polling_summary_fields:provenance,pass,NA,polling_summary_fields,chaque source appartient au catalogue
2026-10-04T14:09:12.099Z,polling_units:timestamp,pass,NA,polling_units,horodatage et capture présents
2026-10-04T14:09:12.119Z,polling_units:provenance,pass,NA,polling_units,chaque source appartient au catalogue
2026-10-04T14:09:12.396Z,polling_units:key,pass,NA,polling_units,polling_unit_id × snapshot_id
2026-10-04T14:09:12.399Z,polling_units:registered,pass,NA,polling_units,comptage entier non négatif
2026-10-04T14:09:12.401Z,polling_units:valid_ballots,pass,NA,polling_units,comptage entier non négatif
2026-10-04T14:09:12.403Z,polling_units:rejected_ballots,pass,NA,polling_units,comptage entier non négatif
2026-10-04T14:09:12.405Z,polling_units:votes_cast,pass,NA,polling_units,comptage entier non négatif
2026-10-04T14:09:12.418Z,polling_units:ballots,pass,NA,polling_units,0 non-concordances; valides + rejetés = exprimés quand applicable
2026-10-04T14:09:12.419Z,registered_electors:timestamp,pass,NA,registered_electors,horodatage et capture présents
2026-10-04T14:09:12.426Z,registered_electors:provenance,pass,NA,registered_electors,chaque source appartient au catalogue
2026-10-04T14:09:12.428Z,registered_electors:key,pass,NA,registered_electors,election_id × district_id × snapshot_id
2026-10-04T14:09:12.430Z,result_source_fields:timestamp,pass,NA,result_source_fields,horodatage et capture présents
2026-10-04T14:09:12.440Z,result_source_fields:provenance,pass,NA,result_source_fields,chaque source appartient au catalogue
2026-10-04T14:09:12.441Z,results_candidate:timestamp,pass,NA,results_candidate,horodatage et capture présents
2026-10-04T14:09:12.448Z,results_candidate:provenance,pass,NA,results_candidate,chaque source appartient au catalogue
2026-10-04T14:09:12.454Z,results_candidate:key,pass,NA,results_candidate,election_id × district_id × candidate_id × snapshot_id
2026-10-04T14:09:12.456Z,results_candidate:votes,pass,NA,results_candidate,comptage entier non négatif
2026-10-04T14:09:12.457Z,results_party:timestamp,pass,NA,results_party,horodatage et capture présents
2026-10-04T14:09:12.464Z,results_party:provenance,pass,NA,results_party,chaque source appartient au catalogue
2026-10-04T14:09:12.465Z,results_party:key,pass,NA,results_party,election_id × party_id × snapshot_id
2026-10-04T14:09:12.467Z,results_party:votes,pass,NA,results_party,comptage entier non négatif
2026-10-04T14:09:12.468Z,turnout:timestamp,pass,NA,turnout,horodatage et capture présents
2026-10-04T14:09:12.474Z,turnout:provenance,pass,NA,turnout,chaque source appartient au catalogue
2026-10-04T14:09:12.476Z,turnout:key,pass,NA,turnout,election_id × district_id × snapshot_id
2026-10-04T14:09:12.477Z,turnout:registered,pass,NA,turnout,comptage entier non négatif
2026-10-04T14:09:12.479Z,turnout:valid_ballots,pass,NA,turnout,comptage entier non négatif
2026-10-04T14:09:12.480Z,turnout:rejected_ballots,pass,NA,turnout,comptage entier non négatif
2026-10-04T14:09:12.481Z,turnout:votes_cast,pass,NA,turnout,comptage entier non négatif
2026-10-04T14:09:12.482Z,turnout:polls_counted,pass,NA,turnout,comptage entier non négatif
2026-10-04T14:09:12.483Z,turnout:polls_total,pass,NA,turnout,comptage entier non négatif
2026-10-04T14:09:12.493Z,turnout:ballots,pass,NA,turnout,0 non-concordances; valides + rejetés = exprimés quand applicable
2026-10-04T14:09:12.495Z,turnout:turnout,pass,NA,turnout,taux recalculé cohérent
2026-10-04T14:09:12.496Z,turnout_history:timestamp,pass,NA,turnout_history,horodatage et capture présents
2026-10-04T14:09:12.502Z,turnout_history:provenance,pass,NA,turnout_history,chaque source appartient au catalogue
2026-10-04T14:09:12.504Z,turnout_history:registered,pass,NA,turnout_history,comptage entier non négatif
2026-10-04T14:09:12.505Z,turnout_history:valid_ballots,pass,NA,turnout_history,comptage entier non négatif
2026-10-04T14:09:12.506Z,turnout_history:rejected_ballots,pass,NA,turnout_history,comptage entier non négatif
2026-10-04T14:09:12.507Z,turnout_history:votes_cast,pass,NA,turnout_history,comptage entier non négatif
2026-10-04T14:09:12.508Z,turnout_history:polls_counted,pass,NA,turnout_history,comptage entier non négatif
2026-10-04T14:09:12.510Z,turnout_history:polls_total,pass,NA,turnout_history,comptage entier non négatif
2026-10-04T14:09:12.519Z,turnout_history:ballots,pass,NA,turnout_history,0 non-concordances; valides + rejetés = exprimés quand applicable
2026-10-04T14:09:12.521Z,turnout_history:turnout,pass,NA,turnout_history,taux recalculé cohérent
2026-10-04T14:09:12.522Z,turnout_preliminary_2026:timestamp,pass,NA,turnout_preliminary_2026,horodatage et capture présents
2026-10-04T14:09:12.528Z,turnout_preliminary_2026:provenance,pass,NA,turnout_preliminary_2026,chaque source appartient au catalogue
2026-10-04T14:09:12.530Z,turnout_preliminary_2026:registered,pass,NA,turnout_preliminary_2026,comptage entier non négatif
2026-10-04T14:09:12.531Z,turnout_preliminary_2026:votes_cast,pass,NA,turnout_preliminary_2026,comptage entier non négatif
2026-10-04T14:09:12.546Z,candidate_vote_totals,pass,NA,results_candidate,sommes des candidats = bulletins valides finaux
2026-10-04T14:09:13.253Z,polling_vote_totals,pass,NA,polling_units,0 unités dont les votes ne concordent pas
2026-10-04T14:09:13.256Z,polling_links,warning,NA,polling_division_results,2612 appariements laissés non résolus
2026-10-04T14:09:13.260Z,crosswalk_fractions,pass,NA,district_crosswalk_2017_2026,"fractions dans [0,1], tolérance numérique 1e-6"
2026-10-04T14:09:13.268Z,results_candidate:shares,pass,NA,results_candidate,parts recalculées concordantes
2026-10-04T14:09:13.274Z,historical_candidate_results:shares,pass,NA,historical_candidate_results,parts recalculées concordantes
2026-10-04T14:09:13.275Z,calendar_dates,pass,NA,election_calendar_2026,dates de calendrier valides
2026-10-04T14:09:13.278Z,2026_candidates,pass,NA,candidates,Contrôle de référence daté : 908 au 3 octobre 2026; une rectification ultérieure doit être revue.
2026-10-04T14:09:13.279Z,2026_candidate_districts,pass,NA,candidates,127 circonscriptions officielles
2026-10-04T14:09:13.282Z,2026_map_count,pass,NA,electoral_districts,127 circonscriptions dans la liste officielle
2026-10-04T14:09:13.283Z,result_status,pass,NA,results_candidate,final uniquement selon source
2026-10-04T14:09:13.284Z,no_preliminary_elected,pass,NA,results_candidate,aucune élection annoncée sur la base d’un fichier préliminaire
2026-10-05T17:13:27.305Z,by_elections:timestamp,pass,NA,by_elections,horodatage et capture présents
2026-10-05T17:13:27.314Z,by_elections:provenance,pass,NA,by_elections,chaque source appartient au catalogue
2026-10-05T17:13:27.316Z,by_elections:registered,pass,NA,by_elections,comptage entier non négatif
2026-10-05T17:13:27.327Z,by_elections:valid_ballots,pass,NA,by_elections,comptage entier non négatif
2026-10-05T17:13:27.328Z,by_elections:rejected_ballots,pass,NA,by_elections,comptage entier non négatif
2026-10-05T17:13:27.329Z,by_elections:votes_cast,pass,NA,by_elections,comptage entier non négatif
2026-10-05T17:13:27.331Z,by_elections:polls_counted,pass,NA,by_elections,comptage entier non négatif
2026-10-05T17:13:27.332Z,by_elections:polls_total,pass,NA,by_elections,comptage entier non négatif
2026-10-05T17:13:27.344Z,by_elections:ballots,pass,NA,by_elections,0 non-concordances; valides + rejetés = exprimés quand applicable
2026-10-05T17:13:27.345Z,by_elections:turnout,pass,NA,by_elections,taux recalculé cohérent
2026-10-05T17:13:27.346Z,candidate_statistics:timestamp,pass,NA,candidate_statistics,horodatage et capture présents
2026-10-05T17:13:27.354Z,candidate_statistics:provenance,pass,NA,candidate_statistics,chaque source appartient au catalogue
2026-10-05T17:13:27.356Z,candidates:timestamp,pass,NA,candidates,horodatage et capture présents
2026-10-05T17:13:27.365Z,candidates:provenance,pass,NA,candidates,chaque source appartient au catalogue
2026-10-05T17:13:27.368Z,candidates:key,pass,NA,candidates,candidate_id × snapshot_id
2026-10-05T17:13:27.370Z,candidates_2012:timestamp,pass,NA,candidates_2012,horodatage et capture présents
2026-10-05T17:13:27.377Z,candidates_2012:provenance,pass,NA,candidates_2012,chaque source appartient au catalogue
2026-10-05T17:13:27.379Z,candidates_2012:key,pass,NA,candidates_2012,candidate_id × snapshot_id
2026-10-05T17:13:27.381Z,district_crosswalk_2017_2026:timestamp,pass,NA,district_crosswalk_2017_2026,horodatage et capture présents
2026-10-05T17:13:27.388Z,district_crosswalk_2017_2026:provenance,pass,NA,district_crosswalk_2017_2026,chaque source appartient au catalogue
2026-10-05T17:13:27.390Z,district_indicators:timestamp,pass,NA,district_indicators,horodatage et capture présents
2026-10-05T17:13:27.397Z,district_indicators:provenance,pass,NA,district_indicators,chaque source appartient au catalogue
2026-10-05T17:13:27.399Z,district_map_changes_spatial:timestamp,pass,NA,district_map_changes_spatial,horodatage et capture présents
2026-10-05T17:13:27.406Z,district_map_changes_spatial:provenance,pass,NA,district_map_changes_spatial,chaque source appartient au catalogue
2026-10-05T17:13:27.408Z,election_calendar_2026:timestamp,pass,NA,election_calendar_2026,horodatage et capture présents
2026-10-05T17:13:27.415Z,election_calendar_2026:provenance,pass,NA,election_calendar_2026,chaque source appartient au catalogue
2026-10-05T17:13:27.416Z,elections:timestamp,pass,NA,elections,horodatage et capture présents
2026-10-05T17:13:27.424Z,elections:provenance,pass,NA,elections,chaque source appartient au catalogue
2026-10-05T17:13:27.425Z,elections:key,pass,NA,elections,election_id × snapshot_id
2026-10-05T17:13:27.427Z,elections:registered,pass,NA,elections,comptage entier non négatif
2026-10-05T17:13:27.428Z,elections:valid_ballots,pass,NA,elections,comptage entier non négatif
2026-10-05T17:13:27.429Z,elections:rejected_ballots,pass,NA,elections,comptage entier non négatif
2026-10-05T17:13:27.430Z,elections:votes_cast,pass,NA,elections,comptage entier non négatif
2026-10-05T17:13:27.431Z,elections:polls_counted,pass,NA,elections,comptage entier non négatif
2026-10-05T17:13:27.433Z,elections:polls_total,pass,NA,elections,comptage entier non négatif
2026-10-05T17:13:27.444Z,elections:ballots,pass,NA,elections,0 non-concordances; valides + rejetés = exprimés quand applicable
2026-10-05T17:13:27.445Z,elections:turnout,pass,NA,elections,taux recalculé cohérent
2026-10-05T17:13:27.446Z,electoral_district_geometries:timestamp,pass,NA,electoral_district_geometries,horodatage et capture présents
2026-10-05T17:13:27.454Z,electoral_district_geometries:provenance,pass,NA,electoral_district_geometries,chaque source appartient au catalogue
2026-10-05T17:13:27.455Z,electoral_districts:timestamp,pass,NA,electoral_districts,horodatage et capture présents
2026-10-05T17:13:27.462Z,electoral_districts:provenance,pass,NA,electoral_districts,chaque source appartient au catalogue
2026-10-05T17:13:27.464Z,electoral_districts:key,pass,NA,electoral_districts,district_id × snapshot_id
2026-10-05T17:13:27.465Z,financial_document_index:timestamp,pass,NA,financial_document_index,horodatage et capture présents
2026-10-05T17:13:27.473Z,financial_document_index:provenance,pass,NA,financial_document_index,chaque source appartient au catalogue
2026-10-05T17:13:27.474Z,historical_candidate_results:timestamp,pass,NA,historical_candidate_results,horodatage et capture présents
2026-10-05T17:13:27.482Z,historical_candidate_results:provenance,pass,NA,historical_candidate_results,chaque source appartient au catalogue
2026-10-05T17:13:27.483Z,historical_candidate_results:votes,pass,NA,historical_candidate_results,comptage entier non négatif
2026-10-05T17:13:27.484Z,historical_district_results:timestamp,pass,NA,historical_district_results,horodatage et capture présents
2026-10-05T17:13:27.492Z,historical_district_results:provenance,pass,NA,historical_district_results,chaque source appartient au catalogue
2026-10-05T17:13:27.501Z,historical_district_results:registered,pass,NA,historical_district_results,comptage entier non négatif
2026-10-05T17:13:27.502Z,historical_district_results:valid_ballots,pass,NA,historical_district_results,comptage entier non négatif
2026-10-05T17:13:27.503Z,historical_district_results:rejected_ballots,pass,NA,historical_district_results,comptage entier non négatif
2026-10-05T17:13:27.504Z,historical_district_results:votes_cast,pass,NA,historical_district_results,comptage entier non négatif
2026-10-05T17:13:27.506Z,historical_district_results:polls_counted,pass,NA,historical_district_results,comptage entier non négatif
2026-10-05T17:13:27.507Z,historical_district_results:polls_total,pass,NA,historical_district_results,comptage entier non négatif
2026-10-05T17:13:27.518Z,historical_district_results:ballots,pass,NA,historical_district_results,0 non-concordances; valides + rejetés = exprimés quand applicable
2026-10-05T17:13:27.519Z,historical_district_results:turnout,pass,NA,historical_district_results,taux recalculé cohérent
2026-10-05T17:13:27.520Z,historical_party_results:timestamp,pass,NA,historical_party_results,horodatage et capture présents
2026-10-05T17:13:27.527Z,historical_party_results:provenance,pass,NA,historical_party_results,chaque source appartient au catalogue
2026-10-05T17:13:27.529Z,historical_party_results:votes,pass,NA,historical_party_results,comptage entier non négatif
2026-10-05T17:13:27.530Z,historical_turnout:timestamp,pass,NA,historical_turnout,horodatage et capture présents
2026-10-05T17:13:27.537Z,historical_turnout:provenance,pass,NA,historical_turnout,chaque source appartient au catalogue
2026-10-05T17:13:27.539Z,historical_turnout:registered,pass,NA,historical_turnout,comptage entier non négatif
2026-10-05T17:13:27.540Z,historical_turnout:valid_ballots,pass,NA,historical_turnout,comptage entier non négatif
2026-10-05T17:13:27.541Z,historical_turnout:rejected_ballots,pass,NA,historical_turnout,comptage entier non négatif
2026-10-05T17:13:27.542Z,historical_turnout:votes_cast,pass,NA,historical_turnout,comptage entier non négatif
2026-10-05T17:13:27.543Z,historical_turnout:polls_counted,pass,NA,historical_turnout,comptage entier non négatif
2026-10-05T17:13:27.545Z,historical_turnout:polls_total,pass,NA,historical_turnout,comptage entier non négatif
2026-10-05T17:13:27.556Z,historical_turnout:ballots,pass,NA,historical_turnout,0 non-concordances; valides + rejetés = exprimés quand applicable
2026-10-05T17:13:27.557Z,historical_turnout:turnout,pass,NA,historical_turnout,taux recalculé cohérent
2026-10-05T17:13:27.558Z,parties:timestamp,pass,NA,parties,horodatage et capture présents
2026-10-05T17:13:27.566Z,parties:provenance,pass,NA,parties,chaque source appartient au catalogue
2026-10-05T17:13:27.567Z,party_authorization_history:timestamp,pass,NA,party_authorization_history,horodatage et capture présents
2026-10-05T17:13:27.574Z,party_authorization_history:provenance,pass,NA,party_authorization_history,chaque source appartient au catalogue
2026-10-05T17:13:27.576Z,party_officials:timestamp,pass,NA,party_officials,horodatage et capture présents
2026-10-05T17:13:27.583Z,party_officials:provenance,pass,NA,party_officials,chaque source appartient au catalogue
2026-10-05T17:13:27.584Z,polling_candidate_links:timestamp,pass,NA,polling_candidate_links,horodatage et capture présents
2026-10-05T17:13:27.592Z,polling_candidate_links:provenance,pass,NA,polling_candidate_links,chaque source appartient au catalogue
2026-10-05T17:13:27.599Z,polling_division_results:timestamp,pass,NA,polling_division_results,horodatage et capture présents
2026-10-05T17:13:27.693Z,polling_division_results:provenance,pass,NA,polling_division_results,chaque source appartient au catalogue
2026-10-05T17:13:28.937Z,polling_division_results:key,pass,NA,polling_division_results,polling_unit_id × candidate_id × snapshot_id
2026-10-05T17:13:28.951Z,polling_division_results:votes,pass,NA,polling_division_results,comptage entier non négatif
2026-10-05T17:13:28.953Z,polling_summary_fields:timestamp,pass,NA,polling_summary_fields,horodatage et capture présents
2026-10-05T17:13:28.963Z,polling_summary_fields:provenance,pass,NA,polling_summary_fields,chaque source appartient au catalogue
2026-10-05T17:13:28.967Z,polling_units:timestamp,pass,NA,polling_units,horodatage et capture présents
2026-10-05T17:13:28.988Z,polling_units:provenance,pass,NA,polling_units,chaque source appartient au catalogue
2026-10-05T17:13:29.080Z,polling_units:key,pass,NA,polling_units,polling_unit_id × snapshot_id
2026-10-05T17:13:29.083Z,polling_units:registered,pass,NA,polling_units,comptage entier non négatif
2026-10-05T17:13:29.085Z,polling_units:valid_ballots,pass,NA,polling_units,comptage entier non négatif
2026-10-05T17:13:29.087Z,polling_units:rejected_ballots,pass,NA,polling_units,comptage entier non négatif
2026-10-05T17:13:29.089Z,polling_units:votes_cast,pass,NA,polling_units,comptage entier non négatif
2026-10-05T17:13:29.101Z,polling_units:ballots,pass,NA,polling_units,0 non-concordances; valides + rejetés = exprimés quand applicable
2026-10-05T17:13:29.103Z,registered_electors:timestamp,pass,NA,registered_electors,horodatage et capture présents
2026-10-05T17:13:29.110Z,registered_electors:provenance,pass,NA,registered_electors,chaque source appartient au catalogue
2026-10-05T17:13:29.112Z,registered_electors:key,pass,NA,registered_electors,election_id × district_id × snapshot_id
2026-10-05T17:13:29.113Z,result_source_fields:timestamp,pass,NA,result_source_fields,horodatage et capture présents
2026-10-05T17:13:29.124Z,result_source_fields:provenance,pass,NA,result_source_fields,chaque source appartient au catalogue
2026-10-05T17:13:29.125Z,results_candidate:timestamp,pass,NA,results_candidate,horodatage et capture présents
2026-10-05T17:13:29.133Z,results_candidate:provenance,pass,NA,results_candidate,chaque source appartient au catalogue
2026-10-05T17:13:29.139Z,results_candidate:key,pass,NA,results_candidate,election_id × district_id × candidate_id × snapshot_id
2026-10-05T17:13:29.140Z,results_candidate:votes,pass,NA,results_candidate,comptage entier non négatif
2026-10-05T17:13:29.141Z,results_party:timestamp,pass,NA,results_party,horodatage et capture présents
2026-10-05T17:13:29.148Z,results_party:provenance,pass,NA,results_party,chaque source appartient au catalogue
2026-10-05T17:13:29.150Z,results_party:key,pass,NA,results_party,election_id × party_id × snapshot_id
2026-10-05T17:13:29.151Z,results_party:votes,pass,NA,results_party,comptage entier non négatif
2026-10-05T17:13:29.152Z,turnout:timestamp,pass,NA,turnout,horodatage et capture présents
2026-10-05T17:13:29.160Z,turnout:provenance,pass,NA,turnout,chaque source appartient au catalogue
2026-10-05T17:13:29.162Z,turnout:key,pass,NA,turnout,election_id × district_id × snapshot_id
2026-10-05T17:13:29.163Z,turnout:registered,pass,NA,turnout,comptage entier non négatif
2026-10-05T17:13:29.164Z,turnout:valid_ballots,pass,NA,turnout,comptage entier non négatif
2026-10-05T17:13:29.165Z,turnout:rejected_ballots,pass,NA,turnout,comptage entier non négatif
2026-10-05T17:13:29.167Z,turnout:votes_cast,pass,NA,turnout,comptage entier non négatif
2026-10-05T17:13:29.168Z,turnout:polls_counted,pass,NA,turnout,comptage entier non négatif
2026-10-05T17:13:29.169Z,turnout:polls_total,pass,NA,turnout,comptage entier non négatif
2026-10-05T17:13:29.180Z,turnout:ballots,pass,NA,turnout,0 non-concordances; valides + rejetés = exprimés quand applicable
2026-10-05T17:13:29.181Z,turnout:turnout,pass,NA,turnout,taux recalculé cohérent
2026-10-05T17:13:29.182Z,turnout_history:timestamp,pass,NA,turnout_history,horodatage et capture présents
2026-10-05T17:13:29.189Z,turnout_history:provenance,pass,NA,turnout_history,chaque source appartient au catalogue
2026-10-05T17:13:29.191Z,turnout_history:registered,pass,NA,turnout_history,comptage entier non négatif
2026-10-05T17:13:29.192Z,turnout_history:valid_ballots,pass,NA,turnout_history,comptage entier non négatif
2026-10-05T17:13:29.193Z,turnout_history:rejected_ballots,pass,NA,turnout_history,comptage entier non négatif
2026-10-05T17:13:29.194Z,turnout_history:votes_cast,pass,NA,turnout_history,comptage entier non négatif
2026-10-05T17:13:29.196Z,turnout_history:polls_counted,pass,NA,turnout_history,comptage entier non négatif
2026-10-05T17:13:29.197Z,turnout_history:polls_total,pass,NA,turnout_history,comptage entier non négatif
2026-10-05T17:13:29.207Z,turnout_history:ballots,pass,NA,turnout_history,0 non-concordances; valides + rejetés = exprimés quand applicable
2026-10-05T17:13:29.209Z,turnout_history:turnout,pass,NA,turnout_history,taux recalculé cohérent
2026-10-05T17:13:29.210Z,turnout_preliminary_2026:timestamp,pass,NA,turnout_preliminary_2026,horodatage et capture présents
2026-10-05T17:13:29.217Z,turnout_preliminary_2026:provenance,pass,NA,turnout_preliminary_2026,chaque source appartient au catalogue
2026-10-05T17:13:29.218Z,turnout_preliminary_2026:registered,pass,NA,turnout_preliminary_2026,comptage entier non négatif
2026-10-05T17:13:29.219Z,turnout_preliminary_2026:votes_cast,pass,NA,turnout_preliminary_2026,comptage entier non négatif
2026-10-05T17:13:29.230Z,candidate_vote_totals,pass,NA,results_candidate,sommes des candidats = bulletins valides finaux
2026-10-05T17:13:29.975Z,polling_vote_totals,pass,NA,polling_units,0 unités dont les votes ne concordent pas
2026-10-05T17:13:29.978Z,polling_links,warning,NA,polling_division_results,2612 appariements laissés non résolus
2026-10-05T17:13:29.983Z,crosswalk_fractions,pass,NA,district_crosswalk_2017_2026,"fractions dans [0,1], tolérance numérique 1e-6"
2026-10-05T17:13:29.990Z,results_candidate:shares,pass,NA,results_candidate,parts recalculées concordantes
2026-10-05T17:13:29.996Z,historical_candidate_results:shares,pass,NA,historical_candidate_results,parts recalculées concordantes
2026-10-05T17:13:29.998Z,calendar_dates,pass,NA,election_calendar_2026,dates de calendrier valides
2026-10-05T17:13:30.001Z,2026_candidates,pass,NA,candidates,Contrôle de référence daté : 908 au 3 octobre 2026; une rectification ultérieure doit être revue.
2026-10-05T17:13:30.002Z,2026_candidate_districts,pass,NA,candidates,127 circonscriptions officielles
2026-10-05T17:13:30.005Z,2026_map_count,pass,NA,electoral_districts,127 circonscriptions dans la liste officielle
2026-10-05T17:13:30.006Z,result_status,pass,NA,results_candidate,final uniquement selon source
2026-10-05T17:13:30.007Z,no_preliminary_elected,pass,NA,results_candidate,aucune élection annoncée sur la base d’un fichier préliminaire
2026-10-05T17:13:42.875Z,by_elections:timestamp,pass,NA,by_elections,horodatage et capture présents
2026-10-05T17:13:42.885Z,by_elections:provenance,pass,NA,by_elections,chaque source appartient au catalogue
2026-10-05T17:13:42.886Z,by_elections:registered,pass,NA,by_elections,comptage entier non négatif
2026-10-05T17:13:42.888Z,by_elections:valid_ballots,pass,NA,by_elections,comptage entier non négatif
2026-10-05T17:13:42.889Z,by_elections:rejected_ballots,pass,NA,by_elections,comptage entier non négatif
2026-10-05T17:13:42.890Z,by_elections:votes_cast,pass,NA,by_elections,comptage entier non négatif
2026-10-05T17:13:42.891Z,by_elections:polls_counted,pass,NA,by_elections,comptage entier non négatif
2026-10-05T17:13:42.892Z,by_elections:polls_total,pass,NA,by_elections,comptage entier non négatif
2026-10-05T17:13:42.905Z,by_elections:ballots,pass,NA,by_elections,0 non-concordances; valides + rejetés = exprimés quand applicable
2026-10-05T17:13:42.906Z,by_elections:turnout,pass,NA,by_elections,taux recalculé cohérent
2026-10-05T17:13:42.907Z,candidate_statistics:timestamp,pass,NA,candidate_statistics,horodatage et capture présents
2026-10-05T17:13:42.915Z,candidate_statistics:provenance,pass,NA,candidate_statistics,chaque source appartient au catalogue
2026-10-05T17:13:42.917Z,candidates:timestamp,pass,NA,candidates,horodatage et capture présents
2026-10-05T17:13:42.925Z,candidates:provenance,pass,NA,candidates,chaque source appartient au catalogue
2026-10-05T17:13:42.929Z,candidates:key,pass,NA,candidates,candidate_id × snapshot_id
2026-10-05T17:13:42.930Z,candidates_2012:timestamp,pass,NA,candidates_2012,horodatage et capture présents
2026-10-05T17:13:42.937Z,candidates_2012:provenance,pass,NA,candidates_2012,chaque source appartient au catalogue
2026-10-05T17:13:42.940Z,candidates_2012:key,pass,NA,candidates_2012,candidate_id × snapshot_id
2026-10-05T17:13:42.941Z,district_crosswalk_2017_2026:timestamp,pass,NA,district_crosswalk_2017_2026,horodatage et capture présents
2026-10-05T17:13:42.949Z,district_crosswalk_2017_2026:provenance,pass,NA,district_crosswalk_2017_2026,chaque source appartient au catalogue
2026-10-05T17:13:42.951Z,district_indicators:timestamp,pass,NA,district_indicators,horodatage et capture présents
2026-10-05T17:13:42.958Z,district_indicators:provenance,pass,NA,district_indicators,chaque source appartient au catalogue
2026-10-05T17:13:42.960Z,district_map_changes_spatial:timestamp,pass,NA,district_map_changes_spatial,horodatage et capture présents
2026-10-05T17:13:42.967Z,district_map_changes_spatial:provenance,pass,NA,district_map_changes_spatial,chaque source appartient au catalogue
2026-10-05T17:13:42.969Z,election_calendar_2026:timestamp,pass,NA,election_calendar_2026,horodatage et capture présents
2026-10-05T17:13:42.976Z,election_calendar_2026:provenance,pass,NA,election_calendar_2026,chaque source appartient au catalogue
2026-10-05T17:13:42.978Z,elections:timestamp,pass,NA,elections,horodatage et capture présents
2026-10-05T17:13:42.985Z,elections:provenance,pass,NA,elections,chaque source appartient au catalogue
2026-10-05T17:13:42.986Z,elections:key,pass,NA,elections,election_id × snapshot_id
2026-10-05T17:13:42.987Z,elections:registered,pass,NA,elections,comptage entier non négatif
2026-10-05T17:13:42.989Z,elections:valid_ballots,pass,NA,elections,comptage entier non négatif
2026-10-05T17:13:42.990Z,elections:rejected_ballots,pass,NA,elections,comptage entier non négatif
2026-10-05T17:13:42.991Z,elections:votes_cast,pass,NA,elections,comptage entier non négatif
2026-10-05T17:13:42.992Z,elections:polls_counted,pass,NA,elections,comptage entier non négatif
2026-10-05T17:13:42.994Z,elections:polls_total,pass,NA,elections,comptage entier non négatif
2026-10-05T17:13:43.005Z,elections:ballots,pass,NA,elections,0 non-concordances; valides + rejetés = exprimés quand applicable
2026-10-05T17:13:43.007Z,elections:turnout,pass,NA,elections,taux recalculé cohérent
2026-10-05T17:13:43.008Z,electoral_district_geometries:timestamp,pass,NA,electoral_district_geometries,horodatage et capture présents
2026-10-05T17:13:43.016Z,electoral_district_geometries:provenance,pass,NA,electoral_district_geometries,chaque source appartient au catalogue
2026-10-05T17:13:43.017Z,electoral_districts:timestamp,pass,NA,electoral_districts,horodatage et capture présents
2026-10-05T17:13:43.024Z,electoral_districts:provenance,pass,NA,electoral_districts,chaque source appartient au catalogue
2026-10-05T17:13:43.026Z,electoral_districts:key,pass,NA,electoral_districts,district_id × snapshot_id
2026-10-05T17:13:43.028Z,financial_document_index:timestamp,pass,NA,financial_document_index,horodatage et capture présents
2026-10-05T17:13:43.035Z,financial_document_index:provenance,pass,NA,financial_document_index,chaque source appartient au catalogue
2026-10-05T17:13:43.037Z,historical_candidate_results:timestamp,pass,NA,historical_candidate_results,horodatage et capture présents
2026-10-05T17:13:43.044Z,historical_candidate_results:provenance,pass,NA,historical_candidate_results,chaque source appartient au catalogue
2026-10-05T17:13:43.046Z,historical_candidate_results:votes,pass,NA,historical_candidate_results,comptage entier non négatif
2026-10-05T17:13:43.047Z,historical_district_results:timestamp,pass,NA,historical_district_results,horodatage et capture présents
2026-10-05T17:13:43.054Z,historical_district_results:provenance,pass,NA,historical_district_results,chaque source appartient au catalogue
2026-10-05T17:13:43.055Z,historical_district_results:registered,pass,NA,historical_district_results,comptage entier non négatif
2026-10-05T17:13:43.057Z,historical_district_results:valid_ballots,pass,NA,historical_district_results,comptage entier non négatif
2026-10-05T17:13:43.058Z,historical_district_results:rejected_ballots,pass,NA,historical_district_results,comptage entier non négatif
2026-10-05T17:13:43.059Z,historical_district_results:votes_cast,pass,NA,historical_district_results,comptage entier non négatif
2026-10-05T17:13:43.060Z,historical_district_results:polls_counted,pass,NA,historical_district_results,comptage entier non négatif
2026-10-05T17:13:43.061Z,historical_district_results:polls_total,pass,NA,historical_district_results,comptage entier non négatif
2026-10-05T17:13:43.080Z,historical_district_results:ballots,pass,NA,historical_district_results,0 non-concordances; valides + rejetés = exprimés quand applicable
2026-10-05T17:13:43.082Z,historical_district_results:turnout,pass,NA,historical_district_results,taux recalculé cohérent
2026-10-05T17:13:43.083Z,historical_party_results:timestamp,pass,NA,historical_party_results,horodatage et capture présents
2026-10-05T17:13:43.090Z,historical_party_results:provenance,pass,NA,historical_party_results,chaque source appartient au catalogue
2026-10-05T17:13:43.091Z,historical_party_results:votes,pass,NA,historical_party_results,comptage entier non négatif
2026-10-05T17:13:43.092Z,historical_turnout:timestamp,pass,NA,historical_turnout,horodatage et capture présents
2026-10-05T17:13:43.099Z,historical_turnout:provenance,pass,NA,historical_turnout,chaque source appartient au catalogue
2026-10-05T17:13:43.101Z,historical_turnout:registered,pass,NA,historical_turnout,comptage entier non négatif
2026-10-05T17:13:43.102Z,historical_turnout:valid_ballots,pass,NA,historical_turnout,comptage entier non négatif
2026-10-05T17:13:43.103Z,historical_turnout:rejected_ballots,pass,NA,historical_turnout,comptage entier non négatif
2026-10-05T17:13:43.104Z,historical_turnout:votes_cast,pass,NA,historical_turnout,comptage entier non négatif
2026-10-05T17:13:43.106Z,historical_turnout:polls_counted,pass,NA,historical_turnout,comptage entier non négatif
2026-10-05T17:13:43.107Z,historical_turnout:polls_total,pass,NA,historical_turnout,comptage entier non négatif
2026-10-05T17:13:43.117Z,historical_turnout:ballots,pass,NA,historical_turnout,0 non-concordances; valides + rejetés = exprimés quand applicable
2026-10-05T17:13:43.119Z,historical_turnout:turnout,pass,NA,historical_turnout,taux recalculé cohérent
2026-10-05T17:13:43.120Z,parties:timestamp,pass,NA,parties,horodatage et capture présents
2026-10-05T17:13:43.127Z,parties:provenance,pass,NA,parties,chaque source appartient au catalogue
2026-10-05T17:13:43.128Z,party_authorization_history:timestamp,pass,NA,party_authorization_history,horodatage et capture présents
2026-10-05T17:13:43.134Z,party_authorization_history:provenance,pass,NA,party_authorization_history,chaque source appartient au catalogue
2026-10-05T17:13:43.136Z,party_officials:timestamp,pass,NA,party_officials,horodatage et capture présents
2026-10-05T17:13:43.142Z,party_officials:provenance,pass,NA,party_officials,chaque source appartient au catalogue
2026-10-05T17:13:43.144Z,polling_candidate_links:timestamp,pass,NA,polling_candidate_links,horodatage et capture présents
2026-10-05T17:13:43.151Z,polling_candidate_links:provenance,pass,NA,polling_candidate_links,chaque source appartient au catalogue
2026-10-05T17:13:43.158Z,polling_division_results:timestamp,pass,NA,polling_division_results,horodatage et capture présents
2026-10-05T17:13:43.246Z,polling_division_results:provenance,pass,NA,polling_division_results,chaque source appartient au catalogue
2026-10-05T17:13:44.297Z,polling_division_results:key,pass,NA,polling_division_results,polling_unit_id × candidate_id × snapshot_id
2026-10-05T17:13:44.310Z,polling_division_results:votes,pass,NA,polling_division_results,comptage entier non négatif
2026-10-05T17:13:44.312Z,polling_summary_fields:timestamp,pass,NA,polling_summary_fields,horodatage et capture présents
2026-10-05T17:13:44.322Z,polling_summary_fields:provenance,pass,NA,polling_summary_fields,chaque source appartient au catalogue
2026-10-05T17:13:44.326Z,polling_units:timestamp,pass,NA,polling_units,horodatage et capture présents
2026-10-05T17:13:44.347Z,polling_units:provenance,pass,NA,polling_units,chaque source appartient au catalogue
2026-10-05T17:13:44.490Z,polling_units:key,pass,NA,polling_units,polling_unit_id × snapshot_id
2026-10-05T17:13:44.493Z,polling_units:registered,pass,NA,polling_units,comptage entier non négatif
2026-10-05T17:13:44.495Z,polling_units:valid_ballots,pass,NA,polling_units,comptage entier non négatif
2026-10-05T17:13:44.498Z,polling_units:rejected_ballots,pass,NA,polling_units,comptage entier non négatif
2026-10-05T17:13:44.500Z,polling_units:votes_cast,pass,NA,polling_units,comptage entier non négatif
2026-10-05T17:13:44.720Z,polling_units:ballots,pass,NA,polling_units,0 non-concordances; valides + rejetés = exprimés quand applicable
2026-10-05T17:13:44.722Z,registered_electors:timestamp,pass,NA,registered_electors,horodatage et capture présents
2026-10-05T17:13:44.731Z,registered_electors:provenance,pass,NA,registered_electors,chaque source appartient au catalogue
2026-10-05T17:13:44.733Z,registered_electors:key,pass,NA,registered_electors,election_id × district_id × snapshot_id
2026-10-05T17:13:44.734Z,result_source_fields:timestamp,pass,NA,result_source_fields,horodatage et capture présents
2026-10-05T17:13:44.746Z,result_source_fields:provenance,pass,NA,result_source_fields,chaque source appartient au catalogue
2026-10-05T17:13:44.747Z,results_candidate:timestamp,pass,NA,results_candidate,horodatage et capture présents
2026-10-05T17:13:44.755Z,results_candidate:provenance,pass,NA,results_candidate,chaque source appartient au catalogue
2026-10-05T17:13:44.761Z,results_candidate:key,pass,NA,results_candidate,election_id × district_id × candidate_id × snapshot_id
2026-10-05T17:13:44.762Z,results_candidate:votes,pass,NA,results_candidate,comptage entier non négatif
2026-10-05T17:13:44.764Z,results_party:timestamp,pass,NA,results_party,horodatage et capture présents
2026-10-05T17:13:44.771Z,results_party:provenance,pass,NA,results_party,chaque source appartient au catalogue
2026-10-05T17:13:44.773Z,results_party:key,pass,NA,results_party,election_id × party_id × snapshot_id
2026-10-05T17:13:44.775Z,results_party:votes,pass,NA,results_party,comptage entier non négatif
2026-10-05T17:13:44.776Z,turnout:timestamp,pass,NA,turnout,horodatage et capture présents
2026-10-05T17:13:44.783Z,turnout:provenance,pass,NA,turnout,chaque source appartient au catalogue
2026-10-05T17:13:44.785Z,turnout:key,pass,NA,turnout,election_id × district_id × snapshot_id
2026-10-05T17:13:44.787Z,turnout:registered,pass,NA,turnout,comptage entier non négatif
2026-10-05T17:13:44.788Z,turnout:valid_ballots,pass,NA,turnout,comptage entier non négatif
2026-10-05T17:13:44.789Z,turnout:rejected_ballots,pass,NA,turnout,comptage entier non négatif
2026-10-05T17:13:44.790Z,turnout:votes_cast,pass,NA,turnout,comptage entier non négatif
2026-10-05T17:13:44.791Z,turnout:polls_counted,pass,NA,turnout,comptage entier non négatif
2026-10-05T17:13:44.793Z,turnout:polls_total,pass,NA,turnout,comptage entier non négatif
2026-10-05T17:13:44.805Z,turnout:ballots,pass,NA,turnout,0 non-concordances; valides + rejetés = exprimés quand applicable
2026-10-05T17:13:44.806Z,turnout:turnout,pass,NA,turnout,taux recalculé cohérent
2026-10-05T17:13:44.807Z,turnout_history:timestamp,pass,NA,turnout_history,horodatage et capture présents
2026-10-05T17:13:44.815Z,turnout_history:provenance,pass,NA,turnout_history,chaque source appartient au catalogue
2026-10-05T17:13:44.816Z,turnout_history:registered,pass,NA,turnout_history,comptage entier non négatif
2026-10-05T17:13:44.818Z,turnout_history:valid_ballots,pass,NA,turnout_history,comptage entier non négatif
2026-10-05T17:13:44.819Z,turnout_history:rejected_ballots,pass,NA,turnout_history,comptage entier non négatif
2026-10-05T17:13:44.820Z,turnout_history:votes_cast,pass,NA,turnout_history,comptage entier non négatif
2026-10-05T17:13:44.821Z,turnout_history:polls_counted,pass,NA,turnout_history,comptage entier non négatif
2026-10-05T17:13:44.823Z,turnout_history:polls_total,pass,NA,turnout_history,comptage entier non négatif
2026-10-05T17:13:44.835Z,turnout_history:ballots,pass,NA,turnout_history,0 non-concordances; valides + rejetés = exprimés quand applicable
2026-10-05T17:13:44.837Z,turnout_history:turnout,pass,NA,turnout_history,taux recalculé cohérent
2026-10-05T17:13:44.838Z,turnout_preliminary_2026:timestamp,pass,NA,turnout_preliminary_2026,horodatage et capture présents
2026-10-05T17:13:44.846Z,turnout_preliminary_2026:provenance,pass,NA,turnout_preliminary_2026,chaque source appartient au catalogue
2026-10-05T17:13:44.847Z,turnout_preliminary_2026:registered,pass,NA,turnout_preliminary_2026,comptage entier non négatif
2026-10-05T17:13:44.849Z,turnout_preliminary_2026:votes_cast,pass,NA,turnout_preliminary_2026,comptage entier non négatif
2026-10-05T17:13:44.867Z,candidate_vote_totals,pass,NA,results_candidate,sommes des candidats = bulletins valides finaux
2026-10-05T17:13:45.796Z,polling_vote_totals,pass,NA,polling_units,0 unités dont les votes ne concordent pas
2026-10-05T17:13:45.800Z,polling_links,warning,NA,polling_division_results,2612 appariements laissés non résolus
2026-10-05T17:13:45.804Z,crosswalk_fractions,pass,NA,district_crosswalk_2017_2026,"fractions dans [0,1], tolérance numérique 1e-6"
2026-10-05T17:13:45.813Z,results_candidate:shares,pass,NA,results_candidate,parts recalculées concordantes
2026-10-05T17:13:45.819Z,historical_candidate_results:shares,pass,NA,historical_candidate_results,parts recalculées concordantes
2026-10-05T17:13:45.820Z,calendar_dates,pass,NA,election_calendar_2026,dates de calendrier valides
2026-10-05T17:13:45.823Z,2026_candidates,pass,NA,candidates,Contrôle de référence daté : 908 au 3 octobre 2026; une rectification ultérieure doit être revue.
2026-10-05T17:13:45.825Z,2026_candidate_districts,pass,NA,candidates,127 circonscriptions officielles
2026-10-05T17:13:45.828Z,2026_map_count,pass,NA,electoral_districts,127 circonscriptions dans la liste officielle
2026-10-05T17:13:45.829Z,result_status,pass,NA,results_candidate,final uniquement selon source
2026-10-05T17:13:45.830Z,no_preliminary_elected,pass,NA,results_candidate,aucune élection annoncée sur la base d’un fichier préliminaire
2026-10-06T06:02:50.067Z,by_elections:timestamp,pass,NA,by_elections,horodatage et capture présents
2026-10-06T06:02:50.074Z,by_elections:provenance,pass,NA,by_elections,chaque source appartient au catalogue
2026-10-06T06:02:50.076Z,by_elections:registered,pass,NA,by_elections,comptage entier non négatif
2026-10-06T06:02:50.077Z,by_elections:valid_ballots,pass,NA,by_elections,comptage entier non négatif
2026-10-06T06:02:50.078Z,by_elections:rejected_ballots,pass,NA,by_elections,comptage entier non négatif
2026-10-06T06:02:50.079Z,by_elections:votes_cast,pass,NA,by_elections,comptage entier non négatif
2026-10-06T06:02:50.080Z,by_elections:polls_counted,pass,NA,by_elections,comptage entier non négatif
2026-10-06T06:02:50.082Z,by_elections:polls_total,pass,NA,by_elections,comptage entier non négatif
2026-10-06T06:02:50.091Z,by_elections:ballots,pass,NA,by_elections,0 non-concordances; valides + rejetés = exprimés quand applicable
2026-10-06T06:02:50.093Z,by_elections:turnout,pass,NA,by_elections,taux recalculé cohérent
2026-10-06T06:02:50.094Z,candidates:timestamp,pass,NA,candidates,horodatage et capture présents
2026-10-06T06:02:50.100Z,candidates:provenance,pass,NA,candidates,chaque source appartient au catalogue
2026-10-06T06:02:50.104Z,candidates:key,pass,NA,candidates,candidate_id × snapshot_id
2026-10-06T06:02:50.105Z,candidates_2012:timestamp,pass,NA,candidates_2012,horodatage et capture présents
2026-10-06T06:02:50.111Z,candidates_2012:provenance,pass,NA,candidates_2012,chaque source appartient au catalogue
2026-10-06T06:02:50.113Z,candidates_2012:key,pass,NA,candidates_2012,candidate_id × snapshot_id
2026-10-06T06:02:50.115Z,district_crosswalk_2017_2026:timestamp,pass,NA,district_crosswalk_2017_2026,horodatage et capture présents
2026-10-06T06:02:50.121Z,district_crosswalk_2017_2026:provenance,pass,NA,district_crosswalk_2017_2026,chaque source appartient au catalogue
2026-10-06T06:02:50.122Z,district_indicators:timestamp,pass,NA,district_indicators,horodatage et capture présents
2026-10-06T06:02:50.129Z,district_indicators:provenance,pass,NA,district_indicators,chaque source appartient au catalogue
2026-10-06T06:02:50.130Z,district_map_changes_spatial:timestamp,pass,NA,district_map_changes_spatial,horodatage et capture présents
2026-10-06T06:02:50.144Z,district_map_changes_spatial:provenance,pass,NA,district_map_changes_spatial,chaque source appartient au catalogue
2026-10-06T06:02:50.145Z,election_calendar_2026:timestamp,pass,NA,election_calendar_2026,horodatage et capture présents
2026-10-06T06:02:50.151Z,election_calendar_2026:provenance,pass,NA,election_calendar_2026,chaque source appartient au catalogue
2026-10-06T06:02:50.153Z,elections:timestamp,pass,NA,elections,horodatage et capture présents
2026-10-06T06:02:50.159Z,elections:provenance,pass,NA,elections,chaque source appartient au catalogue
2026-10-06T06:02:50.160Z,elections:key,pass,NA,elections,election_id × snapshot_id
2026-10-06T06:02:50.161Z,elections:registered,pass,NA,elections,comptage entier non négatif
2026-10-06T06:02:50.163Z,elections:valid_ballots,pass,NA,elections,comptage entier non négatif
2026-10-06T06:02:50.164Z,elections:rejected_ballots,pass,NA,elections,comptage entier non négatif
2026-10-06T06:02:50.165Z,elections:votes_cast,pass,NA,elections,comptage entier non négatif
2026-10-06T06:02:50.166Z,elections:polls_counted,pass,NA,elections,comptage entier non négatif
2026-10-06T06:02:50.167Z,elections:polls_total,pass,NA,elections,comptage entier non négatif
2026-10-06T06:02:50.177Z,elections:ballots,pass,NA,elections,0 non-concordances; valides + rejetés = exprimés quand applicable
2026-10-06T06:02:50.178Z,elections:turnout,pass,NA,elections,taux recalculé cohérent
2026-10-06T06:02:50.179Z,electoral_district_geometries:timestamp,pass,NA,electoral_district_geometries,horodatage et capture présents
2026-10-06T06:02:50.185Z,electoral_district_geometries:provenance,pass,NA,electoral_district_geometries,chaque source appartient au catalogue
2026-10-06T06:02:50.187Z,electoral_districts:timestamp,pass,NA,electoral_districts,horodatage et capture présents
2026-10-06T06:02:50.193Z,electoral_districts:provenance,pass,NA,electoral_districts,chaque source appartient au catalogue
2026-10-06T06:02:50.195Z,electoral_districts:key,pass,NA,electoral_districts,district_id × snapshot_id
2026-10-06T06:02:50.196Z,financial_document_index:timestamp,pass,NA,financial_document_index,horodatage et capture présents
2026-10-06T06:02:50.202Z,financial_document_index:provenance,pass,NA,financial_document_index,chaque source appartient au catalogue
2026-10-06T06:02:50.203Z,historical_candidate_results:timestamp,pass,NA,historical_candidate_results,horodatage et capture présents
2026-10-06T06:02:50.210Z,historical_candidate_results:provenance,pass,NA,historical_candidate_results,chaque source appartient au catalogue
2026-10-06T06:02:50.211Z,historical_candidate_results:votes,pass,NA,historical_candidate_results,comptage entier non négatif
2026-10-06T06:02:50.213Z,historical_district_results:timestamp,pass,NA,historical_district_results,horodatage et capture présents
2026-10-06T06:02:50.219Z,historical_district_results:provenance,pass,NA,historical_district_results,chaque source appartient au catalogue
2026-10-06T06:02:50.220Z,historical_district_results:registered,pass,NA,historical_district_results,comptage entier non négatif
2026-10-06T06:02:50.221Z,historical_district_results:valid_ballots,pass,NA,historical_district_results,comptage entier non négatif
2026-10-06T06:02:50.223Z,historical_district_results:rejected_ballots,pass,NA,historical_district_results,comptage entier non négatif
2026-10-06T06:02:50.224Z,historical_district_results:votes_cast,pass,NA,historical_district_results,comptage entier non négatif
2026-10-06T06:02:50.225Z,historical_district_results:polls_counted,pass,NA,historical_district_results,comptage entier non négatif
2026-10-06T06:02:50.226Z,historical_district_results:polls_total,pass,NA,historical_district_results,comptage entier non négatif
2026-10-06T06:02:50.235Z,historical_district_results:ballots,pass,NA,historical_district_results,0 non-concordances; valides + rejetés = exprimés quand applicable
2026-10-06T06:02:50.237Z,historical_district_results:turnout,pass,NA,historical_district_results,taux recalculé cohérent
2026-10-06T06:02:50.238Z,historical_party_results:timestamp,pass,NA,historical_party_results,horodatage et capture présents
2026-10-06T06:02:50.244Z,historical_party_results:provenance,pass,NA,historical_party_results,chaque source appartient au catalogue
2026-10-06T06:02:50.245Z,historical_party_results:votes,pass,NA,historical_party_results,comptage entier non négatif
2026-10-06T06:02:50.247Z,historical_turnout:timestamp,pass,NA,historical_turnout,horodatage et capture présents
2026-10-06T06:02:50.253Z,historical_turnout:provenance,pass,NA,historical_turnout,chaque source appartient au catalogue
2026-10-06T06:02:50.254Z,historical_turnout:registered,pass,NA,historical_turnout,comptage entier non négatif
2026-10-06T06:02:50.255Z,historical_turnout:valid_ballots,pass,NA,historical_turnout,comptage entier non négatif
2026-10-06T06:02:50.257Z,historical_turnout:rejected_ballots,pass,NA,historical_turnout,comptage entier non négatif
2026-10-06T06:02:50.258Z,historical_turnout:votes_cast,pass,NA,historical_turnout,comptage entier non négatif
2026-10-06T06:02:50.259Z,historical_turnout:polls_counted,pass,NA,historical_turnout,comptage entier non négatif
2026-10-06T06:02:50.260Z,historical_turnout:polls_total,pass,NA,historical_turnout,comptage entier non négatif
2026-10-06T06:02:50.270Z,historical_turnout:ballots,pass,NA,historical_turnout,0 non-concordances; valides + rejetés = exprimés quand applicable
2026-10-06T06:02:50.271Z,historical_turnout:turnout,pass,NA,historical_turnout,taux recalculé cohérent
2026-10-06T06:02:50.272Z,parties:timestamp,pass,NA,parties,horodatage et capture présents
2026-10-06T06:02:50.278Z,parties:provenance,pass,NA,parties,chaque source appartient au catalogue
2026-10-06T06:02:50.280Z,party_authorization_history:timestamp,pass,NA,party_authorization_history,horodatage et capture présents
2026-10-06T06:02:50.286Z,party_authorization_history:provenance,pass,NA,party_authorization_history,chaque source appartient au catalogue
2026-10-06T06:02:50.287Z,party_officials:timestamp,pass,NA,party_officials,horodatage et capture présents
2026-10-06T06:02:50.294Z,party_officials:provenance,pass,NA,party_officials,chaque source appartient au catalogue
2026-10-06T06:02:50.295Z,polling_candidate_links:timestamp,pass,NA,polling_candidate_links,horodatage et capture présents
2026-10-06T06:02:50.301Z,polling_candidate_links:provenance,pass,NA,polling_candidate_links,chaque source appartient au catalogue
2026-10-06T06:02:50.308Z,polling_division_results:timestamp,pass,NA,polling_division_results,horodatage et capture présents
2026-10-06T06:02:50.399Z,polling_division_results:provenance,pass,NA,polling_division_results,chaque source appartient au catalogue
2026-10-06T06:02:51.339Z,polling_division_results:key,pass,NA,polling_division_results,polling_unit_id × candidate_id × snapshot_id
2026-10-06T06:02:51.351Z,polling_division_results:votes,pass,NA,polling_division_results,comptage entier non négatif
2026-10-06T06:02:51.353Z,polling_summary_fields:timestamp,pass,NA,polling_summary_fields,horodatage et capture présents
2026-10-06T06:02:51.362Z,polling_summary_fields:provenance,pass,NA,polling_summary_fields,chaque source appartient au catalogue
2026-10-06T06:02:51.366Z,polling_units:timestamp,pass,NA,polling_units,horodatage et capture présents
2026-10-06T06:02:51.385Z,polling_units:provenance,pass,NA,polling_units,chaque source appartient au catalogue
2026-10-06T06:02:51.664Z,polling_units:key,pass,NA,polling_units,polling_unit_id × snapshot_id
2026-10-06T06:02:51.667Z,polling_units:registered,pass,NA,polling_units,comptage entier non négatif
2026-10-06T06:02:51.669Z,polling_units:valid_ballots,pass,NA,polling_units,comptage entier non négatif
2026-10-06T06:02:51.671Z,polling_units:rejected_ballots,pass,NA,polling_units,comptage entier non négatif
2026-10-06T06:02:51.673Z,polling_units:votes_cast,pass,NA,polling_units,comptage entier non négatif
2026-10-06T06:02:51.684Z,polling_units:ballots,pass,NA,polling_units,0 non-concordances; valides + rejetés = exprimés quand applicable
2026-10-06T06:02:51.685Z,registered_electors:timestamp,pass,NA,registered_electors,horodatage et capture présents
2026-10-06T06:02:51.692Z,registered_electors:provenance,pass,NA,registered_electors,chaque source appartient au catalogue
2026-10-06T06:02:51.693Z,registered_electors:key,pass,NA,registered_electors,election_id × district_id × snapshot_id
2026-10-06T06:02:51.695Z,result_source_fields:timestamp,pass,NA,result_source_fields,horodatage et capture présents
2026-10-06T06:02:51.705Z,result_source_fields:provenance,pass,NA,result_source_fields,chaque source appartient au catalogue
2026-10-06T06:02:51.707Z,results_candidate:timestamp,pass,NA,results_candidate,horodatage et capture présents
2026-10-06T06:02:51.713Z,results_candidate:provenance,pass,NA,results_candidate,chaque source appartient au catalogue
2026-10-06T06:02:51.720Z,results_candidate:key,pass,NA,results_candidate,election_id × district_id × candidate_id × snapshot_id
2026-10-06T06:02:51.721Z,results_candidate:votes,pass,NA,results_candidate,comptage entier non négatif
2026-10-06T06:02:51.722Z,results_candidate_2026:timestamp,pass,NA,results_candidate_2026,horodatage et capture présents
2026-10-06T06:02:51.729Z,results_candidate_2026:provenance,pass,NA,results_candidate_2026,chaque source appartient au catalogue
2026-10-06T06:02:51.730Z,results_candidate_2026:votes,pass,NA,results_candidate_2026,comptage entier non négatif
2026-10-06T06:02:51.731Z,results_party:timestamp,pass,NA,results_party,horodatage et capture présents
2026-10-06T06:02:51.738Z,results_party:provenance,pass,NA,results_party,chaque source appartient au catalogue
2026-10-06T06:02:51.739Z,results_party:key,pass,NA,results_party,election_id × party_id × snapshot_id
2026-10-06T06:02:51.740Z,results_party:votes,pass,NA,results_party,comptage entier non négatif
2026-10-06T06:02:51.742Z,results_party_2026:timestamp,pass,NA,results_party_2026,horodatage et capture présents
2026-10-06T06:02:51.748Z,results_party_2026:provenance,pass,NA,results_party_2026,chaque source appartient au catalogue
2026-10-06T06:02:51.749Z,results_party_2026:votes,pass,NA,results_party_2026,comptage entier non négatif
2026-10-06T06:02:51.750Z,turnout:timestamp,pass,NA,turnout,horodatage et capture présents
2026-10-06T06:02:51.757Z,turnout:provenance,pass,NA,turnout,chaque source appartient au catalogue
2026-10-06T06:02:51.759Z,turnout:key,pass,NA,turnout,election_id × district_id × snapshot_id
2026-10-06T06:02:51.760Z,turnout:registered,pass,NA,turnout,comptage entier non négatif
2026-10-06T06:02:51.761Z,turnout:valid_ballots,pass,NA,turnout,comptage entier non négatif
2026-10-06T06:02:51.762Z,turnout:rejected_ballots,pass,NA,turnout,comptage entier non négatif
2026-10-06T06:02:51.763Z,turnout:votes_cast,pass,NA,turnout,comptage entier non négatif
2026-10-06T06:02:51.765Z,turnout:polls_counted,pass,NA,turnout,comptage entier non négatif
2026-10-06T06:02:51.766Z,turnout:polls_total,pass,NA,turnout,comptage entier non négatif
2026-10-06T06:02:51.775Z,turnout:ballots,pass,NA,turnout,0 non-concordances; valides + rejetés = exprimés quand applicable
2026-10-06T06:02:51.777Z,turnout:turnout,pass,NA,turnout,taux recalculé cohérent
2026-10-06T06:02:51.778Z,turnout_history:timestamp,pass,NA,turnout_history,horodatage et capture présents
2026-10-06T06:02:51.784Z,turnout_history:provenance,pass,NA,turnout_history,chaque source appartient au catalogue
2026-10-06T06:02:51.785Z,turnout_history:registered,pass,NA,turnout_history,comptage entier non négatif
2026-10-06T06:02:51.787Z,turnout_history:valid_ballots,pass,NA,turnout_history,comptage entier non négatif
2026-10-06T06:02:51.788Z,turnout_history:rejected_ballots,pass,NA,turnout_history,comptage entier non négatif
2026-10-06T06:02:51.789Z,turnout_history:votes_cast,pass,NA,turnout_history,comptage entier non négatif
2026-10-06T06:02:51.790Z,turnout_history:polls_counted,pass,NA,turnout_history,comptage entier non négatif
2026-10-06T06:02:51.791Z,turnout_history:polls_total,pass,NA,turnout_history,comptage entier non négatif
2026-10-06T06:02:51.800Z,turnout_history:ballots,pass,NA,turnout_history,0 non-concordances; valides + rejetés = exprimés quand applicable
2026-10-06T06:02:51.802Z,turnout_history:turnout,pass,NA,turnout_history,taux recalculé cohérent
2026-10-06T06:02:51.813Z,candidate_vote_totals,pass,NA,results_candidate,sommes des candidats = bulletins valides finaux
2026-10-06T06:02:52.489Z,polling_vote_totals,pass,NA,polling_units,0 unités dont les votes ne concordent pas
2026-10-06T06:02:52.492Z,polling_links,warning,NA,polling_division_results,2612 appariements laissés non résolus
2026-10-06T06:02:52.496Z,crosswalk_fractions,pass,NA,district_crosswalk_2017_2026,"fractions dans [0,1], tolérance numérique 1e-6"
2026-10-06T06:02:52.502Z,results_candidate:shares,pass,NA,results_candidate,parts recalculées concordantes
2026-10-06T06:02:52.507Z,historical_candidate_results:shares,pass,NA,historical_candidate_results,parts recalculées concordantes
2026-10-06T06:02:52.508Z,calendar_dates,pass,NA,election_calendar_2026,dates de calendrier valides
2026-10-06T06:02:52.511Z,2026_candidates,pass,NA,candidates,Contrôle de référence daté : 908 au 3 octobre 2026; une rectification ultérieure doit être revue.
2026-10-06T06:02:52.512Z,2026_candidate_districts,pass,NA,candidates,127 circonscriptions officielles
2026-10-06T06:02:52.514Z,2026_map_count,pass,NA,electoral_districts,127 circonscriptions dans la liste officielle
2026-10-06T06:02:52.516Z,result_status,pass,NA,results_candidate,final uniquement selon source
2026-10-06T06:02:52.517Z,no_preliminary_elected,pass,NA,results_candidate,aucune élection annoncée sur la base d’un fichier préliminaire
2026-10-06T06:03:04.246Z,by_elections:timestamp,pass,NA,by_elections,horodatage et capture présents
2026-10-06T06:03:04.254Z,by_elections:provenance,pass,NA,by_elections,chaque source appartient au catalogue
2026-10-06T06:03:04.255Z,by_elections:registered,pass,NA,by_elections,comptage entier non négatif
2026-10-06T06:03:04.257Z,by_elections:valid_ballots,pass,NA,by_elections,comptage entier non négatif
2026-10-06T06:03:04.258Z,by_elections:rejected_ballots,pass,NA,by_elections,comptage entier non négatif
2026-10-06T06:03:04.259Z,by_elections:votes_cast,pass,NA,by_elections,comptage entier non négatif
2026-10-06T06:03:04.260Z,by_elections:polls_counted,pass,NA,by_elections,comptage entier non négatif
2026-10-06T06:03:04.261Z,by_elections:polls_total,pass,NA,by_elections,comptage entier non négatif
2026-10-06T06:03:04.272Z,by_elections:ballots,pass,NA,by_elections,0 non-concordances; valides + rejetés = exprimés quand applicable
2026-10-06T06:03:04.273Z,by_elections:turnout,pass,NA,by_elections,taux recalculé cohérent
2026-10-06T06:03:04.274Z,candidates:timestamp,pass,NA,candidates,horodatage et capture présents
2026-10-06T06:03:04.281Z,candidates:provenance,pass,NA,candidates,chaque source appartient au catalogue
2026-10-06T06:03:04.285Z,candidates:key,pass,NA,candidates,candidate_id × snapshot_id
2026-10-06T06:03:04.286Z,candidates_2012:timestamp,pass,NA,candidates_2012,horodatage et capture présents
2026-10-06T06:03:04.293Z,candidates_2012:provenance,pass,NA,candidates_2012,chaque source appartient au catalogue
2026-10-06T06:03:04.295Z,candidates_2012:key,pass,NA,candidates_2012,candidate_id × snapshot_id
2026-10-06T06:03:04.296Z,district_crosswalk_2017_2026:timestamp,pass,NA,district_crosswalk_2017_2026,horodatage et capture présents
2026-10-06T06:03:04.302Z,district_crosswalk_2017_2026:provenance,pass,NA,district_crosswalk_2017_2026,chaque source appartient au catalogue
2026-10-06T06:03:04.303Z,district_indicators:timestamp,pass,NA,district_indicators,horodatage et capture présents
2026-10-06T06:03:04.310Z,district_indicators:provenance,pass,NA,district_indicators,chaque source appartient au catalogue
2026-10-06T06:03:04.311Z,district_map_changes_spatial:timestamp,pass,NA,district_map_changes_spatial,horodatage et capture présents
2026-10-06T06:03:04.317Z,district_map_changes_spatial:provenance,pass,NA,district_map_changes_spatial,chaque source appartient au catalogue
2026-10-06T06:03:04.318Z,election_calendar_2026:timestamp,pass,NA,election_calendar_2026,horodatage et capture présents
2026-10-06T06:03:04.324Z,election_calendar_2026:provenance,pass,NA,election_calendar_2026,chaque source appartient au catalogue
2026-10-06T06:03:04.326Z,elections:timestamp,pass,NA,elections,horodatage et capture présents
2026-10-06T06:03:04.332Z,elections:provenance,pass,NA,elections,chaque source appartient au catalogue
2026-10-06T06:03:04.333Z,elections:key,pass,NA,elections,election_id × snapshot_id
2026-10-06T06:03:04.335Z,elections:registered,pass,NA,elections,comptage entier non négatif
2026-10-06T06:03:04.336Z,elections:valid_ballots,pass,NA,elections,comptage entier non négatif
2026-10-06T06:03:04.337Z,elections:rejected_ballots,pass,NA,elections,comptage entier non négatif
2026-10-06T06:03:04.338Z,elections:votes_cast,pass,NA,elections,comptage entier non négatif
2026-10-06T06:03:04.339Z,elections:polls_counted,pass,NA,elections,comptage entier non négatif
2026-10-06T06:03:04.340Z,elections:polls_total,pass,NA,elections,comptage entier non négatif
2026-10-06T06:03:04.350Z,elections:ballots,pass,NA,elections,0 non-concordances; valides + rejetés = exprimés quand applicable
2026-10-06T06:03:04.351Z,elections:turnout,pass,NA,elections,taux recalculé cohérent
2026-10-06T06:03:04.352Z,electoral_district_geometries:timestamp,pass,NA,electoral_district_geometries,horodatage et capture présents
2026-10-06T06:03:04.358Z,electoral_district_geometries:provenance,pass,NA,electoral_district_geometries,chaque source appartient au catalogue
2026-10-06T06:03:04.360Z,electoral_districts:timestamp,pass,NA,electoral_districts,horodatage et capture présents
2026-10-06T06:03:04.366Z,electoral_districts:provenance,pass,NA,electoral_districts,chaque source appartient au catalogue
2026-10-06T06:03:04.368Z,electoral_districts:key,pass,NA,electoral_districts,district_id × snapshot_id
2026-10-06T06:03:04.369Z,financial_document_index:timestamp,pass,NA,financial_document_index,horodatage et capture présents
2026-10-06T06:03:04.375Z,financial_document_index:provenance,pass,NA,financial_document_index,chaque source appartient au catalogue
2026-10-06T06:03:04.377Z,historical_candidate_results:timestamp,pass,NA,historical_candidate_results,horodatage et capture présents
2026-10-06T06:03:04.390Z,historical_candidate_results:provenance,pass,NA,historical_candidate_results,chaque source appartient au catalogue
2026-10-06T06:03:04.391Z,historical_candidate_results:votes,pass,NA,historical_candidate_results,comptage entier non négatif
2026-10-06T06:03:04.392Z,historical_district_results:timestamp,pass,NA,historical_district_results,horodatage et capture présents
2026-10-06T06:03:04.399Z,historical_district_results:provenance,pass,NA,historical_district_results,chaque source appartient au catalogue
2026-10-06T06:03:04.400Z,historical_district_results:registered,pass,NA,historical_district_results,comptage entier non négatif
2026-10-06T06:03:04.401Z,historical_district_results:valid_ballots,pass,NA,historical_district_results,comptage entier non négatif
2026-10-06T06:03:04.402Z,historical_district_results:rejected_ballots,pass,NA,historical_district_results,comptage entier non négatif
2026-10-06T06:03:04.403Z,historical_district_results:votes_cast,pass,NA,historical_district_results,comptage entier non négatif
2026-10-06T06:03:04.405Z,historical_district_results:polls_counted,pass,NA,historical_district_results,comptage entier non négatif
2026-10-06T06:03:04.406Z,historical_district_results:polls_total,pass,NA,historical_district_results,comptage entier non négatif
2026-10-06T06:03:04.415Z,historical_district_results:ballots,pass,NA,historical_district_results,0 non-concordances; valides + rejetés = exprimés quand applicable
2026-10-06T06:03:04.416Z,historical_district_results:turnout,pass,NA,historical_district_results,taux recalculé cohérent
2026-10-06T06:03:04.417Z,historical_party_results:timestamp,pass,NA,historical_party_results,horodatage et capture présents
2026-10-06T06:03:04.424Z,historical_party_results:provenance,pass,NA,historical_party_results,chaque source appartient au catalogue
2026-10-06T06:03:04.425Z,historical_party_results:votes,pass,NA,historical_party_results,comptage entier non négatif
2026-10-06T06:03:04.426Z,historical_turnout:timestamp,pass,NA,historical_turnout,horodatage et capture présents
2026-10-06T06:03:04.432Z,historical_turnout:provenance,pass,NA,historical_turnout,chaque source appartient au catalogue
2026-10-06T06:03:04.433Z,historical_turnout:registered,pass,NA,historical_turnout,comptage entier non négatif
2026-10-06T06:03:04.435Z,historical_turnout:valid_ballots,pass,NA,historical_turnout,comptage entier non négatif
2026-10-06T06:03:04.436Z,historical_turnout:rejected_ballots,pass,NA,historical_turnout,comptage entier non négatif
2026-10-06T06:03:04.437Z,historical_turnout:votes_cast,pass,NA,historical_turnout,comptage entier non négatif
2026-10-06T06:03:04.438Z,historical_turnout:polls_counted,pass,NA,historical_turnout,comptage entier non négatif
2026-10-06T06:03:04.439Z,historical_turnout:polls_total,pass,NA,historical_turnout,comptage entier non négatif
2026-10-06T06:03:04.448Z,historical_turnout:ballots,pass,NA,historical_turnout,0 non-concordances; valides + rejetés = exprimés quand applicable
2026-10-06T06:03:04.450Z,historical_turnout:turnout,pass,NA,historical_turnout,taux recalculé cohérent
2026-10-06T06:03:04.451Z,parties:timestamp,pass,NA,parties,horodatage et capture présents
2026-10-06T06:03:04.457Z,parties:provenance,pass,NA,parties,chaque source appartient au catalogue
2026-10-06T06:03:04.458Z,party_authorization_history:timestamp,pass,NA,party_authorization_history,horodatage et capture présents
2026-10-06T06:03:04.464Z,party_authorization_history:provenance,pass,NA,party_authorization_history,chaque source appartient au catalogue
2026-10-06T06:03:04.466Z,party_officials:timestamp,pass,NA,party_officials,horodatage et capture présents
2026-10-06T06:03:04.472Z,party_officials:provenance,pass,NA,party_officials,chaque source appartient au catalogue
2026-10-06T06:03:04.473Z,polling_candidate_links:timestamp,pass,NA,polling_candidate_links,horodatage et capture présents
2026-10-06T06:03:04.480Z,polling_candidate_links:provenance,pass,NA,polling_candidate_links,chaque source appartient au catalogue
2026-10-06T06:03:04.487Z,polling_division_results:timestamp,pass,NA,polling_division_results,horodatage et capture présents
2026-10-06T06:03:04.578Z,polling_division_results:provenance,pass,NA,polling_division_results,chaque source appartient au catalogue
2026-10-06T06:03:05.706Z,polling_division_results:key,pass,NA,polling_division_results,polling_unit_id × candidate_id × snapshot_id
2026-10-06T06:03:05.718Z,polling_division_results:votes,pass,NA,polling_division_results,comptage entier non négatif
2026-10-06T06:03:05.720Z,polling_summary_fields:timestamp,pass,NA,polling_summary_fields,horodatage et capture présents
2026-10-06T06:03:05.729Z,polling_summary_fields:provenance,pass,NA,polling_summary_fields,chaque source appartient au catalogue
2026-10-06T06:03:05.732Z,polling_units:timestamp,pass,NA,polling_units,horodatage et capture présents
2026-10-06T06:03:05.749Z,polling_units:provenance,pass,NA,polling_units,chaque source appartient au catalogue
2026-10-06T06:03:05.824Z,polling_units:key,pass,NA,polling_units,polling_unit_id × snapshot_id
2026-10-06T06:03:05.827Z,polling_units:registered,pass,NA,polling_units,comptage entier non négatif
2026-10-06T06:03:05.831Z,polling_units:valid_ballots,pass,NA,polling_units,comptage entier non négatif
2026-10-06T06:03:05.834Z,polling_units:rejected_ballots,pass,NA,polling_units,comptage entier non négatif
2026-10-06T06:03:05.837Z,polling_units:votes_cast,pass,NA,polling_units,comptage entier non négatif
2026-10-06T06:03:05.852Z,polling_units:ballots,pass,NA,polling_units,0 non-concordances; valides + rejetés = exprimés quand applicable
2026-10-06T06:03:05.854Z,registered_electors:timestamp,pass,NA,registered_electors,horodatage et capture présents
2026-10-06T06:03:05.861Z,registered_electors:provenance,pass,NA,registered_electors,chaque source appartient au catalogue
2026-10-06T06:03:05.864Z,registered_electors:key,pass,NA,registered_electors,election_id × district_id × snapshot_id
2026-10-06T06:03:05.866Z,result_source_fields:timestamp,pass,NA,result_source_fields,horodatage et capture présents
2026-10-06T06:03:05.879Z,result_source_fields:provenance,pass,NA,result_source_fields,chaque source appartient au catalogue
2026-10-06T06:03:05.881Z,results_candidate:timestamp,pass,NA,results_candidate,horodatage et capture présents
2026-10-06T06:03:05.888Z,results_candidate:provenance,pass,NA,results_candidate,chaque source appartient au catalogue
2026-10-06T06:03:05.898Z,results_candidate:key,pass,NA,results_candidate,election_id × district_id × candidate_id × snapshot_id
2026-10-06T06:03:05.900Z,results_candidate:votes,pass,NA,results_candidate,comptage entier non négatif
2026-10-06T06:03:05.902Z,results_candidate_2026:timestamp,pass,NA,results_candidate_2026,horodatage et capture présents
2026-10-06T06:03:05.909Z,results_candidate_2026:provenance,pass,NA,results_candidate_2026,chaque source appartient au catalogue
2026-10-06T06:03:05.910Z,results_candidate_2026:votes,pass,NA,results_candidate_2026,comptage entier non négatif
2026-10-06T06:03:05.912Z,results_party:timestamp,pass,NA,results_party,horodatage et capture présents
2026-10-06T06:03:05.919Z,results_party:provenance,pass,NA,results_party,chaque source appartient au catalogue
2026-10-06T06:03:05.921Z,results_party:key,pass,NA,results_party,election_id × party_id × snapshot_id
2026-10-06T06:03:05.923Z,results_party:votes,pass,NA,results_party,comptage entier non négatif
2026-10-06T06:03:05.924Z,results_party_2026:timestamp,pass,NA,results_party_2026,horodatage et capture présents
2026-10-06T06:03:05.932Z,results_party_2026:provenance,pass,NA,results_party_2026,chaque source appartient au catalogue
2026-10-06T06:03:05.933Z,results_party_2026:votes,pass,NA,results_party_2026,comptage entier non négatif
2026-10-06T06:03:05.935Z,turnout:timestamp,pass,NA,turnout,horodatage et capture présents
2026-10-06T06:03:05.942Z,turnout:provenance,pass,NA,turnout,chaque source appartient au catalogue
2026-10-06T06:03:05.945Z,turnout:key,pass,NA,turnout,election_id × district_id × snapshot_id
2026-10-06T06:03:05.946Z,turnout:registered,pass,NA,turnout,comptage entier non négatif
2026-10-06T06:03:05.948Z,turnout:valid_ballots,pass,NA,turnout,comptage entier non négatif
2026-10-06T06:03:05.950Z,turnout:rejected_ballots,pass,NA,turnout,comptage entier non négatif
2026-10-06T06:03:05.951Z,turnout:votes_cast,pass,NA,turnout,comptage entier non négatif
2026-10-06T06:03:05.952Z,turnout:polls_counted,pass,NA,turnout,comptage entier non négatif
2026-10-06T06:03:05.954Z,turnout:polls_total,pass,NA,turnout,comptage entier non négatif
2026-10-06T06:03:05.966Z,turnout:ballots,pass,NA,turnout,0 non-concordances; valides + rejetés = exprimés quand applicable
2026-10-06T06:03:05.967Z,turnout:turnout,pass,NA,turnout,taux recalculé cohérent
2026-10-06T06:03:05.969Z,turnout_history:timestamp,pass,NA,turnout_history,horodatage et capture présents
2026-10-06T06:03:05.976Z,turnout_history:provenance,pass,NA,turnout_history,chaque source appartient au catalogue
2026-10-06T06:03:05.978Z,turnout_history:registered,pass,NA,turnout_history,comptage entier non négatif
2026-10-06T06:03:05.979Z,turnout_history:valid_ballots,pass,NA,turnout_history,comptage entier non négatif
2026-10-06T06:03:05.981Z,turnout_history:rejected_ballots,pass,NA,turnout_history,comptage entier non négatif
2026-10-06T06:03:05.983Z,turnout_history:votes_cast,pass,NA,turnout_history,comptage entier non négatif
2026-10-06T06:03:05.984Z,turnout_history:polls_counted,pass,NA,turnout_history,comptage entier non négatif
2026-10-06T06:03:05.986Z,turnout_history:polls_total,pass,NA,turnout_history,comptage entier non négatif
2026-10-06T06:03:05.997Z,turnout_history:ballots,pass,NA,turnout_history,0 non-concordances; valides + rejetés = exprimés quand applicable
2026-10-06T06:03:05.998Z,turnout_history:turnout,pass,NA,turnout_history,taux recalculé cohérent
2026-10-06T06:03:06.019Z,candidate_vote_totals,pass,NA,results_candidate,sommes des candidats = bulletins valides finaux
2026-10-06T06:03:06.750Z,polling_vote_totals,pass,NA,polling_units,0 unités dont les votes ne concordent pas
2026-10-06T06:03:06.753Z,polling_links,warning,NA,polling_division_results,2612 appariements laissés non résolus
2026-10-06T06:03:06.757Z,crosswalk_fractions,pass,NA,district_crosswalk_2017_2026,"fractions dans [0,1], tolérance numérique 1e-6"
2026-10-06T06:03:06.765Z,results_candidate:shares,pass,NA,results_candidate,parts recalculées concordantes
2026-10-06T06:03:06.770Z,historical_candidate_results:shares,pass,NA,historical_candidate_results,parts recalculées concordantes
2026-10-06T06:03:06.772Z,calendar_dates,pass,NA,election_calendar_2026,dates de calendrier valides
2026-10-06T06:03:06.775Z,2026_candidates,pass,NA,candidates,Contrôle de référence daté : 908 au 3 octobre 2026; une rectification ultérieure doit être revue.
2026-10-06T06:03:06.776Z,2026_candidate_districts,pass,NA,candidates,127 circonscriptions officielles
2026-10-06T06:03:06.779Z,2026_map_count,pass,NA,electoral_districts,127 circonscriptions dans la liste officielle
2026-10-06T06:03:06.780Z,result_status,pass,NA,results_candidate,final uniquement selon source
2026-10-06T06:03:06.781Z,no_preliminary_elected,pass,NA,results_candidate,aucune élection annoncée sur la base d’un fichier préliminaire
2026-10-06T13:25:27.342Z,by_elections:timestamp,pass,NA,by_elections,horodatage et capture présents
2026-10-06T13:25:27.348Z,by_elections:provenance,pass,NA,by_elections,chaque source appartient au catalogue
2026-10-06T13:25:27.349Z,by_elections:registered,pass,NA,by_elections,comptage entier non négatif
2026-10-06T13:25:27.349Z,by_elections:valid_ballots,pass,NA,by_elections,comptage entier non négatif
2026-10-06T13:25:27.350Z,by_elections:rejected_ballots,pass,NA,by_elections,comptage entier non négatif
2026-10-06T13:25:27.351Z,by_elections:votes_cast,pass,NA,by_elections,comptage entier non négatif
2026-10-06T13:25:27.352Z,by_elections:polls_counted,pass,NA,by_elections,comptage entier non négatif
2026-10-06T13:25:27.352Z,by_elections:polls_total,pass,NA,by_elections,comptage entier non négatif
2026-10-06T13:25:27.360Z,by_elections:ballots,pass,NA,by_elections,0 non-concordances; valides + rejetés = exprimés quand applicable
2026-10-06T13:25:27.361Z,by_elections:turnout,pass,NA,by_elections,taux recalculé cohérent
2026-10-06T13:25:27.361Z,candidates:timestamp,pass,NA,candidates,horodatage et capture présents
2026-10-06T13:25:27.366Z,candidates:provenance,pass,NA,candidates,chaque source appartient au catalogue
2026-10-06T13:25:27.369Z,candidates:key,pass,NA,candidates,candidate_id × snapshot_id
2026-10-06T13:25:27.370Z,candidates_2012:timestamp,pass,NA,candidates_2012,horodatage et capture présents
2026-10-06T13:25:27.374Z,candidates_2012:provenance,pass,NA,candidates_2012,chaque source appartient au catalogue
2026-10-06T13:25:27.376Z,candidates_2012:key,pass,NA,candidates_2012,candidate_id × snapshot_id
2026-10-06T13:25:27.377Z,district_crosswalk_2017_2026:timestamp,pass,NA,district_crosswalk_2017_2026,horodatage et capture présents
2026-10-06T13:25:27.381Z,district_crosswalk_2017_2026:provenance,pass,NA,district_crosswalk_2017_2026,chaque source appartient au catalogue
2026-10-06T13:25:27.382Z,district_indicators:timestamp,pass,NA,district_indicators,horodatage et capture présents
2026-10-06T13:25:27.387Z,district_indicators:provenance,pass,NA,district_indicators,chaque source appartient au catalogue
2026-10-06T13:25:27.388Z,district_map_changes_spatial:timestamp,pass,NA,district_map_changes_spatial,horodatage et capture présents
2026-10-06T13:25:27.393Z,district_map_changes_spatial:provenance,pass,NA,district_map_changes_spatial,chaque source appartient au catalogue
2026-10-06T13:25:27.394Z,election_calendar_2026:timestamp,pass,NA,election_calendar_2026,horodatage et capture présents
2026-10-06T13:25:27.398Z,election_calendar_2026:provenance,pass,NA,election_calendar_2026,chaque source appartient au catalogue
2026-10-06T13:25:27.399Z,elections:timestamp,pass,NA,elections,horodatage et capture présents
2026-10-06T13:25:27.404Z,elections:provenance,pass,NA,elections,chaque source appartient au catalogue
2026-10-06T13:25:27.405Z,elections:key,pass,NA,elections,election_id × snapshot_id
2026-10-06T13:25:27.406Z,elections:registered,pass,NA,elections,comptage entier non négatif
2026-10-06T13:25:27.407Z,elections:valid_ballots,pass,NA,elections,comptage entier non négatif
2026-10-06T13:25:27.407Z,elections:rejected_ballots,pass,NA,elections,comptage entier non négatif
2026-10-06T13:25:27.408Z,elections:votes_cast,pass,NA,elections,comptage entier non négatif
2026-10-06T13:25:27.409Z,elections:polls_counted,pass,NA,elections,comptage entier non négatif
2026-10-06T13:25:27.410Z,elections:polls_total,pass,NA,elections,comptage entier non négatif
2026-10-06T13:25:27.418Z,elections:ballots,pass,NA,elections,0 non-concordances; valides + rejetés = exprimés quand applicable
2026-10-06T13:25:27.419Z,elections:turnout,pass,NA,elections,taux recalculé cohérent
2026-10-06T13:25:27.419Z,electoral_district_geometries:timestamp,pass,NA,electoral_district_geometries,horodatage et capture présents
2026-10-06T13:25:27.424Z,electoral_district_geometries:provenance,pass,NA,electoral_district_geometries,chaque source appartient au catalogue
2026-10-06T13:25:27.425Z,electoral_districts:timestamp,pass,NA,electoral_districts,horodatage et capture présents
2026-10-06T13:25:27.430Z,electoral_districts:provenance,pass,NA,electoral_districts,chaque source appartient au catalogue
2026-10-06T13:25:27.431Z,electoral_districts:key,pass,NA,electoral_districts,district_id × snapshot_id
2026-10-06T13:25:27.432Z,financial_document_index:timestamp,pass,NA,financial_document_index,horodatage et capture présents
2026-10-06T13:25:27.436Z,financial_document_index:provenance,pass,NA,financial_document_index,chaque source appartient au catalogue
2026-10-06T13:25:27.437Z,historical_candidate_results:timestamp,pass,NA,historical_candidate_results,horodatage et capture présents
2026-10-06T13:25:27.442Z,historical_candidate_results:provenance,pass,NA,historical_candidate_results,chaque source appartient au catalogue
2026-10-06T13:25:27.443Z,historical_candidate_results:votes,pass,NA,historical_candidate_results,comptage entier non négatif
2026-10-06T13:25:27.444Z,historical_district_results:timestamp,pass,NA,historical_district_results,horodatage et capture présents
2026-10-06T13:25:27.449Z,historical_district_results:provenance,pass,NA,historical_district_results,chaque source appartient au catalogue
2026-10-06T13:25:27.450Z,historical_district_results:registered,pass,NA,historical_district_results,comptage entier non négatif
2026-10-06T13:25:27.451Z,historical_district_results:valid_ballots,pass,NA,historical_district_results,comptage entier non négatif
2026-10-06T13:25:27.451Z,historical_district_results:rejected_ballots,pass,NA,historical_district_results,comptage entier non négatif
2026-10-06T13:25:27.452Z,historical_district_results:votes_cast,pass,NA,historical_district_results,comptage entier non négatif
2026-10-06T13:25:27.453Z,historical_district_results:polls_counted,pass,NA,historical_district_results,comptage entier non négatif
2026-10-06T13:25:27.454Z,historical_district_results:polls_total,pass,NA,historical_district_results,comptage entier non négatif
2026-10-06T13:25:27.462Z,historical_district_results:ballots,pass,NA,historical_district_results,0 non-concordances; valides + rejetés = exprimés quand applicable
2026-10-06T13:25:27.463Z,historical_district_results:turnout,pass,NA,historical_district_results,taux recalculé cohérent
2026-10-06T13:25:27.463Z,historical_party_results:timestamp,pass,NA,historical_party_results,horodatage et capture présents
2026-10-06T13:25:27.469Z,historical_party_results:provenance,pass,NA,historical_party_results,chaque source appartient au catalogue
2026-10-06T13:25:27.470Z,historical_party_results:votes,pass,NA,historical_party_results,comptage entier non négatif
2026-10-06T13:25:27.470Z,historical_turnout:timestamp,pass,NA,historical_turnout,horodatage et capture présents
2026-10-06T13:25:27.475Z,historical_turnout:provenance,pass,NA,historical_turnout,chaque source appartient au catalogue
2026-10-06T13:25:27.476Z,historical_turnout:registered,pass,NA,historical_turnout,comptage entier non négatif
2026-10-06T13:25:27.477Z,historical_turnout:valid_ballots,pass,NA,historical_turnout,comptage entier non négatif
2026-10-06T13:25:27.478Z,historical_turnout:rejected_ballots,pass,NA,historical_turnout,comptage entier non négatif
2026-10-06T13:25:27.486Z,historical_turnout:votes_cast,pass,NA,historical_turnout,comptage entier non négatif
2026-10-06T13:25:27.487Z,historical_turnout:polls_counted,pass,NA,historical_turnout,comptage entier non négatif
2026-10-06T13:25:27.488Z,historical_turnout:polls_total,pass,NA,historical_turnout,comptage entier non négatif
2026-10-06T13:25:27.496Z,historical_turnout:ballots,pass,NA,historical_turnout,0 non-concordances; valides + rejetés = exprimés quand applicable
2026-10-06T13:25:27.497Z,historical_turnout:turnout,pass,NA,historical_turnout,taux recalculé cohérent
2026-10-06T13:25:27.497Z,parties:timestamp,pass,NA,parties,horodatage et capture présents
2026-10-06T13:25:27.502Z,parties:provenance,pass,NA,parties,chaque source appartient au catalogue
2026-10-06T13:25:27.503Z,party_authorization_history:timestamp,pass,NA,party_authorization_history,horodatage et capture présents
2026-10-06T13:25:27.508Z,party_authorization_history:provenance,pass,NA,party_authorization_history,chaque source appartient au catalogue
2026-10-06T13:25:27.508Z,party_officials:timestamp,pass,NA,party_officials,horodatage et capture présents
2026-10-06T13:25:27.513Z,party_officials:provenance,pass,NA,party_officials,chaque source appartient au catalogue
2026-10-06T13:25:27.514Z,polling_candidate_links:timestamp,pass,NA,polling_candidate_links,horodatage et capture présents
2026-10-06T13:25:27.519Z,polling_candidate_links:provenance,pass,NA,polling_candidate_links,chaque source appartient au catalogue
2026-10-06T13:25:27.524Z,polling_division_results:timestamp,pass,NA,polling_division_results,horodatage et capture présents
2026-10-06T13:25:27.596Z,polling_division_results:provenance,pass,NA,polling_division_results,chaque source appartient au catalogue
2026-10-06T13:25:28.496Z,polling_division_results:key,pass,NA,polling_division_results,polling_unit_id × candidate_id × snapshot_id
2026-10-06T13:25:28.505Z,polling_division_results:votes,pass,NA,polling_division_results,comptage entier non négatif
2026-10-06T13:25:28.507Z,polling_summary_fields:timestamp,pass,NA,polling_summary_fields,horodatage et capture présents
2026-10-06T13:25:28.514Z,polling_summary_fields:provenance,pass,NA,polling_summary_fields,chaque source appartient au catalogue
2026-10-06T13:25:28.517Z,polling_units:timestamp,pass,NA,polling_units,horodatage et capture présents
2026-10-06T13:25:28.758Z,polling_units:provenance,pass,NA,polling_units,chaque source appartient au catalogue
2026-10-06T13:25:28.814Z,polling_units:key,pass,NA,polling_units,polling_unit_id × snapshot_id
2026-10-06T13:25:28.816Z,polling_units:registered,pass,NA,polling_units,comptage entier non négatif
2026-10-06T13:25:28.818Z,polling_units:valid_ballots,pass,NA,polling_units,comptage entier non négatif
2026-10-06T13:25:28.819Z,polling_units:rejected_ballots,pass,NA,polling_units,comptage entier non négatif
2026-10-06T13:25:28.821Z,polling_units:votes_cast,pass,NA,polling_units,comptage entier non négatif
2026-10-06T13:25:28.830Z,polling_units:ballots,pass,NA,polling_units,0 non-concordances; valides + rejetés = exprimés quand applicable
2026-10-06T13:25:28.831Z,registered_electors:timestamp,pass,NA,registered_electors,horodatage et capture présents
2026-10-06T13:25:28.836Z,registered_electors:provenance,pass,NA,registered_electors,chaque source appartient au catalogue
2026-10-06T13:25:28.837Z,registered_electors:key,pass,NA,registered_electors,election_id × district_id × snapshot_id
2026-10-06T13:25:28.838Z,result_source_fields:timestamp,pass,NA,result_source_fields,horodatage et capture présents
2026-10-06T13:25:28.847Z,result_source_fields:provenance,pass,NA,result_source_fields,chaque source appartient au catalogue
2026-10-06T13:25:28.848Z,results_candidate:timestamp,pass,NA,results_candidate,horodatage et capture présents
2026-10-06T13:25:28.853Z,results_candidate:provenance,pass,NA,results_candidate,chaque source appartient au catalogue
2026-10-06T13:25:28.860Z,results_candidate:key,pass,NA,results_candidate,election_id × district_id × candidate_id × snapshot_id
2026-10-06T13:25:28.861Z,results_candidate:votes,pass,NA,results_candidate,comptage entier non négatif
2026-10-06T13:25:28.861Z,results_candidate_2026:timestamp,pass,NA,results_candidate_2026,horodatage et capture présents
2026-10-06T13:25:28.866Z,results_candidate_2026:provenance,pass,NA,results_candidate_2026,chaque source appartient au catalogue
2026-10-06T13:25:28.867Z,results_candidate_2026:votes,pass,NA,results_candidate_2026,comptage entier non négatif
2026-10-06T13:25:28.868Z,results_party:timestamp,pass,NA,results_party,horodatage et capture présents
2026-10-06T13:25:28.873Z,results_party:provenance,pass,NA,results_party,chaque source appartient au catalogue
2026-10-06T13:25:28.874Z,results_party:key,pass,NA,results_party,election_id × party_id × snapshot_id
2026-10-06T13:25:28.875Z,results_party:votes,pass,NA,results_party,comptage entier non négatif
2026-10-06T13:25:28.875Z,results_party_2026:timestamp,pass,NA,results_party_2026,horodatage et capture présents
2026-10-06T13:25:28.880Z,results_party_2026:provenance,pass,NA,results_party_2026,chaque source appartient au catalogue
2026-10-06T13:25:28.881Z,results_party_2026:votes,pass,NA,results_party_2026,comptage entier non négatif
2026-10-06T13:25:28.882Z,turnout:timestamp,pass,NA,turnout,horodatage et capture présents
2026-10-06T13:25:28.887Z,turnout:provenance,pass,NA,turnout,chaque source appartient au catalogue
2026-10-06T13:25:28.888Z,turnout:key,pass,NA,turnout,election_id × district_id × snapshot_id
2026-10-06T13:25:28.889Z,turnout:registered,pass,NA,turnout,comptage entier non négatif
2026-10-06T13:25:28.890Z,turnout:valid_ballots,pass,NA,turnout,comptage entier non négatif
2026-10-06T13:25:28.891Z,turnout:rejected_ballots,pass,NA,turnout,comptage entier non négatif
2026-10-06T13:25:28.891Z,turnout:votes_cast,pass,NA,turnout,comptage entier non négatif
2026-10-06T13:25:28.892Z,turnout:polls_counted,pass,NA,turnout,comptage entier non négatif
2026-10-06T13:25:28.893Z,turnout:polls_total,pass,NA,turnout,comptage entier non négatif
2026-10-06T13:25:28.900Z,turnout:ballots,pass,NA,turnout,0 non-concordances; valides + rejetés = exprimés quand applicable
2026-10-06T13:25:28.901Z,turnout:turnout,pass,NA,turnout,taux recalculé cohérent
2026-10-06T13:25:28.902Z,turnout_history:timestamp,pass,NA,turnout_history,horodatage et capture présents
2026-10-06T13:25:28.907Z,turnout_history:provenance,pass,NA,turnout_history,chaque source appartient au catalogue
2026-10-06T13:25:28.908Z,turnout_history:registered,pass,NA,turnout_history,comptage entier non négatif
2026-10-06T13:25:28.909Z,turnout_history:valid_ballots,pass,NA,turnout_history,comptage entier non négatif
2026-10-06T13:25:28.910Z,turnout_history:rejected_ballots,pass,NA,turnout_history,comptage entier non négatif
2026-10-06T13:25:28.910Z,turnout_history:votes_cast,pass,NA,turnout_history,comptage entier non négatif
2026-10-06T13:25:28.911Z,turnout_history:polls_counted,pass,NA,turnout_history,comptage entier non négatif
2026-10-06T13:25:28.912Z,turnout_history:polls_total,pass,NA,turnout_history,comptage entier non négatif
2026-10-06T13:25:28.919Z,turnout_history:ballots,pass,NA,turnout_history,0 non-concordances; valides + rejetés = exprimés quand applicable
2026-10-06T13:25:28.920Z,turnout_history:turnout,pass,NA,turnout_history,taux recalculé cohérent
2026-10-06T13:25:28.930Z,candidate_vote_totals,pass,NA,results_candidate,sommes des candidats = bulletins valides finaux
2026-10-06T13:25:29.492Z,polling_vote_totals,pass,NA,polling_units,0 unités dont les votes ne concordent pas
2026-10-06T13:25:29.494Z,polling_links,warning,NA,polling_division_results,2612 appariements laissés non résolus
2026-10-06T13:25:29.497Z,crosswalk_fractions,pass,NA,district_crosswalk_2017_2026,"fractions dans [0,1], tolérance numérique 1e-6"
2026-10-06T13:25:29.502Z,results_candidate:shares,pass,NA,results_candidate,parts recalculées concordantes
2026-10-06T13:25:29.506Z,historical_candidate_results:shares,pass,NA,historical_candidate_results,parts recalculées concordantes
2026-10-06T13:25:29.507Z,calendar_dates,pass,NA,election_calendar_2026,dates de calendrier valides
2026-10-06T13:25:29.509Z,2026_candidates,pass,NA,candidates,Contrôle de référence daté : 908 au 3 octobre 2026; une rectification ultérieure doit être revue.
2026-10-06T13:25:29.510Z,2026_candidate_districts,pass,NA,candidates,127 circonscriptions officielles
2026-10-06T13:25:29.512Z,2026_map_count,pass,NA,electoral_districts,127 circonscriptions dans la liste officielle
2026-10-06T13:25:29.513Z,result_status,pass,NA,results_candidate,final uniquement selon source
2026-10-06T13:25:29.513Z,no_preliminary_elected,pass,NA,results_candidate,aucune élection annoncée sur la base d’un fichier préliminaire
2026-10-06T13:25:39.401Z,by_elections:timestamp,pass,NA,by_elections,horodatage et capture présents
2026-10-06T13:25:39.408Z,by_elections:provenance,pass,NA,by_elections,chaque source appartient au catalogue
2026-10-06T13:25:39.409Z,by_elections:registered,pass,NA,by_elections,comptage entier non négatif
2026-10-06T13:25:39.410Z,by_elections:valid_ballots,pass,NA,by_elections,comptage entier non négatif
2026-10-06T13:25:39.410Z,by_elections:rejected_ballots,pass,NA,by_elections,comptage entier non négatif
2026-10-06T13:25:39.411Z,by_elections:votes_cast,pass,NA,by_elections,comptage entier non négatif
2026-10-06T13:25:39.412Z,by_elections:polls_counted,pass,NA,by_elections,comptage entier non négatif
2026-10-06T13:25:39.413Z,by_elections:polls_total,pass,NA,by_elections,comptage entier non négatif
2026-10-06T13:25:39.422Z,by_elections:ballots,pass,NA,by_elections,0 non-concordances; valides + rejetés = exprimés quand applicable
2026-10-06T13:25:39.423Z,by_elections:turnout,pass,NA,by_elections,taux recalculé cohérent
2026-10-06T13:25:39.423Z,candidates:timestamp,pass,NA,candidates,horodatage et capture présents
2026-10-06T13:25:39.429Z,candidates:provenance,pass,NA,candidates,chaque source appartient au catalogue
2026-10-06T13:25:39.432Z,candidates:key,pass,NA,candidates,candidate_id × snapshot_id
2026-10-06T13:25:39.433Z,candidates_2012:timestamp,pass,NA,candidates_2012,horodatage et capture présents
2026-10-06T13:25:39.438Z,candidates_2012:provenance,pass,NA,candidates_2012,chaque source appartient au catalogue
2026-10-06T13:25:39.439Z,candidates_2012:key,pass,NA,candidates_2012,candidate_id × snapshot_id
2026-10-06T13:25:39.440Z,district_crosswalk_2017_2026:timestamp,pass,NA,district_crosswalk_2017_2026,horodatage et capture présents
2026-10-06T13:25:39.445Z,district_crosswalk_2017_2026:provenance,pass,NA,district_crosswalk_2017_2026,chaque source appartient au catalogue
2026-10-06T13:25:39.446Z,district_indicators:timestamp,pass,NA,district_indicators,horodatage et capture présents
2026-10-06T13:25:39.451Z,district_indicators:provenance,pass,NA,district_indicators,chaque source appartient au catalogue
2026-10-06T13:25:39.452Z,district_map_changes_spatial:timestamp,pass,NA,district_map_changes_spatial,horodatage et capture présents
2026-10-06T13:25:39.457Z,district_map_changes_spatial:provenance,pass,NA,district_map_changes_spatial,chaque source appartient au catalogue
2026-10-06T13:25:39.458Z,election_calendar_2026:timestamp,pass,NA,election_calendar_2026,horodatage et capture présents
2026-10-06T13:25:39.462Z,election_calendar_2026:provenance,pass,NA,election_calendar_2026,chaque source appartient au catalogue
2026-10-06T13:25:39.463Z,elections:timestamp,pass,NA,elections,horodatage et capture présents
2026-10-06T13:25:39.468Z,elections:provenance,pass,NA,elections,chaque source appartient au catalogue
2026-10-06T13:25:39.469Z,elections:key,pass,NA,elections,election_id × snapshot_id
2026-10-06T13:25:39.470Z,elections:registered,pass,NA,elections,comptage entier non négatif
2026-10-06T13:25:39.471Z,elections:valid_ballots,pass,NA,elections,comptage entier non négatif
2026-10-06T13:25:39.472Z,elections:rejected_ballots,pass,NA,elections,comptage entier non négatif
2026-10-06T13:25:39.473Z,elections:votes_cast,pass,NA,elections,comptage entier non négatif
2026-10-06T13:25:39.473Z,elections:polls_counted,pass,NA,elections,comptage entier non négatif
2026-10-06T13:25:39.474Z,elections:polls_total,pass,NA,elections,comptage entier non négatif
2026-10-06T13:25:39.482Z,elections:ballots,pass,NA,elections,0 non-concordances; valides + rejetés = exprimés quand applicable
2026-10-06T13:25:39.483Z,elections:turnout,pass,NA,elections,taux recalculé cohérent
2026-10-06T13:25:39.484Z,electoral_district_geometries:timestamp,pass,NA,electoral_district_geometries,horodatage et capture présents
2026-10-06T13:25:39.488Z,electoral_district_geometries:provenance,pass,NA,electoral_district_geometries,chaque source appartient au catalogue
2026-10-06T13:25:39.489Z,electoral_districts:timestamp,pass,NA,electoral_districts,horodatage et capture présents
2026-10-06T13:25:39.494Z,electoral_districts:provenance,pass,NA,electoral_districts,chaque source appartient au catalogue
2026-10-06T13:25:39.495Z,electoral_districts:key,pass,NA,electoral_districts,district_id × snapshot_id
2026-10-06T13:25:39.496Z,financial_document_index:timestamp,pass,NA,financial_document_index,horodatage et capture présents
2026-10-06T13:25:39.501Z,financial_document_index:provenance,pass,NA,financial_document_index,chaque source appartient au catalogue
2026-10-06T13:25:39.502Z,historical_candidate_results:timestamp,pass,NA,historical_candidate_results,horodatage et capture présents
2026-10-06T13:25:39.514Z,historical_candidate_results:provenance,pass,NA,historical_candidate_results,chaque source appartient au catalogue
2026-10-06T13:25:39.515Z,historical_candidate_results:votes,pass,NA,historical_candidate_results,comptage entier non négatif
2026-10-06T13:25:39.516Z,historical_district_results:timestamp,pass,NA,historical_district_results,horodatage et capture présents
2026-10-06T13:25:39.521Z,historical_district_results:provenance,pass,NA,historical_district_results,chaque source appartient au catalogue
2026-10-06T13:25:39.521Z,historical_district_results:registered,pass,NA,historical_district_results,comptage entier non négatif
2026-10-06T13:25:39.522Z,historical_district_results:valid_ballots,pass,NA,historical_district_results,comptage entier non négatif
2026-10-06T13:25:39.523Z,historical_district_results:rejected_ballots,pass,NA,historical_district_results,comptage entier non négatif
2026-10-06T13:25:39.524Z,historical_district_results:votes_cast,pass,NA,historical_district_results,comptage entier non négatif
2026-10-06T13:25:39.525Z,historical_district_results:polls_counted,pass,NA,historical_district_results,comptage entier non négatif
2026-10-06T13:25:39.525Z,historical_district_results:polls_total,pass,NA,historical_district_results,comptage entier non négatif
2026-10-06T13:25:39.533Z,historical_district_results:ballots,pass,NA,historical_district_results,0 non-concordances; valides + rejetés = exprimés quand applicable
2026-10-06T13:25:39.534Z,historical_district_results:turnout,pass,NA,historical_district_results,taux recalculé cohérent
2026-10-06T13:25:39.534Z,historical_party_results:timestamp,pass,NA,historical_party_results,horodatage et capture présents
2026-10-06T13:25:39.539Z,historical_party_results:provenance,pass,NA,historical_party_results,chaque source appartient au catalogue
2026-10-06T13:25:39.540Z,historical_party_results:votes,pass,NA,historical_party_results,comptage entier non négatif
2026-10-06T13:25:39.541Z,historical_turnout:timestamp,pass,NA,historical_turnout,horodatage et capture présents
2026-10-06T13:25:39.545Z,historical_turnout:provenance,pass,NA,historical_turnout,chaque source appartient au catalogue
2026-10-06T13:25:39.546Z,historical_turnout:registered,pass,NA,historical_turnout,comptage entier non négatif
2026-10-06T13:25:39.547Z,historical_turnout:valid_ballots,pass,NA,historical_turnout,comptage entier non négatif
2026-10-06T13:25:39.548Z,historical_turnout:rejected_ballots,pass,NA,historical_turnout,comptage entier non négatif
2026-10-06T13:25:39.548Z,historical_turnout:votes_cast,pass,NA,historical_turnout,comptage entier non négatif
2026-10-06T13:25:39.549Z,historical_turnout:polls_counted,pass,NA,historical_turnout,comptage entier non négatif
2026-10-06T13:25:39.550Z,historical_turnout:polls_total,pass,NA,historical_turnout,comptage entier non négatif
2026-10-06T13:25:39.557Z,historical_turnout:ballots,pass,NA,historical_turnout,0 non-concordances; valides + rejetés = exprimés quand applicable
2026-10-06T13:25:39.558Z,historical_turnout:turnout,pass,NA,historical_turnout,taux recalculé cohérent
2026-10-06T13:25:39.559Z,parties:timestamp,pass,NA,parties,horodatage et capture présents
2026-10-06T13:25:39.564Z,parties:provenance,pass,NA,parties,chaque source appartient au catalogue
2026-10-06T13:25:39.564Z,party_authorization_history:timestamp,pass,NA,party_authorization_history,horodatage et capture présents
2026-10-06T13:25:39.569Z,party_authorization_history:provenance,pass,NA,party_authorization_history,chaque source appartient au catalogue
2026-10-06T13:25:39.570Z,party_officials:timestamp,pass,NA,party_officials,horodatage et capture présents
2026-10-06T13:25:39.575Z,party_officials:provenance,pass,NA,party_officials,chaque source appartient au catalogue
2026-10-06T13:25:39.576Z,polling_candidate_links:timestamp,pass,NA,polling_candidate_links,horodatage et capture présents
2026-10-06T13:25:39.581Z,polling_candidate_links:provenance,pass,NA,polling_candidate_links,chaque source appartient au catalogue
2026-10-06T13:25:39.586Z,polling_division_results:timestamp,pass,NA,polling_division_results,horodatage et capture présents
2026-10-06T13:25:39.664Z,polling_division_results:provenance,pass,NA,polling_division_results,chaque source appartient au catalogue
2026-10-06T13:25:40.829Z,polling_division_results:key,pass,NA,polling_division_results,polling_unit_id × candidate_id × snapshot_id
2026-10-06T13:25:40.839Z,polling_division_results:votes,pass,NA,polling_division_results,comptage entier non négatif
2026-10-06T13:25:40.841Z,polling_summary_fields:timestamp,pass,NA,polling_summary_fields,horodatage et capture présents
2026-10-06T13:25:40.848Z,polling_summary_fields:provenance,pass,NA,polling_summary_fields,chaque source appartient au catalogue
2026-10-06T13:25:40.851Z,polling_units:timestamp,pass,NA,polling_units,horodatage et capture présents
2026-10-06T13:25:40.864Z,polling_units:provenance,pass,NA,polling_units,chaque source appartient au catalogue
2026-10-06T13:25:40.926Z,polling_units:key,pass,NA,polling_units,polling_unit_id × snapshot_id
2026-10-06T13:25:40.929Z,polling_units:registered,pass,NA,polling_units,comptage entier non négatif
2026-10-06T13:25:40.932Z,polling_units:valid_ballots,pass,NA,polling_units,comptage entier non négatif
2026-10-06T13:25:40.934Z,polling_units:rejected_ballots,pass,NA,polling_units,comptage entier non négatif
2026-10-06T13:25:40.937Z,polling_units:votes_cast,pass,NA,polling_units,comptage entier non négatif
2026-10-06T13:25:40.949Z,polling_units:ballots,pass,NA,polling_units,0 non-concordances; valides + rejetés = exprimés quand applicable
2026-10-06T13:25:40.950Z,registered_electors:timestamp,pass,NA,registered_electors,horodatage et capture présents
2026-10-06T13:25:40.956Z,registered_electors:provenance,pass,NA,registered_electors,chaque source appartient au catalogue
2026-10-06T13:25:40.958Z,registered_electors:key,pass,NA,registered_electors,election_id × district_id × snapshot_id
2026-10-06T13:25:40.960Z,result_source_fields:timestamp,pass,NA,result_source_fields,horodatage et capture présents
2026-10-06T13:25:40.971Z,result_source_fields:provenance,pass,NA,result_source_fields,chaque source appartient au catalogue
2026-10-06T13:25:40.973Z,results_candidate:timestamp,pass,NA,results_candidate,horodatage et capture présents
2026-10-06T13:25:40.979Z,results_candidate:provenance,pass,NA,results_candidate,chaque source appartient au catalogue
2026-10-06T13:25:40.988Z,results_candidate:key,pass,NA,results_candidate,election_id × district_id × candidate_id × snapshot_id
2026-10-06T13:25:40.990Z,results_candidate:votes,pass,NA,results_candidate,comptage entier non négatif
2026-10-06T13:25:40.991Z,results_candidate_2026:timestamp,pass,NA,results_candidate_2026,horodatage et capture présents
2026-10-06T13:25:40.997Z,results_candidate_2026:provenance,pass,NA,results_candidate_2026,chaque source appartient au catalogue
2026-10-06T13:25:40.998Z,results_candidate_2026:votes,pass,NA,results_candidate_2026,comptage entier non négatif
2026-10-06T13:25:40.999Z,results_party:timestamp,pass,NA,results_party,horodatage et capture présents
2026-10-06T13:25:41.004Z,results_party:provenance,pass,NA,results_party,chaque source appartient au catalogue
2026-10-06T13:25:41.006Z,results_party:key,pass,NA,results_party,election_id × party_id × snapshot_id
2026-10-06T13:25:41.007Z,results_party:votes,pass,NA,results_party,comptage entier non négatif
2026-10-06T13:25:41.008Z,results_party_2026:timestamp,pass,NA,results_party_2026,horodatage et capture présents
2026-10-06T13:25:41.014Z,results_party_2026:provenance,pass,NA,results_party_2026,chaque source appartient au catalogue
2026-10-06T13:25:41.015Z,results_party_2026:votes,pass,NA,results_party_2026,comptage entier non négatif
2026-10-06T13:25:41.016Z,turnout:timestamp,pass,NA,turnout,horodatage et capture présents
2026-10-06T13:25:41.021Z,turnout:provenance,pass,NA,turnout,chaque source appartient au catalogue
2026-10-06T13:25:41.023Z,turnout:key,pass,NA,turnout,election_id × district_id × snapshot_id
2026-10-06T13:25:41.025Z,turnout:registered,pass,NA,turnout,comptage entier non négatif
2026-10-06T13:25:41.026Z,turnout:valid_ballots,pass,NA,turnout,comptage entier non négatif
2026-10-06T13:25:41.027Z,turnout:rejected_ballots,pass,NA,turnout,comptage entier non négatif
2026-10-06T13:25:41.028Z,turnout:votes_cast,pass,NA,turnout,comptage entier non négatif
2026-10-06T13:25:41.029Z,turnout:polls_counted,pass,NA,turnout,comptage entier non négatif
2026-10-06T13:25:41.030Z,turnout:polls_total,pass,NA,turnout,comptage entier non négatif
2026-10-06T13:25:41.039Z,turnout:ballots,pass,NA,turnout,0 non-concordances; valides + rejetés = exprimés quand applicable
2026-10-06T13:25:41.040Z,turnout:turnout,pass,NA,turnout,taux recalculé cohérent
2026-10-06T13:25:41.041Z,turnout_history:timestamp,pass,NA,turnout_history,horodatage et capture présents
2026-10-06T13:25:41.047Z,turnout_history:provenance,pass,NA,turnout_history,chaque source appartient au catalogue
2026-10-06T13:25:41.048Z,turnout_history:registered,pass,NA,turnout_history,comptage entier non négatif
2026-10-06T13:25:41.049Z,turnout_history:valid_ballots,pass,NA,turnout_history,comptage entier non négatif
2026-10-06T13:25:41.050Z,turnout_history:rejected_ballots,pass,NA,turnout_history,comptage entier non négatif
2026-10-06T13:25:41.051Z,turnout_history:votes_cast,pass,NA,turnout_history,comptage entier non négatif
2026-10-06T13:25:41.052Z,turnout_history:polls_counted,pass,NA,turnout_history,comptage entier non négatif
2026-10-06T13:25:41.053Z,turnout_history:polls_total,pass,NA,turnout_history,comptage entier non négatif
2026-10-06T13:25:41.062Z,turnout_history:ballots,pass,NA,turnout_history,0 non-concordances; valides + rejetés = exprimés quand applicable
2026-10-06T13:25:41.063Z,turnout_history:turnout,pass,NA,turnout_history,taux recalculé cohérent
2026-10-06T13:25:41.080Z,candidate_vote_totals,pass,NA,results_candidate,sommes des candidats = bulletins valides finaux
2026-10-06T13:25:41.696Z,polling_vote_totals,pass,NA,polling_units,0 unités dont les votes ne concordent pas
2026-10-06T13:25:41.699Z,polling_links,warning,NA,polling_division_results,2612 appariements laissés non résolus
2026-10-06T13:25:41.702Z,crosswalk_fractions,pass,NA,district_crosswalk_2017_2026,"fractions dans [0,1], tolérance numérique 1e-6"
2026-10-06T13:25:41.710Z,results_candidate:shares,pass,NA,results_candidate,parts recalculées concordantes
2026-10-06T13:25:41.714Z,historical_candidate_results:shares,pass,NA,historical_candidate_results,parts recalculées concordantes
2026-10-06T13:25:41.715Z,calendar_dates,pass,NA,election_calendar_2026,dates de calendrier valides
2026-10-06T13:25:41.717Z,2026_candidates,pass,NA,candidates,Contrôle de référence daté : 908 au 3 octobre 2026; une rectification ultérieure doit être revue.
2026-10-06T13:25:41.718Z,2026_candidate_districts,pass,NA,candidates,127 circonscriptions officielles
2026-10-06T13:25:41.721Z,2026_map_count,pass,NA,electoral_districts,127 circonscriptions dans la liste officielle
2026-10-06T13:25:41.721Z,result_status,pass,NA,results_candidate,final uniquement selon source
2026-10-06T13:25:41.722Z,no_preliminary_elected,pass,NA,results_candidate,aucune élection annoncée sur la base d’un fichier préliminaire
2026-10-06T14:25:22.434Z,by_elections:timestamp,pass,NA,by_elections,horodatage et capture présents
2026-10-06T14:25:22.439Z,by_elections:provenance,pass,NA,by_elections,chaque source appartient au catalogue
2026-10-06T14:25:22.440Z,by_elections:registered,pass,NA,by_elections,comptage entier non négatif
2026-10-06T14:25:22.440Z,by_elections:valid_ballots,pass,NA,by_elections,comptage entier non négatif
2026-10-06T14:25:22.441Z,by_elections:rejected_ballots,pass,NA,by_elections,comptage entier non négatif
2026-10-06T14:25:22.441Z,by_elections:votes_cast,pass,NA,by_elections,comptage entier non négatif
2026-10-06T14:25:22.441Z,by_elections:polls_counted,pass,NA,by_elections,comptage entier non négatif
2026-10-06T14:25:22.442Z,by_elections:polls_total,pass,NA,by_elections,comptage entier non négatif
2026-10-06T14:25:22.447Z,by_elections:ballots,pass,NA,by_elections,0 non-concordances; valides + rejetés = exprimés quand applicable
2026-10-06T14:25:22.447Z,by_elections:turnout,pass,NA,by_elections,taux recalculé cohérent
2026-10-06T14:25:22.448Z,candidates:timestamp,pass,NA,candidates,horodatage et capture présents
2026-10-06T14:25:22.455Z,candidates:provenance,pass,NA,candidates,chaque source appartient au catalogue
2026-10-06T14:25:22.456Z,candidates:key,pass,NA,candidates,candidate_id × snapshot_id
2026-10-06T14:25:22.457Z,candidates_2012:timestamp,pass,NA,candidates_2012,horodatage et capture présents
2026-10-06T14:25:22.459Z,candidates_2012:provenance,pass,NA,candidates_2012,chaque source appartient au catalogue
2026-10-06T14:25:22.460Z,candidates_2012:key,pass,NA,candidates_2012,candidate_id × snapshot_id
2026-10-06T14:25:22.461Z,district_crosswalk_2017_2026:timestamp,pass,NA,district_crosswalk_2017_2026,horodatage et capture présents
2026-10-06T14:25:22.463Z,district_crosswalk_2017_2026:provenance,pass,NA,district_crosswalk_2017_2026,chaque source appartient au catalogue
2026-10-06T14:25:22.464Z,district_indicators:timestamp,pass,NA,district_indicators,horodatage et capture présents
2026-10-06T14:25:22.467Z,district_indicators:provenance,pass,NA,district_indicators,chaque source appartient au catalogue
2026-10-06T14:25:22.467Z,district_map_changes_spatial:timestamp,pass,NA,district_map_changes_spatial,horodatage et capture présents
2026-10-06T14:25:22.470Z,district_map_changes_spatial:provenance,pass,NA,district_map_changes_spatial,chaque source appartient au catalogue
2026-10-06T14:25:22.471Z,election_calendar_2026:timestamp,pass,NA,election_calendar_2026,horodatage et capture présents
2026-10-06T14:25:22.473Z,election_calendar_2026:provenance,pass,NA,election_calendar_2026,chaque source appartient au catalogue
2026-10-06T14:25:22.474Z,elections:timestamp,pass,NA,elections,horodatage et capture présents
2026-10-06T14:25:22.476Z,elections:provenance,pass,NA,elections,chaque source appartient au catalogue
2026-10-06T14:25:22.477Z,elections:key,pass,NA,elections,election_id × snapshot_id
2026-10-06T14:25:22.477Z,elections:registered,pass,NA,elections,comptage entier non négatif
2026-10-06T14:25:22.477Z,elections:valid_ballots,pass,NA,elections,comptage entier non négatif
2026-10-06T14:25:22.478Z,elections:rejected_ballots,pass,NA,elections,comptage entier non négatif
2026-10-06T14:25:22.478Z,elections:votes_cast,pass,NA,elections,comptage entier non négatif
2026-10-06T14:25:22.478Z,elections:polls_counted,pass,NA,elections,comptage entier non négatif
2026-10-06T14:25:22.479Z,elections:polls_total,pass,NA,elections,comptage entier non négatif
2026-10-06T14:25:22.483Z,elections:ballots,pass,NA,elections,0 non-concordances; valides + rejetés = exprimés quand applicable
2026-10-06T14:25:22.484Z,elections:turnout,pass,NA,elections,taux recalculé cohérent
2026-10-06T14:25:22.484Z,electoral_district_geometries:timestamp,pass,NA,electoral_district_geometries,horodatage et capture présents
2026-10-06T14:25:22.487Z,electoral_district_geometries:provenance,pass,NA,electoral_district_geometries,chaque source appartient au catalogue
2026-10-06T14:25:22.488Z,electoral_districts:timestamp,pass,NA,electoral_districts,horodatage et capture présents
2026-10-06T14:25:22.491Z,electoral_districts:provenance,pass,NA,electoral_districts,chaque source appartient au catalogue
2026-10-06T14:25:22.492Z,electoral_districts:key,pass,NA,electoral_districts,district_id × snapshot_id
2026-10-06T14:25:22.492Z,financial_document_index:timestamp,pass,NA,financial_document_index,horodatage et capture présents
2026-10-06T14:25:22.495Z,financial_document_index:provenance,pass,NA,financial_document_index,chaque source appartient au catalogue
2026-10-06T14:25:22.495Z,historical_candidate_results:timestamp,pass,NA,historical_candidate_results,horodatage et capture présents
2026-10-06T14:25:22.502Z,historical_candidate_results:provenance,pass,NA,historical_candidate_results,chaque source appartient au catalogue
2026-10-06T14:25:22.502Z,historical_candidate_results:votes,pass,NA,historical_candidate_results,comptage entier non négatif
2026-10-06T14:25:22.503Z,historical_district_results:timestamp,pass,NA,historical_district_results,horodatage et capture présents
2026-10-06T14:25:22.505Z,historical_district_results:provenance,pass,NA,historical_district_results,chaque source appartient au catalogue
2026-10-06T14:25:22.506Z,historical_district_results:registered,pass,NA,historical_district_results,comptage entier non négatif
2026-10-06T14:25:22.506Z,historical_district_results:valid_ballots,pass,NA,historical_district_results,comptage entier non négatif
2026-10-06T14:25:22.506Z,historical_district_results:rejected_ballots,pass,NA,historical_district_results,comptage entier non négatif
2026-10-06T14:25:22.507Z,historical_district_results:votes_cast,pass,NA,historical_district_results,comptage entier non négatif
2026-10-06T14:25:22.507Z,historical_district_results:polls_counted,pass,NA,historical_district_results,comptage entier non négatif
2026-10-06T14:25:22.507Z,historical_district_results:polls_total,pass,NA,historical_district_results,comptage entier non négatif
2026-10-06T14:25:22.511Z,historical_district_results:ballots,pass,NA,historical_district_results,0 non-concordances; valides + rejetés = exprimés quand applicable
2026-10-06T14:25:22.512Z,historical_district_results:turnout,pass,NA,historical_district_results,taux recalculé cohérent
2026-10-06T14:25:22.512Z,historical_party_results:timestamp,pass,NA,historical_party_results,horodatage et capture présents
2026-10-06T14:25:22.515Z,historical_party_results:provenance,pass,NA,historical_party_results,chaque source appartient au catalogue
2026-10-06T14:25:22.515Z,historical_party_results:votes,pass,NA,historical_party_results,comptage entier non négatif
2026-10-06T14:25:22.516Z,historical_turnout:timestamp,pass,NA,historical_turnout,horodatage et capture présents
2026-10-06T14:25:22.519Z,historical_turnout:provenance,pass,NA,historical_turnout,chaque source appartient au catalogue
2026-10-06T14:25:22.519Z,historical_turnout:registered,pass,NA,historical_turnout,comptage entier non négatif
2026-10-06T14:25:22.520Z,historical_turnout:valid_ballots,pass,NA,historical_turnout,comptage entier non négatif
2026-10-06T14:25:22.520Z,historical_turnout:rejected_ballots,pass,NA,historical_turnout,comptage entier non négatif
2026-10-06T14:25:22.520Z,historical_turnout:votes_cast,pass,NA,historical_turnout,comptage entier non négatif
2026-10-06T14:25:22.521Z,historical_turnout:polls_counted,pass,NA,historical_turnout,comptage entier non négatif
2026-10-06T14:25:22.521Z,historical_turnout:polls_total,pass,NA,historical_turnout,comptage entier non négatif
2026-10-06T14:25:22.525Z,historical_turnout:ballots,pass,NA,historical_turnout,0 non-concordances; valides + rejetés = exprimés quand applicable
2026-10-06T14:25:22.526Z,historical_turnout:turnout,pass,NA,historical_turnout,taux recalculé cohérent
2026-10-06T14:25:22.526Z,parties:timestamp,pass,NA,parties,horodatage et capture présents
2026-10-06T14:25:22.529Z,parties:provenance,pass,NA,parties,chaque source appartient au catalogue
2026-10-06T14:25:22.529Z,party_authorization_history:timestamp,pass,NA,party_authorization_history,horodatage et capture présents
2026-10-06T14:25:22.532Z,party_authorization_history:provenance,pass,NA,party_authorization_history,chaque source appartient au catalogue
2026-10-06T14:25:22.533Z,party_officials:timestamp,pass,NA,party_officials,horodatage et capture présents
2026-10-06T14:25:22.535Z,party_officials:provenance,pass,NA,party_officials,chaque source appartient au catalogue
2026-10-06T14:25:22.536Z,polling_candidate_links:timestamp,pass,NA,polling_candidate_links,horodatage et capture présents
2026-10-06T14:25:22.539Z,polling_candidate_links:provenance,pass,NA,polling_candidate_links,chaque source appartient au catalogue
2026-10-06T14:25:22.543Z,polling_division_results:timestamp,pass,NA,polling_division_results,horodatage et capture présents
2026-10-06T14:25:22.600Z,polling_division_results:provenance,pass,NA,polling_division_results,chaque source appartient au catalogue
2026-10-06T14:25:23.174Z,polling_division_results:key,pass,NA,polling_division_results,polling_unit_id × candidate_id × snapshot_id
2026-10-06T14:25:23.179Z,polling_division_results:votes,pass,NA,polling_division_results,comptage entier non négatif
2026-10-06T14:25:23.180Z,polling_summary_fields:timestamp,pass,NA,polling_summary_fields,horodatage et capture présents
2026-10-06T14:25:23.184Z,polling_summary_fields:provenance,pass,NA,polling_summary_fields,chaque source appartient au catalogue
2026-10-06T14:25:23.186Z,polling_units:timestamp,pass,NA,polling_units,horodatage et capture présents
2026-10-06T14:25:23.195Z,polling_units:provenance,pass,NA,polling_units,chaque source appartient au catalogue
2026-10-06T14:25:23.235Z,polling_units:key,pass,NA,polling_units,polling_unit_id × snapshot_id
2026-10-06T14:25:23.236Z,polling_units:registered,pass,NA,polling_units,comptage entier non négatif
2026-10-06T14:25:23.237Z,polling_units:valid_ballots,pass,NA,polling_units,comptage entier non négatif
2026-10-06T14:25:23.238Z,polling_units:rejected_ballots,pass,NA,polling_units,comptage entier non négatif
2026-10-06T14:25:23.239Z,polling_units:votes_cast,pass,NA,polling_units,comptage entier non négatif
2026-10-06T14:25:23.244Z,polling_units:ballots,pass,NA,polling_units,0 non-concordances; valides + rejetés = exprimés quand applicable
2026-10-06T14:25:23.245Z,registered_electors:timestamp,pass,NA,registered_electors,horodatage et capture présents
2026-10-06T14:25:23.248Z,registered_electors:provenance,pass,NA,registered_electors,chaque source appartient au catalogue
2026-10-06T14:25:23.248Z,registered_electors:key,pass,NA,registered_electors,election_id × district_id × snapshot_id
2026-10-06T14:25:23.249Z,result_source_fields:timestamp,pass,NA,result_source_fields,horodatage et capture présents
2026-10-06T14:25:23.256Z,result_source_fields:provenance,pass,NA,result_source_fields,chaque source appartient au catalogue
2026-10-06T14:25:23.257Z,results_candidate:timestamp,pass,NA,results_candidate,horodatage et capture présents
2026-10-06T14:25:23.260Z,results_candidate:provenance,pass,NA,results_candidate,chaque source appartient au catalogue
2026-10-06T14:25:23.264Z,results_candidate:key,pass,NA,results_candidate,election_id × district_id × candidate_id × snapshot_id
2026-10-06T14:25:23.265Z,results_candidate:votes,pass,NA,results_candidate,comptage entier non négatif
2026-10-06T14:25:23.265Z,results_candidate_2026:timestamp,pass,NA,results_candidate_2026,horodatage et capture présents
2026-10-06T14:25:23.268Z,results_candidate_2026:provenance,pass,NA,results_candidate_2026,chaque source appartient au catalogue
2026-10-06T14:25:23.269Z,results_candidate_2026:votes,pass,NA,results_candidate_2026,comptage entier non négatif
2026-10-06T14:25:23.269Z,results_party:timestamp,pass,NA,results_party,horodatage et capture présents
2026-10-06T14:25:23.272Z,results_party:provenance,pass,NA,results_party,chaque source appartient au catalogue
2026-10-06T14:25:23.273Z,results_party:key,pass,NA,results_party,election_id × party_id × snapshot_id
2026-10-06T14:25:23.273Z,results_party:votes,pass,NA,results_party,comptage entier non négatif
2026-10-06T14:25:23.274Z,results_party_2026:timestamp,pass,NA,results_party_2026,horodatage et capture présents
2026-10-06T14:25:23.276Z,results_party_2026:provenance,pass,NA,results_party_2026,chaque source appartient au catalogue
2026-10-06T14:25:23.277Z,results_party_2026:votes,pass,NA,results_party_2026,comptage entier non négatif
2026-10-06T14:25:23.277Z,turnout:timestamp,pass,NA,turnout,horodatage et capture présents
2026-10-06T14:25:23.280Z,turnout:provenance,pass,NA,turnout,chaque source appartient au catalogue
2026-10-06T14:25:23.281Z,turnout:key,pass,NA,turnout,election_id × district_id × snapshot_id
2026-10-06T14:25:23.282Z,turnout:registered,pass,NA,turnout,comptage entier non négatif
2026-10-06T14:25:23.282Z,turnout:valid_ballots,pass,NA,turnout,comptage entier non négatif
2026-10-06T14:25:23.282Z,turnout:rejected_ballots,pass,NA,turnout,comptage entier non négatif
2026-10-06T14:25:23.283Z,turnout:votes_cast,pass,NA,turnout,comptage entier non négatif
2026-10-06T14:25:23.283Z,turnout:polls_counted,pass,NA,turnout,comptage entier non négatif
2026-10-06T14:25:23.283Z,turnout:polls_total,pass,NA,turnout,comptage entier non négatif
2026-10-06T14:25:23.288Z,turnout:ballots,pass,NA,turnout,0 non-concordances; valides + rejetés = exprimés quand applicable
2026-10-06T14:25:23.289Z,turnout:turnout,pass,NA,turnout,taux recalculé cohérent
2026-10-06T14:25:23.289Z,turnout_history:timestamp,pass,NA,turnout_history,horodatage et capture présents
2026-10-06T14:25:23.292Z,turnout_history:provenance,pass,NA,turnout_history,chaque source appartient au catalogue
2026-10-06T14:25:23.292Z,turnout_history:registered,pass,NA,turnout_history,comptage entier non négatif
2026-10-06T14:25:23.293Z,turnout_history:valid_ballots,pass,NA,turnout_history,comptage entier non négatif
2026-10-06T14:25:23.293Z,turnout_history:rejected_ballots,pass,NA,turnout_history,comptage entier non négatif
2026-10-06T14:25:23.294Z,turnout_history:votes_cast,pass,NA,turnout_history,comptage entier non négatif
2026-10-06T14:25:23.294Z,turnout_history:polls_counted,pass,NA,turnout_history,comptage entier non négatif
2026-10-06T14:25:23.294Z,turnout_history:polls_total,pass,NA,turnout_history,comptage entier non négatif
2026-10-06T14:25:23.298Z,turnout_history:ballots,pass,NA,turnout_history,0 non-concordances; valides + rejetés = exprimés quand applicable
2026-10-06T14:25:23.299Z,turnout_history:turnout,pass,NA,turnout_history,taux recalculé cohérent
2026-10-06T14:25:23.311Z,candidate_vote_totals,pass,NA,results_candidate,sommes des candidats = bulletins valides finaux
2026-10-06T14:25:23.606Z,polling_vote_totals,pass,NA,polling_units,0 unités dont les votes ne concordent pas
2026-10-06T14:25:23.608Z,polling_links,warning,NA,polling_division_results,2612 appariements laissés non résolus
2026-10-06T14:25:23.610Z,crosswalk_fractions,pass,NA,district_crosswalk_2017_2026,"fractions dans [0,1], tolérance numérique 1e-6"
2026-10-06T14:25:23.613Z,results_candidate:shares,pass,NA,results_candidate,parts recalculées concordantes
2026-10-06T14:25:23.615Z,historical_candidate_results:shares,pass,NA,historical_candidate_results,parts recalculées concordantes
2026-10-06T14:25:23.615Z,calendar_dates,pass,NA,election_calendar_2026,dates de calendrier valides
2026-10-06T14:25:23.617Z,2026_candidates,pass,NA,candidates,Contrôle de référence daté : 908 au 3 octobre 2026; une rectification ultérieure doit être revue.
2026-10-06T14:25:23.617Z,2026_candidate_districts,pass,NA,candidates,127 circonscriptions officielles
2026-10-06T14:25:23.618Z,2026_map_count,pass,NA,electoral_districts,127 circonscriptions dans la liste officielle
2026-10-06T14:25:23.618Z,result_status,pass,NA,results_candidate,final uniquement selon source
2026-10-06T14:25:23.619Z,no_preliminary_elected,pass,NA,results_candidate,aucune élection annoncée sur la base d’un fichier préliminaire
2026-10-06T14:25:29.194Z,by_elections:timestamp,pass,NA,by_elections,horodatage et capture présents
2026-10-06T14:25:29.199Z,by_elections:provenance,pass,NA,by_elections,chaque source appartient au catalogue
2026-10-06T14:25:29.199Z,by_elections:registered,pass,NA,by_elections,comptage entier non négatif
2026-10-06T14:25:29.200Z,by_elections:valid_ballots,pass,NA,by_elections,comptage entier non négatif
2026-10-06T14:25:29.200Z,by_elections:rejected_ballots,pass,NA,by_elections,comptage entier non négatif
2026-10-06T14:25:29.201Z,by_elections:votes_cast,pass,NA,by_elections,comptage entier non négatif
2026-10-06T14:25:29.201Z,by_elections:polls_counted,pass,NA,by_elections,comptage entier non négatif
2026-10-06T14:25:29.201Z,by_elections:polls_total,pass,NA,by_elections,comptage entier non négatif
2026-10-06T14:25:29.206Z,by_elections:ballots,pass,NA,by_elections,0 non-concordances; valides + rejetés = exprimés quand applicable
2026-10-06T14:25:29.207Z,by_elections:turnout,pass,NA,by_elections,taux recalculé cohérent
2026-10-06T14:25:29.207Z,candidates:timestamp,pass,NA,candidates,horodatage et capture présents
2026-10-06T14:25:29.211Z,candidates:provenance,pass,NA,candidates,chaque source appartient au catalogue
2026-10-06T14:25:29.212Z,candidates:key,pass,NA,candidates,candidate_id × snapshot_id
2026-10-06T14:25:29.213Z,candidates_2012:timestamp,pass,NA,candidates_2012,horodatage et capture présents
2026-10-06T14:25:29.216Z,candidates_2012:provenance,pass,NA,candidates_2012,chaque source appartient au catalogue
2026-10-06T14:25:29.216Z,candidates_2012:key,pass,NA,candidates_2012,candidate_id × snapshot_id
2026-10-06T14:25:29.217Z,district_crosswalk_2017_2026:timestamp,pass,NA,district_crosswalk_2017_2026,horodatage et capture présents
2026-10-06T14:25:29.220Z,district_crosswalk_2017_2026:provenance,pass,NA,district_crosswalk_2017_2026,chaque source appartient au catalogue
2026-10-06T14:25:29.220Z,district_indicators:timestamp,pass,NA,district_indicators,horodatage et capture présents
2026-10-06T14:25:29.223Z,district_indicators:provenance,pass,NA,district_indicators,chaque source appartient au catalogue
2026-10-06T14:25:29.223Z,district_map_changes_spatial:timestamp,pass,NA,district_map_changes_spatial,horodatage et capture présents
2026-10-06T14:25:29.226Z,district_map_changes_spatial:provenance,pass,NA,district_map_changes_spatial,chaque source appartient au catalogue
2026-10-06T14:25:29.226Z,election_calendar_2026:timestamp,pass,NA,election_calendar_2026,horodatage et capture présents
2026-10-06T14:25:29.229Z,election_calendar_2026:provenance,pass,NA,election_calendar_2026,chaque source appartient au catalogue
2026-10-06T14:25:29.230Z,elections:timestamp,pass,NA,elections,horodatage et capture présents
2026-10-06T14:25:29.233Z,elections:provenance,pass,NA,elections,chaque source appartient au catalogue
2026-10-06T14:25:29.233Z,elections:key,pass,NA,elections,election_id × snapshot_id
2026-10-06T14:25:29.234Z,elections:registered,pass,NA,elections,comptage entier non négatif
2026-10-06T14:25:29.234Z,elections:valid_ballots,pass,NA,elections,comptage entier non négatif
2026-10-06T14:25:29.234Z,elections:rejected_ballots,pass,NA,elections,comptage entier non négatif
2026-10-06T14:25:29.235Z,elections:votes_cast,pass,NA,elections,comptage entier non négatif
2026-10-06T14:25:29.235Z,elections:polls_counted,pass,NA,elections,comptage entier non négatif
2026-10-06T14:25:29.235Z,elections:polls_total,pass,NA,elections,comptage entier non négatif
2026-10-06T14:25:29.243Z,elections:ballots,pass,NA,elections,0 non-concordances; valides + rejetés = exprimés quand applicable
2026-10-06T14:25:29.244Z,elections:turnout,pass,NA,elections,taux recalculé cohérent
2026-10-06T14:25:29.244Z,electoral_district_geometries:timestamp,pass,NA,electoral_district_geometries,horodatage et capture présents
2026-10-06T14:25:29.247Z,electoral_district_geometries:provenance,pass,NA,electoral_district_geometries,chaque source appartient au catalogue
2026-10-06T14:25:29.247Z,electoral_districts:timestamp,pass,NA,electoral_districts,horodatage et capture présents
2026-10-06T14:25:29.250Z,electoral_districts:provenance,pass,NA,electoral_districts,chaque source appartient au catalogue
2026-10-06T14:25:29.251Z,electoral_districts:key,pass,NA,electoral_districts,district_id × snapshot_id
2026-10-06T14:25:29.251Z,financial_document_index:timestamp,pass,NA,financial_document_index,horodatage et capture présents
2026-10-06T14:25:29.254Z,financial_document_index:provenance,pass,NA,financial_document_index,chaque source appartient au catalogue
2026-10-06T14:25:29.254Z,historical_candidate_results:timestamp,pass,NA,historical_candidate_results,horodatage et capture présents
2026-10-06T14:25:29.257Z,historical_candidate_results:provenance,pass,NA,historical_candidate_results,chaque source appartient au catalogue
2026-10-06T14:25:29.257Z,historical_candidate_results:votes,pass,NA,historical_candidate_results,comptage entier non négatif
2026-10-06T14:25:29.258Z,historical_district_results:timestamp,pass,NA,historical_district_results,horodatage et capture présents
2026-10-06T14:25:29.260Z,historical_district_results:provenance,pass,NA,historical_district_results,chaque source appartient au catalogue
2026-10-06T14:25:29.261Z,historical_district_results:registered,pass,NA,historical_district_results,comptage entier non négatif
2026-10-06T14:25:29.261Z,historical_district_results:valid_ballots,pass,NA,historical_district_results,comptage entier non négatif
2026-10-06T14:25:29.262Z,historical_district_results:rejected_ballots,pass,NA,historical_district_results,comptage entier non négatif
2026-10-06T14:25:29.262Z,historical_district_results:votes_cast,pass,NA,historical_district_results,comptage entier non négatif
2026-10-06T14:25:29.262Z,historical_district_results:polls_counted,pass,NA,historical_district_results,comptage entier non négatif
2026-10-06T14:25:29.263Z,historical_district_results:polls_total,pass,NA,historical_district_results,comptage entier non négatif
2026-10-06T14:25:29.267Z,historical_district_results:ballots,pass,NA,historical_district_results,0 non-concordances; valides + rejetés = exprimés quand applicable
2026-10-06T14:25:29.267Z,historical_district_results:turnout,pass,NA,historical_district_results,taux recalculé cohérent
2026-10-06T14:25:29.268Z,historical_party_results:timestamp,pass,NA,historical_party_results,horodatage et capture présents
2026-10-06T14:25:29.270Z,historical_party_results:provenance,pass,NA,historical_party_results,chaque source appartient au catalogue
2026-10-06T14:25:29.271Z,historical_party_results:votes,pass,NA,historical_party_results,comptage entier non négatif
2026-10-06T14:25:29.271Z,historical_turnout:timestamp,pass,NA,historical_turnout,horodatage et capture présents
2026-10-06T14:25:29.274Z,historical_turnout:provenance,pass,NA,historical_turnout,chaque source appartient au catalogue
2026-10-06T14:25:29.275Z,historical_turnout:registered,pass,NA,historical_turnout,comptage entier non négatif
2026-10-06T14:25:29.275Z,historical_turnout:valid_ballots,pass,NA,historical_turnout,comptage entier non négatif
2026-10-06T14:25:29.275Z,historical_turnout:rejected_ballots,pass,NA,historical_turnout,comptage entier non négatif
2026-10-06T14:25:29.276Z,historical_turnout:votes_cast,pass,NA,historical_turnout,comptage entier non négatif
2026-10-06T14:25:29.276Z,historical_turnout:polls_counted,pass,NA,historical_turnout,comptage entier non négatif
2026-10-06T14:25:29.276Z,historical_turnout:polls_total,pass,NA,historical_turnout,comptage entier non négatif
2026-10-06T14:25:29.280Z,historical_turnout:ballots,pass,NA,historical_turnout,0 non-concordances; valides + rejetés = exprimés quand applicable
2026-10-06T14:25:29.281Z,historical_turnout:turnout,pass,NA,historical_turnout,taux recalculé cohérent
2026-10-06T14:25:29.281Z,parties:timestamp,pass,NA,parties,horodatage et capture présents
2026-10-06T14:25:29.284Z,parties:provenance,pass,NA,parties,chaque source appartient au catalogue
2026-10-06T14:25:29.284Z,party_authorization_history:timestamp,pass,NA,party_authorization_history,horodatage et capture présents
2026-10-06T14:25:29.287Z,party_authorization_history:provenance,pass,NA,party_authorization_history,chaque source appartient au catalogue
2026-10-06T14:25:29.287Z,party_officials:timestamp,pass,NA,party_officials,horodatage et capture présents
2026-10-06T14:25:29.290Z,party_officials:provenance,pass,NA,party_officials,chaque source appartient au catalogue
2026-10-06T14:25:29.290Z,polling_candidate_links:timestamp,pass,NA,polling_candidate_links,horodatage et capture présents
2026-10-06T14:25:29.293Z,polling_candidate_links:provenance,pass,NA,polling_candidate_links,chaque source appartient au catalogue
2026-10-06T14:25:29.298Z,polling_division_results:timestamp,pass,NA,polling_division_results,horodatage et capture présents
2026-10-06T14:25:29.352Z,polling_division_results:provenance,pass,NA,polling_division_results,chaque source appartient au catalogue
2026-10-06T14:25:29.930Z,polling_division_results:key,pass,NA,polling_division_results,polling_unit_id × candidate_id × snapshot_id
2026-10-06T14:25:29.935Z,polling_division_results:votes,pass,NA,polling_division_results,comptage entier non négatif
2026-10-06T14:25:29.936Z,polling_summary_fields:timestamp,pass,NA,polling_summary_fields,horodatage et capture présents
2026-10-06T14:25:29.941Z,polling_summary_fields:provenance,pass,NA,polling_summary_fields,chaque source appartient au catalogue
2026-10-06T14:25:29.942Z,polling_units:timestamp,pass,NA,polling_units,horodatage et capture présents
2026-10-06T14:25:29.951Z,polling_units:provenance,pass,NA,polling_units,chaque source appartient au catalogue
2026-10-06T14:25:29.987Z,polling_units:key,pass,NA,polling_units,polling_unit_id × snapshot_id
2026-10-06T14:25:29.988Z,polling_units:registered,pass,NA,polling_units,comptage entier non négatif
2026-10-06T14:25:29.989Z,polling_units:valid_ballots,pass,NA,polling_units,comptage entier non négatif
2026-10-06T14:25:29.990Z,polling_units:rejected_ballots,pass,NA,polling_units,comptage entier non négatif
2026-10-06T14:25:29.992Z,polling_units:votes_cast,pass,NA,polling_units,comptage entier non négatif
2026-10-06T14:25:29.997Z,polling_units:ballots,pass,NA,polling_units,0 non-concordances; valides + rejetés = exprimés quand applicable
2026-10-06T14:25:29.997Z,registered_electors:timestamp,pass,NA,registered_electors,horodatage et capture présents
2026-10-06T14:25:30.000Z,registered_electors:provenance,pass,NA,registered_electors,chaque source appartient au catalogue
2026-10-06T14:25:30.001Z,registered_electors:key,pass,NA,registered_electors,election_id × district_id × snapshot_id
2026-10-06T14:25:30.002Z,result_source_fields:timestamp,pass,NA,result_source_fields,horodatage et capture présents
2026-10-06T14:25:30.009Z,result_source_fields:provenance,pass,NA,result_source_fields,chaque source appartient au catalogue
2026-10-06T14:25:30.010Z,results_candidate:timestamp,pass,NA,results_candidate,horodatage et capture présents
2026-10-06T14:25:30.013Z,results_candidate:provenance,pass,NA,results_candidate,chaque source appartient au catalogue
2026-10-06T14:25:30.017Z,results_candidate:key,pass,NA,results_candidate,election_id × district_id × candidate_id × snapshot_id
2026-10-06T14:25:30.018Z,results_candidate:votes,pass,NA,results_candidate,comptage entier non négatif
2026-10-06T14:25:30.019Z,results_candidate_2026:timestamp,pass,NA,results_candidate_2026,horodatage et capture présents
2026-10-06T14:25:30.022Z,results_candidate_2026:provenance,pass,NA,results_candidate_2026,chaque source appartient au catalogue
2026-10-06T14:25:30.023Z,results_candidate_2026:votes,pass,NA,results_candidate_2026,comptage entier non négatif
2026-10-06T14:25:30.024Z,results_party:timestamp,pass,NA,results_party,horodatage et capture présents
2026-10-06T14:25:30.027Z,results_party:provenance,pass,NA,results_party,chaque source appartient au catalogue
2026-10-06T14:25:30.028Z,results_party:key,pass,NA,results_party,election_id × party_id × snapshot_id
2026-10-06T14:25:30.028Z,results_party:votes,pass,NA,results_party,comptage entier non négatif
2026-10-06T14:25:30.029Z,results_party_2026:timestamp,pass,NA,results_party_2026,horodatage et capture présents
2026-10-06T14:25:30.032Z,results_party_2026:provenance,pass,NA,results_party_2026,chaque source appartient au catalogue
2026-10-06T14:25:30.032Z,results_party_2026:votes,pass,NA,results_party_2026,comptage entier non négatif
2026-10-06T14:25:30.032Z,turnout:timestamp,pass,NA,turnout,horodatage et capture présents
2026-10-06T14:25:30.035Z,turnout:provenance,pass,NA,turnout,chaque source appartient au catalogue
2026-10-06T14:25:30.036Z,turnout:key,pass,NA,turnout,election_id × district_id × snapshot_id
2026-10-06T14:25:30.037Z,turnout:registered,pass,NA,turnout,comptage entier non négatif
2026-10-06T14:25:30.037Z,turnout:valid_ballots,pass,NA,turnout,comptage entier non négatif
2026-10-06T14:25:30.038Z,turnout:rejected_ballots,pass,NA,turnout,comptage entier non négatif
2026-10-06T14:25:30.038Z,turnout:votes_cast,pass,NA,turnout,comptage entier non négatif
2026-10-06T14:25:30.039Z,turnout:polls_counted,pass,NA,turnout,comptage entier non négatif
2026-10-06T14:25:30.039Z,turnout:polls_total,pass,NA,turnout,comptage entier non négatif
2026-10-06T14:25:30.044Z,turnout:ballots,pass,NA,turnout,0 non-concordances; valides + rejetés = exprimés quand applicable
2026-10-06T14:25:30.044Z,turnout:turnout,pass,NA,turnout,taux recalculé cohérent
2026-10-06T14:25:30.045Z,turnout_history:timestamp,pass,NA,turnout_history,horodatage et capture présents
2026-10-06T14:25:30.047Z,turnout_history:provenance,pass,NA,turnout_history,chaque source appartient au catalogue
2026-10-06T14:25:30.048Z,turnout_history:registered,pass,NA,turnout_history,comptage entier non négatif
2026-10-06T14:25:30.048Z,turnout_history:valid_ballots,pass,NA,turnout_history,comptage entier non négatif
2026-10-06T14:25:30.048Z,turnout_history:rejected_ballots,pass,NA,turnout_history,comptage entier non négatif
2026-10-06T14:25:30.049Z,turnout_history:votes_cast,pass,NA,turnout_history,comptage entier non négatif
2026-10-06T14:25:30.049Z,turnout_history:polls_counted,pass,NA,turnout_history,comptage entier non négatif
2026-10-06T14:25:30.050Z,turnout_history:polls_total,pass,NA,turnout_history,comptage entier non négatif
2026-10-06T14:25:30.054Z,turnout_history:ballots,pass,NA,turnout_history,0 non-concordances; valides + rejetés = exprimés quand applicable
2026-10-06T14:25:30.054Z,turnout_history:turnout,pass,NA,turnout_history,taux recalculé cohérent
2026-10-06T14:25:30.064Z,candidate_vote_totals,pass,NA,results_candidate,sommes des candidats = bulletins valides finaux
2026-10-06T14:25:30.390Z,polling_vote_totals,pass,NA,polling_units,0 unités dont les votes ne concordent pas
2026-10-06T14:25:30.392Z,polling_links,warning,NA,polling_division_results,2612 appariements laissés non résolus
2026-10-06T14:25:30.394Z,crosswalk_fractions,pass,NA,district_crosswalk_2017_2026,"fractions dans [0,1], tolérance numérique 1e-6"
2026-10-06T14:25:30.398Z,results_candidate:shares,pass,NA,results_candidate,parts recalculées concordantes
2026-10-06T14:25:30.400Z,historical_candidate_results:shares,pass,NA,historical_candidate_results,parts recalculées concordantes
2026-10-06T14:25:30.401Z,calendar_dates,pass,NA,election_calendar_2026,dates de calendrier valides
2026-10-06T14:25:30.402Z,2026_candidates,pass,NA,candidates,Contrôle de référence daté : 908 au 3 octobre 2026; une rectification ultérieure doit être revue.
2026-10-06T14:25:30.403Z,2026_candidate_districts,pass,NA,candidates,127 circonscriptions officielles
2026-10-06T14:25:30.404Z,2026_map_count,pass,NA,electoral_districts,127 circonscriptions dans la liste officielle
2026-10-06T14:25:30.404Z,result_status,pass,NA,results_candidate,final uniquement selon source
2026-10-06T14:25:30.405Z,no_preliminary_elected,pass,NA,results_candidate,aucune élection annoncée sur la base d’un fichier préliminaire
2026-10-06T15:05:51.722Z,by_elections:timestamp,pass,NA,by_elections,horodatage et capture présents
2026-10-06T15:05:51.728Z,by_elections:provenance,pass,NA,by_elections,chaque source appartient au catalogue
2026-10-06T15:05:51.728Z,by_elections:registered,pass,NA,by_elections,comptage entier non négatif
2026-10-06T15:05:51.729Z,by_elections:valid_ballots,pass,NA,by_elections,comptage entier non négatif
2026-10-06T15:05:51.729Z,by_elections:rejected_ballots,pass,NA,by_elections,comptage entier non négatif
2026-10-06T15:05:51.729Z,by_elections:votes_cast,pass,NA,by_elections,comptage entier non négatif
2026-10-06T15:05:51.730Z,by_elections:polls_counted,pass,NA,by_elections,comptage entier non négatif
2026-10-06T15:05:51.730Z,by_elections:polls_total,pass,NA,by_elections,comptage entier non négatif
2026-10-06T15:05:51.736Z,by_elections:ballots,pass,NA,by_elections,0 non-concordances; valides + rejetés = exprimés quand applicable
2026-10-06T15:05:51.737Z,by_elections:turnout,pass,NA,by_elections,taux recalculé cohérent
2026-10-06T15:05:51.737Z,candidates:timestamp,pass,NA,candidates,horodatage et capture présents
2026-10-06T15:05:51.740Z,candidates:provenance,pass,NA,candidates,chaque source appartient au catalogue
2026-10-06T15:05:51.745Z,candidates:key,pass,NA,candidates,candidate_id × snapshot_id
2026-10-06T15:05:51.746Z,candidates_2012:timestamp,pass,NA,candidates_2012,horodatage et capture présents
2026-10-06T15:05:51.749Z,candidates_2012:provenance,pass,NA,candidates_2012,chaque source appartient au catalogue
2026-10-06T15:05:51.750Z,candidates_2012:key,pass,NA,candidates_2012,candidate_id × snapshot_id
2026-10-06T15:05:51.750Z,district_crosswalk_2017_2026:timestamp,pass,NA,district_crosswalk_2017_2026,horodatage et capture présents
2026-10-06T15:05:51.753Z,district_crosswalk_2017_2026:provenance,pass,NA,district_crosswalk_2017_2026,chaque source appartient au catalogue
2026-10-06T15:05:51.753Z,district_indicators:timestamp,pass,NA,district_indicators,horodatage et capture présents
2026-10-06T15:05:51.756Z,district_indicators:provenance,pass,NA,district_indicators,chaque source appartient au catalogue
2026-10-06T15:05:51.756Z,district_map_changes_spatial:timestamp,pass,NA,district_map_changes_spatial,horodatage et capture présents
2026-10-06T15:05:51.759Z,district_map_changes_spatial:provenance,pass,NA,district_map_changes_spatial,chaque source appartient au catalogue
2026-10-06T15:05:51.759Z,election_calendar_2026:timestamp,pass,NA,election_calendar_2026,horodatage et capture présents
2026-10-06T15:05:51.762Z,election_calendar_2026:provenance,pass,NA,election_calendar_2026,chaque source appartient au catalogue
2026-10-06T15:05:51.762Z,elections:timestamp,pass,NA,elections,horodatage et capture présents
2026-10-06T15:05:51.765Z,elections:provenance,pass,NA,elections,chaque source appartient au catalogue
2026-10-06T15:05:51.765Z,elections:key,pass,NA,elections,election_id × snapshot_id
2026-10-06T15:05:51.766Z,elections:registered,pass,NA,elections,comptage entier non négatif
2026-10-06T15:05:51.766Z,elections:valid_ballots,pass,NA,elections,comptage entier non négatif
2026-10-06T15:05:51.767Z,elections:rejected_ballots,pass,NA,elections,comptage entier non négatif
2026-10-06T15:05:51.767Z,elections:votes_cast,pass,NA,elections,comptage entier non négatif
2026-10-06T15:05:51.767Z,elections:polls_counted,pass,NA,elections,comptage entier non négatif
2026-10-06T15:05:51.768Z,elections:polls_total,pass,NA,elections,comptage entier non négatif
2026-10-06T15:05:51.772Z,elections:ballots,pass,NA,elections,0 non-concordances; valides + rejetés = exprimés quand applicable
2026-10-06T15:05:51.773Z,elections:turnout,pass,NA,elections,taux recalculé cohérent
2026-10-06T15:05:51.773Z,electoral_district_geometries:timestamp,pass,NA,electoral_district_geometries,horodatage et capture présents
2026-10-06T15:05:51.776Z,electoral_district_geometries:provenance,pass,NA,electoral_district_geometries,chaque source appartient au catalogue
2026-10-06T15:05:51.776Z,electoral_districts:timestamp,pass,NA,electoral_districts,horodatage et capture présents
2026-10-06T15:05:51.779Z,electoral_districts:provenance,pass,NA,electoral_districts,chaque source appartient au catalogue
2026-10-06T15:05:51.780Z,electoral_districts:key,pass,NA,electoral_districts,district_id × snapshot_id
2026-10-06T15:05:51.780Z,financial_document_index:timestamp,pass,NA,financial_document_index,horodatage et capture présents
2026-10-06T15:05:51.783Z,financial_document_index:provenance,pass,NA,financial_document_index,chaque source appartient au catalogue
2026-10-06T15:05:51.783Z,historical_candidate_results:timestamp,pass,NA,historical_candidate_results,horodatage et capture présents
2026-10-06T15:05:51.786Z,historical_candidate_results:provenance,pass,NA,historical_candidate_results,chaque source appartient au catalogue
2026-10-06T15:05:51.787Z,historical_candidate_results:votes,pass,NA,historical_candidate_results,comptage entier non négatif
2026-10-06T15:05:51.787Z,historical_district_results:timestamp,pass,NA,historical_district_results,horodatage et capture présents
2026-10-06T15:05:51.790Z,historical_district_results:provenance,pass,NA,historical_district_results,chaque source appartient au catalogue
2026-10-06T15:05:51.790Z,historical_district_results:registered,pass,NA,historical_district_results,comptage entier non négatif
2026-10-06T15:05:51.790Z,historical_district_results:valid_ballots,pass,NA,historical_district_results,comptage entier non négatif
2026-10-06T15:05:51.791Z,historical_district_results:rejected_ballots,pass,NA,historical_district_results,comptage entier non négatif
2026-10-06T15:05:51.791Z,historical_district_results:votes_cast,pass,NA,historical_district_results,comptage entier non négatif
2026-10-06T15:05:51.792Z,historical_district_results:polls_counted,pass,NA,historical_district_results,comptage entier non négatif
2026-10-06T15:05:51.792Z,historical_district_results:polls_total,pass,NA,historical_district_results,comptage entier non négatif
2026-10-06T15:05:51.796Z,historical_district_results:ballots,pass,NA,historical_district_results,0 non-concordances; valides + rejetés = exprimés quand applicable
2026-10-06T15:05:51.797Z,historical_district_results:turnout,pass,NA,historical_district_results,taux recalculé cohérent
2026-10-06T15:05:51.800Z,historical_party_results:timestamp,pass,NA,historical_party_results,horodatage et capture présents
2026-10-06T15:05:51.803Z,historical_party_results:provenance,pass,NA,historical_party_results,chaque source appartient au catalogue
2026-10-06T15:05:51.804Z,historical_party_results:votes,pass,NA,historical_party_results,comptage entier non négatif
2026-10-06T15:05:51.804Z,historical_turnout:timestamp,pass,NA,historical_turnout,horodatage et capture présents
2026-10-06T15:05:51.807Z,historical_turnout:provenance,pass,NA,historical_turnout,chaque source appartient au catalogue
2026-10-06T15:05:51.807Z,historical_turnout:registered,pass,NA,historical_turnout,comptage entier non négatif
2026-10-06T15:05:51.808Z,historical_turnout:valid_ballots,pass,NA,historical_turnout,comptage entier non négatif
2026-10-06T15:05:51.808Z,historical_turnout:rejected_ballots,pass,NA,historical_turnout,comptage entier non négatif
2026-10-06T15:05:51.809Z,historical_turnout:votes_cast,pass,NA,historical_turnout,comptage entier non négatif
2026-10-06T15:05:51.809Z,historical_turnout:polls_counted,pass,NA,historical_turnout,comptage entier non négatif
2026-10-06T15:05:51.809Z,historical_turnout:polls_total,pass,NA,historical_turnout,comptage entier non négatif
2026-10-06T15:05:51.813Z,historical_turnout:ballots,pass,NA,historical_turnout,0 non-concordances; valides + rejetés = exprimés quand applicable
2026-10-06T15:05:51.814Z,historical_turnout:turnout,pass,NA,historical_turnout,taux recalculé cohérent
2026-10-06T15:05:51.814Z,parties:timestamp,pass,NA,parties,horodatage et capture présents
2026-10-06T15:05:51.817Z,parties:provenance,pass,NA,parties,chaque source appartient au catalogue
2026-10-06T15:05:51.817Z,party_authorization_history:timestamp,pass,NA,party_authorization_history,horodatage et capture présents
2026-10-06T15:05:51.820Z,party_authorization_history:provenance,pass,NA,party_authorization_history,chaque source appartient au catalogue
2026-10-06T15:05:51.820Z,party_officials:timestamp,pass,NA,party_officials,horodatage et capture présents
2026-10-06T15:05:51.823Z,party_officials:provenance,pass,NA,party_officials,chaque source appartient au catalogue
2026-10-06T15:05:51.824Z,polling_candidate_links:timestamp,pass,NA,polling_candidate_links,horodatage et capture présents
2026-10-06T15:05:51.827Z,polling_candidate_links:provenance,pass,NA,polling_candidate_links,chaque source appartient au catalogue
2026-10-06T15:05:51.830Z,polling_division_results:timestamp,pass,NA,polling_division_results,horodatage et capture présents
2026-10-06T15:05:51.887Z,polling_division_results:provenance,pass,NA,polling_division_results,chaque source appartient au catalogue
2026-10-06T15:05:52.483Z,polling_division_results:key,pass,NA,polling_division_results,polling_unit_id × candidate_id × snapshot_id
2026-10-06T15:05:52.489Z,polling_division_results:votes,pass,NA,polling_division_results,comptage entier non négatif
2026-10-06T15:05:52.490Z,polling_summary_fields:timestamp,pass,NA,polling_summary_fields,horodatage et capture présents
2026-10-06T15:05:52.495Z,polling_summary_fields:provenance,pass,NA,polling_summary_fields,chaque source appartient au catalogue
2026-10-06T15:05:52.496Z,polling_units:timestamp,pass,NA,polling_units,horodatage et capture présents
2026-10-06T15:05:52.506Z,polling_units:provenance,pass,NA,polling_units,chaque source appartient au catalogue
2026-10-06T15:05:52.541Z,polling_units:key,pass,NA,polling_units,polling_unit_id × snapshot_id
2026-10-06T15:05:52.542Z,polling_units:registered,pass,NA,polling_units,comptage entier non négatif
2026-10-06T15:05:52.544Z,polling_units:valid_ballots,pass,NA,polling_units,comptage entier non négatif
2026-10-06T15:05:52.545Z,polling_units:rejected_ballots,pass,NA,polling_units,comptage entier non négatif
2026-10-06T15:05:52.546Z,polling_units:votes_cast,pass,NA,polling_units,comptage entier non négatif
2026-10-06T15:05:52.551Z,polling_units:ballots,pass,NA,polling_units,0 non-concordances; valides + rejetés = exprimés quand applicable
2026-10-06T15:05:52.552Z,registered_electors:timestamp,pass,NA,registered_electors,horodatage et capture présents
2026-10-06T15:05:52.555Z,registered_electors:provenance,pass,NA,registered_electors,chaque source appartient au catalogue
2026-10-06T15:05:52.556Z,registered_electors:key,pass,NA,registered_electors,election_id × district_id × snapshot_id
2026-10-06T15:05:52.557Z,result_source_fields:timestamp,pass,NA,result_source_fields,horodatage et capture présents
2026-10-06T15:05:52.565Z,result_source_fields:provenance,pass,NA,result_source_fields,chaque source appartient au catalogue
2026-10-06T15:05:52.566Z,results_candidate:timestamp,pass,NA,results_candidate,horodatage et capture présents
2026-10-06T15:05:52.570Z,results_candidate:provenance,pass,NA,results_candidate,chaque source appartient au catalogue
2026-10-06T15:05:52.585Z,results_candidate:key,pass,NA,results_candidate,election_id × district_id × candidate_id × snapshot_id
2026-10-06T15:05:52.585Z,results_candidate:votes,pass,NA,results_candidate,comptage entier non négatif
2026-10-06T15:05:52.586Z,results_candidate_2026:timestamp,pass,NA,results_candidate_2026,horodatage et capture présents
2026-10-06T15:05:52.589Z,results_candidate_2026:provenance,pass,NA,results_candidate_2026,chaque source appartient au catalogue
2026-10-06T15:05:52.590Z,results_candidate_2026:votes,pass,NA,results_candidate_2026,comptage entier non négatif
2026-10-06T15:05:52.590Z,results_party:timestamp,pass,NA,results_party,horodatage et capture présents
2026-10-06T15:05:52.593Z,results_party:provenance,pass,NA,results_party,chaque source appartient au catalogue
2026-10-06T15:05:52.594Z,results_party:key,pass,NA,results_party,election_id × party_id × snapshot_id
2026-10-06T15:05:52.594Z,results_party:votes,pass,NA,results_party,comptage entier non négatif
2026-10-06T15:05:52.594Z,results_party_2026:timestamp,pass,NA,results_party_2026,horodatage et capture présents
2026-10-06T15:05:52.597Z,results_party_2026:provenance,pass,NA,results_party_2026,chaque source appartient au catalogue
2026-10-06T15:05:52.598Z,results_party_2026:votes,pass,NA,results_party_2026,comptage entier non négatif
2026-10-06T15:05:52.598Z,turnout:timestamp,pass,NA,turnout,horodatage et capture présents
2026-10-06T15:05:52.601Z,turnout:provenance,pass,NA,turnout,chaque source appartient au catalogue
2026-10-06T15:05:52.602Z,turnout:key,pass,NA,turnout,election_id × district_id × snapshot_id
2026-10-06T15:05:52.603Z,turnout:registered,pass,NA,turnout,comptage entier non négatif
2026-10-06T15:05:52.603Z,turnout:valid_ballots,pass,NA,turnout,comptage entier non négatif
2026-10-06T15:05:52.603Z,turnout:rejected_ballots,pass,NA,turnout,comptage entier non négatif
2026-10-06T15:05:52.604Z,turnout:votes_cast,pass,NA,turnout,comptage entier non négatif
2026-10-06T15:05:52.604Z,turnout:polls_counted,pass,NA,turnout,comptage entier non négatif
2026-10-06T15:05:52.604Z,turnout:polls_total,pass,NA,turnout,comptage entier non négatif
2026-10-06T15:05:52.609Z,turnout:ballots,pass,NA,turnout,0 non-concordances; valides + rejetés = exprimés quand applicable
2026-10-06T15:05:52.609Z,turnout:turnout,pass,NA,turnout,taux recalculé cohérent
2026-10-06T15:05:52.609Z,turnout_history:timestamp,pass,NA,turnout_history,horodatage et capture présents
2026-10-06T15:05:52.612Z,turnout_history:provenance,pass,NA,turnout_history,chaque source appartient au catalogue
2026-10-06T15:05:52.613Z,turnout_history:registered,pass,NA,turnout_history,comptage entier non négatif
2026-10-06T15:05:52.613Z,turnout_history:valid_ballots,pass,NA,turnout_history,comptage entier non négatif
2026-10-06T15:05:52.614Z,turnout_history:rejected_ballots,pass,NA,turnout_history,comptage entier non négatif
2026-10-06T15:05:52.614Z,turnout_history:votes_cast,pass,NA,turnout_history,comptage entier non négatif
2026-10-06T15:05:52.614Z,turnout_history:polls_counted,pass,NA,turnout_history,comptage entier non négatif
2026-10-06T15:05:52.615Z,turnout_history:polls_total,pass,NA,turnout_history,comptage entier non négatif
2026-10-06T15:05:52.619Z,turnout_history:ballots,pass,NA,turnout_history,0 non-concordances; valides + rejetés = exprimés quand applicable
2026-10-06T15:05:52.620Z,turnout_history:turnout,pass,NA,turnout_history,taux recalculé cohérent
2026-10-06T15:05:52.626Z,candidate_vote_totals,pass,NA,results_candidate,sommes des candidats = bulletins valides finaux
2026-10-06T15:05:52.918Z,polling_vote_totals,pass,NA,polling_units,0 unités dont les votes ne concordent pas
2026-10-06T15:05:52.920Z,polling_links,warning,NA,polling_division_results,2612 appariements laissés non résolus
2026-10-06T15:05:52.922Z,crosswalk_fractions,pass,NA,district_crosswalk_2017_2026,"fractions dans [0,1], tolérance numérique 1e-6"
2026-10-06T15:05:52.925Z,results_candidate:shares,pass,NA,results_candidate,parts recalculées concordantes
2026-10-06T15:05:52.927Z,historical_candidate_results:shares,pass,NA,historical_candidate_results,parts recalculées concordantes
2026-10-06T15:05:52.928Z,calendar_dates,pass,NA,election_calendar_2026,dates de calendrier valides
2026-10-06T15:05:52.929Z,2026_candidates,pass,NA,candidates,Contrôle de référence daté : 908 au 3 octobre 2026; une rectification ultérieure doit être revue.
2026-10-06T15:05:52.929Z,2026_candidate_districts,pass,NA,candidates,127 circonscriptions officielles
2026-10-06T15:05:52.930Z,2026_map_count,pass,NA,electoral_districts,127 circonscriptions dans la liste officielle
2026-10-06T15:05:52.931Z,result_status,pass,NA,results_candidate,final uniquement selon source
2026-10-06T15:05:52.931Z,no_preliminary_elected,pass,NA,results_candidate,aucune élection annoncée sur la base d’un fichier préliminaire
2026-10-06T15:06:10.321Z,by_elections:timestamp,pass,NA,by_elections,horodatage et capture présents
2026-10-06T15:06:10.326Z,by_elections:provenance,pass,NA,by_elections,chaque source appartient au catalogue
2026-10-06T15:06:10.327Z,by_elections:registered,pass,NA,by_elections,comptage entier non négatif
2026-10-06T15:06:10.327Z,by_elections:valid_ballots,pass,NA,by_elections,comptage entier non négatif
2026-10-06T15:06:10.327Z,by_elections:rejected_ballots,pass,NA,by_elections,comptage entier non négatif
2026-10-06T15:06:10.328Z,by_elections:votes_cast,pass,NA,by_elections,comptage entier non négatif
2026-10-06T15:06:10.328Z,by_elections:polls_counted,pass,NA,by_elections,comptage entier non négatif
2026-10-06T15:06:10.329Z,by_elections:polls_total,pass,NA,by_elections,comptage entier non négatif
2026-10-06T15:06:10.334Z,by_elections:ballots,pass,NA,by_elections,0 non-concordances; valides + rejetés = exprimés quand applicable
2026-10-06T15:06:10.335Z,by_elections:turnout,pass,NA,by_elections,taux recalculé cohérent
2026-10-06T15:06:10.335Z,candidates:timestamp,pass,NA,candidates,horodatage et capture présents
2026-10-06T15:06:10.338Z,candidates:provenance,pass,NA,candidates,chaque source appartient au catalogue
2026-10-06T15:06:10.340Z,candidates:key,pass,NA,candidates,candidate_id × snapshot_id
2026-10-06T15:06:10.340Z,candidates_2012:timestamp,pass,NA,candidates_2012,horodatage et capture présents
2026-10-06T15:06:10.343Z,candidates_2012:provenance,pass,NA,candidates_2012,chaque source appartient au catalogue
2026-10-06T15:06:10.344Z,candidates_2012:key,pass,NA,candidates_2012,candidate_id × snapshot_id
2026-10-06T15:06:10.344Z,district_crosswalk_2017_2026:timestamp,pass,NA,district_crosswalk_2017_2026,horodatage et capture présents
2026-10-06T15:06:10.347Z,district_crosswalk_2017_2026:provenance,pass,NA,district_crosswalk_2017_2026,chaque source appartient au catalogue
2026-10-06T15:06:10.348Z,district_indicators:timestamp,pass,NA,district_indicators,horodatage et capture présents
2026-10-06T15:06:10.351Z,district_indicators:provenance,pass,NA,district_indicators,chaque source appartient au catalogue
2026-10-06T15:06:10.351Z,district_map_changes_spatial:timestamp,pass,NA,district_map_changes_spatial,horodatage et capture présents
2026-10-06T15:06:10.354Z,district_map_changes_spatial:provenance,pass,NA,district_map_changes_spatial,chaque source appartient au catalogue
2026-10-06T15:06:10.354Z,election_calendar_2026:timestamp,pass,NA,election_calendar_2026,horodatage et capture présents
2026-10-06T15:06:10.357Z,election_calendar_2026:provenance,pass,NA,election_calendar_2026,chaque source appartient au catalogue
2026-10-06T15:06:10.357Z,elections:timestamp,pass,NA,elections,horodatage et capture présents
2026-10-06T15:06:10.360Z,elections:provenance,pass,NA,elections,chaque source appartient au catalogue
2026-10-06T15:06:10.361Z,elections:key,pass,NA,elections,election_id × snapshot_id
2026-10-06T15:06:10.361Z,elections:registered,pass,NA,elections,comptage entier non négatif
2026-10-06T15:06:10.361Z,elections:valid_ballots,pass,NA,elections,comptage entier non négatif
2026-10-06T15:06:10.362Z,elections:rejected_ballots,pass,NA,elections,comptage entier non négatif
2026-10-06T15:06:10.362Z,elections:votes_cast,pass,NA,elections,comptage entier non négatif
2026-10-06T15:06:10.362Z,elections:polls_counted,pass,NA,elections,comptage entier non négatif
2026-10-06T15:06:10.363Z,elections:polls_total,pass,NA,elections,comptage entier non négatif
2026-10-06T15:06:10.371Z,elections:ballots,pass,NA,elections,0 non-concordances; valides + rejetés = exprimés quand applicable
2026-10-06T15:06:10.372Z,elections:turnout,pass,NA,elections,taux recalculé cohérent
2026-10-06T15:06:10.372Z,electoral_district_geometries:timestamp,pass,NA,electoral_district_geometries,horodatage et capture présents
2026-10-06T15:06:10.375Z,electoral_district_geometries:provenance,pass,NA,electoral_district_geometries,chaque source appartient au catalogue
2026-10-06T15:06:10.375Z,electoral_districts:timestamp,pass,NA,electoral_districts,horodatage et capture présents
2026-10-06T15:06:10.378Z,electoral_districts:provenance,pass,NA,electoral_districts,chaque source appartient au catalogue
2026-10-06T15:06:10.379Z,electoral_districts:key,pass,NA,electoral_districts,district_id × snapshot_id
2026-10-06T15:06:10.379Z,financial_document_index:timestamp,pass,NA,financial_document_index,horodatage et capture présents
2026-10-06T15:06:10.382Z,financial_document_index:provenance,pass,NA,financial_document_index,chaque source appartient au catalogue
2026-10-06T15:06:10.382Z,historical_candidate_results:timestamp,pass,NA,historical_candidate_results,horodatage et capture présents
2026-10-06T15:06:10.386Z,historical_candidate_results:provenance,pass,NA,historical_candidate_results,chaque source appartient au catalogue
2026-10-06T15:06:10.386Z,historical_candidate_results:votes,pass,NA,historical_candidate_results,comptage entier non négatif
2026-10-06T15:06:10.386Z,historical_district_results:timestamp,pass,NA,historical_district_results,horodatage et capture présents
2026-10-06T15:06:10.389Z,historical_district_results:provenance,pass,NA,historical_district_results,chaque source appartient au catalogue
2026-10-06T15:06:10.390Z,historical_district_results:registered,pass,NA,historical_district_results,comptage entier non négatif
2026-10-06T15:06:10.390Z,historical_district_results:valid_ballots,pass,NA,historical_district_results,comptage entier non négatif
2026-10-06T15:06:10.390Z,historical_district_results:rejected_ballots,pass,NA,historical_district_results,comptage entier non négatif
2026-10-06T15:06:10.391Z,historical_district_results:votes_cast,pass,NA,historical_district_results,comptage entier non négatif
2026-10-06T15:06:10.391Z,historical_district_results:polls_counted,pass,NA,historical_district_results,comptage entier non négatif
2026-10-06T15:06:10.391Z,historical_district_results:polls_total,pass,NA,historical_district_results,comptage entier non négatif
2026-10-06T15:06:10.395Z,historical_district_results:ballots,pass,NA,historical_district_results,0 non-concordances; valides + rejetés = exprimés quand applicable
2026-10-06T15:06:10.396Z,historical_district_results:turnout,pass,NA,historical_district_results,taux recalculé cohérent
2026-10-06T15:06:10.396Z,historical_party_results:timestamp,pass,NA,historical_party_results,horodatage et capture présents
2026-10-06T15:06:10.399Z,historical_party_results:provenance,pass,NA,historical_party_results,chaque source appartient au catalogue
2026-10-06T15:06:10.400Z,historical_party_results:votes,pass,NA,historical_party_results,comptage entier non négatif
2026-10-06T15:06:10.400Z,historical_turnout:timestamp,pass,NA,historical_turnout,horodatage et capture présents
2026-10-06T15:06:10.403Z,historical_turnout:provenance,pass,NA,historical_turnout,chaque source appartient au catalogue
2026-10-06T15:06:10.404Z,historical_turnout:registered,pass,NA,historical_turnout,comptage entier non négatif
2026-10-06T15:06:10.404Z,historical_turnout:valid_ballots,pass,NA,historical_turnout,comptage entier non négatif
2026-10-06T15:06:10.404Z,historical_turnout:rejected_ballots,pass,NA,historical_turnout,comptage entier non négatif
2026-10-06T15:06:10.405Z,historical_turnout:votes_cast,pass,NA,historical_turnout,comptage entier non négatif
2026-10-06T15:06:10.405Z,historical_turnout:polls_counted,pass,NA,historical_turnout,comptage entier non négatif
2026-10-06T15:06:10.405Z,historical_turnout:polls_total,pass,NA,historical_turnout,comptage entier non négatif
2026-10-06T15:06:10.410Z,historical_turnout:ballots,pass,NA,historical_turnout,0 non-concordances; valides + rejetés = exprimés quand applicable
2026-10-06T15:06:10.410Z,historical_turnout:turnout,pass,NA,historical_turnout,taux recalculé cohérent
2026-10-06T15:06:10.411Z,parties:timestamp,pass,NA,parties,horodatage et capture présents
2026-10-06T15:06:10.413Z,parties:provenance,pass,NA,parties,chaque source appartient au catalogue
2026-10-06T15:06:10.414Z,party_authorization_history:timestamp,pass,NA,party_authorization_history,horodatage et capture présents
2026-10-06T15:06:10.416Z,party_authorization_history:provenance,pass,NA,party_authorization_history,chaque source appartient au catalogue
2026-10-06T15:06:10.417Z,party_officials:timestamp,pass,NA,party_officials,horodatage et capture présents
2026-10-06T15:06:10.420Z,party_officials:provenance,pass,NA,party_officials,chaque source appartient au catalogue
2026-10-06T15:06:10.420Z,polling_candidate_links:timestamp,pass,NA,polling_candidate_links,horodatage et capture présents
2026-10-06T15:06:10.423Z,polling_candidate_links:provenance,pass,NA,polling_candidate_links,chaque source appartient au catalogue
2026-10-06T15:06:10.427Z,polling_division_results:timestamp,pass,NA,polling_division_results,horodatage et capture présents
2026-10-06T15:06:10.480Z,polling_division_results:provenance,pass,NA,polling_division_results,chaque source appartient au catalogue
2026-10-06T15:06:11.041Z,polling_division_results:key,pass,NA,polling_division_results,polling_unit_id × candidate_id × snapshot_id
2026-10-06T15:06:11.045Z,polling_division_results:votes,pass,NA,polling_division_results,comptage entier non négatif
2026-10-06T15:06:11.046Z,polling_summary_fields:timestamp,pass,NA,polling_summary_fields,horodatage et capture présents
2026-10-06T15:06:11.050Z,polling_summary_fields:provenance,pass,NA,polling_summary_fields,chaque source appartient au catalogue
2026-10-06T15:06:11.051Z,polling_units:timestamp,pass,NA,polling_units,horodatage et capture présents
2026-10-06T15:06:11.060Z,polling_units:provenance,pass,NA,polling_units,chaque source appartient au catalogue
2026-10-06T15:06:11.093Z,polling_units:key,pass,NA,polling_units,polling_unit_id × snapshot_id
2026-10-06T15:06:11.094Z,polling_units:registered,pass,NA,polling_units,comptage entier non négatif
2026-10-06T15:06:11.095Z,polling_units:valid_ballots,pass,NA,polling_units,comptage entier non négatif
2026-10-06T15:06:11.096Z,polling_units:rejected_ballots,pass,NA,polling_units,comptage entier non négatif
2026-10-06T15:06:11.097Z,polling_units:votes_cast,pass,NA,polling_units,comptage entier non négatif
2026-10-06T15:06:11.103Z,polling_units:ballots,pass,NA,polling_units,0 non-concordances; valides + rejetés = exprimés quand applicable
2026-10-06T15:06:11.103Z,registered_electors:timestamp,pass,NA,registered_electors,horodatage et capture présents
2026-10-06T15:06:11.106Z,registered_electors:provenance,pass,NA,registered_electors,chaque source appartient au catalogue
2026-10-06T15:06:11.107Z,registered_electors:key,pass,NA,registered_electors,election_id × district_id × snapshot_id
2026-10-06T15:06:11.108Z,result_source_fields:timestamp,pass,NA,result_source_fields,horodatage et capture présents
2026-10-06T15:06:11.116Z,result_source_fields:provenance,pass,NA,result_source_fields,chaque source appartient au catalogue
2026-10-06T15:06:11.116Z,results_candidate:timestamp,pass,NA,results_candidate,horodatage et capture présents
2026-10-06T15:06:11.120Z,results_candidate:provenance,pass,NA,results_candidate,chaque source appartient au catalogue
2026-10-06T15:06:11.124Z,results_candidate:key,pass,NA,results_candidate,election_id × district_id × candidate_id × snapshot_id
2026-10-06T15:06:11.125Z,results_candidate:votes,pass,NA,results_candidate,comptage entier non négatif
2026-10-06T15:06:11.125Z,results_candidate_2026:timestamp,pass,NA,results_candidate_2026,horodatage et capture présents
2026-10-06T15:06:11.129Z,results_candidate_2026:provenance,pass,NA,results_candidate_2026,chaque source appartient au catalogue
2026-10-06T15:06:11.129Z,results_candidate_2026:votes,pass,NA,results_candidate_2026,comptage entier non négatif
2026-10-06T15:06:11.130Z,results_party:timestamp,pass,NA,results_party,horodatage et capture présents
2026-10-06T15:06:11.133Z,results_party:provenance,pass,NA,results_party,chaque source appartient au catalogue
2026-10-06T15:06:11.133Z,results_party:key,pass,NA,results_party,election_id × party_id × snapshot_id
2026-10-06T15:06:11.134Z,results_party:votes,pass,NA,results_party,comptage entier non négatif
2026-10-06T15:06:11.134Z,results_party_2026:timestamp,pass,NA,results_party_2026,horodatage et capture présents
2026-10-06T15:06:11.145Z,results_party_2026:provenance,pass,NA,results_party_2026,chaque source appartient au catalogue
2026-10-06T15:06:11.146Z,results_party_2026:votes,pass,NA,results_party_2026,comptage entier non négatif
2026-10-06T15:06:11.146Z,turnout:timestamp,pass,NA,turnout,horodatage et capture présents
2026-10-06T15:06:11.149Z,turnout:provenance,pass,NA,turnout,chaque source appartient au catalogue
2026-10-06T15:06:11.150Z,turnout:key,pass,NA,turnout,election_id × district_id × snapshot_id
2026-10-06T15:06:11.150Z,turnout:registered,pass,NA,turnout,comptage entier non négatif
2026-10-06T15:06:11.150Z,turnout:valid_ballots,pass,NA,turnout,comptage entier non négatif
2026-10-06T15:06:11.151Z,turnout:rejected_ballots,pass,NA,turnout,comptage entier non négatif
2026-10-06T15:06:11.151Z,turnout:votes_cast,pass,NA,turnout,comptage entier non négatif
2026-10-06T15:06:11.151Z,turnout:polls_counted,pass,NA,turnout,comptage entier non négatif
2026-10-06T15:06:11.152Z,turnout:polls_total,pass,NA,turnout,comptage entier non négatif
2026-10-06T15:06:11.156Z,turnout:ballots,pass,NA,turnout,0 non-concordances; valides + rejetés = exprimés quand applicable
2026-10-06T15:06:11.156Z,turnout:turnout,pass,NA,turnout,taux recalculé cohérent
2026-10-06T15:06:11.157Z,turnout_history:timestamp,pass,NA,turnout_history,horodatage et capture présents
2026-10-06T15:06:11.159Z,turnout_history:provenance,pass,NA,turnout_history,chaque source appartient au catalogue
2026-10-06T15:06:11.160Z,turnout_history:registered,pass,NA,turnout_history,comptage entier non négatif
2026-10-06T15:06:11.160Z,turnout_history:valid_ballots,pass,NA,turnout_history,comptage entier non négatif
2026-10-06T15:06:11.161Z,turnout_history:rejected_ballots,pass,NA,turnout_history,comptage entier non négatif
2026-10-06T15:06:11.161Z,turnout_history:votes_cast,pass,NA,turnout_history,comptage entier non négatif
2026-10-06T15:06:11.161Z,turnout_history:polls_counted,pass,NA,turnout_history,comptage entier non négatif
2026-10-06T15:06:11.162Z,turnout_history:polls_total,pass,NA,turnout_history,comptage entier non négatif
2026-10-06T15:06:11.166Z,turnout_history:ballots,pass,NA,turnout_history,0 non-concordances; valides + rejetés = exprimés quand applicable
2026-10-06T15:06:11.166Z,turnout_history:turnout,pass,NA,turnout_history,taux recalculé cohérent
2026-10-06T15:06:11.174Z,candidate_vote_totals,pass,NA,results_candidate,sommes des candidats = bulletins valides finaux
2026-10-06T15:06:11.464Z,polling_vote_totals,pass,NA,polling_units,0 unités dont les votes ne concordent pas
2026-10-06T15:06:11.467Z,polling_links,warning,NA,polling_division_results,2612 appariements laissés non résolus
2026-10-06T15:06:11.469Z,crosswalk_fractions,pass,NA,district_crosswalk_2017_2026,"fractions dans [0,1], tolérance numérique 1e-6"
2026-10-06T15:06:11.474Z,results_candidate:shares,pass,NA,results_candidate,parts recalculées concordantes
2026-10-06T15:06:11.476Z,historical_candidate_results:shares,pass,NA,historical_candidate_results,parts recalculées concordantes
2026-10-06T15:06:11.477Z,calendar_dates,pass,NA,election_calendar_2026,dates de calendrier valides
2026-10-06T15:06:11.478Z,2026_candidates,pass,NA,candidates,Contrôle de référence daté : 908 au 3 octobre 2026; une rectification ultérieure doit être revue.
2026-10-06T15:06:11.479Z,2026_candidate_districts,pass,NA,candidates,127 circonscriptions officielles
2026-10-06T15:06:11.480Z,2026_map_count,pass,NA,electoral_districts,127 circonscriptions dans la liste officielle
2026-10-06T15:06:11.480Z,result_status,pass,NA,results_candidate,final uniquement selon source
2026-10-06T15:06:11.481Z,no_preliminary_elected,pass,NA,results_candidate,aucune élection annoncée sur la base d’un fichier préliminaire
2026-10-06T15:13:13.312Z,by_elections:timestamp,pass,NA,by_elections,horodatage et capture présents
2026-10-06T15:13:13.318Z,by_elections:provenance,pass,NA,by_elections,chaque source appartient au catalogue
2026-10-06T15:13:13.318Z,by_elections:registered,pass,NA,by_elections,comptage entier non négatif
2026-10-06T15:13:13.319Z,by_elections:valid_ballots,pass,NA,by_elections,comptage entier non négatif
2026-10-06T15:13:13.319Z,by_elections:rejected_ballots,pass,NA,by_elections,comptage entier non négatif
2026-10-06T15:13:13.319Z,by_elections:votes_cast,pass,NA,by_elections,comptage entier non négatif
2026-10-06T15:13:13.320Z,by_elections:polls_counted,pass,NA,by_elections,comptage entier non négatif
2026-10-06T15:13:13.320Z,by_elections:polls_total,pass,NA,by_elections,comptage entier non négatif
2026-10-06T15:13:13.325Z,by_elections:ballots,pass,NA,by_elections,0 non-concordances; valides + rejetés = exprimés quand applicable
2026-10-06T15:13:13.326Z,by_elections:turnout,pass,NA,by_elections,taux recalculé cohérent
2026-10-06T15:13:13.326Z,candidates:timestamp,pass,NA,candidates,horodatage et capture présents
2026-10-06T15:13:13.329Z,candidates:provenance,pass,NA,candidates,chaque source appartient au catalogue
2026-10-06T15:13:13.331Z,candidates:key,pass,NA,candidates,candidate_id × snapshot_id
2026-10-06T15:13:13.331Z,candidates_2012:timestamp,pass,NA,candidates_2012,horodatage et capture présents
2026-10-06T15:13:13.334Z,candidates_2012:provenance,pass,NA,candidates_2012,chaque source appartient au catalogue
2026-10-06T15:13:13.335Z,candidates_2012:key,pass,NA,candidates_2012,candidate_id × snapshot_id
2026-10-06T15:13:13.335Z,district_crosswalk_2017_2026:timestamp,pass,NA,district_crosswalk_2017_2026,horodatage et capture présents
2026-10-06T15:13:13.342Z,district_crosswalk_2017_2026:provenance,pass,NA,district_crosswalk_2017_2026,chaque source appartient au catalogue
2026-10-06T15:13:13.342Z,district_indicators:timestamp,pass,NA,district_indicators,horodatage et capture présents
2026-10-06T15:13:13.346Z,district_indicators:provenance,pass,NA,district_indicators,chaque source appartient au catalogue
2026-10-06T15:13:13.346Z,district_map_changes_spatial:timestamp,pass,NA,district_map_changes_spatial,horodatage et capture présents
2026-10-06T15:13:13.349Z,district_map_changes_spatial:provenance,pass,NA,district_map_changes_spatial,chaque source appartient au catalogue
2026-10-06T15:13:13.350Z,election_calendar_2026:timestamp,pass,NA,election_calendar_2026,horodatage et capture présents
2026-10-06T15:13:13.352Z,election_calendar_2026:provenance,pass,NA,election_calendar_2026,chaque source appartient au catalogue
2026-10-06T15:13:13.353Z,elections:timestamp,pass,NA,elections,horodatage et capture présents
2026-10-06T15:13:13.356Z,elections:provenance,pass,NA,elections,chaque source appartient au catalogue
2026-10-06T15:13:13.356Z,elections:key,pass,NA,elections,election_id × snapshot_id
2026-10-06T15:13:13.357Z,elections:registered,pass,NA,elections,comptage entier non négatif
2026-10-06T15:13:13.357Z,elections:valid_ballots,pass,NA,elections,comptage entier non négatif
2026-10-06T15:13:13.357Z,elections:rejected_ballots,pass,NA,elections,comptage entier non négatif
2026-10-06T15:13:13.358Z,elections:votes_cast,pass,NA,elections,comptage entier non négatif
2026-10-06T15:13:13.358Z,elections:polls_counted,pass,NA,elections,comptage entier non négatif
2026-10-06T15:13:13.359Z,elections:polls_total,pass,NA,elections,comptage entier non négatif
2026-10-06T15:13:13.363Z,elections:ballots,pass,NA,elections,0 non-concordances; valides + rejetés = exprimés quand applicable
2026-10-06T15:13:13.363Z,elections:turnout,pass,NA,elections,taux recalculé cohérent
2026-10-06T15:13:13.364Z,electoral_district_geometries:timestamp,pass,NA,electoral_district_geometries,horodatage et capture présents
2026-10-06T15:13:13.366Z,electoral_district_geometries:provenance,pass,NA,electoral_district_geometries,chaque source appartient au catalogue
2026-10-06T15:13:13.367Z,electoral_districts:timestamp,pass,NA,electoral_districts,horodatage et capture présents
2026-10-06T15:13:13.370Z,electoral_districts:provenance,pass,NA,electoral_districts,chaque source appartient au catalogue
2026-10-06T15:13:13.370Z,electoral_districts:key,pass,NA,electoral_districts,district_id × snapshot_id
2026-10-06T15:13:13.371Z,financial_document_index:timestamp,pass,NA,financial_document_index,horodatage et capture présents
2026-10-06T15:13:13.374Z,financial_document_index:provenance,pass,NA,financial_document_index,chaque source appartient au catalogue
2026-10-06T15:13:13.374Z,historical_candidate_results:timestamp,pass,NA,historical_candidate_results,horodatage et capture présents
2026-10-06T15:13:13.377Z,historical_candidate_results:provenance,pass,NA,historical_candidate_results,chaque source appartient au catalogue
2026-10-06T15:13:13.378Z,historical_candidate_results:votes,pass,NA,historical_candidate_results,comptage entier non négatif
2026-10-06T15:13:13.378Z,historical_district_results:timestamp,pass,NA,historical_district_results,horodatage et capture présents
2026-10-06T15:13:13.381Z,historical_district_results:provenance,pass,NA,historical_district_results,chaque source appartient au catalogue
2026-10-06T15:13:13.381Z,historical_district_results:registered,pass,NA,historical_district_results,comptage entier non négatif
2026-10-06T15:13:13.382Z,historical_district_results:valid_ballots,pass,NA,historical_district_results,comptage entier non négatif
2026-10-06T15:13:13.382Z,historical_district_results:rejected_ballots,pass,NA,historical_district_results,comptage entier non négatif
2026-10-06T15:13:13.382Z,historical_district_results:votes_cast,pass,NA,historical_district_results,comptage entier non négatif
2026-10-06T15:13:13.383Z,historical_district_results:polls_counted,pass,NA,historical_district_results,comptage entier non négatif
2026-10-06T15:13:13.383Z,historical_district_results:polls_total,pass,NA,historical_district_results,comptage entier non négatif
2026-10-06T15:13:13.391Z,historical_district_results:ballots,pass,NA,historical_district_results,0 non-concordances; valides + rejetés = exprimés quand applicable
2026-10-06T15:13:13.392Z,historical_district_results:turnout,pass,NA,historical_district_results,taux recalculé cohérent
2026-10-06T15:13:13.392Z,historical_party_results:timestamp,pass,NA,historical_party_results,horodatage et capture présents
2026-10-06T15:13:13.395Z,historical_party_results:provenance,pass,NA,historical_party_results,chaque source appartient au catalogue
2026-10-06T15:13:13.396Z,historical_party_results:votes,pass,NA,historical_party_results,comptage entier non négatif
2026-10-06T15:13:13.396Z,historical_turnout:timestamp,pass,NA,historical_turnout,horodatage et capture présents
2026-10-06T15:13:13.399Z,historical_turnout:provenance,pass,NA,historical_turnout,chaque source appartient au catalogue
2026-10-06T15:13:13.399Z,historical_turnout:registered,pass,NA,historical_turnout,comptage entier non négatif
2026-10-06T15:13:13.400Z,historical_turnout:valid_ballots,pass,NA,historical_turnout,comptage entier non négatif
2026-10-06T15:13:13.400Z,historical_turnout:rejected_ballots,pass,NA,historical_turnout,comptage entier non négatif
2026-10-06T15:13:13.400Z,historical_turnout:votes_cast,pass,NA,historical_turnout,comptage entier non négatif
2026-10-06T15:13:13.401Z,historical_turnout:polls_counted,pass,NA,historical_turnout,comptage entier non négatif
2026-10-06T15:13:13.401Z,historical_turnout:polls_total,pass,NA,historical_turnout,comptage entier non négatif
2026-10-06T15:13:13.405Z,historical_turnout:ballots,pass,NA,historical_turnout,0 non-concordances; valides + rejetés = exprimés quand applicable
2026-10-06T15:13:13.406Z,historical_turnout:turnout,pass,NA,historical_turnout,taux recalculé cohérent
2026-10-06T15:13:13.406Z,parties:timestamp,pass,NA,parties,horodatage et capture présents
2026-10-06T15:13:13.409Z,parties:provenance,pass,NA,parties,chaque source appartient au catalogue
2026-10-06T15:13:13.410Z,party_authorization_history:timestamp,pass,NA,party_authorization_history,horodatage et capture présents
2026-10-06T15:13:13.412Z,party_authorization_history:provenance,pass,NA,party_authorization_history,chaque source appartient au catalogue
2026-10-06T15:13:13.413Z,party_officials:timestamp,pass,NA,party_officials,horodatage et capture présents
2026-10-06T15:13:13.416Z,party_officials:provenance,pass,NA,party_officials,chaque source appartient au catalogue
2026-10-06T15:13:13.416Z,polling_candidate_links:timestamp,pass,NA,polling_candidate_links,horodatage et capture présents
2026-10-06T15:13:13.419Z,polling_candidate_links:provenance,pass,NA,polling_candidate_links,chaque source appartient au catalogue
2026-10-06T15:13:13.424Z,polling_division_results:timestamp,pass,NA,polling_division_results,horodatage et capture présents
2026-10-06T15:13:13.484Z,polling_division_results:provenance,pass,NA,polling_division_results,chaque source appartient au catalogue
2026-10-06T15:13:14.095Z,polling_division_results:key,pass,NA,polling_division_results,polling_unit_id × candidate_id × snapshot_id
2026-10-06T15:13:14.101Z,polling_division_results:votes,pass,NA,polling_division_results,comptage entier non négatif
2026-10-06T15:13:14.102Z,polling_summary_fields:timestamp,pass,NA,polling_summary_fields,horodatage et capture présents
2026-10-06T15:13:14.107Z,polling_summary_fields:provenance,pass,NA,polling_summary_fields,chaque source appartient au catalogue
2026-10-06T15:13:14.108Z,polling_units:timestamp,pass,NA,polling_units,horodatage et capture présents
2026-10-06T15:13:14.117Z,polling_units:provenance,pass,NA,polling_units,chaque source appartient au catalogue
2026-10-06T15:13:14.159Z,polling_units:key,pass,NA,polling_units,polling_unit_id × snapshot_id
2026-10-06T15:13:14.160Z,polling_units:registered,pass,NA,polling_units,comptage entier non négatif
2026-10-06T15:13:14.161Z,polling_units:valid_ballots,pass,NA,polling_units,comptage entier non négatif
2026-10-06T15:13:14.162Z,polling_units:rejected_ballots,pass,NA,polling_units,comptage entier non négatif
2026-10-06T15:13:14.163Z,polling_units:votes_cast,pass,NA,polling_units,comptage entier non négatif
2026-10-06T15:13:14.168Z,polling_units:ballots,pass,NA,polling_units,0 non-concordances; valides + rejetés = exprimés quand applicable
2026-10-06T15:13:14.169Z,registered_electors:timestamp,pass,NA,registered_electors,horodatage et capture présents
2026-10-06T15:13:14.171Z,registered_electors:provenance,pass,NA,registered_electors,chaque source appartient au catalogue
2026-10-06T15:13:14.172Z,registered_electors:key,pass,NA,registered_electors,election_id × district_id × snapshot_id
2026-10-06T15:13:14.173Z,result_source_fields:timestamp,pass,NA,result_source_fields,horodatage et capture présents
2026-10-06T15:13:14.180Z,result_source_fields:provenance,pass,NA,result_source_fields,chaque source appartient au catalogue
2026-10-06T15:13:14.181Z,results_candidate:timestamp,pass,NA,results_candidate,horodatage et capture présents
2026-10-06T15:13:14.184Z,results_candidate:provenance,pass,NA,results_candidate,chaque source appartient au catalogue
2026-10-06T15:13:14.189Z,results_candidate:key,pass,NA,results_candidate,election_id × district_id × candidate_id × snapshot_id
2026-10-06T15:13:14.189Z,results_candidate:votes,pass,NA,results_candidate,comptage entier non négatif
2026-10-06T15:13:14.190Z,results_candidate_2026:timestamp,pass,NA,results_candidate_2026,horodatage et capture présents
2026-10-06T15:13:14.193Z,results_candidate_2026:provenance,pass,NA,results_candidate_2026,chaque source appartient au catalogue
2026-10-06T15:13:14.193Z,results_candidate_2026:votes,pass,NA,results_candidate_2026,comptage entier non négatif
2026-10-06T15:13:14.193Z,results_party:timestamp,pass,NA,results_party,horodatage et capture présents
2026-10-06T15:13:14.196Z,results_party:provenance,pass,NA,results_party,chaque source appartient au catalogue
2026-10-06T15:13:14.197Z,results_party:key,pass,NA,results_party,election_id × party_id × snapshot_id
2026-10-06T15:13:14.197Z,results_party:votes,pass,NA,results_party,comptage entier non négatif
2026-10-06T15:13:14.197Z,results_party_2026:timestamp,pass,NA,results_party_2026,horodatage et capture présents
2026-10-06T15:13:14.200Z,results_party_2026:provenance,pass,NA,results_party_2026,chaque source appartient au catalogue
2026-10-06T15:13:14.200Z,results_party_2026:votes,pass,NA,results_party_2026,comptage entier non négatif
2026-10-06T15:13:14.201Z,turnout:timestamp,pass,NA,turnout,horodatage et capture présents
2026-10-06T15:13:14.203Z,turnout:provenance,pass,NA,turnout,chaque source appartient au catalogue
2026-10-06T15:13:14.204Z,turnout:key,pass,NA,turnout,election_id × district_id × snapshot_id
2026-10-06T15:13:14.204Z,turnout:registered,pass,NA,turnout,comptage entier non négatif
2026-10-06T15:13:14.205Z,turnout:valid_ballots,pass,NA,turnout,comptage entier non négatif
2026-10-06T15:13:14.205Z,turnout:rejected_ballots,pass,NA,turnout,comptage entier non négatif
2026-10-06T15:13:14.205Z,turnout:votes_cast,pass,NA,turnout,comptage entier non négatif
2026-10-06T15:13:14.206Z,turnout:polls_counted,pass,NA,turnout,comptage entier non négatif
2026-10-06T15:13:14.206Z,turnout:polls_total,pass,NA,turnout,comptage entier non négatif
2026-10-06T15:13:14.210Z,turnout:ballots,pass,NA,turnout,0 non-concordances; valides + rejetés = exprimés quand applicable
2026-10-06T15:13:14.210Z,turnout:turnout,pass,NA,turnout,taux recalculé cohérent
2026-10-06T15:13:14.211Z,turnout_history:timestamp,pass,NA,turnout_history,horodatage et capture présents
2026-10-06T15:13:14.213Z,turnout_history:provenance,pass,NA,turnout_history,chaque source appartient au catalogue
2026-10-06T15:13:14.214Z,turnout_history:registered,pass,NA,turnout_history,comptage entier non négatif
2026-10-06T15:13:14.214Z,turnout_history:valid_ballots,pass,NA,turnout_history,comptage entier non négatif
2026-10-06T15:13:14.214Z,turnout_history:rejected_ballots,pass,NA,turnout_history,comptage entier non négatif
2026-10-06T15:13:14.215Z,turnout_history:votes_cast,pass,NA,turnout_history,comptage entier non négatif
2026-10-06T15:13:14.215Z,turnout_history:polls_counted,pass,NA,turnout_history,comptage entier non négatif
2026-10-06T15:13:14.216Z,turnout_history:polls_total,pass,NA,turnout_history,comptage entier non négatif
2026-10-06T15:13:14.219Z,turnout_history:ballots,pass,NA,turnout_history,0 non-concordances; valides + rejetés = exprimés quand applicable
2026-10-06T15:13:14.220Z,turnout_history:turnout,pass,NA,turnout_history,taux recalculé cohérent
2026-10-06T15:13:14.225Z,candidate_vote_totals,pass,NA,results_candidate,sommes des candidats = bulletins valides finaux
2026-10-06T15:13:14.511Z,polling_vote_totals,pass,NA,polling_units,0 unités dont les votes ne concordent pas
2026-10-06T15:13:14.513Z,polling_links,warning,NA,polling_division_results,2612 appariements laissés non résolus
2026-10-06T15:13:14.515Z,crosswalk_fractions,pass,NA,district_crosswalk_2017_2026,"fractions dans [0,1], tolérance numérique 1e-6"
2026-10-06T15:13:14.518Z,results_candidate:shares,pass,NA,results_candidate,parts recalculées concordantes
2026-10-06T15:13:14.520Z,historical_candidate_results:shares,pass,NA,historical_candidate_results,parts recalculées concordantes
2026-10-06T15:13:14.520Z,calendar_dates,pass,NA,election_calendar_2026,dates de calendrier valides
2026-10-06T15:13:14.521Z,2026_candidates,pass,NA,candidates,Contrôle de référence daté : 908 au 3 octobre 2026; une rectification ultérieure doit être revue.
2026-10-06T15:13:14.522Z,2026_candidate_districts,pass,NA,candidates,127 circonscriptions officielles
2026-10-06T15:13:14.522Z,2026_map_count,pass,NA,electoral_districts,127 circonscriptions dans la liste officielle
2026-10-06T15:13:14.523Z,result_status,pass,NA,results_candidate,final uniquement selon source
2026-10-06T15:13:14.523Z,no_preliminary_elected,pass,NA,results_candidate,aucune élection annoncée sur la base d’un fichier préliminaire
