source_id,organisme,titre,url,description,format,granularite,periode_couverte,frequence_mise_a_jour,licence,license_url,methode_acces,last_verified,verification_scope,donnees_personnelles,statut,redistribution,derived_publication,index_url,group,election_id,download_default,notes
src_0ce97686fd47,Élections Québec,open,https://www.dgeq.org/donnees.html,open,HTML,selon fichier; voir dictionnaire et index,selon index officiel,selon publication officielle,DGEQ-open-data,https://www.dgeq.org/licence.html,GET HTML,2026-10-03,lien présent dans index officiel; HTTP séparé dans download_log.csv,non identifiées au stade inventaire,scraping_required,yes,public,https://www.dgeq.org/donnees.html,open,NA,false,Licence vérifiée pour le portail dgeq.org uniquement; ne pas étendre aux autres sources.
src_fd3351236900,Élections Québec,Élections générales provinciales (5 octobre 2026) : Nombre d’électeurs inscrits en circonscription,https://donnees.electionsquebec.qc.ca/autres/provincial/electeur_inscrit.csv,Élections générales provinciales (5 octobre 2026) : Nombre d’électeurs inscrits en circonscription,CSV,selon fichier; voir dictionnaire et index,2026,selon publication officielle,DGEQ-open-data,https://www.dgeq.org/licence.html,GET CSV,2026-10-03,lien présent dans index officiel; HTTP séparé dans download_log.csv,non identifiées au stade inventaire,raw_download,yes,public,https://www.dgeq.org/donnees.html,current,qc-prov-2026-10-05-general,true,Licence vérifiée pour le portail dgeq.org uniquement; ne pas étendre aux autres sources.
src_ec3de0c7b369,Élections Québec,Élections générales provinciales (5 octobre 2026) : Nombre d'électrices et d'électeurs par région administrative,https://donnees.electionsquebec.qc.ca/autres/provincial/electeur_region-adm.csv,Élections générales provinciales (5 octobre 2026) : Nombre d'électrices et d'électeurs par région administrative,CSV,selon fichier; voir dictionnaire et index,2026,selon publication officielle,DGEQ-open-data,https://www.dgeq.org/licence.html,GET CSV,2026-10-03,lien présent dans index officiel; HTTP séparé dans download_log.csv,non identifiées au stade inventaire,raw_download,yes,public,https://www.dgeq.org/donnees.html,current,qc-prov-2026-10-05-general,true,Licence vérifiée pour le portail dgeq.org uniquement; ne pas étendre aux autres sources.
src_22fefd6fc574,Élections Québec,Élections générales provinciales (5 octobre 2026) : Liste officielle des candidatures,https://donnees.electionsquebec.qc.ca/production/provincial/candidatures/candidatures.json,Élections générales provinciales (5 octobre 2026) : Liste officielle des candidatures,JSON,selon fichier; voir dictionnaire et index,2026,selon publication officielle,DGEQ-open-data,https://www.dgeq.org/licence.html,GET JSON,2026-10-03,lien présent dans index officiel; HTTP séparé dans download_log.csv,noms candidatures et agents,raw_download,yes,public,https://www.dgeq.org/donnees.html,current,qc-prov-2026-10-05-general,true,Licence vérifiée pour le portail dgeq.org uniquement; ne pas étendre aux autres sources.
src_3bbf709ff718,Élections Québec,Élections générales provinciales (5 octobre 2026) : Résultats JSON,https://donnees.electionsquebec.qc.ca/production/provincial/resultats/resultats.json,Élections générales provinciales (5 octobre 2026) : Résultats JSON,JSON,élection; circonscription; candidature,2026,selon publication officielle,DGEQ-open-data,https://www.dgeq.org/licence.html,GET JSON,2026-10-03,lien présent dans index officiel; HTTP séparé dans download_log.csv,non identifiées au stade inventaire,raw_download,yes,public,https://www.dgeq.org/donnees.html,current,qc-prov-2026-10-05-general,true,Licence vérifiée pour le portail dgeq.org uniquement; ne pas étendre aux autres sources.
src_4b65f66b8f83,Élections Québec,Élections générales provinciales (5 octobre 2026) : Résultats XML,https://donnees.electionsquebec.qc.ca/production/provincial/resultats/resultats.xml,Élections générales provinciales (5 octobre 2026) : Résultats XML,XML,selon fichier; voir dictionnaire et index,2026,selon publication officielle,DGEQ-open-data,https://www.dgeq.org/licence.html,GET XML,2026-10-03,lien présent dans index officiel; HTTP séparé dans download_log.csv,non identifiées au stade inventaire,raw_download,yes,public,https://www.dgeq.org/donnees.html,current,qc-prov-2026-10-05-general,false,Licence vérifiée pour le portail dgeq.org uniquement; ne pas étendre aux autres sources.
src_efecad5c5373,Élections Québec,Élections générales provinciales (5 octobre 2026) : Statistiques globales (CSV),https://donnees.electionsquebec.qc.ca/production/provincial/resultats/statistiques.csv,Élections générales provinciales (5 octobre 2026) : Statistiques globales (CSV),CSV,selon fichier; voir dictionnaire et index,2026,selon publication officielle,DGEQ-open-data,https://www.dgeq.org/licence.html,GET CSV,2026-10-03,lien présent dans index officiel; HTTP séparé dans download_log.csv,non identifiées au stade inventaire,raw_download,yes,public,https://www.dgeq.org/donnees.html,current,qc-prov-2026-10-05-general,false,Licence vérifiée pour le portail dgeq.org uniquement; ne pas étendre aux autres sources.
src_fd975590ed7c,Élections Québec,Élections générales provinciales (5 octobre 2026) : Votes par parti politique (CSV),https://donnees.electionsquebec.qc.ca/production/provincial/resultats/partispolitiques.csv,Élections générales provinciales (5 octobre 2026) : Votes par parti politique (CSV),CSV,selon fichier; voir dictionnaire et index,2026,selon publication officielle,DGEQ-open-data,https://www.dgeq.org/licence.html,GET CSV,2026-10-03,lien présent dans index officiel; HTTP séparé dans download_log.csv,non identifiées au stade inventaire,raw_download,yes,public,https://www.dgeq.org/donnees.html,current,qc-prov-2026-10-05-general,false,Licence vérifiée pour le portail dgeq.org uniquement; ne pas étendre aux autres sources.
src_a1df7ac938d0,Élections Québec,Élections générales provinciales (5 octobre 2026) : Votes par personne candidate (CSV),https://donnees.electionsquebec.qc.ca/production/provincial/resultats/candidats.csv,Élections générales provinciales (5 octobre 2026) : Votes par personne candidate (CSV),CSV,selon fichier; voir dictionnaire et index,2026,selon publication officielle,DGEQ-open-data,https://www.dgeq.org/licence.html,GET CSV,2026-10-03,lien présent dans index officiel; HTTP séparé dans download_log.csv,noms candidatures et agents,raw_download,yes,public,https://www.dgeq.org/donnees.html,current,qc-prov-2026-10-05-general,false,Licence vérifiée pour le portail dgeq.org uniquement; ne pas étendre aux autres sources.
src_7af300273d44,Élections Québec,Élections générales provinciales (5 octobre 2026) : Données par circonscription (CSV),https://donnees.electionsquebec.qc.ca/production/provincial/resultats/circonscriptions.csv,Élections générales provinciales (5 octobre 2026) : Données par circonscription (CSV),CSV,selon fichier; voir dictionnaire et index,2026,selon publication officielle,DGEQ-open-data,https://www.dgeq.org/licence.html,GET CSV,2026-10-03,lien présent dans index officiel; HTTP séparé dans download_log.csv,non identifiées au stade inventaire,raw_download,yes,public,https://www.dgeq.org/donnees.html,current,qc-prov-2026-10-05-general,false,Licence vérifiée pour le portail dgeq.org uniquement; ne pas étendre aux autres sources.
src_6d260c49cd29,Élections Québec,Circonscriptions de la carte électorale : Liste des circonscriptions (CSV),https://donnees.electionsquebec.qc.ca/autres/provincial/liste_circonscriptions2026.csv,Circonscriptions de la carte électorale : Liste des circonscriptions (CSV),CSV,selon fichier; voir dictionnaire et index,2026,selon publication officielle,DGEQ-open-data,https://www.dgeq.org/licence.html,GET CSV,2026-10-03,lien présent dans index officiel; HTTP séparé dans download_log.csv,non identifiées au stade inventaire,raw_download,yes,public,https://www.dgeq.org/donnees.html,current,qc-prov-2026-10-05-general,true,Licence vérifiée pour le portail dgeq.org uniquement; ne pas étendre aux autres sources.
src_f799526b615d,Élections Québec,Circonscriptions de la carte électorale : Carte électorale (GeoJSON),https://donnees.electionsquebec.qc.ca/autres/provincial/circonscriptions_electorales_sans_eau_2026.json,Circonscriptions de la carte électorale : Carte électorale (GeoJSON),JSON,selon fichier; voir dictionnaire et index,2026,selon publication officielle,DGEQ-open-data,https://www.dgeq.org/licence.html,GET JSON,2026-10-03,lien présent dans index officiel; HTTP séparé dans download_log.csv,non identifiées au stade inventaire,raw_download,yes,public,https://www.dgeq.org/donnees.html,current,qc-prov-2026-10-05-general,true,Licence vérifiée pour le portail dgeq.org uniquement; ne pas étendre aux autres sources.
src_53f384df61ef,Élections Québec,Circonscriptions de la carte électorale : Carte électorale (MapInfo),https://donnees.electionsquebec.qc.ca/autres/provincial/circonscriptions_electorales_2026_mapinfo.zip,Circonscriptions de la carte électorale : Carte électorale (MapInfo),ZIP,selon fichier; voir dictionnaire et index,2026,selon publication officielle,DGEQ-open-data,https://www.dgeq.org/licence.html,GET ZIP,2026-10-03,lien présent dans index officiel; HTTP séparé dans download_log.csv,non identifiées au stade inventaire,raw_download,yes,public,https://www.dgeq.org/donnees.html,current,qc-prov-2026-10-05-general,true,Licence vérifiée pour le portail dgeq.org uniquement; ne pas étendre aux autres sources.
src_4a2457749372,Élections Québec,Circonscriptions de la carte électorale : Carte électorale (Shapefile),https://donnees.electionsquebec.qc.ca/autres/provincial/circonscriptions_electorales_2026_shapefile.zip,Circonscriptions de la carte électorale : Carte électorale (Shapefile),ZIP,selon fichier; voir dictionnaire et index,2026,selon publication officielle,DGEQ-open-data,https://www.dgeq.org/licence.html,GET ZIP,2026-10-03,lien présent dans index officiel; HTTP séparé dans download_log.csv,non identifiées au stade inventaire,raw_download,yes,public,https://www.dgeq.org/donnees.html,current,qc-prov-2026-10-05-general,true,Licence vérifiée pour le portail dgeq.org uniquement; ne pas étendre aux autres sources.
src_33b873a220a5,Élections Québec,Géométrie des sections de vote provinciales : Sections de vote (MapInfo),https://donnees.electionsquebec.qc.ca/autres/provincial/sections_vote_2026_mapinfo.zip,Géométrie des sections de vote provinciales : Sections de vote (MapInfo),ZIP,selon fichier; voir dictionnaire et index,2026,selon publication officielle,DGEQ-open-data,https://www.dgeq.org/licence.html,GET ZIP,2026-10-03,lien présent dans index officiel; HTTP séparé dans download_log.csv,non identifiées au stade inventaire,raw_download,yes,public,https://www.dgeq.org/donnees.html,current,qc-prov-2026-10-05-general,false,Licence vérifiée pour le portail dgeq.org uniquement; ne pas étendre aux autres sources.
src_e15bb161b6e0,Élections Québec,Géométrie des sections de vote provinciales : Sections de vote (Shapefile),https://donnees.electionsquebec.qc.ca/autres/provincial/sections_vote_2026_shapefile.zip,Géométrie des sections de vote provinciales : Sections de vote (Shapefile),ZIP,selon fichier; voir dictionnaire et index,2026,selon publication officielle,DGEQ-open-data,https://www.dgeq.org/licence.html,GET ZIP,2026-10-03,lien présent dans index officiel; HTTP séparé dans download_log.csv,non identifiées au stade inventaire,raw_download,yes,public,https://www.dgeq.org/donnees.html,current,qc-prov-2026-10-05-general,false,Licence vérifiée pour le portail dgeq.org uniquement; ne pas étendre aux autres sources.
src_0adf08e78b00,Élections Québec,"Partis politiques autorisés : Liste des partis politiques autorisés (JSON, encodage : UTF-8)",https://donnees.electionsquebec.qc.ca/production/provincial/repaq/partis-politiques/pp_autorises.json,"Partis politiques autorisés : Liste des partis politiques autorisés (JSON, encodage : UTF-8)",JSON,selon fichier; voir dictionnaire et index,2026,selon publication officielle,DGEQ-open-data,https://www.dgeq.org/licence.html,GET JSON,2026-10-03,lien présent dans index officiel; HTTP séparé dans download_log.csv,noms responsables et adresses; champs exclus de la diffusion,raw_download,yes,public,https://www.dgeq.org/donnees.html,current,qc-prov-2026-10-05-general,true,Licence vérifiée pour le portail dgeq.org uniquement; ne pas étendre aux autres sources.
src_d8627eb5b5ab,Élections Québec,archives,https://www.dgeq.org/archives.html,archives,HTML,selon fichier; voir dictionnaire et index,selon index officiel,selon publication officielle,DGEQ-open-data,https://www.dgeq.org/licence.html,GET HTML,2026-10-03,lien présent dans index officiel; HTTP séparé dans download_log.csv,non identifiées au stade inventaire,scraping_required,yes,public,https://www.dgeq.org/archives.html,archives,NA,false,Licence vérifiée pour le portail dgeq.org uniquement; ne pas étendre aux autres sources.
src_0d9340fc9b7a,Élections Québec,Élection partielle de Chicoutimi (23 février 2026) : Nombre d’électeurs inscrits en circonscription,https://donnees.electionsquebec.qc.ca/production/provincial/resultats/archives/part2026-02-23/electeur_inscrit.csv,Élection partielle de Chicoutimi (23 février 2026) : Nombre d’électeurs inscrits en circonscription,CSV,selon fichier; voir dictionnaire et index,2026-02-23,archives fixes,DGEQ-open-data,https://www.dgeq.org/licence.html,GET CSV,2026-10-03,lien présent dans index officiel; HTTP séparé dans download_log.csv,non identifiées au stade inventaire,raw_download,yes,public,https://www.dgeq.org/archives.html,archives,qc-prov-2026-02-23-partial,false,Licence vérifiée pour le portail dgeq.org uniquement; ne pas étendre aux autres sources.
src_67d4a1289223,Élections Québec,Élection partielle de Chicoutimi (23 février 2026) : Liste des candidats,https://donnees.electionsquebec.qc.ca/production/provincial/resultats/archives/part2026-02-23/candidatures.json,Élection partielle de Chicoutimi (23 février 2026) : Liste des candidats,JSON,selon fichier; voir dictionnaire et index,2026-02-23,archives fixes,DGEQ-open-data,https://www.dgeq.org/licence.html,GET JSON,2026-10-03,lien présent dans index officiel; HTTP séparé dans download_log.csv,noms candidatures et agents,raw_download,yes,public,https://www.dgeq.org/archives.html,archives,qc-prov-2026-02-23-partial,false,Licence vérifiée pour le portail dgeq.org uniquement; ne pas étendre aux autres sources.
src_23a95c0b8ace,Élections Québec,Élection partielle de Chicoutimi (23 février 2026) : Résultats JSON,https://donnees.electionsquebec.qc.ca/production/provincial/resultats/archives/part2026-02-23/resultats.json,Élection partielle de Chicoutimi (23 février 2026) : Résultats JSON,JSON,élection; circonscription; candidature,2026-02-23,archives fixes,DGEQ-open-data,https://www.dgeq.org/licence.html,GET JSON,2026-10-03,lien présent dans index officiel; HTTP séparé dans download_log.csv,non identifiées au stade inventaire,raw_download,yes,public,https://www.dgeq.org/archives.html,archives,qc-prov-2026-02-23-partial,true,Licence vérifiée pour le portail dgeq.org uniquement; ne pas étendre aux autres sources.
src_6011833babd8,Élections Québec,Élection partielle de Chicoutimi (23 février 2026) : Résultats XML,https://donnees.electionsquebec.qc.ca/production/provincial/resultats/archives/part2026-02-23/resultats.xml,Élection partielle de Chicoutimi (23 février 2026) : Résultats XML,XML,selon fichier; voir dictionnaire et index,2026-02-23,archives fixes,DGEQ-open-data,https://www.dgeq.org/licence.html,GET XML,2026-10-03,lien présent dans index officiel; HTTP séparé dans download_log.csv,non identifiées au stade inventaire,raw_download,yes,public,https://www.dgeq.org/archives.html,archives,qc-prov-2026-02-23-partial,false,Licence vérifiée pour le portail dgeq.org uniquement; ne pas étendre aux autres sources.
src_f6d12b3326cb,Élections Québec,Élection partielle de Chicoutimi (23 février 2026) : Statistiques globales,https://donnees.electionsquebec.qc.ca/production/provincial/resultats/archives/part2026-02-23/statistiques.csv,Élection partielle de Chicoutimi (23 février 2026) : Statistiques globales,CSV,selon fichier; voir dictionnaire et index,2026-02-23,archives fixes,DGEQ-open-data,https://www.dgeq.org/licence.html,GET CSV,2026-10-03,lien présent dans index officiel; HTTP séparé dans download_log.csv,non identifiées au stade inventaire,raw_download,yes,public,https://www.dgeq.org/archives.html,archives,qc-prov-2026-02-23-partial,false,Licence vérifiée pour le portail dgeq.org uniquement; ne pas étendre aux autres sources.
src_8e5c4e00902f,Élections Québec,Élection partielle de Chicoutimi (23 février 2026) : Votes par partis politiques,https://donnees.electionsquebec.qc.ca/production/provincial/resultats/archives/part2026-02-23/partispolitiques.csv,Élection partielle de Chicoutimi (23 février 2026) : Votes par partis politiques,CSV,selon fichier; voir dictionnaire et index,2026-02-23,archives fixes,DGEQ-open-data,https://www.dgeq.org/licence.html,GET CSV,2026-10-03,lien présent dans index officiel; HTTP séparé dans download_log.csv,non identifiées au stade inventaire,raw_download,yes,public,https://www.dgeq.org/archives.html,archives,qc-prov-2026-02-23-partial,false,Licence vérifiée pour le portail dgeq.org uniquement; ne pas étendre aux autres sources.
src_06b07942a203,Élections Québec,Élection partielle de Chicoutimi (23 février 2026) : Votes par candidats,https://donnees.electionsquebec.qc.ca/production/provincial/resultats/archives/part2026-02-23/candidats.csv,Élection partielle de Chicoutimi (23 février 2026) : Votes par candidats,CSV,selon fichier; voir dictionnaire et index,2026-02-23,archives fixes,DGEQ-open-data,https://www.dgeq.org/licence.html,GET CSV,2026-10-03,lien présent dans index officiel; HTTP séparé dans download_log.csv,noms candidatures et agents,raw_download,yes,public,https://www.dgeq.org/archives.html,archives,qc-prov-2026-02-23-partial,false,Licence vérifiée pour le portail dgeq.org uniquement; ne pas étendre aux autres sources.
src_50ca3bc20ced,Élections Québec,Élection partielle de Chicoutimi (23 février 2026) : Données par circonscriptions,https://donnees.electionsquebec.qc.ca/production/provincial/resultats/archives/part2026-02-23/circonscriptions.csv,Élection partielle de Chicoutimi (23 février 2026) : Données par circonscriptions,CSV,selon fichier; voir dictionnaire et index,2026-02-23,archives fixes,DGEQ-open-data,https://www.dgeq.org/licence.html,GET CSV,2026-10-03,lien présent dans index officiel; HTTP séparé dans download_log.csv,non identifiées au stade inventaire,raw_download,yes,public,https://www.dgeq.org/archives.html,archives,qc-prov-2026-02-23-partial,false,Licence vérifiée pour le portail dgeq.org uniquement; ne pas étendre aux autres sources.
src_04bf0e127029,Élections Québec,Élection partielle de Chicoutimi (23 février 2026) : Résultats par bureau de vote,https://donnees.electionsquebec.qc.ca/production/provincial/resultats/archives/part2026-02-23/resultats-bureau-vote.zip,Élection partielle de Chicoutimi (23 février 2026) : Résultats par bureau de vote,ZIP,élection; circonscription; bureau; candidature,2026-02-23,archives fixes,DGEQ-open-data,https://www.dgeq.org/licence.html,GET ZIP,2026-10-03,lien présent dans index officiel; HTTP séparé dans download_log.csv,non identifiées au stade inventaire,raw_download,yes,public,https://www.dgeq.org/archives.html,archives,qc-prov-2026-02-23-partial,true,Licence vérifiée pour le portail dgeq.org uniquement; ne pas étendre aux autres sources.
src_393706c76d4a,Élections Québec,Élection partielle d'Arthabaska (11 août 2025) : Nombre d’électeurs inscrits en circonscription,https://donnees.electionsquebec.qc.ca/production/provincial/resultats/archives/part2025-08-11/electeur_inscrit.csv,Élection partielle d'Arthabaska (11 août 2025) : Nombre d’électeurs inscrits en circonscription,CSV,selon fichier; voir dictionnaire et index,2025-08-11,archives fixes,DGEQ-open-data,https://www.dgeq.org/licence.html,GET CSV,2026-10-03,lien présent dans index officiel; HTTP séparé dans download_log.csv,non identifiées au stade inventaire,raw_download,yes,public,https://www.dgeq.org/archives.html,archives,qc-prov-2025-08-11-partial,false,Licence vérifiée pour le portail dgeq.org uniquement; ne pas étendre aux autres sources.
src_6e5e0f9774e1,Élections Québec,Élection partielle d'Arthabaska (11 août 2025) : Liste des candidats,https://donnees.electionsquebec.qc.ca/production/provincial/resultats/archives/part2025-08-11/candidatures.json,Élection partielle d'Arthabaska (11 août 2025) : Liste des candidats,JSON,selon fichier; voir dictionnaire et index,2025-08-11,archives fixes,DGEQ-open-data,https://www.dgeq.org/licence.html,GET JSON,2026-10-03,lien présent dans index officiel; HTTP séparé dans download_log.csv,noms candidatures et agents,raw_download,yes,public,https://www.dgeq.org/archives.html,archives,qc-prov-2025-08-11-partial,false,Licence vérifiée pour le portail dgeq.org uniquement; ne pas étendre aux autres sources.
src_d46eedaf6c55,Élections Québec,Élection partielle d'Arthabaska (11 août 2025) : Résultats JSON,https://donnees.electionsquebec.qc.ca/production/provincial/resultats/archives/part2025-08-11/resultats.json,Élection partielle d'Arthabaska (11 août 2025) : Résultats JSON,JSON,élection; circonscription; candidature,2025-08-11,archives fixes,DGEQ-open-data,https://www.dgeq.org/licence.html,GET JSON,2026-10-03,lien présent dans index officiel; HTTP séparé dans download_log.csv,non identifiées au stade inventaire,raw_download,yes,public,https://www.dgeq.org/archives.html,archives,qc-prov-2025-08-11-partial,true,Licence vérifiée pour le portail dgeq.org uniquement; ne pas étendre aux autres sources.
src_36170693a02e,Élections Québec,Élection partielle d'Arthabaska (11 août 2025) : Résultats XML,https://donnees.electionsquebec.qc.ca/production/provincial/resultats/archives/part2025-08-11/resultats.xml,Élection partielle d'Arthabaska (11 août 2025) : Résultats XML,XML,selon fichier; voir dictionnaire et index,2025-08-11,archives fixes,DGEQ-open-data,https://www.dgeq.org/licence.html,GET XML,2026-10-03,lien présent dans index officiel; HTTP séparé dans download_log.csv,non identifiées au stade inventaire,raw_download,yes,public,https://www.dgeq.org/archives.html,archives,qc-prov-2025-08-11-partial,false,Licence vérifiée pour le portail dgeq.org uniquement; ne pas étendre aux autres sources.
src_a39218badba1,Élections Québec,Élection partielle d'Arthabaska (11 août 2025) : Statistiques globales,https://donnees.electionsquebec.qc.ca/production/provincial/resultats/archives/part2025-08-11/statistiques.csv,Élection partielle d'Arthabaska (11 août 2025) : Statistiques globales,CSV,selon fichier; voir dictionnaire et index,2025-08-11,archives fixes,DGEQ-open-data,https://www.dgeq.org/licence.html,GET CSV,2026-10-03,lien présent dans index officiel; HTTP séparé dans download_log.csv,non identifiées au stade inventaire,raw_download,yes,public,https://www.dgeq.org/archives.html,archives,qc-prov-2025-08-11-partial,false,Licence vérifiée pour le portail dgeq.org uniquement; ne pas étendre aux autres sources.
src_4badeb356749,Élections Québec,Élection partielle d'Arthabaska (11 août 2025) : Votes par partis politiques,https://donnees.electionsquebec.qc.ca/production/provincial/resultats/archives/part2025-08-11/partispolitiques.csv,Élection partielle d'Arthabaska (11 août 2025) : Votes par partis politiques,CSV,selon fichier; voir dictionnaire et index,2025-08-11,archives fixes,DGEQ-open-data,https://www.dgeq.org/licence.html,GET CSV,2026-10-03,lien présent dans index officiel; HTTP séparé dans download_log.csv,non identifiées au stade inventaire,raw_download,yes,public,https://www.dgeq.org/archives.html,archives,qc-prov-2025-08-11-partial,false,Licence vérifiée pour le portail dgeq.org uniquement; ne pas étendre aux autres sources.
src_115f2be644fb,Élections Québec,Élection partielle d'Arthabaska (11 août 2025) : Votes par candidats,https://donnees.electionsquebec.qc.ca/production/provincial/resultats/archives/part2025-08-11/candidats.csv,Élection partielle d'Arthabaska (11 août 2025) : Votes par candidats,CSV,selon fichier; voir dictionnaire et index,2025-08-11,archives fixes,DGEQ-open-data,https://www.dgeq.org/licence.html,GET CSV,2026-10-03,lien présent dans index officiel; HTTP séparé dans download_log.csv,noms candidatures et agents,raw_download,yes,public,https://www.dgeq.org/archives.html,archives,qc-prov-2025-08-11-partial,false,Licence vérifiée pour le portail dgeq.org uniquement; ne pas étendre aux autres sources.
src_f4d6923670a2,Élections Québec,Élection partielle d'Arthabaska (11 août 2025) : Données par circonscriptions,https://donnees.electionsquebec.qc.ca/production/provincial/resultats/archives/part2025-08-11/circonscriptions.csv,Élection partielle d'Arthabaska (11 août 2025) : Données par circonscriptions,CSV,selon fichier; voir dictionnaire et index,2025-08-11,archives fixes,DGEQ-open-data,https://www.dgeq.org/licence.html,GET CSV,2026-10-03,lien présent dans index officiel; HTTP séparé dans download_log.csv,non identifiées au stade inventaire,raw_download,yes,public,https://www.dgeq.org/archives.html,archives,qc-prov-2025-08-11-partial,false,Licence vérifiée pour le portail dgeq.org uniquement; ne pas étendre aux autres sources.
src_8c25176b3b11,Élections Québec,Élection partielle d'Arthabaska (11 août 2025) : Résultats par bureau de vote,https://donnees.electionsquebec.qc.ca/production/provincial/resultats/archives/part2025-08-11/resultats-bureau-vote.zip,Élection partielle d'Arthabaska (11 août 2025) : Résultats par bureau de vote,ZIP,élection; circonscription; bureau; candidature,2025-08-11,archives fixes,DGEQ-open-data,https://www.dgeq.org/licence.html,GET ZIP,2026-10-03,lien présent dans index officiel; HTTP séparé dans download_log.csv,non identifiées au stade inventaire,raw_download,yes,public,https://www.dgeq.org/archives.html,archives,qc-prov-2025-08-11-partial,true,Licence vérifiée pour le portail dgeq.org uniquement; ne pas étendre aux autres sources.
src_10a986574e7f,Élections Québec,Élection partielle de Terrebonne (17 mars 2025) : Nombre d’électeurs inscrits en circonscription,https://donnees.electionsquebec.qc.ca/production/provincial/resultats/archives/part2025-03-17/electeur_inscrit.csv,Élection partielle de Terrebonne (17 mars 2025) : Nombre d’électeurs inscrits en circonscription,CSV,selon fichier; voir dictionnaire et index,2025-03-17,archives fixes,DGEQ-open-data,https://www.dgeq.org/licence.html,GET CSV,2026-10-03,lien présent dans index officiel; HTTP séparé dans download_log.csv,non identifiées au stade inventaire,raw_download,yes,public,https://www.dgeq.org/archives.html,archives,qc-prov-2025-03-17-partial,false,Licence vérifiée pour le portail dgeq.org uniquement; ne pas étendre aux autres sources.
src_9fd87907d413,Élections Québec,Élection partielle de Terrebonne (17 mars 2025) : Liste des candidats,https://donnees.electionsquebec.qc.ca/production/provincial/resultats/archives/part2025-03-17/candidatures.json,Élection partielle de Terrebonne (17 mars 2025) : Liste des candidats,JSON,selon fichier; voir dictionnaire et index,2025-03-17,archives fixes,DGEQ-open-data,https://www.dgeq.org/licence.html,GET JSON,2026-10-03,lien présent dans index officiel; HTTP séparé dans download_log.csv,noms candidatures et agents,raw_download,yes,public,https://www.dgeq.org/archives.html,archives,qc-prov-2025-03-17-partial,false,Licence vérifiée pour le portail dgeq.org uniquement; ne pas étendre aux autres sources.
src_fc8fc11eea9d,Élections Québec,Élection partielle de Terrebonne (17 mars 2025) : Résultats JSON,https://donnees.electionsquebec.qc.ca/production/provincial/resultats/archives/part2025-03-17/resultats.json,Élection partielle de Terrebonne (17 mars 2025) : Résultats JSON,JSON,élection; circonscription; candidature,2025-03-17,archives fixes,DGEQ-open-data,https://www.dgeq.org/licence.html,GET JSON,2026-10-03,lien présent dans index officiel; HTTP séparé dans download_log.csv,non identifiées au stade inventaire,raw_download,yes,public,https://www.dgeq.org/archives.html,archives,qc-prov-2025-03-17-partial,true,Licence vérifiée pour le portail dgeq.org uniquement; ne pas étendre aux autres sources.
src_c828bcd8fd71,Élections Québec,Élection partielle de Terrebonne (17 mars 2025) : Résultats XML,https://donnees.electionsquebec.qc.ca/production/provincial/resultats/archives/part2025-03-17/resultats.xml,Élection partielle de Terrebonne (17 mars 2025) : Résultats XML,XML,selon fichier; voir dictionnaire et index,2025-03-17,archives fixes,DGEQ-open-data,https://www.dgeq.org/licence.html,GET XML,2026-10-03,lien présent dans index officiel; HTTP séparé dans download_log.csv,non identifiées au stade inventaire,raw_download,yes,public,https://www.dgeq.org/archives.html,archives,qc-prov-2025-03-17-partial,false,Licence vérifiée pour le portail dgeq.org uniquement; ne pas étendre aux autres sources.
src_cd13c10c53d4,Élections Québec,Élection partielle de Terrebonne (17 mars 2025) : Statistiques globales,https://donnees.electionsquebec.qc.ca/production/provincial/resultats/archives/part2025-03-17/statistiques.csv,Élection partielle de Terrebonne (17 mars 2025) : Statistiques globales,CSV,selon fichier; voir dictionnaire et index,2025-03-17,archives fixes,DGEQ-open-data,https://www.dgeq.org/licence.html,GET CSV,2026-10-03,lien présent dans index officiel; HTTP séparé dans download_log.csv,non identifiées au stade inventaire,raw_download,yes,public,https://www.dgeq.org/archives.html,archives,qc-prov-2025-03-17-partial,false,Licence vérifiée pour le portail dgeq.org uniquement; ne pas étendre aux autres sources.
src_c86720fd5cdc,Élections Québec,Élection partielle de Terrebonne (17 mars 2025) : Votes par partis politiques,https://donnees.electionsquebec.qc.ca/production/provincial/resultats/archives/part2025-03-17/partispolitiques.csv,Élection partielle de Terrebonne (17 mars 2025) : Votes par partis politiques,CSV,selon fichier; voir dictionnaire et index,2025-03-17,archives fixes,DGEQ-open-data,https://www.dgeq.org/licence.html,GET CSV,2026-10-03,lien présent dans index officiel; HTTP séparé dans download_log.csv,non identifiées au stade inventaire,raw_download,yes,public,https://www.dgeq.org/archives.html,archives,qc-prov-2025-03-17-partial,false,Licence vérifiée pour le portail dgeq.org uniquement; ne pas étendre aux autres sources.
src_b7fd9d9c392d,Élections Québec,Élection partielle de Terrebonne (17 mars 2025) : Votes par candidats,https://donnees.electionsquebec.qc.ca/production/provincial/resultats/archives/part2025-03-17/candidats.csv,Élection partielle de Terrebonne (17 mars 2025) : Votes par candidats,CSV,selon fichier; voir dictionnaire et index,2025-03-17,archives fixes,DGEQ-open-data,https://www.dgeq.org/licence.html,GET CSV,2026-10-03,lien présent dans index officiel; HTTP séparé dans download_log.csv,noms candidatures et agents,raw_download,yes,public,https://www.dgeq.org/archives.html,archives,qc-prov-2025-03-17-partial,false,Licence vérifiée pour le portail dgeq.org uniquement; ne pas étendre aux autres sources.
src_3ecea4ce3522,Élections Québec,Élection partielle de Terrebonne (17 mars 2025) : Données par circonscriptions,https://donnees.electionsquebec.qc.ca/production/provincial/resultats/archives/part2025-03-17/circonscriptions.csv,Élection partielle de Terrebonne (17 mars 2025) : Données par circonscriptions,CSV,selon fichier; voir dictionnaire et index,2025-03-17,archives fixes,DGEQ-open-data,https://www.dgeq.org/licence.html,GET CSV,2026-10-03,lien présent dans index officiel; HTTP séparé dans download_log.csv,non identifiées au stade inventaire,raw_download,yes,public,https://www.dgeq.org/archives.html,archives,qc-prov-2025-03-17-partial,false,Licence vérifiée pour le portail dgeq.org uniquement; ne pas étendre aux autres sources.
src_57c005bbf0f6,Élections Québec,Élection partielle de Terrebonne (17 mars 2025) : Résultats par bureau de vote,https://donnees.electionsquebec.qc.ca/production/provincial/resultats/archives/part2025-03-17/resultats-bureau-vote.zip,Élection partielle de Terrebonne (17 mars 2025) : Résultats par bureau de vote,ZIP,élection; circonscription; bureau; candidature,2025-03-17,archives fixes,DGEQ-open-data,https://www.dgeq.org/licence.html,GET ZIP,2026-10-03,lien présent dans index officiel; HTTP séparé dans download_log.csv,non identifiées au stade inventaire,raw_download,yes,public,https://www.dgeq.org/archives.html,archives,qc-prov-2025-03-17-partial,true,Licence vérifiée pour le portail dgeq.org uniquement; ne pas étendre aux autres sources.
src_7a70349609bf,Élections Québec,Élection partielle de Jean-Talon (2 octobre 2023) : Nombre d’électeurs inscrits en circonscription,https://donnees.electionsquebec.qc.ca/production/provincial/resultats/archives/part2023-10-02/electeur_inscrit.csv,Élection partielle de Jean-Talon (2 octobre 2023) : Nombre d’électeurs inscrits en circonscription,CSV,selon fichier; voir dictionnaire et index,2023-10-02,archives fixes,DGEQ-open-data,https://www.dgeq.org/licence.html,GET CSV,2026-10-03,lien présent dans index officiel; HTTP séparé dans download_log.csv,non identifiées au stade inventaire,raw_download,yes,public,https://www.dgeq.org/archives.html,archives,qc-prov-2023-10-02-partial,false,Licence vérifiée pour le portail dgeq.org uniquement; ne pas étendre aux autres sources.
src_7f77cc902dca,Élections Québec,Élection partielle de Jean-Talon (2 octobre 2023) : Liste des candidats,https://donnees.electionsquebec.qc.ca/production/provincial/resultats/archives/part2023-10-02/candidatures.json,Élection partielle de Jean-Talon (2 octobre 2023) : Liste des candidats,JSON,selon fichier; voir dictionnaire et index,2023-10-02,archives fixes,DGEQ-open-data,https://www.dgeq.org/licence.html,GET JSON,2026-10-03,lien présent dans index officiel; HTTP séparé dans download_log.csv,noms candidatures et agents,raw_download,yes,public,https://www.dgeq.org/archives.html,archives,qc-prov-2023-10-02-partial,false,Licence vérifiée pour le portail dgeq.org uniquement; ne pas étendre aux autres sources.
src_335c9751e725,Élections Québec,Élection partielle de Jean-Talon (2 octobre 2023) : Résultats JSON,https://donnees.electionsquebec.qc.ca/production/provincial/resultats/archives/part2023-10-02/resultats.json,Élection partielle de Jean-Talon (2 octobre 2023) : Résultats JSON,JSON,élection; circonscription; candidature,2023-10-02,archives fixes,DGEQ-open-data,https://www.dgeq.org/licence.html,GET JSON,2026-10-03,lien présent dans index officiel; HTTP séparé dans download_log.csv,non identifiées au stade inventaire,raw_download,yes,public,https://www.dgeq.org/archives.html,archives,qc-prov-2023-10-02-partial,true,Licence vérifiée pour le portail dgeq.org uniquement; ne pas étendre aux autres sources.
src_aaf9983e1b33,Élections Québec,Élection partielle de Jean-Talon (2 octobre 2023) : Résultats XML,https://donnees.electionsquebec.qc.ca/production/provincial/resultats/archives/part2023-10-02/resultats.xml,Élection partielle de Jean-Talon (2 octobre 2023) : Résultats XML,XML,selon fichier; voir dictionnaire et index,2023-10-02,archives fixes,DGEQ-open-data,https://www.dgeq.org/licence.html,GET XML,2026-10-03,lien présent dans index officiel; HTTP séparé dans download_log.csv,non identifiées au stade inventaire,raw_download,yes,public,https://www.dgeq.org/archives.html,archives,qc-prov-2023-10-02-partial,false,Licence vérifiée pour le portail dgeq.org uniquement; ne pas étendre aux autres sources.
src_dc71e180f4c0,Élections Québec,Élection partielle de Jean-Talon (2 octobre 2023) : Statistiques globales,https://donnees.electionsquebec.qc.ca/production/provincial/resultats/archives/part2023-10-02/statistiques.csv,Élection partielle de Jean-Talon (2 octobre 2023) : Statistiques globales,CSV,selon fichier; voir dictionnaire et index,2023-10-02,archives fixes,DGEQ-open-data,https://www.dgeq.org/licence.html,GET CSV,2026-10-03,lien présent dans index officiel; HTTP séparé dans download_log.csv,non identifiées au stade inventaire,raw_download,yes,public,https://www.dgeq.org/archives.html,archives,qc-prov-2023-10-02-partial,false,Licence vérifiée pour le portail dgeq.org uniquement; ne pas étendre aux autres sources.
src_760702ffee2c,Élections Québec,Élection partielle de Jean-Talon (2 octobre 2023) : Votes par partis politiques,https://donnees.electionsquebec.qc.ca/production/provincial/resultats/archives/part2023-10-02/partispolitiques.csv,Élection partielle de Jean-Talon (2 octobre 2023) : Votes par partis politiques,CSV,selon fichier; voir dictionnaire et index,2023-10-02,archives fixes,DGEQ-open-data,https://www.dgeq.org/licence.html,GET CSV,2026-10-03,lien présent dans index officiel; HTTP séparé dans download_log.csv,non identifiées au stade inventaire,raw_download,yes,public,https://www.dgeq.org/archives.html,archives,qc-prov-2023-10-02-partial,false,Licence vérifiée pour le portail dgeq.org uniquement; ne pas étendre aux autres sources.
src_63e48268c1cc,Élections Québec,Élection partielle de Jean-Talon (2 octobre 2023) : Votes par candidats,https://donnees.electionsquebec.qc.ca/production/provincial/resultats/archives/part2023-10-02/candidats.csv,Élection partielle de Jean-Talon (2 octobre 2023) : Votes par candidats,CSV,selon fichier; voir dictionnaire et index,2023-10-02,archives fixes,DGEQ-open-data,https://www.dgeq.org/licence.html,GET CSV,2026-10-03,lien présent dans index officiel; HTTP séparé dans download_log.csv,noms candidatures et agents,raw_download,yes,public,https://www.dgeq.org/archives.html,archives,qc-prov-2023-10-02-partial,false,Licence vérifiée pour le portail dgeq.org uniquement; ne pas étendre aux autres sources.
src_660b148c60c9,Élections Québec,Élection partielle de Jean-Talon (2 octobre 2023) : Données par circonscriptions,https://donnees.electionsquebec.qc.ca/production/provincial/resultats/archives/part2023-10-02/circonscriptions.csv,Élection partielle de Jean-Talon (2 octobre 2023) : Données par circonscriptions,CSV,selon fichier; voir dictionnaire et index,2023-10-02,archives fixes,DGEQ-open-data,https://www.dgeq.org/licence.html,GET CSV,2026-10-03,lien présent dans index officiel; HTTP séparé dans download_log.csv,non identifiées au stade inventaire,raw_download,yes,public,https://www.dgeq.org/archives.html,archives,qc-prov-2023-10-02-partial,false,Licence vérifiée pour le portail dgeq.org uniquement; ne pas étendre aux autres sources.
src_e82b708fe54b,Élections Québec,Élection partielle de Jean-Talon (2 octobre 2023) : Résultats par bureau de vote,https://donnees.electionsquebec.qc.ca/production/provincial/resultats/archives/part2023-10-02/resultats-bureau-vote.zip,Élection partielle de Jean-Talon (2 octobre 2023) : Résultats par bureau de vote,ZIP,élection; circonscription; bureau; candidature,2023-10-02,archives fixes,DGEQ-open-data,https://www.dgeq.org/licence.html,GET ZIP,2026-10-03,lien présent dans index officiel; HTTP séparé dans download_log.csv,non identifiées au stade inventaire,raw_download,yes,public,https://www.dgeq.org/archives.html,archives,qc-prov-2023-10-02-partial,true,Licence vérifiée pour le portail dgeq.org uniquement; ne pas étendre aux autres sources.
src_ee58b776cb75,Élections Québec,Élection partielle de Saint-Henri–Sainte-Anne (13 mars 2023) : Nombre d’électeurs inscrits en circonscription,https://donnees.electionsquebec.qc.ca/production/provincial/resultats/archives/part2023-03-13/electeur_inscrit.csv,Élection partielle de Saint-Henri–Sainte-Anne (13 mars 2023) : Nombre d’électeurs inscrits en circonscription,CSV,selon fichier; voir dictionnaire et index,2023-03-13,archives fixes,DGEQ-open-data,https://www.dgeq.org/licence.html,GET CSV,2026-10-03,lien présent dans index officiel; HTTP séparé dans download_log.csv,non identifiées au stade inventaire,raw_download,yes,public,https://www.dgeq.org/archives.html,archives,qc-prov-2023-03-13-partial,false,Licence vérifiée pour le portail dgeq.org uniquement; ne pas étendre aux autres sources.
src_866a294a66a2,Élections Québec,Élection partielle de Saint-Henri–Sainte-Anne (13 mars 2023) : Liste des candidats,https://donnees.electionsquebec.qc.ca/production/provincial/resultats/archives/part2023-03-13/candidatures.json,Élection partielle de Saint-Henri–Sainte-Anne (13 mars 2023) : Liste des candidats,JSON,selon fichier; voir dictionnaire et index,2023-03-13,archives fixes,DGEQ-open-data,https://www.dgeq.org/licence.html,GET JSON,2026-10-03,lien présent dans index officiel; HTTP séparé dans download_log.csv,noms candidatures et agents,raw_download,yes,public,https://www.dgeq.org/archives.html,archives,qc-prov-2023-03-13-partial,false,Licence vérifiée pour le portail dgeq.org uniquement; ne pas étendre aux autres sources.
src_8f0698d69120,Élections Québec,Élection partielle de Saint-Henri–Sainte-Anne (13 mars 2023) : Résultats JSON,https://donnees.electionsquebec.qc.ca/production/provincial/resultats/archives/part2023-03-13/resultats.json,Élection partielle de Saint-Henri–Sainte-Anne (13 mars 2023) : Résultats JSON,JSON,élection; circonscription; candidature,2023-03-13,archives fixes,DGEQ-open-data,https://www.dgeq.org/licence.html,GET JSON,2026-10-03,lien présent dans index officiel; HTTP séparé dans download_log.csv,non identifiées au stade inventaire,raw_download,yes,public,https://www.dgeq.org/archives.html,archives,qc-prov-2023-03-13-partial,true,Licence vérifiée pour le portail dgeq.org uniquement; ne pas étendre aux autres sources.
src_5b3f2a996e54,Élections Québec,Élection partielle de Saint-Henri–Sainte-Anne (13 mars 2023) : Résultats XML,https://donnees.electionsquebec.qc.ca/production/provincial/resultats/archives/part2023-03-13/resultats.xml,Élection partielle de Saint-Henri–Sainte-Anne (13 mars 2023) : Résultats XML,XML,selon fichier; voir dictionnaire et index,2023-03-13,archives fixes,DGEQ-open-data,https://www.dgeq.org/licence.html,GET XML,2026-10-03,lien présent dans index officiel; HTTP séparé dans download_log.csv,non identifiées au stade inventaire,raw_download,yes,public,https://www.dgeq.org/archives.html,archives,qc-prov-2023-03-13-partial,false,Licence vérifiée pour le portail dgeq.org uniquement; ne pas étendre aux autres sources.
src_a8f6aad72621,Élections Québec,Élection partielle de Saint-Henri–Sainte-Anne (13 mars 2023) : Statistiques globales,https://donnees.electionsquebec.qc.ca/production/provincial/resultats/archives/part2023-03-13/statistiques.csv,Élection partielle de Saint-Henri–Sainte-Anne (13 mars 2023) : Statistiques globales,CSV,selon fichier; voir dictionnaire et index,2023-03-13,archives fixes,DGEQ-open-data,https://www.dgeq.org/licence.html,GET CSV,2026-10-03,lien présent dans index officiel; HTTP séparé dans download_log.csv,non identifiées au stade inventaire,raw_download,yes,public,https://www.dgeq.org/archives.html,archives,qc-prov-2023-03-13-partial,false,Licence vérifiée pour le portail dgeq.org uniquement; ne pas étendre aux autres sources.
src_cfbf5b37b68c,Élections Québec,Élection partielle de Saint-Henri–Sainte-Anne (13 mars 2023) : Votes par partis politiques,https://donnees.electionsquebec.qc.ca/production/provincial/resultats/archives/part2023-03-13/partispolitiques.csv,Élection partielle de Saint-Henri–Sainte-Anne (13 mars 2023) : Votes par partis politiques,CSV,selon fichier; voir dictionnaire et index,2023-03-13,archives fixes,DGEQ-open-data,https://www.dgeq.org/licence.html,GET CSV,2026-10-03,lien présent dans index officiel; HTTP séparé dans download_log.csv,non identifiées au stade inventaire,raw_download,yes,public,https://www.dgeq.org/archives.html,archives,qc-prov-2023-03-13-partial,false,Licence vérifiée pour le portail dgeq.org uniquement; ne pas étendre aux autres sources.
src_47efbd387bac,Élections Québec,Élection partielle de Saint-Henri–Sainte-Anne (13 mars 2023) : Votes par candidats,https://donnees.electionsquebec.qc.ca/production/provincial/resultats/archives/part2023-03-13/candidats.csv,Élection partielle de Saint-Henri–Sainte-Anne (13 mars 2023) : Votes par candidats,CSV,selon fichier; voir dictionnaire et index,2023-03-13,archives fixes,DGEQ-open-data,https://www.dgeq.org/licence.html,GET CSV,2026-10-03,lien présent dans index officiel; HTTP séparé dans download_log.csv,noms candidatures et agents,raw_download,yes,public,https://www.dgeq.org/archives.html,archives,qc-prov-2023-03-13-partial,false,Licence vérifiée pour le portail dgeq.org uniquement; ne pas étendre aux autres sources.
src_21401fd151e6,Élections Québec,Élection partielle de Saint-Henri–Sainte-Anne (13 mars 2023) : Données par circonscriptions,https://donnees.electionsquebec.qc.ca/production/provincial/resultats/archives/part2023-03-13/circonscriptions.csv,Élection partielle de Saint-Henri–Sainte-Anne (13 mars 2023) : Données par circonscriptions,CSV,selon fichier; voir dictionnaire et index,2023-03-13,archives fixes,DGEQ-open-data,https://www.dgeq.org/licence.html,GET CSV,2026-10-03,lien présent dans index officiel; HTTP séparé dans download_log.csv,non identifiées au stade inventaire,raw_download,yes,public,https://www.dgeq.org/archives.html,archives,qc-prov-2023-03-13-partial,false,Licence vérifiée pour le portail dgeq.org uniquement; ne pas étendre aux autres sources.
src_02aae4952a51,Élections Québec,Élection partielle de Saint-Henri–Sainte-Anne (13 mars 2023) : Résultats par bureau de vote,https://donnees.electionsquebec.qc.ca/production/provincial/resultats/archives/part2023-03-13/resultats-bureau-vote.zip,Élection partielle de Saint-Henri–Sainte-Anne (13 mars 2023) : Résultats par bureau de vote,ZIP,élection; circonscription; bureau; candidature,2023-03-13,archives fixes,DGEQ-open-data,https://www.dgeq.org/licence.html,GET ZIP,2026-10-03,lien présent dans index officiel; HTTP séparé dans download_log.csv,non identifiées au stade inventaire,raw_download,yes,public,https://www.dgeq.org/archives.html,archives,qc-prov-2023-03-13-partial,true,Licence vérifiée pour le portail dgeq.org uniquement; ne pas étendre aux autres sources.
src_f443117ee7ae,Élections Québec,Élections générales (3 octobre 2022) : Nombre d’électeurs inscrits en circonscription,https://donnees.electionsquebec.qc.ca/production/provincial/resultats/archives/gen2022-10-03/electeur_inscrit.csv,Élections générales (3 octobre 2022) : Nombre d’électeurs inscrits en circonscription,CSV,selon fichier; voir dictionnaire et index,2022-10-03,archives fixes,DGEQ-open-data,https://www.dgeq.org/licence.html,GET CSV,2026-10-03,lien présent dans index officiel; HTTP séparé dans download_log.csv,non identifiées au stade inventaire,raw_download,yes,public,https://www.dgeq.org/archives.html,archives,qc-prov-2022-10-03-general,false,Licence vérifiée pour le portail dgeq.org uniquement; ne pas étendre aux autres sources.
src_cf9f8ae62b6d,Élections Québec,Élections générales (3 octobre 2022) : Liste des candidats,https://donnees.electionsquebec.qc.ca/production/provincial/resultats/archives/gen2022-10-03/candidatures.json,Élections générales (3 octobre 2022) : Liste des candidats,JSON,selon fichier; voir dictionnaire et index,2022-10-03,archives fixes,DGEQ-open-data,https://www.dgeq.org/licence.html,GET JSON,2026-10-03,lien présent dans index officiel; HTTP séparé dans download_log.csv,noms candidatures et agents,raw_download,yes,public,https://www.dgeq.org/archives.html,archives,qc-prov-2022-10-03-general,false,Licence vérifiée pour le portail dgeq.org uniquement; ne pas étendre aux autres sources.
src_3ee19c14cf6d,Élections Québec,Élections générales (3 octobre 2022) : Résultats JSON,https://donnees.electionsquebec.qc.ca/production/provincial/resultats/archives/gen2022-10-03/resultats.json,Élections générales (3 octobre 2022) : Résultats JSON,JSON,élection; circonscription; candidature,2022-10-03,archives fixes,DGEQ-open-data,https://www.dgeq.org/licence.html,GET JSON,2026-10-03,lien présent dans index officiel; HTTP séparé dans download_log.csv,non identifiées au stade inventaire,raw_download,yes,public,https://www.dgeq.org/archives.html,archives,qc-prov-2022-10-03-general,true,Licence vérifiée pour le portail dgeq.org uniquement; ne pas étendre aux autres sources.
src_d24f9f5d5f16,Élections Québec,Élections générales (3 octobre 2022) : Résultats XML,https://donnees.electionsquebec.qc.ca/production/provincial/resultats/archives/gen2022-10-03/resultats.xml,Élections générales (3 octobre 2022) : Résultats XML,XML,selon fichier; voir dictionnaire et index,2022-10-03,archives fixes,DGEQ-open-data,https://www.dgeq.org/licence.html,GET XML,2026-10-03,lien présent dans index officiel; HTTP séparé dans download_log.csv,non identifiées au stade inventaire,raw_download,yes,public,https://www.dgeq.org/archives.html,archives,qc-prov-2022-10-03-general,false,Licence vérifiée pour le portail dgeq.org uniquement; ne pas étendre aux autres sources.
src_d75f9e911e34,Élections Québec,Élections générales (3 octobre 2022) : Statistiques globales,https://donnees.electionsquebec.qc.ca/production/provincial/resultats/archives/gen2022-10-03/statistiques.csv,Élections générales (3 octobre 2022) : Statistiques globales,CSV,selon fichier; voir dictionnaire et index,2022-10-03,archives fixes,DGEQ-open-data,https://www.dgeq.org/licence.html,GET CSV,2026-10-03,lien présent dans index officiel; HTTP séparé dans download_log.csv,non identifiées au stade inventaire,raw_download,yes,public,https://www.dgeq.org/archives.html,archives,qc-prov-2022-10-03-general,false,Licence vérifiée pour le portail dgeq.org uniquement; ne pas étendre aux autres sources.
src_699dcb22cedb,Élections Québec,Élections générales (3 octobre 2022) : Votes par partis politiques,https://donnees.electionsquebec.qc.ca/production/provincial/resultats/archives/gen2022-10-03/partispolitiques.csv,Élections générales (3 octobre 2022) : Votes par partis politiques,CSV,selon fichier; voir dictionnaire et index,2022-10-03,archives fixes,DGEQ-open-data,https://www.dgeq.org/licence.html,GET CSV,2026-10-03,lien présent dans index officiel; HTTP séparé dans download_log.csv,non identifiées au stade inventaire,raw_download,yes,public,https://www.dgeq.org/archives.html,archives,qc-prov-2022-10-03-general,false,Licence vérifiée pour le portail dgeq.org uniquement; ne pas étendre aux autres sources.
src_12c777e59ebd,Élections Québec,Élections générales (3 octobre 2022) : Votes par candidats,https://donnees.electionsquebec.qc.ca/production/provincial/resultats/archives/gen2022-10-03/candidats.csv,Élections générales (3 octobre 2022) : Votes par candidats,CSV,selon fichier; voir dictionnaire et index,2022-10-03,archives fixes,DGEQ-open-data,https://www.dgeq.org/licence.html,GET CSV,2026-10-03,lien présent dans index officiel; HTTP séparé dans download_log.csv,noms candidatures et agents,raw_download,yes,public,https://www.dgeq.org/archives.html,archives,qc-prov-2022-10-03-general,false,Licence vérifiée pour le portail dgeq.org uniquement; ne pas étendre aux autres sources.
src_eb656f509178,Élections Québec,Élections générales (3 octobre 2022) : Données par circonscriptions,https://donnees.electionsquebec.qc.ca/production/provincial/resultats/archives/gen2022-10-03/circonscriptions.csv,Élections générales (3 octobre 2022) : Données par circonscriptions,CSV,selon fichier; voir dictionnaire et index,2022-10-03,archives fixes,DGEQ-open-data,https://www.dgeq.org/licence.html,GET CSV,2026-10-03,lien présent dans index officiel; HTTP séparé dans download_log.csv,non identifiées au stade inventaire,raw_download,yes,public,https://www.dgeq.org/archives.html,archives,qc-prov-2022-10-03-general,false,Licence vérifiée pour le portail dgeq.org uniquement; ne pas étendre aux autres sources.
src_0fb95c6f3b76,Élections Québec,Élections générales (3 octobre 2022) : Résultats par bureau de vote,https://donnees.electionsquebec.qc.ca/production/provincial/resultats/archives/gen2022-10-03/resultats-bureau-vote.zip,Élections générales (3 octobre 2022) : Résultats par bureau de vote,ZIP,élection; circonscription; bureau; candidature,2022-10-03,archives fixes,DGEQ-open-data,https://www.dgeq.org/licence.html,GET ZIP,2026-10-03,lien présent dans index officiel; HTTP séparé dans download_log.csv,non identifiées au stade inventaire,raw_download,yes,public,https://www.dgeq.org/archives.html,archives,qc-prov-2022-10-03-general,true,Licence vérifiée pour le portail dgeq.org uniquement; ne pas étendre aux autres sources.
src_57c9acb345c1,Élections Québec,Élection partielle de Marie-Victorin (11 avril 2022) : Nombre d’électeurs inscrits en circonscription,https://donnees.electionsquebec.qc.ca/production/provincial/resultats/archives/part2022-04-11/electeur_inscrit.csv,Élection partielle de Marie-Victorin (11 avril 2022) : Nombre d’électeurs inscrits en circonscription,CSV,selon fichier; voir dictionnaire et index,2022-04-11,archives fixes,DGEQ-open-data,https://www.dgeq.org/licence.html,GET CSV,2026-10-03,lien présent dans index officiel; HTTP séparé dans download_log.csv,non identifiées au stade inventaire,raw_download,yes,public,https://www.dgeq.org/archives.html,archives,qc-prov-2022-04-11-partial,false,Licence vérifiée pour le portail dgeq.org uniquement; ne pas étendre aux autres sources.
src_a4f04c81b342,Élections Québec,Élection partielle de Marie-Victorin (11 avril 2022) : Liste des candidats,https://donnees.electionsquebec.qc.ca/production/provincial/resultats/archives/part2022-04-11/candidatures.json,Élection partielle de Marie-Victorin (11 avril 2022) : Liste des candidats,JSON,selon fichier; voir dictionnaire et index,2022-04-11,archives fixes,DGEQ-open-data,https://www.dgeq.org/licence.html,GET JSON,2026-10-03,lien présent dans index officiel; HTTP séparé dans download_log.csv,noms candidatures et agents,raw_download,yes,public,https://www.dgeq.org/archives.html,archives,qc-prov-2022-04-11-partial,false,Licence vérifiée pour le portail dgeq.org uniquement; ne pas étendre aux autres sources.
src_53258148a5e9,Élections Québec,Élection partielle de Marie-Victorin (11 avril 2022) : Résultats JSON,https://donnees.electionsquebec.qc.ca/production/provincial/resultats/archives/part2022-04-11/resultats.json,Élection partielle de Marie-Victorin (11 avril 2022) : Résultats JSON,JSON,élection; circonscription; candidature,2022-04-11,archives fixes,DGEQ-open-data,https://www.dgeq.org/licence.html,GET JSON,2026-10-03,lien présent dans index officiel; HTTP séparé dans download_log.csv,non identifiées au stade inventaire,raw_download,yes,public,https://www.dgeq.org/archives.html,archives,qc-prov-2022-04-11-partial,true,Licence vérifiée pour le portail dgeq.org uniquement; ne pas étendre aux autres sources.
src_1d61988f3ad4,Élections Québec,Élection partielle de Marie-Victorin (11 avril 2022) : Résultats XML,https://donnees.electionsquebec.qc.ca/production/provincial/resultats/archives/part2022-04-11/resultats.xml,Élection partielle de Marie-Victorin (11 avril 2022) : Résultats XML,XML,selon fichier; voir dictionnaire et index,2022-04-11,archives fixes,DGEQ-open-data,https://www.dgeq.org/licence.html,GET XML,2026-10-03,lien présent dans index officiel; HTTP séparé dans download_log.csv,non identifiées au stade inventaire,raw_download,yes,public,https://www.dgeq.org/archives.html,archives,qc-prov-2022-04-11-partial,false,Licence vérifiée pour le portail dgeq.org uniquement; ne pas étendre aux autres sources.
src_2881f1030948,Élections Québec,Élection partielle de Marie-Victorin (11 avril 2022) : Statistiques globales,https://donnees.electionsquebec.qc.ca/production/provincial/resultats/archives/part2022-04-11/statistiques.csv,Élection partielle de Marie-Victorin (11 avril 2022) : Statistiques globales,CSV,selon fichier; voir dictionnaire et index,2022-04-11,archives fixes,DGEQ-open-data,https://www.dgeq.org/licence.html,GET CSV,2026-10-03,lien présent dans index officiel; HTTP séparé dans download_log.csv,non identifiées au stade inventaire,raw_download,yes,public,https://www.dgeq.org/archives.html,archives,qc-prov-2022-04-11-partial,false,Licence vérifiée pour le portail dgeq.org uniquement; ne pas étendre aux autres sources.
src_e3cfc46ae6c5,Élections Québec,Élection partielle de Marie-Victorin (11 avril 2022) : Votes par partis politiques,https://donnees.electionsquebec.qc.ca/production/provincial/resultats/archives/part2022-04-11/partispolitiques.csv,Élection partielle de Marie-Victorin (11 avril 2022) : Votes par partis politiques,CSV,selon fichier; voir dictionnaire et index,2022-04-11,archives fixes,DGEQ-open-data,https://www.dgeq.org/licence.html,GET CSV,2026-10-03,lien présent dans index officiel; HTTP séparé dans download_log.csv,non identifiées au stade inventaire,raw_download,yes,public,https://www.dgeq.org/archives.html,archives,qc-prov-2022-04-11-partial,false,Licence vérifiée pour le portail dgeq.org uniquement; ne pas étendre aux autres sources.
src_b230a8d92448,Élections Québec,Élection partielle de Marie-Victorin (11 avril 2022) : Votes par candidats,https://donnees.electionsquebec.qc.ca/production/provincial/resultats/archives/part2022-04-11/candidats.csv,Élection partielle de Marie-Victorin (11 avril 2022) : Votes par candidats,CSV,selon fichier; voir dictionnaire et index,2022-04-11,archives fixes,DGEQ-open-data,https://www.dgeq.org/licence.html,GET CSV,2026-10-03,lien présent dans index officiel; HTTP séparé dans download_log.csv,noms candidatures et agents,raw_download,yes,public,https://www.dgeq.org/archives.html,archives,qc-prov-2022-04-11-partial,false,Licence vérifiée pour le portail dgeq.org uniquement; ne pas étendre aux autres sources.
src_623a19ad7493,Élections Québec,Élection partielle de Marie-Victorin (11 avril 2022) : Données par circonscriptions,https://donnees.electionsquebec.qc.ca/production/provincial/resultats/archives/part2022-04-11/circonscriptions.csv,Élection partielle de Marie-Victorin (11 avril 2022) : Données par circonscriptions,CSV,selon fichier; voir dictionnaire et index,2022-04-11,archives fixes,DGEQ-open-data,https://www.dgeq.org/licence.html,GET CSV,2026-10-03,lien présent dans index officiel; HTTP séparé dans download_log.csv,non identifiées au stade inventaire,raw_download,yes,public,https://www.dgeq.org/archives.html,archives,qc-prov-2022-04-11-partial,false,Licence vérifiée pour le portail dgeq.org uniquement; ne pas étendre aux autres sources.
src_0f7998c94572,Élections Québec,Élection partielle de Marie-Victorin (11 avril 2022) : Résultats par bureau de vote,https://donnees.electionsquebec.qc.ca/production/provincial/resultats/archives/part2022-04-11/resultats-bureau-vote.zip,Élection partielle de Marie-Victorin (11 avril 2022) : Résultats par bureau de vote,ZIP,élection; circonscription; bureau; candidature,2022-04-11,archives fixes,DGEQ-open-data,https://www.dgeq.org/licence.html,GET ZIP,2026-10-03,lien présent dans index officiel; HTTP séparé dans download_log.csv,non identifiées au stade inventaire,raw_download,yes,public,https://www.dgeq.org/archives.html,archives,qc-prov-2022-04-11-partial,true,Licence vérifiée pour le portail dgeq.org uniquement; ne pas étendre aux autres sources.
src_d7763cf5c24a,Élections Québec,Élection partielle de Jean-Talon (2 décembre 2019) : Nombre d’électeurs inscrits en circonscription,https://donnees.electionsquebec.qc.ca/production/provincial/resultats/archives/part2019-12-02/electeur_inscrit.csv,Élection partielle de Jean-Talon (2 décembre 2019) : Nombre d’électeurs inscrits en circonscription,CSV,selon fichier; voir dictionnaire et index,2019-12-02,archives fixes,DGEQ-open-data,https://www.dgeq.org/licence.html,GET CSV,2026-10-03,lien présent dans index officiel; HTTP séparé dans download_log.csv,non identifiées au stade inventaire,raw_download,yes,public,https://www.dgeq.org/archives.html,archives,qc-prov-2019-12-02-partial,false,Licence vérifiée pour le portail dgeq.org uniquement; ne pas étendre aux autres sources.
src_cd4776f298e0,Élections Québec,Élection partielle de Jean-Talon (2 décembre 2019) : Liste des candidats,https://donnees.electionsquebec.qc.ca/production/provincial/resultats/archives/part2019-12-02/candidatures.json,Élection partielle de Jean-Talon (2 décembre 2019) : Liste des candidats,JSON,selon fichier; voir dictionnaire et index,2019-12-02,archives fixes,DGEQ-open-data,https://www.dgeq.org/licence.html,GET JSON,2026-10-03,lien présent dans index officiel; HTTP séparé dans download_log.csv,noms candidatures et agents,raw_download,yes,public,https://www.dgeq.org/archives.html,archives,qc-prov-2019-12-02-partial,false,Licence vérifiée pour le portail dgeq.org uniquement; ne pas étendre aux autres sources.
src_81c5fe8d1b02,Élections Québec,Élection partielle de Jean-Talon (2 décembre 2019) : Résultats JSON,https://donnees.electionsquebec.qc.ca/production/provincial/resultats/archives/part2019-12-02/resultats.json,Élection partielle de Jean-Talon (2 décembre 2019) : Résultats JSON,JSON,élection; circonscription; candidature,2019-12-02,archives fixes,DGEQ-open-data,https://www.dgeq.org/licence.html,GET JSON,2026-10-03,lien présent dans index officiel; HTTP séparé dans download_log.csv,non identifiées au stade inventaire,raw_download,yes,public,https://www.dgeq.org/archives.html,archives,qc-prov-2019-12-02-partial,true,Licence vérifiée pour le portail dgeq.org uniquement; ne pas étendre aux autres sources.
src_80bb592e8c97,Élections Québec,Élection partielle de Jean-Talon (2 décembre 2019) : Résultats XML,https://donnees.electionsquebec.qc.ca/production/provincial/resultats/archives/part2019-12-02/resultats.xml,Élection partielle de Jean-Talon (2 décembre 2019) : Résultats XML,XML,selon fichier; voir dictionnaire et index,2019-12-02,archives fixes,DGEQ-open-data,https://www.dgeq.org/licence.html,GET XML,2026-10-03,lien présent dans index officiel; HTTP séparé dans download_log.csv,non identifiées au stade inventaire,raw_download,yes,public,https://www.dgeq.org/archives.html,archives,qc-prov-2019-12-02-partial,false,Licence vérifiée pour le portail dgeq.org uniquement; ne pas étendre aux autres sources.
src_123aa4fb3432,Élections Québec,Élection partielle de Jean-Talon (2 décembre 2019) : Statistiques globales,https://donnees.electionsquebec.qc.ca/production/provincial/resultats/archives/part2019-12-02/statistiques.csv,Élection partielle de Jean-Talon (2 décembre 2019) : Statistiques globales,CSV,selon fichier; voir dictionnaire et index,2019-12-02,archives fixes,DGEQ-open-data,https://www.dgeq.org/licence.html,GET CSV,2026-10-03,lien présent dans index officiel; HTTP séparé dans download_log.csv,non identifiées au stade inventaire,raw_download,yes,public,https://www.dgeq.org/archives.html,archives,qc-prov-2019-12-02-partial,false,Licence vérifiée pour le portail dgeq.org uniquement; ne pas étendre aux autres sources.
src_b7a078e29393,Élections Québec,Élection partielle de Jean-Talon (2 décembre 2019) : Votes par partis politiques,https://donnees.electionsquebec.qc.ca/production/provincial/resultats/archives/part2019-12-02/partispolitiques.csv,Élection partielle de Jean-Talon (2 décembre 2019) : Votes par partis politiques,CSV,selon fichier; voir dictionnaire et index,2019-12-02,archives fixes,DGEQ-open-data,https://www.dgeq.org/licence.html,GET CSV,2026-10-03,lien présent dans index officiel; HTTP séparé dans download_log.csv,non identifiées au stade inventaire,raw_download,yes,public,https://www.dgeq.org/archives.html,archives,qc-prov-2019-12-02-partial,false,Licence vérifiée pour le portail dgeq.org uniquement; ne pas étendre aux autres sources.
src_b62dd404d625,Élections Québec,Élection partielle de Jean-Talon (2 décembre 2019) : Votes par candidats,https://donnees.electionsquebec.qc.ca/production/provincial/resultats/archives/part2019-12-02/candidats.csv,Élection partielle de Jean-Talon (2 décembre 2019) : Votes par candidats,CSV,selon fichier; voir dictionnaire et index,2019-12-02,archives fixes,DGEQ-open-data,https://www.dgeq.org/licence.html,GET CSV,2026-10-03,lien présent dans index officiel; HTTP séparé dans download_log.csv,noms candidatures et agents,raw_download,yes,public,https://www.dgeq.org/archives.html,archives,qc-prov-2019-12-02-partial,false,Licence vérifiée pour le portail dgeq.org uniquement; ne pas étendre aux autres sources.
src_0f6e5bbb3d21,Élections Québec,Élection partielle de Jean-Talon (2 décembre 2019) : Données par circonscriptions,https://donnees.electionsquebec.qc.ca/production/provincial/resultats/archives/part2019-12-02/circonscriptions.csv,Élection partielle de Jean-Talon (2 décembre 2019) : Données par circonscriptions,CSV,selon fichier; voir dictionnaire et index,2019-12-02,archives fixes,DGEQ-open-data,https://www.dgeq.org/licence.html,GET CSV,2026-10-03,lien présent dans index officiel; HTTP séparé dans download_log.csv,non identifiées au stade inventaire,raw_download,yes,public,https://www.dgeq.org/archives.html,archives,qc-prov-2019-12-02-partial,false,Licence vérifiée pour le portail dgeq.org uniquement; ne pas étendre aux autres sources.
src_f80644e75365,Élections Québec,Élection partielle de Jean-Talon (2 décembre 2019) : Résultats par bureau de vote,https://donnees.electionsquebec.qc.ca/production/provincial/resultats/archives/part2019-12-02/resultats-bureau-vote.zip,Élection partielle de Jean-Talon (2 décembre 2019) : Résultats par bureau de vote,ZIP,élection; circonscription; bureau; candidature,2019-12-02,archives fixes,DGEQ-open-data,https://www.dgeq.org/licence.html,GET ZIP,2026-10-03,lien présent dans index officiel; HTTP séparé dans download_log.csv,non identifiées au stade inventaire,raw_download,yes,public,https://www.dgeq.org/archives.html,archives,qc-prov-2019-12-02-partial,true,Licence vérifiée pour le portail dgeq.org uniquement; ne pas étendre aux autres sources.
src_1b992747e75b,Élections Québec,Élection partielle de Roberval (10 décembre 2018) : Nombre d’électeurs inscrits en circonscription,https://donnees.electionsquebec.qc.ca/production/provincial/resultats/archives/part2018-12-10/electeur_inscrit.csv,Élection partielle de Roberval (10 décembre 2018) : Nombre d’électeurs inscrits en circonscription,CSV,selon fichier; voir dictionnaire et index,2018-12-10,archives fixes,DGEQ-open-data,https://www.dgeq.org/licence.html,GET CSV,2026-10-03,lien présent dans index officiel; HTTP séparé dans download_log.csv,non identifiées au stade inventaire,raw_download,yes,public,https://www.dgeq.org/archives.html,archives,qc-prov-2018-12-10-partial,false,Licence vérifiée pour le portail dgeq.org uniquement; ne pas étendre aux autres sources.
src_5b6ceaa50b7f,Élections Québec,Élection partielle de Roberval (10 décembre 2018) : Liste des candidats,https://donnees.electionsquebec.qc.ca/production/provincial/resultats/archives/part2018-12-10/candidatures.json,Élection partielle de Roberval (10 décembre 2018) : Liste des candidats,JSON,selon fichier; voir dictionnaire et index,2018-12-10,archives fixes,DGEQ-open-data,https://www.dgeq.org/licence.html,GET JSON,2026-10-03,lien présent dans index officiel; HTTP séparé dans download_log.csv,noms candidatures et agents,raw_download,yes,public,https://www.dgeq.org/archives.html,archives,qc-prov-2018-12-10-partial,false,Licence vérifiée pour le portail dgeq.org uniquement; ne pas étendre aux autres sources.
src_9ef2a7b66e04,Élections Québec,Élection partielle de Roberval (10 décembre 2018) : Résultats JSON,https://donnees.electionsquebec.qc.ca/production/provincial/resultats/archives/part2018-12-10/resultats.json,Élection partielle de Roberval (10 décembre 2018) : Résultats JSON,JSON,élection; circonscription; candidature,2018-12-10,archives fixes,DGEQ-open-data,https://www.dgeq.org/licence.html,GET JSON,2026-10-03,lien présent dans index officiel; HTTP séparé dans download_log.csv,non identifiées au stade inventaire,raw_download,yes,public,https://www.dgeq.org/archives.html,archives,qc-prov-2018-12-10-partial,true,Licence vérifiée pour le portail dgeq.org uniquement; ne pas étendre aux autres sources.
src_80db6096b2e1,Élections Québec,Élection partielle de Roberval (10 décembre 2018) : Résultats XML,https://donnees.electionsquebec.qc.ca/production/provincial/resultats/archives/part2018-12-10/resultats.xml,Élection partielle de Roberval (10 décembre 2018) : Résultats XML,XML,selon fichier; voir dictionnaire et index,2018-12-10,archives fixes,DGEQ-open-data,https://www.dgeq.org/licence.html,GET XML,2026-10-03,lien présent dans index officiel; HTTP séparé dans download_log.csv,non identifiées au stade inventaire,raw_download,yes,public,https://www.dgeq.org/archives.html,archives,qc-prov-2018-12-10-partial,false,Licence vérifiée pour le portail dgeq.org uniquement; ne pas étendre aux autres sources.
src_2a8b153c40d4,Élections Québec,Élection partielle de Roberval (10 décembre 2018) : Statistiques globales,https://donnees.electionsquebec.qc.ca/production/provincial/resultats/archives/part2018-12-10/statistiques.csv,Élection partielle de Roberval (10 décembre 2018) : Statistiques globales,CSV,selon fichier; voir dictionnaire et index,2018-12-10,archives fixes,DGEQ-open-data,https://www.dgeq.org/licence.html,GET CSV,2026-10-03,lien présent dans index officiel; HTTP séparé dans download_log.csv,non identifiées au stade inventaire,raw_download,yes,public,https://www.dgeq.org/archives.html,archives,qc-prov-2018-12-10-partial,false,Licence vérifiée pour le portail dgeq.org uniquement; ne pas étendre aux autres sources.
src_da8e5c87fd8e,Élections Québec,Élection partielle de Roberval (10 décembre 2018) : Votes par partis politiques,https://donnees.electionsquebec.qc.ca/production/provincial/resultats/archives/part2018-12-10/partispolitiques.csv,Élection partielle de Roberval (10 décembre 2018) : Votes par partis politiques,CSV,selon fichier; voir dictionnaire et index,2018-12-10,archives fixes,DGEQ-open-data,https://www.dgeq.org/licence.html,GET CSV,2026-10-03,lien présent dans index officiel; HTTP séparé dans download_log.csv,non identifiées au stade inventaire,raw_download,yes,public,https://www.dgeq.org/archives.html,archives,qc-prov-2018-12-10-partial,false,Licence vérifiée pour le portail dgeq.org uniquement; ne pas étendre aux autres sources.
src_bc00e81baa8e,Élections Québec,Élection partielle de Roberval (10 décembre 2018) : Votes par candidats,https://donnees.electionsquebec.qc.ca/production/provincial/resultats/archives/part2018-12-10/candidats.csv,Élection partielle de Roberval (10 décembre 2018) : Votes par candidats,CSV,selon fichier; voir dictionnaire et index,2018-12-10,archives fixes,DGEQ-open-data,https://www.dgeq.org/licence.html,GET CSV,2026-10-03,lien présent dans index officiel; HTTP séparé dans download_log.csv,noms candidatures et agents,raw_download,yes,public,https://www.dgeq.org/archives.html,archives,qc-prov-2018-12-10-partial,false,Licence vérifiée pour le portail dgeq.org uniquement; ne pas étendre aux autres sources.
src_a9593fc218a1,Élections Québec,Élection partielle de Roberval (10 décembre 2018) : Données par circonscriptions,https://donnees.electionsquebec.qc.ca/production/provincial/resultats/archives/part2018-12-10/circonscriptions.csv,Élection partielle de Roberval (10 décembre 2018) : Données par circonscriptions,CSV,selon fichier; voir dictionnaire et index,2018-12-10,archives fixes,DGEQ-open-data,https://www.dgeq.org/licence.html,GET CSV,2026-10-03,lien présent dans index officiel; HTTP séparé dans download_log.csv,non identifiées au stade inventaire,raw_download,yes,public,https://www.dgeq.org/archives.html,archives,qc-prov-2018-12-10-partial,false,Licence vérifiée pour le portail dgeq.org uniquement; ne pas étendre aux autres sources.
src_70d5ee7502b1,Élections Québec,Élection partielle de Roberval (10 décembre 2018) : Résultats par bureau de vote,https://donnees.electionsquebec.qc.ca/production/provincial/resultats/archives/part2018-12-10/resultats-bureau-vote.zip,Élection partielle de Roberval (10 décembre 2018) : Résultats par bureau de vote,ZIP,élection; circonscription; bureau; candidature,2018-12-10,archives fixes,DGEQ-open-data,https://www.dgeq.org/licence.html,GET ZIP,2026-10-03,lien présent dans index officiel; HTTP séparé dans download_log.csv,non identifiées au stade inventaire,raw_download,yes,public,https://www.dgeq.org/archives.html,archives,qc-prov-2018-12-10-partial,true,Licence vérifiée pour le portail dgeq.org uniquement; ne pas étendre aux autres sources.
src_5cd5f9fdf426,Élections Québec,Élections générales (1 er octobre 2018) : Nombre d’électeurs inscrits en circonscription,https://donnees.electionsquebec.qc.ca/production/provincial/resultats/archives/gen2018-10-01/electeur_inscrit.csv,Élections générales (1 er octobre 2018) : Nombre d’électeurs inscrits en circonscription,CSV,selon fichier; voir dictionnaire et index,2018-10-01,archives fixes,DGEQ-open-data,https://www.dgeq.org/licence.html,GET CSV,2026-10-03,lien présent dans index officiel; HTTP séparé dans download_log.csv,non identifiées au stade inventaire,raw_download,yes,public,https://www.dgeq.org/archives.html,archives,qc-prov-2018-10-01-general,false,Licence vérifiée pour le portail dgeq.org uniquement; ne pas étendre aux autres sources.
src_4ffb33696bad,Élections Québec,Élections générales (1 er octobre 2018) : Liste des candidats,https://donnees.electionsquebec.qc.ca/production/provincial/resultats/archives/gen2018-10-01/candidatsEG2018.json,Élections générales (1 er octobre 2018) : Liste des candidats,JSON,selon fichier; voir dictionnaire et index,2018-10-01,archives fixes,DGEQ-open-data,https://www.dgeq.org/licence.html,GET JSON,2026-10-03,lien présent dans index officiel; HTTP séparé dans download_log.csv,noms candidatures et agents,raw_download,yes,public,https://www.dgeq.org/archives.html,archives,qc-prov-2018-10-01-general,false,Licence vérifiée pour le portail dgeq.org uniquement; ne pas étendre aux autres sources.
src_6ce929ca1736,Élections Québec,Élections générales (1 er octobre 2018) : Résultats JSON,https://donnees.electionsquebec.qc.ca/production/provincial/resultats/archives/gen2018-10-01/resultats.json,Élections générales (1 er octobre 2018) : Résultats JSON,JSON,élection; circonscription; candidature,2018-10-01,archives fixes,DGEQ-open-data,https://www.dgeq.org/licence.html,GET JSON,2026-10-03,lien présent dans index officiel; HTTP séparé dans download_log.csv,non identifiées au stade inventaire,raw_download,yes,public,https://www.dgeq.org/archives.html,archives,qc-prov-2018-10-01-general,true,Licence vérifiée pour le portail dgeq.org uniquement; ne pas étendre aux autres sources.
src_190d17846ca5,Élections Québec,Élections générales (1 er octobre 2018) : Résultats XML,https://donnees.electionsquebec.qc.ca/production/provincial/resultats/archives/gen2018-10-01/resultats.xml,Élections générales (1 er octobre 2018) : Résultats XML,XML,selon fichier; voir dictionnaire et index,2018-10-01,archives fixes,DGEQ-open-data,https://www.dgeq.org/licence.html,GET XML,2026-10-03,lien présent dans index officiel; HTTP séparé dans download_log.csv,non identifiées au stade inventaire,raw_download,yes,public,https://www.dgeq.org/archives.html,archives,qc-prov-2018-10-01-general,false,Licence vérifiée pour le portail dgeq.org uniquement; ne pas étendre aux autres sources.
src_85069913393f,Élections Québec,Élections générales (1 er octobre 2018) : Statistiques globales,https://donnees.electionsquebec.qc.ca/production/provincial/resultats/archives/gen2018-10-01/statistiques.csv,Élections générales (1 er octobre 2018) : Statistiques globales,CSV,selon fichier; voir dictionnaire et index,2018-10-01,archives fixes,DGEQ-open-data,https://www.dgeq.org/licence.html,GET CSV,2026-10-03,lien présent dans index officiel; HTTP séparé dans download_log.csv,non identifiées au stade inventaire,raw_download,yes,public,https://www.dgeq.org/archives.html,archives,qc-prov-2018-10-01-general,false,Licence vérifiée pour le portail dgeq.org uniquement; ne pas étendre aux autres sources.
src_ee2068956d7f,Élections Québec,Élections générales (1 er octobre 2018) : Votes par partis politiques,https://donnees.electionsquebec.qc.ca/production/provincial/resultats/archives/gen2018-10-01/partispolitiques.csv,Élections générales (1 er octobre 2018) : Votes par partis politiques,CSV,selon fichier; voir dictionnaire et index,2018-10-01,archives fixes,DGEQ-open-data,https://www.dgeq.org/licence.html,GET CSV,2026-10-03,lien présent dans index officiel; HTTP séparé dans download_log.csv,non identifiées au stade inventaire,raw_download,yes,public,https://www.dgeq.org/archives.html,archives,qc-prov-2018-10-01-general,false,Licence vérifiée pour le portail dgeq.org uniquement; ne pas étendre aux autres sources.
src_cacbcf31fd8a,Élections Québec,Élections générales (1 er octobre 2018) : Votes par candidats,https://donnees.electionsquebec.qc.ca/production/provincial/resultats/archives/gen2018-10-01/candidats.csv,Élections générales (1 er octobre 2018) : Votes par candidats,CSV,selon fichier; voir dictionnaire et index,2018-10-01,archives fixes,DGEQ-open-data,https://www.dgeq.org/licence.html,GET CSV,2026-10-03,lien présent dans index officiel; HTTP séparé dans download_log.csv,noms candidatures et agents,raw_download,yes,public,https://www.dgeq.org/archives.html,archives,qc-prov-2018-10-01-general,false,Licence vérifiée pour le portail dgeq.org uniquement; ne pas étendre aux autres sources.
src_05f1cf94dc38,Élections Québec,Élections générales (1 er octobre 2018) : Données par circonscriptions,https://donnees.electionsquebec.qc.ca/production/provincial/resultats/archives/gen2018-10-01/circonscriptions.csv,Élections générales (1 er octobre 2018) : Données par circonscriptions,CSV,selon fichier; voir dictionnaire et index,2018-10-01,archives fixes,DGEQ-open-data,https://www.dgeq.org/licence.html,GET CSV,2026-10-03,lien présent dans index officiel; HTTP séparé dans download_log.csv,non identifiées au stade inventaire,raw_download,yes,public,https://www.dgeq.org/archives.html,archives,qc-prov-2018-10-01-general,false,Licence vérifiée pour le portail dgeq.org uniquement; ne pas étendre aux autres sources.
src_a0012cc28850,Élections Québec,Élections générales (1 er octobre 2018) : Résultats par bureau de vote,https://donnees.electionsquebec.qc.ca/production/provincial/resultats/archives/gen2018-10-01/resultats-bureau-vote.zip,Élections générales (1 er octobre 2018) : Résultats par bureau de vote,ZIP,élection; circonscription; bureau; candidature,2018-10-01,archives fixes,DGEQ-open-data,https://www.dgeq.org/licence.html,GET ZIP,2026-10-03,lien présent dans index officiel; HTTP séparé dans download_log.csv,non identifiées au stade inventaire,raw_download,yes,public,https://www.dgeq.org/archives.html,archives,qc-prov-2018-10-01-general,true,Licence vérifiée pour le portail dgeq.org uniquement; ne pas étendre aux autres sources.
src_b5bcf6cd6028,Élections Québec,Élection partielle de Louis-Hébert (2 octobre 2017) : Nombre d’électeurs inscrits en circonscription,https://donnees.electionsquebec.qc.ca/production/provincial/resultats/archives/part2017-10-02/electeur_inscrit.csv,Élection partielle de Louis-Hébert (2 octobre 2017) : Nombre d’électeurs inscrits en circonscription,CSV,selon fichier; voir dictionnaire et index,2017-10-02,archives fixes,DGEQ-open-data,https://www.dgeq.org/licence.html,GET CSV,2026-10-03,lien présent dans index officiel; HTTP séparé dans download_log.csv,non identifiées au stade inventaire,raw_download,yes,public,https://www.dgeq.org/archives.html,archives,qc-prov-2017-10-02-partial,false,Licence vérifiée pour le portail dgeq.org uniquement; ne pas étendre aux autres sources.
src_de6664b5237e,Élections Québec,Élection partielle de Louis-Hébert (2 octobre 2017) : Liste des candidats,https://donnees.electionsquebec.qc.ca/production/provincial/resultats/archives/part2017-10-02/candidatures.json,Élection partielle de Louis-Hébert (2 octobre 2017) : Liste des candidats,JSON,selon fichier; voir dictionnaire et index,2017-10-02,archives fixes,DGEQ-open-data,https://www.dgeq.org/licence.html,GET JSON,2026-10-03,lien présent dans index officiel; HTTP séparé dans download_log.csv,noms candidatures et agents,raw_download,yes,public,https://www.dgeq.org/archives.html,archives,qc-prov-2017-10-02-partial,false,Licence vérifiée pour le portail dgeq.org uniquement; ne pas étendre aux autres sources.
src_c0d45adf2a1b,Élections Québec,Élection partielle de Louis-Hébert (2 octobre 2017) : Résultats JSON,https://donnees.electionsquebec.qc.ca/production/provincial/resultats/archives/part2017-10-02/resultats.json,Élection partielle de Louis-Hébert (2 octobre 2017) : Résultats JSON,JSON,élection; circonscription; candidature,2017-10-02,archives fixes,DGEQ-open-data,https://www.dgeq.org/licence.html,GET JSON,2026-10-03,lien présent dans index officiel; HTTP séparé dans download_log.csv,non identifiées au stade inventaire,raw_download,yes,public,https://www.dgeq.org/archives.html,archives,qc-prov-2017-10-02-partial,true,Licence vérifiée pour le portail dgeq.org uniquement; ne pas étendre aux autres sources.
src_8d87c7099661,Élections Québec,Élection partielle de Louis-Hébert (2 octobre 2017) : Résultats XML,https://donnees.electionsquebec.qc.ca/production/provincial/resultats/archives/part2017-10-02/resultats.xml,Élection partielle de Louis-Hébert (2 octobre 2017) : Résultats XML,XML,selon fichier; voir dictionnaire et index,2017-10-02,archives fixes,DGEQ-open-data,https://www.dgeq.org/licence.html,GET XML,2026-10-03,lien présent dans index officiel; HTTP séparé dans download_log.csv,non identifiées au stade inventaire,raw_download,yes,public,https://www.dgeq.org/archives.html,archives,qc-prov-2017-10-02-partial,false,Licence vérifiée pour le portail dgeq.org uniquement; ne pas étendre aux autres sources.
src_bda3be5ec969,Élections Québec,Élection partielle de Louis-Hébert (2 octobre 2017) : Statistiques globales,https://donnees.electionsquebec.qc.ca/production/provincial/resultats/archives/part2017-10-02/statistiques.csv,Élection partielle de Louis-Hébert (2 octobre 2017) : Statistiques globales,CSV,selon fichier; voir dictionnaire et index,2017-10-02,archives fixes,DGEQ-open-data,https://www.dgeq.org/licence.html,GET CSV,2026-10-03,lien présent dans index officiel; HTTP séparé dans download_log.csv,non identifiées au stade inventaire,raw_download,yes,public,https://www.dgeq.org/archives.html,archives,qc-prov-2017-10-02-partial,false,Licence vérifiée pour le portail dgeq.org uniquement; ne pas étendre aux autres sources.
src_6f661b23e4b0,Élections Québec,Élection partielle de Louis-Hébert (2 octobre 2017) : Votes par partis politiques,https://donnees.electionsquebec.qc.ca/production/provincial/resultats/archives/part2017-10-02/partispolitiques.csv,Élection partielle de Louis-Hébert (2 octobre 2017) : Votes par partis politiques,CSV,selon fichier; voir dictionnaire et index,2017-10-02,archives fixes,DGEQ-open-data,https://www.dgeq.org/licence.html,GET CSV,2026-10-03,lien présent dans index officiel; HTTP séparé dans download_log.csv,non identifiées au stade inventaire,raw_download,yes,public,https://www.dgeq.org/archives.html,archives,qc-prov-2017-10-02-partial,false,Licence vérifiée pour le portail dgeq.org uniquement; ne pas étendre aux autres sources.
src_92b3fb7eb932,Élections Québec,Élection partielle de Louis-Hébert (2 octobre 2017) : Votes par candidats,https://donnees.electionsquebec.qc.ca/production/provincial/resultats/archives/part2017-10-02/candidats.csv,Élection partielle de Louis-Hébert (2 octobre 2017) : Votes par candidats,CSV,selon fichier; voir dictionnaire et index,2017-10-02,archives fixes,DGEQ-open-data,https://www.dgeq.org/licence.html,GET CSV,2026-10-03,lien présent dans index officiel; HTTP séparé dans download_log.csv,noms candidatures et agents,raw_download,yes,public,https://www.dgeq.org/archives.html,archives,qc-prov-2017-10-02-partial,false,Licence vérifiée pour le portail dgeq.org uniquement; ne pas étendre aux autres sources.
src_5d6cd90118dd,Élections Québec,Élection partielle de Louis-Hébert (2 octobre 2017) : Données par circonscriptions,https://donnees.electionsquebec.qc.ca/production/provincial/resultats/archives/part2017-10-02/circonscriptions.csv,Élection partielle de Louis-Hébert (2 octobre 2017) : Données par circonscriptions,CSV,selon fichier; voir dictionnaire et index,2017-10-02,archives fixes,DGEQ-open-data,https://www.dgeq.org/licence.html,GET CSV,2026-10-03,lien présent dans index officiel; HTTP séparé dans download_log.csv,non identifiées au stade inventaire,raw_download,yes,public,https://www.dgeq.org/archives.html,archives,qc-prov-2017-10-02-partial,false,Licence vérifiée pour le portail dgeq.org uniquement; ne pas étendre aux autres sources.
src_324607d7dfe9,Élections Québec,Élection partielle de Louis-Hébert (2 octobre 2017) : Résultats par bureau de vote,https://donnees.electionsquebec.qc.ca/production/provincial/resultats/archives/part2017-10-02/resultats-bureau-vote.zip,Élection partielle de Louis-Hébert (2 octobre 2017) : Résultats par bureau de vote,ZIP,élection; circonscription; bureau; candidature,2017-10-02,archives fixes,DGEQ-open-data,https://www.dgeq.org/licence.html,GET ZIP,2026-10-03,lien présent dans index officiel; HTTP séparé dans download_log.csv,non identifiées au stade inventaire,raw_download,yes,public,https://www.dgeq.org/archives.html,archives,qc-prov-2017-10-02-partial,true,Licence vérifiée pour le portail dgeq.org uniquement; ne pas étendre aux autres sources.
src_1e7acd829314,Élections Québec,Élection partielle de Gouin (29 mai 2017) : Nombre d’électeurs inscrits en circonscription,https://donnees.electionsquebec.qc.ca/production/provincial/resultats/archives/part2017-05-29/electeur_inscrit.csv,Élection partielle de Gouin (29 mai 2017) : Nombre d’électeurs inscrits en circonscription,CSV,selon fichier; voir dictionnaire et index,2017-05-29,archives fixes,DGEQ-open-data,https://www.dgeq.org/licence.html,GET CSV,2026-10-03,lien présent dans index officiel; HTTP séparé dans download_log.csv,non identifiées au stade inventaire,raw_download,yes,public,https://www.dgeq.org/archives.html,archives,qc-prov-2017-05-29-partial,false,Licence vérifiée pour le portail dgeq.org uniquement; ne pas étendre aux autres sources.
src_c0f026d4e2c4,Élections Québec,Élection partielle de Gouin (29 mai 2017) : Liste des candidats,https://donnees.electionsquebec.qc.ca/production/provincial/resultats/archives/part2017-05-29/liste_candidat.csv,Élection partielle de Gouin (29 mai 2017) : Liste des candidats,CSV,selon fichier; voir dictionnaire et index,2017-05-29,archives fixes,DGEQ-open-data,https://www.dgeq.org/licence.html,GET CSV,2026-10-03,lien présent dans index officiel; HTTP séparé dans download_log.csv,noms candidatures et agents,raw_download,yes,public,https://www.dgeq.org/archives.html,archives,qc-prov-2017-05-29-partial,false,Licence vérifiée pour le portail dgeq.org uniquement; ne pas étendre aux autres sources.
src_4e9171631c9b,Élections Québec,Élection partielle de Gouin (29 mai 2017) : Résultats JSON,https://donnees.electionsquebec.qc.ca/production/provincial/resultats/archives/part2017-05-29/resultats.json,Élection partielle de Gouin (29 mai 2017) : Résultats JSON,JSON,élection; circonscription; candidature,2017-05-29,archives fixes,DGEQ-open-data,https://www.dgeq.org/licence.html,GET JSON,2026-10-03,lien présent dans index officiel; HTTP séparé dans download_log.csv,non identifiées au stade inventaire,raw_download,yes,public,https://www.dgeq.org/archives.html,archives,qc-prov-2017-05-29-partial,true,Licence vérifiée pour le portail dgeq.org uniquement; ne pas étendre aux autres sources.
src_808b93f37473,Élections Québec,Élection partielle de Gouin (29 mai 2017) : Résultats XML,https://donnees.electionsquebec.qc.ca/production/provincial/resultats/archives/part2017-05-29/resultats.xml,Élection partielle de Gouin (29 mai 2017) : Résultats XML,XML,selon fichier; voir dictionnaire et index,2017-05-29,archives fixes,DGEQ-open-data,https://www.dgeq.org/licence.html,GET XML,2026-10-03,lien présent dans index officiel; HTTP séparé dans download_log.csv,non identifiées au stade inventaire,raw_download,yes,public,https://www.dgeq.org/archives.html,archives,qc-prov-2017-05-29-partial,false,Licence vérifiée pour le portail dgeq.org uniquement; ne pas étendre aux autres sources.
src_c6e34a960a7f,Élections Québec,Élection partielle de Gouin (29 mai 2017) : Statistiques globales,https://donnees.electionsquebec.qc.ca/production/provincial/resultats/archives/part2017-05-29/statistiques.csv,Élection partielle de Gouin (29 mai 2017) : Statistiques globales,CSV,selon fichier; voir dictionnaire et index,2017-05-29,archives fixes,DGEQ-open-data,https://www.dgeq.org/licence.html,GET CSV,2026-10-03,lien présent dans index officiel; HTTP séparé dans download_log.csv,non identifiées au stade inventaire,raw_download,yes,public,https://www.dgeq.org/archives.html,archives,qc-prov-2017-05-29-partial,false,Licence vérifiée pour le portail dgeq.org uniquement; ne pas étendre aux autres sources.
src_ef2203eee937,Élections Québec,Élection partielle de Gouin (29 mai 2017) : Votes par partis politiques,https://donnees.electionsquebec.qc.ca/production/provincial/resultats/archives/part2017-05-29/partispolitiques.csv,Élection partielle de Gouin (29 mai 2017) : Votes par partis politiques,CSV,selon fichier; voir dictionnaire et index,2017-05-29,archives fixes,DGEQ-open-data,https://www.dgeq.org/licence.html,GET CSV,2026-10-03,lien présent dans index officiel; HTTP séparé dans download_log.csv,non identifiées au stade inventaire,raw_download,yes,public,https://www.dgeq.org/archives.html,archives,qc-prov-2017-05-29-partial,false,Licence vérifiée pour le portail dgeq.org uniquement; ne pas étendre aux autres sources.
src_e3b05abc0ccd,Élections Québec,Élection partielle de Gouin (29 mai 2017) : Votes par candidats,https://donnees.electionsquebec.qc.ca/production/provincial/resultats/archives/part2017-05-29/candidats.csv,Élection partielle de Gouin (29 mai 2017) : Votes par candidats,CSV,selon fichier; voir dictionnaire et index,2017-05-29,archives fixes,DGEQ-open-data,https://www.dgeq.org/licence.html,GET CSV,2026-10-03,lien présent dans index officiel; HTTP séparé dans download_log.csv,noms candidatures et agents,raw_download,yes,public,https://www.dgeq.org/archives.html,archives,qc-prov-2017-05-29-partial,false,Licence vérifiée pour le portail dgeq.org uniquement; ne pas étendre aux autres sources.
src_802dafc4ec60,Élections Québec,Élection partielle de Gouin (29 mai 2017) : Données par circonscriptions,https://donnees.electionsquebec.qc.ca/production/provincial/resultats/archives/part2017-05-29/circonscriptions.csv,Élection partielle de Gouin (29 mai 2017) : Données par circonscriptions,CSV,selon fichier; voir dictionnaire et index,2017-05-29,archives fixes,DGEQ-open-data,https://www.dgeq.org/licence.html,GET CSV,2026-10-03,lien présent dans index officiel; HTTP séparé dans download_log.csv,non identifiées au stade inventaire,raw_download,yes,public,https://www.dgeq.org/archives.html,archives,qc-prov-2017-05-29-partial,false,Licence vérifiée pour le portail dgeq.org uniquement; ne pas étendre aux autres sources.
src_827a94931755,Élections Québec,Élection partielle de Gouin (29 mai 2017) : Résultats par bureau de vote,https://donnees.electionsquebec.qc.ca/production/provincial/resultats/archives/part2017-05-29/resultats-bureau-vote.zip,Élection partielle de Gouin (29 mai 2017) : Résultats par bureau de vote,ZIP,élection; circonscription; bureau; candidature,2017-05-29,archives fixes,DGEQ-open-data,https://www.dgeq.org/licence.html,GET ZIP,2026-10-03,lien présent dans index officiel; HTTP séparé dans download_log.csv,non identifiées au stade inventaire,raw_download,yes,public,https://www.dgeq.org/archives.html,archives,qc-prov-2017-05-29-partial,true,Licence vérifiée pour le portail dgeq.org uniquement; ne pas étendre aux autres sources.
src_7bbf1de818ea,Élections Québec,"Élections partielles d'Athabaska, de Marie-Victorin, de Saint-Jérome et de Verdun (5 décembre 2016) : Nombre d’électeurs inscrits en circonscription",https://donnees.electionsquebec.qc.ca/production/provincial/resultats/archives/part2016-12-05/electeur_inscrit.csv,"Élections partielles d'Athabaska, de Marie-Victorin, de Saint-Jérome et de Verdun (5 décembre 2016) : Nombre d’électeurs inscrits en circonscription",CSV,selon fichier; voir dictionnaire et index,2016-12-05,archives fixes,DGEQ-open-data,https://www.dgeq.org/licence.html,GET CSV,2026-10-03,lien présent dans index officiel; HTTP séparé dans download_log.csv,non identifiées au stade inventaire,raw_download,yes,public,https://www.dgeq.org/archives.html,archives,qc-prov-2016-12-05-partial,false,Licence vérifiée pour le portail dgeq.org uniquement; ne pas étendre aux autres sources.
src_88f59b484c33,Élections Québec,"Élections partielles d'Athabaska, de Marie-Victorin, de Saint-Jérome et de Verdun (5 décembre 2016) : Liste des candidats",https://donnees.electionsquebec.qc.ca/production/provincial/resultats/archives/part2016-12-05/liste_candidat.csv,"Élections partielles d'Athabaska, de Marie-Victorin, de Saint-Jérome et de Verdun (5 décembre 2016) : Liste des candidats",CSV,selon fichier; voir dictionnaire et index,2016-12-05,archives fixes,DGEQ-open-data,https://www.dgeq.org/licence.html,GET CSV,2026-10-03,lien présent dans index officiel; HTTP séparé dans download_log.csv,noms candidatures et agents,raw_download,yes,public,https://www.dgeq.org/archives.html,archives,qc-prov-2016-12-05-partial,false,Licence vérifiée pour le portail dgeq.org uniquement; ne pas étendre aux autres sources.
src_2d4e90d4e476,Élections Québec,"Élections partielles d'Athabaska, de Marie-Victorin, de Saint-Jérome et de Verdun (5 décembre 2016) : Résultats JSON",https://donnees.electionsquebec.qc.ca/production/provincial/resultats/archives/part2016-12-05/resultats.json,"Élections partielles d'Athabaska, de Marie-Victorin, de Saint-Jérome et de Verdun (5 décembre 2016) : Résultats JSON",JSON,élection; circonscription; candidature,2016-12-05,archives fixes,DGEQ-open-data,https://www.dgeq.org/licence.html,GET JSON,2026-10-03,lien présent dans index officiel; HTTP séparé dans download_log.csv,non identifiées au stade inventaire,raw_download,yes,public,https://www.dgeq.org/archives.html,archives,qc-prov-2016-12-05-partial,true,Licence vérifiée pour le portail dgeq.org uniquement; ne pas étendre aux autres sources.
src_b48971da6cff,Élections Québec,"Élections partielles d'Athabaska, de Marie-Victorin, de Saint-Jérome et de Verdun (5 décembre 2016) : Résultats XML",https://donnees.electionsquebec.qc.ca/production/provincial/resultats/archives/part2016-12-05/resultats.xml,"Élections partielles d'Athabaska, de Marie-Victorin, de Saint-Jérome et de Verdun (5 décembre 2016) : Résultats XML",XML,selon fichier; voir dictionnaire et index,2016-12-05,archives fixes,DGEQ-open-data,https://www.dgeq.org/licence.html,GET XML,2026-10-03,lien présent dans index officiel; HTTP séparé dans download_log.csv,non identifiées au stade inventaire,raw_download,yes,public,https://www.dgeq.org/archives.html,archives,qc-prov-2016-12-05-partial,false,Licence vérifiée pour le portail dgeq.org uniquement; ne pas étendre aux autres sources.
src_a2519a4e9f15,Élections Québec,"Élections partielles d'Athabaska, de Marie-Victorin, de Saint-Jérome et de Verdun (5 décembre 2016) : Statistiques globales",https://donnees.electionsquebec.qc.ca/production/provincial/resultats/archives/part2016-12-05/statistiques.csv,"Élections partielles d'Athabaska, de Marie-Victorin, de Saint-Jérome et de Verdun (5 décembre 2016) : Statistiques globales",CSV,selon fichier; voir dictionnaire et index,2016-12-05,archives fixes,DGEQ-open-data,https://www.dgeq.org/licence.html,GET CSV,2026-10-03,lien présent dans index officiel; HTTP séparé dans download_log.csv,non identifiées au stade inventaire,raw_download,yes,public,https://www.dgeq.org/archives.html,archives,qc-prov-2016-12-05-partial,false,Licence vérifiée pour le portail dgeq.org uniquement; ne pas étendre aux autres sources.
src_3ac387abee63,Élections Québec,"Élections partielles d'Athabaska, de Marie-Victorin, de Saint-Jérome et de Verdun (5 décembre 2016) : Votes par partis politiques",https://donnees.electionsquebec.qc.ca/production/provincial/resultats/archives/part2016-12-05/partispolitiques.csv,"Élections partielles d'Athabaska, de Marie-Victorin, de Saint-Jérome et de Verdun (5 décembre 2016) : Votes par partis politiques",CSV,selon fichier; voir dictionnaire et index,2016-12-05,archives fixes,DGEQ-open-data,https://www.dgeq.org/licence.html,GET CSV,2026-10-03,lien présent dans index officiel; HTTP séparé dans download_log.csv,non identifiées au stade inventaire,raw_download,yes,public,https://www.dgeq.org/archives.html,archives,qc-prov-2016-12-05-partial,false,Licence vérifiée pour le portail dgeq.org uniquement; ne pas étendre aux autres sources.
src_e37fa1d69577,Élections Québec,"Élections partielles d'Athabaska, de Marie-Victorin, de Saint-Jérome et de Verdun (5 décembre 2016) : Votes par candidats",https://donnees.electionsquebec.qc.ca/production/provincial/resultats/archives/part2016-12-05/candidats.csv,"Élections partielles d'Athabaska, de Marie-Victorin, de Saint-Jérome et de Verdun (5 décembre 2016) : Votes par candidats",CSV,selon fichier; voir dictionnaire et index,2016-12-05,archives fixes,DGEQ-open-data,https://www.dgeq.org/licence.html,GET CSV,2026-10-03,lien présent dans index officiel; HTTP séparé dans download_log.csv,noms candidatures et agents,raw_download,yes,public,https://www.dgeq.org/archives.html,archives,qc-prov-2016-12-05-partial,false,Licence vérifiée pour le portail dgeq.org uniquement; ne pas étendre aux autres sources.
src_6511f00e91fc,Élections Québec,"Élections partielles d'Athabaska, de Marie-Victorin, de Saint-Jérome et de Verdun (5 décembre 2016) : Données par circonscriptions",https://donnees.electionsquebec.qc.ca/production/provincial/resultats/archives/part2016-12-05/circonscriptions.csv,"Élections partielles d'Athabaska, de Marie-Victorin, de Saint-Jérome et de Verdun (5 décembre 2016) : Données par circonscriptions",CSV,selon fichier; voir dictionnaire et index,2016-12-05,archives fixes,DGEQ-open-data,https://www.dgeq.org/licence.html,GET CSV,2026-10-03,lien présent dans index officiel; HTTP séparé dans download_log.csv,non identifiées au stade inventaire,raw_download,yes,public,https://www.dgeq.org/archives.html,archives,qc-prov-2016-12-05-partial,false,Licence vérifiée pour le portail dgeq.org uniquement; ne pas étendre aux autres sources.
src_979ff86575ac,Élections Québec,"Élections partielles d'Athabaska, de Marie-Victorin, de Saint-Jérome et de Verdun (5 décembre 2016) : Résultats par bureau de vote",https://donnees.electionsquebec.qc.ca/production/provincial/resultats/archives/part2016-12-05/resultats-bureau-vote.zip,"Élections partielles d'Athabaska, de Marie-Victorin, de Saint-Jérome et de Verdun (5 décembre 2016) : Résultats par bureau de vote",ZIP,élection; circonscription; bureau; candidature,2016-12-05,archives fixes,DGEQ-open-data,https://www.dgeq.org/licence.html,GET ZIP,2026-10-03,lien présent dans index officiel; HTTP séparé dans download_log.csv,non identifiées au stade inventaire,raw_download,yes,public,https://www.dgeq.org/archives.html,archives,qc-prov-2016-12-05-partial,true,Licence vérifiée pour le portail dgeq.org uniquement; ne pas étendre aux autres sources.
src_a19bc4d24000,Élections Québec,Élection partielle de Chicoutimi (11 avril 2016) : Nombre d’électeurs inscrits en circonscription,https://donnees.electionsquebec.qc.ca/production/provincial/resultats/archives/part2016-04-11/electeur_inscrit.csv,Élection partielle de Chicoutimi (11 avril 2016) : Nombre d’électeurs inscrits en circonscription,CSV,selon fichier; voir dictionnaire et index,2016-04-11,archives fixes,DGEQ-open-data,https://www.dgeq.org/licence.html,GET CSV,2026-10-03,lien présent dans index officiel; HTTP séparé dans download_log.csv,non identifiées au stade inventaire,raw_download,yes,public,https://www.dgeq.org/archives.html,archives,qc-prov-2016-04-11-partial,false,Licence vérifiée pour le portail dgeq.org uniquement; ne pas étendre aux autres sources.
src_6af47ec0d274,Élections Québec,Élection partielle de Chicoutimi (11 avril 2016) : Liste des candidats,https://donnees.electionsquebec.qc.ca/production/provincial/resultats/archives/part2016-04-11/liste_candidat.csv,Élection partielle de Chicoutimi (11 avril 2016) : Liste des candidats,CSV,selon fichier; voir dictionnaire et index,2016-04-11,archives fixes,DGEQ-open-data,https://www.dgeq.org/licence.html,GET CSV,2026-10-03,lien présent dans index officiel; HTTP séparé dans download_log.csv,noms candidatures et agents,raw_download,yes,public,https://www.dgeq.org/archives.html,archives,qc-prov-2016-04-11-partial,false,Licence vérifiée pour le portail dgeq.org uniquement; ne pas étendre aux autres sources.
src_9869ef080ebd,Élections Québec,Élection partielle de Chicoutimi (11 avril 2016) : Résultats JSON,https://donnees.electionsquebec.qc.ca/production/provincial/resultats/archives/part2016-04-11/resultats.json,Élection partielle de Chicoutimi (11 avril 2016) : Résultats JSON,JSON,élection; circonscription; candidature,2016-04-11,archives fixes,DGEQ-open-data,https://www.dgeq.org/licence.html,GET JSON,2026-10-03,lien présent dans index officiel; HTTP séparé dans download_log.csv,non identifiées au stade inventaire,raw_download,yes,public,https://www.dgeq.org/archives.html,archives,qc-prov-2016-04-11-partial,true,Licence vérifiée pour le portail dgeq.org uniquement; ne pas étendre aux autres sources.
src_7d8c813b1817,Élections Québec,Élection partielle de Chicoutimi (11 avril 2016) : Résultats XML,https://donnees.electionsquebec.qc.ca/production/provincial/resultats/archives/part2016-04-11/resultats.xml,Élection partielle de Chicoutimi (11 avril 2016) : Résultats XML,XML,selon fichier; voir dictionnaire et index,2016-04-11,archives fixes,DGEQ-open-data,https://www.dgeq.org/licence.html,GET XML,2026-10-03,lien présent dans index officiel; HTTP séparé dans download_log.csv,non identifiées au stade inventaire,raw_download,yes,public,https://www.dgeq.org/archives.html,archives,qc-prov-2016-04-11-partial,false,Licence vérifiée pour le portail dgeq.org uniquement; ne pas étendre aux autres sources.
src_330c8d7c4ee2,Élections Québec,Élection partielle de Chicoutimi (11 avril 2016) : Statistiques globales,https://donnees.electionsquebec.qc.ca/production/provincial/resultats/archives/part2016-04-11/statistiques.csv,Élection partielle de Chicoutimi (11 avril 2016) : Statistiques globales,CSV,selon fichier; voir dictionnaire et index,2016-04-11,archives fixes,DGEQ-open-data,https://www.dgeq.org/licence.html,GET CSV,2026-10-03,lien présent dans index officiel; HTTP séparé dans download_log.csv,non identifiées au stade inventaire,raw_download,yes,public,https://www.dgeq.org/archives.html,archives,qc-prov-2016-04-11-partial,false,Licence vérifiée pour le portail dgeq.org uniquement; ne pas étendre aux autres sources.
src_6ab46dc94dd8,Élections Québec,Élection partielle de Chicoutimi (11 avril 2016) : Votes par partis politiques,https://donnees.electionsquebec.qc.ca/production/provincial/resultats/archives/part2016-04-11/partispolitiques.csv,Élection partielle de Chicoutimi (11 avril 2016) : Votes par partis politiques,CSV,selon fichier; voir dictionnaire et index,2016-04-11,archives fixes,DGEQ-open-data,https://www.dgeq.org/licence.html,GET CSV,2026-10-03,lien présent dans index officiel; HTTP séparé dans download_log.csv,non identifiées au stade inventaire,raw_download,yes,public,https://www.dgeq.org/archives.html,archives,qc-prov-2016-04-11-partial,false,Licence vérifiée pour le portail dgeq.org uniquement; ne pas étendre aux autres sources.
src_eaa906f8a672,Élections Québec,Élection partielle de Chicoutimi (11 avril 2016) : Votes par candidats,https://donnees.electionsquebec.qc.ca/production/provincial/resultats/archives/part2016-04-11/candidats.csv,Élection partielle de Chicoutimi (11 avril 2016) : Votes par candidats,CSV,selon fichier; voir dictionnaire et index,2016-04-11,archives fixes,DGEQ-open-data,https://www.dgeq.org/licence.html,GET CSV,2026-10-03,lien présent dans index officiel; HTTP séparé dans download_log.csv,noms candidatures et agents,raw_download,yes,public,https://www.dgeq.org/archives.html,archives,qc-prov-2016-04-11-partial,false,Licence vérifiée pour le portail dgeq.org uniquement; ne pas étendre aux autres sources.
src_1a0bfb15b66c,Élections Québec,Élection partielle de Chicoutimi (11 avril 2016) : Données par circonscriptions,https://donnees.electionsquebec.qc.ca/production/provincial/resultats/archives/part2016-04-11/circonscriptions.csv,Élection partielle de Chicoutimi (11 avril 2016) : Données par circonscriptions,CSV,selon fichier; voir dictionnaire et index,2016-04-11,archives fixes,DGEQ-open-data,https://www.dgeq.org/licence.html,GET CSV,2026-10-03,lien présent dans index officiel; HTTP séparé dans download_log.csv,non identifiées au stade inventaire,raw_download,yes,public,https://www.dgeq.org/archives.html,archives,qc-prov-2016-04-11-partial,false,Licence vérifiée pour le portail dgeq.org uniquement; ne pas étendre aux autres sources.
src_71477ce5c01a,Élections Québec,Élection partielle de Chicoutimi (11 avril 2016) : Résultats par bureau de vote,https://donnees.electionsquebec.qc.ca/production/provincial/resultats/archives/part2016-04-11/resultats-bureau-vote.zip,Élection partielle de Chicoutimi (11 avril 2016) : Résultats par bureau de vote,ZIP,élection; circonscription; bureau; candidature,2016-04-11,archives fixes,DGEQ-open-data,https://www.dgeq.org/licence.html,GET ZIP,2026-10-03,lien présent dans index officiel; HTTP séparé dans download_log.csv,non identifiées au stade inventaire,raw_download,yes,public,https://www.dgeq.org/archives.html,archives,qc-prov-2016-04-11-partial,true,Licence vérifiée pour le portail dgeq.org uniquement; ne pas étendre aux autres sources.
src_1401048227f5,Élections Québec,"Élections partielles de Beauce-Sud, Fabre, René-Lévesque et Saint-Henri‒Sainte-Anne (9 novembre 2015) : Nombre d’électeurs inscrits en circonscription",https://donnees.electionsquebec.qc.ca/production/provincial/resultats/archives/part2015-11-09/electeur_inscrit.csv,"Élections partielles de Beauce-Sud, Fabre, René-Lévesque et Saint-Henri‒Sainte-Anne (9 novembre 2015) : Nombre d’électeurs inscrits en circonscription",CSV,selon fichier; voir dictionnaire et index,2015-11-09,archives fixes,DGEQ-open-data,https://www.dgeq.org/licence.html,GET CSV,2026-10-03,lien présent dans index officiel; HTTP séparé dans download_log.csv,non identifiées au stade inventaire,raw_download,yes,public,https://www.dgeq.org/archives.html,archives,qc-prov-2015-11-09-partial,false,Licence vérifiée pour le portail dgeq.org uniquement; ne pas étendre aux autres sources.
src_d8948207d46b,Élections Québec,"Élections partielles de Beauce-Sud, Fabre, René-Lévesque et Saint-Henri‒Sainte-Anne (9 novembre 2015) : Liste des candidats",https://donnees.electionsquebec.qc.ca/production/provincial/resultats/archives/part2015-11-09/liste_candidat.csv,"Élections partielles de Beauce-Sud, Fabre, René-Lévesque et Saint-Henri‒Sainte-Anne (9 novembre 2015) : Liste des candidats",CSV,selon fichier; voir dictionnaire et index,2015-11-09,archives fixes,DGEQ-open-data,https://www.dgeq.org/licence.html,GET CSV,2026-10-03,lien présent dans index officiel; HTTP séparé dans download_log.csv,noms candidatures et agents,raw_download,yes,public,https://www.dgeq.org/archives.html,archives,qc-prov-2015-11-09-partial,false,Licence vérifiée pour le portail dgeq.org uniquement; ne pas étendre aux autres sources.
src_46b2b80361d8,Élections Québec,"Élections partielles de Beauce-Sud, Fabre, René-Lévesque et Saint-Henri‒Sainte-Anne (9 novembre 2015) : Résultats JSON",https://donnees.electionsquebec.qc.ca/production/provincial/resultats/archives/part2015-11-09/resultats.json,"Élections partielles de Beauce-Sud, Fabre, René-Lévesque et Saint-Henri‒Sainte-Anne (9 novembre 2015) : Résultats JSON",JSON,élection; circonscription; candidature,2015-11-09,archives fixes,DGEQ-open-data,https://www.dgeq.org/licence.html,GET JSON,2026-10-03,lien présent dans index officiel; HTTP séparé dans download_log.csv,non identifiées au stade inventaire,raw_download,yes,public,https://www.dgeq.org/archives.html,archives,qc-prov-2015-11-09-partial,true,Licence vérifiée pour le portail dgeq.org uniquement; ne pas étendre aux autres sources.
src_b695180539dd,Élections Québec,"Élections partielles de Beauce-Sud, Fabre, René-Lévesque et Saint-Henri‒Sainte-Anne (9 novembre 2015) : Résultats XML",https://donnees.electionsquebec.qc.ca/production/provincial/resultats/archives/part2015-11-09/resultats.xml,"Élections partielles de Beauce-Sud, Fabre, René-Lévesque et Saint-Henri‒Sainte-Anne (9 novembre 2015) : Résultats XML",XML,selon fichier; voir dictionnaire et index,2015-11-09,archives fixes,DGEQ-open-data,https://www.dgeq.org/licence.html,GET XML,2026-10-03,lien présent dans index officiel; HTTP séparé dans download_log.csv,non identifiées au stade inventaire,raw_download,yes,public,https://www.dgeq.org/archives.html,archives,qc-prov-2015-11-09-partial,false,Licence vérifiée pour le portail dgeq.org uniquement; ne pas étendre aux autres sources.
src_0c47c29d752f,Élections Québec,"Élections partielles de Beauce-Sud, Fabre, René-Lévesque et Saint-Henri‒Sainte-Anne (9 novembre 2015) : Statistiques globales",https://donnees.electionsquebec.qc.ca/production/provincial/resultats/archives/part2015-11-09/statistiques.csv,"Élections partielles de Beauce-Sud, Fabre, René-Lévesque et Saint-Henri‒Sainte-Anne (9 novembre 2015) : Statistiques globales",CSV,selon fichier; voir dictionnaire et index,2015-11-09,archives fixes,DGEQ-open-data,https://www.dgeq.org/licence.html,GET CSV,2026-10-03,lien présent dans index officiel; HTTP séparé dans download_log.csv,non identifiées au stade inventaire,raw_download,yes,public,https://www.dgeq.org/archives.html,archives,qc-prov-2015-11-09-partial,false,Licence vérifiée pour le portail dgeq.org uniquement; ne pas étendre aux autres sources.
src_8f2baf71b5a5,Élections Québec,"Élections partielles de Beauce-Sud, Fabre, René-Lévesque et Saint-Henri‒Sainte-Anne (9 novembre 2015) : Votes par partis politiques",https://donnees.electionsquebec.qc.ca/production/provincial/resultats/archives/part2015-11-09/partispolitiques.csv,"Élections partielles de Beauce-Sud, Fabre, René-Lévesque et Saint-Henri‒Sainte-Anne (9 novembre 2015) : Votes par partis politiques",CSV,selon fichier; voir dictionnaire et index,2015-11-09,archives fixes,DGEQ-open-data,https://www.dgeq.org/licence.html,GET CSV,2026-10-03,lien présent dans index officiel; HTTP séparé dans download_log.csv,non identifiées au stade inventaire,raw_download,yes,public,https://www.dgeq.org/archives.html,archives,qc-prov-2015-11-09-partial,false,Licence vérifiée pour le portail dgeq.org uniquement; ne pas étendre aux autres sources.
src_43d255051970,Élections Québec,"Élections partielles de Beauce-Sud, Fabre, René-Lévesque et Saint-Henri‒Sainte-Anne (9 novembre 2015) : Votes par candidats",https://donnees.electionsquebec.qc.ca/production/provincial/resultats/archives/part2015-11-09/candidats.csv,"Élections partielles de Beauce-Sud, Fabre, René-Lévesque et Saint-Henri‒Sainte-Anne (9 novembre 2015) : Votes par candidats",CSV,selon fichier; voir dictionnaire et index,2015-11-09,archives fixes,DGEQ-open-data,https://www.dgeq.org/licence.html,GET CSV,2026-10-03,lien présent dans index officiel; HTTP séparé dans download_log.csv,noms candidatures et agents,raw_download,yes,public,https://www.dgeq.org/archives.html,archives,qc-prov-2015-11-09-partial,false,Licence vérifiée pour le portail dgeq.org uniquement; ne pas étendre aux autres sources.
src_ec5f4ebdb258,Élections Québec,"Élections partielles de Beauce-Sud, Fabre, René-Lévesque et Saint-Henri‒Sainte-Anne (9 novembre 2015) : Données par circonscriptions",https://donnees.electionsquebec.qc.ca/production/provincial/resultats/archives/part2015-11-09/circonscriptions.csv,"Élections partielles de Beauce-Sud, Fabre, René-Lévesque et Saint-Henri‒Sainte-Anne (9 novembre 2015) : Données par circonscriptions",CSV,selon fichier; voir dictionnaire et index,2015-11-09,archives fixes,DGEQ-open-data,https://www.dgeq.org/licence.html,GET CSV,2026-10-03,lien présent dans index officiel; HTTP séparé dans download_log.csv,non identifiées au stade inventaire,raw_download,yes,public,https://www.dgeq.org/archives.html,archives,qc-prov-2015-11-09-partial,false,Licence vérifiée pour le portail dgeq.org uniquement; ne pas étendre aux autres sources.
src_790afb52d855,Élections Québec,"Élections partielles de Beauce-Sud, Fabre, René-Lévesque et Saint-Henri‒Sainte-Anne (9 novembre 2015) : Résultats par bureau de vote",https://donnees.electionsquebec.qc.ca/production/provincial/resultats/archives/part2015-11-09/resultats-bureau-vote.zip,"Élections partielles de Beauce-Sud, Fabre, René-Lévesque et Saint-Henri‒Sainte-Anne (9 novembre 2015) : Résultats par bureau de vote",ZIP,élection; circonscription; bureau; candidature,2015-11-09,archives fixes,DGEQ-open-data,https://www.dgeq.org/licence.html,GET ZIP,2026-10-03,lien présent dans index officiel; HTTP séparé dans download_log.csv,non identifiées au stade inventaire,raw_download,yes,public,https://www.dgeq.org/archives.html,archives,qc-prov-2015-11-09-partial,true,Licence vérifiée pour le portail dgeq.org uniquement; ne pas étendre aux autres sources.
src_c7edd85ffcc3,Élections Québec,Élections partielles de Chauveau et Jean-Talon (8 juin 2015) : Nombre d’électeurs inscrits en circonscription,https://donnees.electionsquebec.qc.ca/production/provincial/resultats/archives/part2015-06-08/electeur_inscrit.csv,Élections partielles de Chauveau et Jean-Talon (8 juin 2015) : Nombre d’électeurs inscrits en circonscription,CSV,selon fichier; voir dictionnaire et index,2015-06-08,archives fixes,DGEQ-open-data,https://www.dgeq.org/licence.html,GET CSV,2026-10-03,lien présent dans index officiel; HTTP séparé dans download_log.csv,non identifiées au stade inventaire,raw_download,yes,public,https://www.dgeq.org/archives.html,archives,qc-prov-2015-06-08-partial,false,Licence vérifiée pour le portail dgeq.org uniquement; ne pas étendre aux autres sources.
src_403a156ac12a,Élections Québec,Élections partielles de Chauveau et Jean-Talon (8 juin 2015) : Liste des candidats,https://donnees.electionsquebec.qc.ca/production/provincial/resultats/archives/part2015-06-08/liste_candidat.csv,Élections partielles de Chauveau et Jean-Talon (8 juin 2015) : Liste des candidats,CSV,selon fichier; voir dictionnaire et index,2015-06-08,archives fixes,DGEQ-open-data,https://www.dgeq.org/licence.html,GET CSV,2026-10-03,lien présent dans index officiel; HTTP séparé dans download_log.csv,noms candidatures et agents,raw_download,yes,public,https://www.dgeq.org/archives.html,archives,qc-prov-2015-06-08-partial,false,Licence vérifiée pour le portail dgeq.org uniquement; ne pas étendre aux autres sources.
src_d0efa9a1d2ca,Élections Québec,Élections partielles de Chauveau et Jean-Talon (8 juin 2015) : Résultats JSON,https://donnees.electionsquebec.qc.ca/production/provincial/resultats/archives/part2015-06-08/resultats.json,Élections partielles de Chauveau et Jean-Talon (8 juin 2015) : Résultats JSON,JSON,élection; circonscription; candidature,2015-06-08,archives fixes,DGEQ-open-data,https://www.dgeq.org/licence.html,GET JSON,2026-10-03,lien présent dans index officiel; HTTP séparé dans download_log.csv,non identifiées au stade inventaire,raw_download,yes,public,https://www.dgeq.org/archives.html,archives,qc-prov-2015-06-08-partial,true,Licence vérifiée pour le portail dgeq.org uniquement; ne pas étendre aux autres sources.
src_a3752a00baf5,Élections Québec,Élections partielles de Chauveau et Jean-Talon (8 juin 2015) : Résultats XML,https://donnees.electionsquebec.qc.ca/production/provincial/resultats/archives/part2015-06-08/resultats.xml,Élections partielles de Chauveau et Jean-Talon (8 juin 2015) : Résultats XML,XML,selon fichier; voir dictionnaire et index,2015-06-08,archives fixes,DGEQ-open-data,https://www.dgeq.org/licence.html,GET XML,2026-10-03,lien présent dans index officiel; HTTP séparé dans download_log.csv,non identifiées au stade inventaire,raw_download,yes,public,https://www.dgeq.org/archives.html,archives,qc-prov-2015-06-08-partial,false,Licence vérifiée pour le portail dgeq.org uniquement; ne pas étendre aux autres sources.
src_dab9e5e1652a,Élections Québec,Élections partielles de Chauveau et Jean-Talon (8 juin 2015) : Statistiques globales,https://donnees.electionsquebec.qc.ca/production/provincial/resultats/archives/part2015-06-08/statistiques.csv,Élections partielles de Chauveau et Jean-Talon (8 juin 2015) : Statistiques globales,CSV,selon fichier; voir dictionnaire et index,2015-06-08,archives fixes,DGEQ-open-data,https://www.dgeq.org/licence.html,GET CSV,2026-10-03,lien présent dans index officiel; HTTP séparé dans download_log.csv,non identifiées au stade inventaire,raw_download,yes,public,https://www.dgeq.org/archives.html,archives,qc-prov-2015-06-08-partial,false,Licence vérifiée pour le portail dgeq.org uniquement; ne pas étendre aux autres sources.
src_48ee21569bc5,Élections Québec,Élections partielles de Chauveau et Jean-Talon (8 juin 2015) : Votes par partis politiques,https://donnees.electionsquebec.qc.ca/production/provincial/resultats/archives/part2015-06-08/partispolitiques.csv,Élections partielles de Chauveau et Jean-Talon (8 juin 2015) : Votes par partis politiques,CSV,selon fichier; voir dictionnaire et index,2015-06-08,archives fixes,DGEQ-open-data,https://www.dgeq.org/licence.html,GET CSV,2026-10-03,lien présent dans index officiel; HTTP séparé dans download_log.csv,non identifiées au stade inventaire,raw_download,yes,public,https://www.dgeq.org/archives.html,archives,qc-prov-2015-06-08-partial,false,Licence vérifiée pour le portail dgeq.org uniquement; ne pas étendre aux autres sources.
src_9a4e8dfed70e,Élections Québec,Élections partielles de Chauveau et Jean-Talon (8 juin 2015) : Votes par candidats,https://donnees.electionsquebec.qc.ca/production/provincial/resultats/archives/part2015-06-08/candidats.csv,Élections partielles de Chauveau et Jean-Talon (8 juin 2015) : Votes par candidats,CSV,selon fichier; voir dictionnaire et index,2015-06-08,archives fixes,DGEQ-open-data,https://www.dgeq.org/licence.html,GET CSV,2026-10-03,lien présent dans index officiel; HTTP séparé dans download_log.csv,noms candidatures et agents,raw_download,yes,public,https://www.dgeq.org/archives.html,archives,qc-prov-2015-06-08-partial,false,Licence vérifiée pour le portail dgeq.org uniquement; ne pas étendre aux autres sources.
src_ca1048617210,Élections Québec,Élections partielles de Chauveau et Jean-Talon (8 juin 2015) : Données par circonscriptions,https://donnees.electionsquebec.qc.ca/production/provincial/resultats/archives/part2015-06-08/circonscriptions.csv,Élections partielles de Chauveau et Jean-Talon (8 juin 2015) : Données par circonscriptions,CSV,selon fichier; voir dictionnaire et index,2015-06-08,archives fixes,DGEQ-open-data,https://www.dgeq.org/licence.html,GET CSV,2026-10-03,lien présent dans index officiel; HTTP séparé dans download_log.csv,non identifiées au stade inventaire,raw_download,yes,public,https://www.dgeq.org/archives.html,archives,qc-prov-2015-06-08-partial,false,Licence vérifiée pour le portail dgeq.org uniquement; ne pas étendre aux autres sources.
src_4b31782ef406,Élections Québec,Élections partielles de Chauveau et Jean-Talon (8 juin 2015) : Résultats par bureau de vote,https://donnees.electionsquebec.qc.ca/production/provincial/resultats/archives/part2015-06-08/resultats-bureau-vote.zip,Élections partielles de Chauveau et Jean-Talon (8 juin 2015) : Résultats par bureau de vote,ZIP,élection; circonscription; bureau; candidature,2015-06-08,archives fixes,DGEQ-open-data,https://www.dgeq.org/licence.html,GET ZIP,2026-10-03,lien présent dans index officiel; HTTP séparé dans download_log.csv,non identifiées au stade inventaire,raw_download,yes,public,https://www.dgeq.org/archives.html,archives,qc-prov-2015-06-08-partial,true,Licence vérifiée pour le portail dgeq.org uniquement; ne pas étendre aux autres sources.
src_f09c8f143206,Élections Québec,Élection partielle de Richelieu (9 mars 2015) : Nombre d’électeurs inscrits en circonscription,https://donnees.electionsquebec.qc.ca/production/provincial/resultats/archives/part2015-03-09/electeur_inscrit.csv,Élection partielle de Richelieu (9 mars 2015) : Nombre d’électeurs inscrits en circonscription,CSV,selon fichier; voir dictionnaire et index,2015-03-09,archives fixes,DGEQ-open-data,https://www.dgeq.org/licence.html,GET CSV,2026-10-03,lien présent dans index officiel; HTTP séparé dans download_log.csv,non identifiées au stade inventaire,raw_download,yes,public,https://www.dgeq.org/archives.html,archives,qc-prov-2015-03-09-partial,false,Licence vérifiée pour le portail dgeq.org uniquement; ne pas étendre aux autres sources.
src_abcf2f107f8e,Élections Québec,Élection partielle de Richelieu (9 mars 2015) : Liste des candidats,https://donnees.electionsquebec.qc.ca/production/provincial/resultats/archives/part2015-03-09/liste_candidat.csv,Élection partielle de Richelieu (9 mars 2015) : Liste des candidats,CSV,selon fichier; voir dictionnaire et index,2015-03-09,archives fixes,DGEQ-open-data,https://www.dgeq.org/licence.html,GET CSV,2026-10-03,lien présent dans index officiel; HTTP séparé dans download_log.csv,noms candidatures et agents,raw_download,yes,public,https://www.dgeq.org/archives.html,archives,qc-prov-2015-03-09-partial,false,Licence vérifiée pour le portail dgeq.org uniquement; ne pas étendre aux autres sources.
src_68477afa07d6,Élections Québec,Élection partielle de Richelieu (9 mars 2015) : Résultats JSON,https://donnees.electionsquebec.qc.ca/production/provincial/resultats/archives/part2015-03-09/resultats.json,Élection partielle de Richelieu (9 mars 2015) : Résultats JSON,JSON,élection; circonscription; candidature,2015-03-09,archives fixes,DGEQ-open-data,https://www.dgeq.org/licence.html,GET JSON,2026-10-03,lien présent dans index officiel; HTTP séparé dans download_log.csv,non identifiées au stade inventaire,raw_download,yes,public,https://www.dgeq.org/archives.html,archives,qc-prov-2015-03-09-partial,true,Licence vérifiée pour le portail dgeq.org uniquement; ne pas étendre aux autres sources.
src_99acf90e5008,Élections Québec,Élection partielle de Richelieu (9 mars 2015) : Résultats XML,https://donnees.electionsquebec.qc.ca/production/provincial/resultats/archives/part2015-03-09/resultats.xml,Élection partielle de Richelieu (9 mars 2015) : Résultats XML,XML,selon fichier; voir dictionnaire et index,2015-03-09,archives fixes,DGEQ-open-data,https://www.dgeq.org/licence.html,GET XML,2026-10-03,lien présent dans index officiel; HTTP séparé dans download_log.csv,non identifiées au stade inventaire,raw_download,yes,public,https://www.dgeq.org/archives.html,archives,qc-prov-2015-03-09-partial,false,Licence vérifiée pour le portail dgeq.org uniquement; ne pas étendre aux autres sources.
src_19600b0ef61f,Élections Québec,Élection partielle de Richelieu (9 mars 2015) : Statistiques globales,https://donnees.electionsquebec.qc.ca/production/provincial/resultats/archives/part2015-03-09/statistiques.csv,Élection partielle de Richelieu (9 mars 2015) : Statistiques globales,CSV,selon fichier; voir dictionnaire et index,2015-03-09,archives fixes,DGEQ-open-data,https://www.dgeq.org/licence.html,GET CSV,2026-10-03,lien présent dans index officiel; HTTP séparé dans download_log.csv,non identifiées au stade inventaire,raw_download,yes,public,https://www.dgeq.org/archives.html,archives,qc-prov-2015-03-09-partial,false,Licence vérifiée pour le portail dgeq.org uniquement; ne pas étendre aux autres sources.
src_7683e6033b35,Élections Québec,Élection partielle de Richelieu (9 mars 2015) : Votes par partis politiques,https://donnees.electionsquebec.qc.ca/production/provincial/resultats/archives/part2015-03-09/partispolitiques.csv,Élection partielle de Richelieu (9 mars 2015) : Votes par partis politiques,CSV,selon fichier; voir dictionnaire et index,2015-03-09,archives fixes,DGEQ-open-data,https://www.dgeq.org/licence.html,GET CSV,2026-10-03,lien présent dans index officiel; HTTP séparé dans download_log.csv,non identifiées au stade inventaire,raw_download,yes,public,https://www.dgeq.org/archives.html,archives,qc-prov-2015-03-09-partial,false,Licence vérifiée pour le portail dgeq.org uniquement; ne pas étendre aux autres sources.
src_6d3ff45e39c4,Élections Québec,Élection partielle de Richelieu (9 mars 2015) : Votes par candidats,https://donnees.electionsquebec.qc.ca/production/provincial/resultats/archives/part2015-03-09/candidats.csv,Élection partielle de Richelieu (9 mars 2015) : Votes par candidats,CSV,selon fichier; voir dictionnaire et index,2015-03-09,archives fixes,DGEQ-open-data,https://www.dgeq.org/licence.html,GET CSV,2026-10-03,lien présent dans index officiel; HTTP séparé dans download_log.csv,noms candidatures et agents,raw_download,yes,public,https://www.dgeq.org/archives.html,archives,qc-prov-2015-03-09-partial,false,Licence vérifiée pour le portail dgeq.org uniquement; ne pas étendre aux autres sources.
src_108e9c420045,Élections Québec,Élection partielle de Richelieu (9 mars 2015) : Données par circonscriptions,https://donnees.electionsquebec.qc.ca/production/provincial/resultats/archives/part2015-03-09/circonscriptions.csv,Élection partielle de Richelieu (9 mars 2015) : Données par circonscriptions,CSV,selon fichier; voir dictionnaire et index,2015-03-09,archives fixes,DGEQ-open-data,https://www.dgeq.org/licence.html,GET CSV,2026-10-03,lien présent dans index officiel; HTTP séparé dans download_log.csv,non identifiées au stade inventaire,raw_download,yes,public,https://www.dgeq.org/archives.html,archives,qc-prov-2015-03-09-partial,false,Licence vérifiée pour le portail dgeq.org uniquement; ne pas étendre aux autres sources.
src_0ce80283f028,Élections Québec,Élection partielle de Richelieu (9 mars 2015) : Résultats par bureau de vote,https://donnees.electionsquebec.qc.ca/production/provincial/resultats/archives/part2015-03-09/resultats-bureau-vote.zip,Élection partielle de Richelieu (9 mars 2015) : Résultats par bureau de vote,ZIP,élection; circonscription; bureau; candidature,2015-03-09,archives fixes,DGEQ-open-data,https://www.dgeq.org/licence.html,GET ZIP,2026-10-03,lien présent dans index officiel; HTTP séparé dans download_log.csv,non identifiées au stade inventaire,raw_download,yes,public,https://www.dgeq.org/archives.html,archives,qc-prov-2015-03-09-partial,true,Licence vérifiée pour le portail dgeq.org uniquement; ne pas étendre aux autres sources.
src_29d8ae1c3144,Élections Québec,Élection partielle de Lévis (20 octobre 2014) : Nombre d’électeurs inscrits en circonscription,https://donnees.electionsquebec.qc.ca/production/provincial/resultats/archives/part2014-10-20/electeur_inscrit.csv,Élection partielle de Lévis (20 octobre 2014) : Nombre d’électeurs inscrits en circonscription,CSV,selon fichier; voir dictionnaire et index,2014-10-20,archives fixes,DGEQ-open-data,https://www.dgeq.org/licence.html,GET CSV,2026-10-03,lien présent dans index officiel; HTTP séparé dans download_log.csv,non identifiées au stade inventaire,raw_download,yes,public,https://www.dgeq.org/archives.html,archives,qc-prov-2014-10-20-partial,false,Licence vérifiée pour le portail dgeq.org uniquement; ne pas étendre aux autres sources.
src_cf3dcde9fd69,Élections Québec,Élection partielle de Lévis (20 octobre 2014) : Liste des candidats,https://donnees.electionsquebec.qc.ca/production/provincial/resultats/archives/part2014-10-20/liste_candidat.csv,Élection partielle de Lévis (20 octobre 2014) : Liste des candidats,CSV,selon fichier; voir dictionnaire et index,2014-10-20,archives fixes,DGEQ-open-data,https://www.dgeq.org/licence.html,GET CSV,2026-10-03,lien présent dans index officiel; HTTP séparé dans download_log.csv,noms candidatures et agents,raw_download,yes,public,https://www.dgeq.org/archives.html,archives,qc-prov-2014-10-20-partial,false,Licence vérifiée pour le portail dgeq.org uniquement; ne pas étendre aux autres sources.
src_04249426efff,Élections Québec,Élection partielle de Lévis (20 octobre 2014) : Résultats JSON,https://donnees.electionsquebec.qc.ca/production/provincial/resultats/archives/part2014-10-20/resultats.json,Élection partielle de Lévis (20 octobre 2014) : Résultats JSON,JSON,élection; circonscription; candidature,2014-10-20,archives fixes,DGEQ-open-data,https://www.dgeq.org/licence.html,GET JSON,2026-10-03,lien présent dans index officiel; HTTP séparé dans download_log.csv,non identifiées au stade inventaire,raw_download,yes,public,https://www.dgeq.org/archives.html,archives,qc-prov-2014-10-20-partial,true,Licence vérifiée pour le portail dgeq.org uniquement; ne pas étendre aux autres sources.
src_43b88aeb23c0,Élections Québec,Élection partielle de Lévis (20 octobre 2014) : Résultats XML,https://donnees.electionsquebec.qc.ca/production/provincial/resultats/archives/part2014-10-20/resultats.xml,Élection partielle de Lévis (20 octobre 2014) : Résultats XML,XML,selon fichier; voir dictionnaire et index,2014-10-20,archives fixes,DGEQ-open-data,https://www.dgeq.org/licence.html,GET XML,2026-10-03,lien présent dans index officiel; HTTP séparé dans download_log.csv,non identifiées au stade inventaire,raw_download,yes,public,https://www.dgeq.org/archives.html,archives,qc-prov-2014-10-20-partial,false,Licence vérifiée pour le portail dgeq.org uniquement; ne pas étendre aux autres sources.
src_c7363bb75dd8,Élections Québec,Élection partielle de Lévis (20 octobre 2014) : Statistiques globales,https://donnees.electionsquebec.qc.ca/production/provincial/resultats/archives/part2014-10-20/statistiques.csv,Élection partielle de Lévis (20 octobre 2014) : Statistiques globales,CSV,selon fichier; voir dictionnaire et index,2014-10-20,archives fixes,DGEQ-open-data,https://www.dgeq.org/licence.html,GET CSV,2026-10-03,lien présent dans index officiel; HTTP séparé dans download_log.csv,non identifiées au stade inventaire,raw_download,yes,public,https://www.dgeq.org/archives.html,archives,qc-prov-2014-10-20-partial,false,Licence vérifiée pour le portail dgeq.org uniquement; ne pas étendre aux autres sources.
src_f87bacee9943,Élections Québec,Élection partielle de Lévis (20 octobre 2014) : Votes par partis politiques,https://donnees.electionsquebec.qc.ca/production/provincial/resultats/archives/part2014-10-20/partispolitiques.csv,Élection partielle de Lévis (20 octobre 2014) : Votes par partis politiques,CSV,selon fichier; voir dictionnaire et index,2014-10-20,archives fixes,DGEQ-open-data,https://www.dgeq.org/licence.html,GET CSV,2026-10-03,lien présent dans index officiel; HTTP séparé dans download_log.csv,non identifiées au stade inventaire,raw_download,yes,public,https://www.dgeq.org/archives.html,archives,qc-prov-2014-10-20-partial,false,Licence vérifiée pour le portail dgeq.org uniquement; ne pas étendre aux autres sources.
src_2758d4473670,Élections Québec,Élection partielle de Lévis (20 octobre 2014) : Votes par candidats,https://donnees.electionsquebec.qc.ca/production/provincial/resultats/archives/part2014-10-20/candidats.csv,Élection partielle de Lévis (20 octobre 2014) : Votes par candidats,CSV,selon fichier; voir dictionnaire et index,2014-10-20,archives fixes,DGEQ-open-data,https://www.dgeq.org/licence.html,GET CSV,2026-10-03,lien présent dans index officiel; HTTP séparé dans download_log.csv,noms candidatures et agents,raw_download,yes,public,https://www.dgeq.org/archives.html,archives,qc-prov-2014-10-20-partial,false,Licence vérifiée pour le portail dgeq.org uniquement; ne pas étendre aux autres sources.
src_b25a005a35fb,Élections Québec,Élection partielle de Lévis (20 octobre 2014) : Données par circonscriptions,https://donnees.electionsquebec.qc.ca/production/provincial/resultats/archives/part2014-10-20/circonscriptions.csv,Élection partielle de Lévis (20 octobre 2014) : Données par circonscriptions,CSV,selon fichier; voir dictionnaire et index,2014-10-20,archives fixes,DGEQ-open-data,https://www.dgeq.org/licence.html,GET CSV,2026-10-03,lien présent dans index officiel; HTTP séparé dans download_log.csv,non identifiées au stade inventaire,raw_download,yes,public,https://www.dgeq.org/archives.html,archives,qc-prov-2014-10-20-partial,false,Licence vérifiée pour le portail dgeq.org uniquement; ne pas étendre aux autres sources.
src_3c0feca35341,Élections Québec,Élection partielle de Lévis (20 octobre 2014) : Résultats par bureau de vote,https://donnees.electionsquebec.qc.ca/production/provincial/resultats/archives/part2014-10-20/resultats-bureau-vote.zip,Élection partielle de Lévis (20 octobre 2014) : Résultats par bureau de vote,ZIP,élection; circonscription; bureau; candidature,2014-10-20,archives fixes,DGEQ-open-data,https://www.dgeq.org/licence.html,GET ZIP,2026-10-03,lien présent dans index officiel; HTTP séparé dans download_log.csv,non identifiées au stade inventaire,raw_download,yes,public,https://www.dgeq.org/archives.html,archives,qc-prov-2014-10-20-partial,true,Licence vérifiée pour le portail dgeq.org uniquement; ne pas étendre aux autres sources.
src_6bf4cdbbe7db,Élections Québec,Élections générales (7 avril 2014) : Nombre d’électeurs inscrits en circonscription,https://donnees.electionsquebec.qc.ca/production/provincial/resultats/archives/gen2014-04-07/electeur_inscrit.csv,Élections générales (7 avril 2014) : Nombre d’électeurs inscrits en circonscription,CSV,selon fichier; voir dictionnaire et index,2014-04-07,archives fixes,DGEQ-open-data,https://www.dgeq.org/licence.html,GET CSV,2026-10-03,lien présent dans index officiel; HTTP séparé dans download_log.csv,non identifiées au stade inventaire,raw_download,yes,public,https://www.dgeq.org/archives.html,archives,qc-prov-2014-04-07-general,false,Licence vérifiée pour le portail dgeq.org uniquement; ne pas étendre aux autres sources.
src_dfdca2120b56,Élections Québec,Élections générales (7 avril 2014) : Liste des candidats,https://donnees.electionsquebec.qc.ca/production/provincial/resultats/archives/gen2014-04-07/liste_candidat.csv,Élections générales (7 avril 2014) : Liste des candidats,CSV,selon fichier; voir dictionnaire et index,2014-04-07,archives fixes,DGEQ-open-data,https://www.dgeq.org/licence.html,GET CSV,2026-10-03,lien présent dans index officiel; HTTP séparé dans download_log.csv,noms candidatures et agents,raw_download,yes,public,https://www.dgeq.org/archives.html,archives,qc-prov-2014-04-07-general,false,Licence vérifiée pour le portail dgeq.org uniquement; ne pas étendre aux autres sources.
src_f5041537304c,Élections Québec,Élections générales (7 avril 2014) : Résultats JSON,https://donnees.electionsquebec.qc.ca/production/provincial/resultats/archives/gen2014-04-07/resultats.json,Élections générales (7 avril 2014) : Résultats JSON,JSON,élection; circonscription; candidature,2014-04-07,archives fixes,DGEQ-open-data,https://www.dgeq.org/licence.html,GET JSON,2026-10-03,lien présent dans index officiel; HTTP séparé dans download_log.csv,non identifiées au stade inventaire,raw_download,yes,public,https://www.dgeq.org/archives.html,archives,qc-prov-2014-04-07-general,true,Licence vérifiée pour le portail dgeq.org uniquement; ne pas étendre aux autres sources.
src_b65969813087,Élections Québec,Élections générales (7 avril 2014) : Résultats XML,https://donnees.electionsquebec.qc.ca/production/provincial/resultats/archives/gen2014-04-07/resultats.xml,Élections générales (7 avril 2014) : Résultats XML,XML,selon fichier; voir dictionnaire et index,2014-04-07,archives fixes,DGEQ-open-data,https://www.dgeq.org/licence.html,GET XML,2026-10-03,lien présent dans index officiel; HTTP séparé dans download_log.csv,non identifiées au stade inventaire,raw_download,yes,public,https://www.dgeq.org/archives.html,archives,qc-prov-2014-04-07-general,false,Licence vérifiée pour le portail dgeq.org uniquement; ne pas étendre aux autres sources.
src_343ddf3d6622,Élections Québec,Élections générales (7 avril 2014) : Statistiques globales,https://donnees.electionsquebec.qc.ca/production/provincial/resultats/archives/gen2014-04-07/statistiques.csv,Élections générales (7 avril 2014) : Statistiques globales,CSV,selon fichier; voir dictionnaire et index,2014-04-07,archives fixes,DGEQ-open-data,https://www.dgeq.org/licence.html,GET CSV,2026-10-03,lien présent dans index officiel; HTTP séparé dans download_log.csv,non identifiées au stade inventaire,raw_download,yes,public,https://www.dgeq.org/archives.html,archives,qc-prov-2014-04-07-general,false,Licence vérifiée pour le portail dgeq.org uniquement; ne pas étendre aux autres sources.
src_3195e635d56f,Élections Québec,Élections générales (7 avril 2014) : Votes par partis politiques,https://donnees.electionsquebec.qc.ca/production/provincial/resultats/archives/gen2014-04-07/partispolitiques.csv,Élections générales (7 avril 2014) : Votes par partis politiques,CSV,selon fichier; voir dictionnaire et index,2014-04-07,archives fixes,DGEQ-open-data,https://www.dgeq.org/licence.html,GET CSV,2026-10-03,lien présent dans index officiel; HTTP séparé dans download_log.csv,non identifiées au stade inventaire,raw_download,yes,public,https://www.dgeq.org/archives.html,archives,qc-prov-2014-04-07-general,false,Licence vérifiée pour le portail dgeq.org uniquement; ne pas étendre aux autres sources.
src_9270ff954fa1,Élections Québec,Élections générales (7 avril 2014) : Votes par candidats,https://donnees.electionsquebec.qc.ca/production/provincial/resultats/archives/gen2014-04-07/candidats.csv,Élections générales (7 avril 2014) : Votes par candidats,CSV,selon fichier; voir dictionnaire et index,2014-04-07,archives fixes,DGEQ-open-data,https://www.dgeq.org/licence.html,GET CSV,2026-10-03,lien présent dans index officiel; HTTP séparé dans download_log.csv,noms candidatures et agents,raw_download,yes,public,https://www.dgeq.org/archives.html,archives,qc-prov-2014-04-07-general,false,Licence vérifiée pour le portail dgeq.org uniquement; ne pas étendre aux autres sources.
src_b4ec6fe93a60,Élections Québec,Élections générales (7 avril 2014) : Données par circonscriptions,https://donnees.electionsquebec.qc.ca/production/provincial/resultats/archives/gen2014-04-07/circonscriptions.csv,Élections générales (7 avril 2014) : Données par circonscriptions,CSV,selon fichier; voir dictionnaire et index,2014-04-07,archives fixes,DGEQ-open-data,https://www.dgeq.org/licence.html,GET CSV,2026-10-03,lien présent dans index officiel; HTTP séparé dans download_log.csv,non identifiées au stade inventaire,raw_download,yes,public,https://www.dgeq.org/archives.html,archives,qc-prov-2014-04-07-general,false,Licence vérifiée pour le portail dgeq.org uniquement; ne pas étendre aux autres sources.
src_71826904d44e,Élections Québec,Élections générales (7 avril 2014) : Résultats par bureau de vote,https://donnees.electionsquebec.qc.ca/production/provincial/resultats/archives/gen2014-04-07/resultats-bureau-vote.zip,Élections générales (7 avril 2014) : Résultats par bureau de vote,ZIP,élection; circonscription; bureau; candidature,2014-04-07,archives fixes,DGEQ-open-data,https://www.dgeq.org/licence.html,GET ZIP,2026-10-03,lien présent dans index officiel; HTTP séparé dans download_log.csv,non identifiées au stade inventaire,raw_download,yes,public,https://www.dgeq.org/archives.html,archives,qc-prov-2014-04-07-general,true,Licence vérifiée pour le portail dgeq.org uniquement; ne pas étendre aux autres sources.
src_a0bedefcbbb2,Élections Québec,Élections partielles d'Outremont et Viau (9 décembre 2013) : Résultats JSON,https://donnees.electionsquebec.qc.ca/production/provincial/resultats/archives/part2013-12-09/resultats.json,Élections partielles d'Outremont et Viau (9 décembre 2013) : Résultats JSON,JSON,élection; circonscription; candidature,2013-12-09,archives fixes,DGEQ-open-data,https://www.dgeq.org/licence.html,GET JSON,2026-10-03,lien présent dans index officiel; HTTP séparé dans download_log.csv,non identifiées au stade inventaire,raw_download,yes,public,https://www.dgeq.org/archives.html,archives,qc-prov-2013-12-09-partial,true,Licence vérifiée pour le portail dgeq.org uniquement; ne pas étendre aux autres sources.
src_7aa3654393a5,Élections Québec,Élections partielles d'Outremont et Viau (9 décembre 2013) : Résultats XML,https://donnees.electionsquebec.qc.ca/production/provincial/resultats/archives/part2013-12-09/resultats.xml,Élections partielles d'Outremont et Viau (9 décembre 2013) : Résultats XML,XML,selon fichier; voir dictionnaire et index,2013-12-09,archives fixes,DGEQ-open-data,https://www.dgeq.org/licence.html,GET XML,2026-10-03,lien présent dans index officiel; HTTP séparé dans download_log.csv,non identifiées au stade inventaire,raw_download,yes,public,https://www.dgeq.org/archives.html,archives,qc-prov-2013-12-09-partial,false,Licence vérifiée pour le portail dgeq.org uniquement; ne pas étendre aux autres sources.
src_c07617b97e4a,Élections Québec,Élections partielles d'Outremont et Viau (9 décembre 2013) : Statistiques globales,https://donnees.electionsquebec.qc.ca/production/provincial/resultats/archives/part2013-12-09/statistiques.csv,Élections partielles d'Outremont et Viau (9 décembre 2013) : Statistiques globales,CSV,selon fichier; voir dictionnaire et index,2013-12-09,archives fixes,DGEQ-open-data,https://www.dgeq.org/licence.html,GET CSV,2026-10-03,lien présent dans index officiel; HTTP séparé dans download_log.csv,non identifiées au stade inventaire,raw_download,yes,public,https://www.dgeq.org/archives.html,archives,qc-prov-2013-12-09-partial,false,Licence vérifiée pour le portail dgeq.org uniquement; ne pas étendre aux autres sources.
src_75de6efa8f89,Élections Québec,Élections partielles d'Outremont et Viau (9 décembre 2013) : Votes par partis politiques,https://donnees.electionsquebec.qc.ca/production/provincial/resultats/archives/part2013-12-09/partispolitiques.csv,Élections partielles d'Outremont et Viau (9 décembre 2013) : Votes par partis politiques,CSV,selon fichier; voir dictionnaire et index,2013-12-09,archives fixes,DGEQ-open-data,https://www.dgeq.org/licence.html,GET CSV,2026-10-03,lien présent dans index officiel; HTTP séparé dans download_log.csv,non identifiées au stade inventaire,raw_download,yes,public,https://www.dgeq.org/archives.html,archives,qc-prov-2013-12-09-partial,false,Licence vérifiée pour le portail dgeq.org uniquement; ne pas étendre aux autres sources.
src_afc67bde2485,Élections Québec,Élections partielles d'Outremont et Viau (9 décembre 2013) : Votes par candidats,https://donnees.electionsquebec.qc.ca/production/provincial/resultats/archives/part2013-12-09/candidats.csv,Élections partielles d'Outremont et Viau (9 décembre 2013) : Votes par candidats,CSV,selon fichier; voir dictionnaire et index,2013-12-09,archives fixes,DGEQ-open-data,https://www.dgeq.org/licence.html,GET CSV,2026-10-03,lien présent dans index officiel; HTTP séparé dans download_log.csv,noms candidatures et agents,raw_download,yes,public,https://www.dgeq.org/archives.html,archives,qc-prov-2013-12-09-partial,false,Licence vérifiée pour le portail dgeq.org uniquement; ne pas étendre aux autres sources.
src_ffaa3ff9c549,Élections Québec,Élections partielles d'Outremont et Viau (9 décembre 2013) : Données par circonscriptions,https://donnees.electionsquebec.qc.ca/production/provincial/resultats/archives/part2013-12-09/circonscriptions.csv,Élections partielles d'Outremont et Viau (9 décembre 2013) : Données par circonscriptions,CSV,selon fichier; voir dictionnaire et index,2013-12-09,archives fixes,DGEQ-open-data,https://www.dgeq.org/licence.html,GET CSV,2026-10-03,lien présent dans index officiel; HTTP séparé dans download_log.csv,non identifiées au stade inventaire,raw_download,yes,public,https://www.dgeq.org/archives.html,archives,qc-prov-2013-12-09-partial,false,Licence vérifiée pour le portail dgeq.org uniquement; ne pas étendre aux autres sources.
src_95002082f0df,Élections Québec,Élections partielles d'Outremont et Viau (9 décembre 2013) : Résultats par bureau de vote,https://donnees.electionsquebec.qc.ca/production/provincial/resultats/archives/part2013-12-09/resultats-bureau-vote.zip,Élections partielles d'Outremont et Viau (9 décembre 2013) : Résultats par bureau de vote,ZIP,élection; circonscription; bureau; candidature,2013-12-09,archives fixes,DGEQ-open-data,https://www.dgeq.org/licence.html,GET ZIP,2026-10-03,lien présent dans index officiel; HTTP séparé dans download_log.csv,non identifiées au stade inventaire,raw_download,yes,public,https://www.dgeq.org/archives.html,archives,qc-prov-2013-12-09-partial,true,Licence vérifiée pour le portail dgeq.org uniquement; ne pas étendre aux autres sources.
src_e91d45d3f2aa,Élections Québec,Élections générales (4 septembre 2012) : Liste complète des candidats,https://donnees.electionsquebec.qc.ca/production/provincial/resultats/archives/gen2012-09-04/Liste_complete_des_candidats.xls,Élections générales (4 septembre 2012) : Liste complète des candidats,XLS,selon fichier; voir dictionnaire et index,2012-09-04,archives fixes,DGEQ-open-data,https://www.dgeq.org/licence.html,GET XLS,2026-10-03,lien présent dans index officiel; HTTP séparé dans download_log.csv,noms candidatures et agents,raw_download,yes,public,https://www.dgeq.org/archives.html,archives,qc-prov-2012-09-04-general,false,Licence vérifiée pour le portail dgeq.org uniquement; ne pas étendre aux autres sources.
src_f428cc11d231,Élections Québec,Élections générales (4 septembre 2012) : Résultats par bureau de vote,https://donnees.electionsquebec.qc.ca/production/provincial/resultats/archives/gen2012-09-04/resultats-bureau-vote.zip,Élections générales (4 septembre 2012) : Résultats par bureau de vote,ZIP,élection; circonscription; bureau; candidature,2012-09-04,archives fixes,DGEQ-open-data,https://www.dgeq.org/licence.html,GET ZIP,2026-10-03,lien présent dans index officiel; HTTP séparé dans download_log.csv,non identifiées au stade inventaire,raw_download,yes,public,https://www.dgeq.org/archives.html,archives,qc-prov-2012-09-04-general,true,Licence vérifiée pour le portail dgeq.org uniquement; ne pas étendre aux autres sources.
src_02de9feae13c,Élections Québec,2022 : Liste des circonscriptions (CSV),https://donnees.electionsquebec.qc.ca/autres/provincial/liste_circonscriptions2022.csv,2022 : Liste des circonscriptions (CSV),CSV,selon fichier; voir dictionnaire et index,selon index officiel,selon publication officielle,DGEQ-open-data,https://www.dgeq.org/licence.html,GET CSV,2026-10-03,lien présent dans index officiel; HTTP séparé dans download_log.csv,non identifiées au stade inventaire,raw_download,yes,public,https://www.dgeq.org/archives.html,archives,NA,true,Licence vérifiée pour le portail dgeq.org uniquement; ne pas étendre aux autres sources.
src_55a022bf40dc,Élections Québec,2022 : Carte électorale (MapInfo),https://donnees.electionsquebec.qc.ca/autres/provincial/circonscriptions_electorales_2022_mapinfo.zip,2022 : Carte électorale (MapInfo),ZIP,selon fichier; voir dictionnaire et index,selon index officiel,selon publication officielle,DGEQ-open-data,https://www.dgeq.org/licence.html,GET ZIP,2026-10-03,lien présent dans index officiel; HTTP séparé dans download_log.csv,non identifiées au stade inventaire,raw_download,yes,public,https://www.dgeq.org/archives.html,archives,NA,false,Licence vérifiée pour le portail dgeq.org uniquement; ne pas étendre aux autres sources.
src_982233d9cc25,Élections Québec,2022 : Carte électorale (Shapefile),https://donnees.electionsquebec.qc.ca/autres/provincial/circonscriptions_electorales_2022_shapefile.zip,2022 : Carte électorale (Shapefile),ZIP,selon fichier; voir dictionnaire et index,selon index officiel,selon publication officielle,DGEQ-open-data,https://www.dgeq.org/licence.html,GET ZIP,2026-10-03,lien présent dans index officiel; HTTP séparé dans download_log.csv,non identifiées au stade inventaire,raw_download,yes,public,https://www.dgeq.org/archives.html,archives,NA,true,Licence vérifiée pour le portail dgeq.org uniquement; ne pas étendre aux autres sources.
src_73afd1588720,Élections Québec,2017 : Liste des circonscriptions (CSV),https://donnees.electionsquebec.qc.ca/autres/provincial/liste_circonscriptions2017.csv,2017 : Liste des circonscriptions (CSV),CSV,selon fichier; voir dictionnaire et index,selon index officiel,selon publication officielle,DGEQ-open-data,https://www.dgeq.org/licence.html,GET CSV,2026-10-03,lien présent dans index officiel; HTTP séparé dans download_log.csv,non identifiées au stade inventaire,raw_download,yes,public,https://www.dgeq.org/archives.html,archives,NA,true,Licence vérifiée pour le portail dgeq.org uniquement; ne pas étendre aux autres sources.
src_58ab46e87edc,Élections Québec,2017 : Carte électorale (MapInfo),https://donnees.electionsquebec.qc.ca/autres/provincial/circonscriptions_electorales_2017_mapinfo.zip,2017 : Carte électorale (MapInfo),ZIP,selon fichier; voir dictionnaire et index,selon index officiel,selon publication officielle,DGEQ-open-data,https://www.dgeq.org/licence.html,GET ZIP,2026-10-03,lien présent dans index officiel; HTTP séparé dans download_log.csv,non identifiées au stade inventaire,raw_download,yes,public,https://www.dgeq.org/archives.html,archives,NA,false,Licence vérifiée pour le portail dgeq.org uniquement; ne pas étendre aux autres sources.
src_038f7589e400,Élections Québec,2017 : Carte électorale (Shapefile),https://donnees.electionsquebec.qc.ca/autres/provincial/circonscriptions_electorales_2017_shapefile.zip,2017 : Carte électorale (Shapefile),ZIP,selon fichier; voir dictionnaire et index,selon index officiel,selon publication officielle,DGEQ-open-data,https://www.dgeq.org/licence.html,GET ZIP,2026-10-03,lien présent dans index officiel; HTTP séparé dans download_log.csv,non identifiées au stade inventaire,raw_download,yes,public,https://www.dgeq.org/archives.html,archives,NA,true,Licence vérifiée pour le portail dgeq.org uniquement; ne pas étendre aux autres sources.
src_1320ae322de0,Élections Québec,2011 : Liste des circonscriptions (CSV),https://donnees.electionsquebec.qc.ca/autres/provincial/liste_circonscriptions2011.csv,2011 : Liste des circonscriptions (CSV),CSV,selon fichier; voir dictionnaire et index,selon index officiel,selon publication officielle,DGEQ-open-data,https://www.dgeq.org/licence.html,GET CSV,2026-10-03,lien présent dans index officiel; HTTP séparé dans download_log.csv,non identifiées au stade inventaire,raw_download,yes,public,https://www.dgeq.org/archives.html,archives,NA,true,Licence vérifiée pour le portail dgeq.org uniquement; ne pas étendre aux autres sources.
src_fff9f7d68b5b,Élections Québec,2022 : Sections de vote (MapInfo),https://donnees.electionsquebec.qc.ca/autres/provincial/sections_vote_2022_mapinfo.zip,2022 : Sections de vote (MapInfo),ZIP,selon fichier; voir dictionnaire et index,selon index officiel,selon publication officielle,DGEQ-open-data,https://www.dgeq.org/licence.html,GET ZIP,2026-10-03,lien présent dans index officiel; HTTP séparé dans download_log.csv,non identifiées au stade inventaire,raw_download,yes,public,https://www.dgeq.org/archives.html,archives,NA,false,Licence vérifiée pour le portail dgeq.org uniquement; ne pas étendre aux autres sources.
src_5103d4eb62df,Élections Québec,2022 : Sections de vote (Shapefile),https://donnees.electionsquebec.qc.ca/autres/provincial/sections_vote_2022_shapefile.zip,2022 : Sections de vote (Shapefile),ZIP,selon fichier; voir dictionnaire et index,selon index officiel,selon publication officielle,DGEQ-open-data,https://www.dgeq.org/licence.html,GET ZIP,2026-10-03,lien présent dans index officiel; HTTP séparé dans download_log.csv,non identifiées au stade inventaire,raw_download,yes,public,https://www.dgeq.org/archives.html,archives,NA,false,Licence vérifiée pour le portail dgeq.org uniquement; ne pas étendre aux autres sources.
src_3a14a265de29,Élections Québec,2018 : Sections de vote (MapInfo),https://donnees.electionsquebec.qc.ca/autres/provincial/sections_vote_2018_mapinfo.zip,2018 : Sections de vote (MapInfo),ZIP,selon fichier; voir dictionnaire et index,selon index officiel,selon publication officielle,DGEQ-open-data,https://www.dgeq.org/licence.html,GET ZIP,2026-10-03,lien présent dans index officiel; HTTP séparé dans download_log.csv,non identifiées au stade inventaire,raw_download,yes,public,https://www.dgeq.org/archives.html,archives,NA,false,Licence vérifiée pour le portail dgeq.org uniquement; ne pas étendre aux autres sources.
src_fb6e036fc5c2,Élections Québec,2018 : Sections de vote (Shapefile),https://donnees.electionsquebec.qc.ca/autres/provincial/sections_vote_2018_shapefile.zip,2018 : Sections de vote (Shapefile),ZIP,selon fichier; voir dictionnaire et index,selon index officiel,selon publication officielle,DGEQ-open-data,https://www.dgeq.org/licence.html,GET ZIP,2026-10-03,lien présent dans index officiel; HTTP séparé dans download_log.csv,non identifiées au stade inventaire,raw_download,yes,public,https://www.dgeq.org/archives.html,archives,NA,false,Licence vérifiée pour le portail dgeq.org uniquement; ne pas étendre aux autres sources.
src_fbb8a3df7132,Élections Québec,index,https://www.dgeq.org/index.html,index,HTML,selon fichier; voir dictionnaire et index,selon index officiel,selon publication officielle,DGEQ-open-data,https://www.dgeq.org/licence.html,GET HTML,2026-10-03,lien présent dans index officiel; HTTP séparé dans download_log.csv,non identifiées au stade inventaire,scraping_required,yes,public,https://www.dgeq.org/index.html,index,NA,false,Licence vérifiée pour le portail dgeq.org uniquement; ne pas étendre aux autres sources.
src_68ba8c08b190,Élections Québec,Dates importantes pour les élections générales provinciales de 2026 : calendrier électoral des élections générales provinciales 2026 (PDF),https://docs.electionsquebec.qc.ca/PRO/630771eba4dc3/DGE-5-VF.pdf,Dates importantes pour les élections générales provinciales de 2026 : calendrier électoral des élections générales provinciales 2026 (PDF),PDF,selon fichier; voir dictionnaire et index,selon index officiel,selon publication officielle,DGEQ-open-data,https://www.dgeq.org/licence.html,GET PDF,2026-10-03,lien présent dans index officiel; HTTP séparé dans download_log.csv,potentielles dans rapports; bruts non versionnés,raw_download,yes,public,https://www.dgeq.org/index.html,index,NA,true,Licence vérifiée pour le portail dgeq.org uniquement; ne pas étendre aux autres sources.
src_8aa6dad1bef2,Élections Québec,map,https://www.electionsquebec.qc.ca/cartes-electorales/revision-de-la-carte-electorale-du-quebec/la-carte-electorale-delimitation-finale/,map,HTML,selon fichier; voir dictionnaire et index,selon index officiel,selon publication officielle,EQ-nonprofit-no-adaptation,https://www.electionsquebec.qc.ca/notre-institution/conditions-dutilisation/,GET HTML,2026-10-03,lien présent dans index officiel; HTTP séparé dans download_log.csv,non identifiées au stade inventaire,scraping_required,original_nonprofit_only,local_only,https://www.electionsquebec.qc.ca/cartes-electorales/revision-de-la-carte-electorale-du-quebec/la-carte-electorale-delimitation-finale/,map,NA,false,Licence vérifiée pour le portail dgeq.org uniquement; ne pas étendre aux autres sources.
src_e18feb7f6138,Élections Québec,Carte provinciale : Délimitation des circonscriptions électorales (PDF – recto),https://donnees.electionsquebec.qc.ca/autres/cartes-prov-2026/carte2026-recto.pdf,Carte provinciale : Délimitation des circonscriptions électorales (PDF – recto),PDF,selon fichier; voir dictionnaire et index,selon index officiel,selon publication officielle,EQ-nonprofit-no-adaptation,https://www.electionsquebec.qc.ca/notre-institution/conditions-dutilisation/,GET PDF,2026-10-03,lien présent dans index officiel; HTTP séparé dans download_log.csv,potentielles dans rapports; bruts non versionnés,raw_download,original_nonprofit_only,local_only,https://www.electionsquebec.qc.ca/cartes-electorales/revision-de-la-carte-electorale-du-quebec/la-carte-electorale-delimitation-finale/,map,NA,false,Licence vérifiée pour le portail dgeq.org uniquement; ne pas étendre aux autres sources.
src_0986c7e08891,Élections Québec,Carte provinciale : Délimitation des circonscriptions électorales (PDF – verso),https://donnees.electionsquebec.qc.ca/autres/cartes-prov-2026/carte2026-verso.pdf,Carte provinciale : Délimitation des circonscriptions électorales (PDF – verso),PDF,selon fichier; voir dictionnaire et index,selon index officiel,selon publication officielle,EQ-nonprofit-no-adaptation,https://www.electionsquebec.qc.ca/notre-institution/conditions-dutilisation/,GET PDF,2026-10-03,lien présent dans index officiel; HTTP séparé dans download_log.csv,potentielles dans rapports; bruts non versionnés,raw_download,original_nonprofit_only,local_only,https://www.electionsquebec.qc.ca/cartes-electorales/revision-de-la-carte-electorale-du-quebec/la-carte-electorale-delimitation-finale/,map,NA,false,Licence vérifiée pour le portail dgeq.org uniquement; ne pas étendre aux autres sources.
src_ce7ebc96c846,Élections Québec,Cartes régionales : Abitibi-Témiscamingue (PDF),https://donnees.electionsquebec.qc.ca/autres/cartes-prov-2026/carte2026-Abitibi-Temiscamingue.pdf,Cartes régionales : Abitibi-Témiscamingue (PDF),PDF,selon fichier; voir dictionnaire et index,selon index officiel,selon publication officielle,EQ-nonprofit-no-adaptation,https://www.electionsquebec.qc.ca/notre-institution/conditions-dutilisation/,GET PDF,2026-10-03,lien présent dans index officiel; HTTP séparé dans download_log.csv,potentielles dans rapports; bruts non versionnés,raw_download,original_nonprofit_only,local_only,https://www.electionsquebec.qc.ca/cartes-electorales/revision-de-la-carte-electorale-du-quebec/la-carte-electorale-delimitation-finale/,map,NA,false,Licence vérifiée pour le portail dgeq.org uniquement; ne pas étendre aux autres sources.
src_19ef63732e62,Élections Québec,Cartes régionales : Bas-Saint-Laurent–Gaspésie–Îles-de-la-Madeleine (PDF),https://donnees.electionsquebec.qc.ca/autres/cartes-prov-2026/carte2026-Bas-Saint-Laurent-Gaspesie-Iles-de-la-Madeleine.pdf,Cartes régionales : Bas-Saint-Laurent–Gaspésie–Îles-de-la-Madeleine (PDF),PDF,selon fichier; voir dictionnaire et index,selon index officiel,selon publication officielle,EQ-nonprofit-no-adaptation,https://www.electionsquebec.qc.ca/notre-institution/conditions-dutilisation/,GET PDF,2026-10-03,lien présent dans index officiel; HTTP séparé dans download_log.csv,potentielles dans rapports; bruts non versionnés,raw_download,original_nonprofit_only,local_only,https://www.electionsquebec.qc.ca/cartes-electorales/revision-de-la-carte-electorale-du-quebec/la-carte-electorale-delimitation-finale/,map,NA,false,Licence vérifiée pour le portail dgeq.org uniquement; ne pas étendre aux autres sources.
src_26d0b0bb30fe,Élections Québec,Cartes régionales : Capitale-Nationale (PDF),https://donnees.electionsquebec.qc.ca/autres/cartes-prov-2026/carte2026-Capitale-Nationale.pdf,Cartes régionales : Capitale-Nationale (PDF),PDF,selon fichier; voir dictionnaire et index,selon index officiel,selon publication officielle,EQ-nonprofit-no-adaptation,https://www.electionsquebec.qc.ca/notre-institution/conditions-dutilisation/,GET PDF,2026-10-03,lien présent dans index officiel; HTTP séparé dans download_log.csv,potentielles dans rapports; bruts non versionnés,raw_download,original_nonprofit_only,local_only,https://www.electionsquebec.qc.ca/cartes-electorales/revision-de-la-carte-electorale-du-quebec/la-carte-electorale-delimitation-finale/,map,NA,false,Licence vérifiée pour le portail dgeq.org uniquement; ne pas étendre aux autres sources.
src_7fa1837ed31d,Élections Québec,Cartes régionales : Chaudière-Appalaches (PDF),https://donnees.electionsquebec.qc.ca/autres/cartes-prov-2026/carte2026-Chaudiere-Appalaches.pdf,Cartes régionales : Chaudière-Appalaches (PDF),PDF,selon fichier; voir dictionnaire et index,selon index officiel,selon publication officielle,EQ-nonprofit-no-adaptation,https://www.electionsquebec.qc.ca/notre-institution/conditions-dutilisation/,GET PDF,2026-10-03,lien présent dans index officiel; HTTP séparé dans download_log.csv,potentielles dans rapports; bruts non versionnés,raw_download,original_nonprofit_only,local_only,https://www.electionsquebec.qc.ca/cartes-electorales/revision-de-la-carte-electorale-du-quebec/la-carte-electorale-delimitation-finale/,map,NA,false,Licence vérifiée pour le portail dgeq.org uniquement; ne pas étendre aux autres sources.
src_f6745914d8d9,Élections Québec,Cartes régionales : Côte-Nord (PDF),https://donnees.electionsquebec.qc.ca/autres/cartes-prov-2026/carte2026-Cote-Nord.pdf,Cartes régionales : Côte-Nord (PDF),PDF,selon fichier; voir dictionnaire et index,selon index officiel,selon publication officielle,EQ-nonprofit-no-adaptation,https://www.electionsquebec.qc.ca/notre-institution/conditions-dutilisation/,GET PDF,2026-10-03,lien présent dans index officiel; HTTP séparé dans download_log.csv,potentielles dans rapports; bruts non versionnés,raw_download,original_nonprofit_only,local_only,https://www.electionsquebec.qc.ca/cartes-electorales/revision-de-la-carte-electorale-du-quebec/la-carte-electorale-delimitation-finale/,map,NA,false,Licence vérifiée pour le portail dgeq.org uniquement; ne pas étendre aux autres sources.
src_057f3c4b5ba9,Élections Québec,Cartes régionales : Estrie–Centre-du-Québec (PDF),https://donnees.electionsquebec.qc.ca/autres/cartes-prov-2026/carte2026-Estrie-Centre-du-Quebec.pdf,Cartes régionales : Estrie–Centre-du-Québec (PDF),PDF,selon fichier; voir dictionnaire et index,selon index officiel,selon publication officielle,EQ-nonprofit-no-adaptation,https://www.electionsquebec.qc.ca/notre-institution/conditions-dutilisation/,GET PDF,2026-10-03,lien présent dans index officiel; HTTP séparé dans download_log.csv,potentielles dans rapports; bruts non versionnés,raw_download,original_nonprofit_only,local_only,https://www.electionsquebec.qc.ca/cartes-electorales/revision-de-la-carte-electorale-du-quebec/la-carte-electorale-delimitation-finale/,map,NA,false,Licence vérifiée pour le portail dgeq.org uniquement; ne pas étendre aux autres sources.
src_e046bda5a5e3,Élections Québec,Cartes régionales : Île-de-Montréal (PDF),https://donnees.electionsquebec.qc.ca/autres/cartes-prov-2026/carte2026-Ile-de-Montreal.pdf,Cartes régionales : Île-de-Montréal (PDF),PDF,selon fichier; voir dictionnaire et index,selon index officiel,selon publication officielle,EQ-nonprofit-no-adaptation,https://www.electionsquebec.qc.ca/notre-institution/conditions-dutilisation/,GET PDF,2026-10-03,lien présent dans index officiel; HTTP séparé dans download_log.csv,potentielles dans rapports; bruts non versionnés,raw_download,original_nonprofit_only,local_only,https://www.electionsquebec.qc.ca/cartes-electorales/revision-de-la-carte-electorale-du-quebec/la-carte-electorale-delimitation-finale/,map,NA,false,Licence vérifiée pour le portail dgeq.org uniquement; ne pas étendre aux autres sources.
src_7766f5e7804b,Élections Québec,Cartes régionales : Laurentides-Lanaudière (PDF),https://donnees.electionsquebec.qc.ca/autres/cartes-prov-2026/carte2026-Laurentides-Lanaudiere.pdf,Cartes régionales : Laurentides-Lanaudière (PDF),PDF,selon fichier; voir dictionnaire et index,selon index officiel,selon publication officielle,EQ-nonprofit-no-adaptation,https://www.electionsquebec.qc.ca/notre-institution/conditions-dutilisation/,GET PDF,2026-10-03,lien présent dans index officiel; HTTP séparé dans download_log.csv,potentielles dans rapports; bruts non versionnés,raw_download,original_nonprofit_only,local_only,https://www.electionsquebec.qc.ca/cartes-electorales/revision-de-la-carte-electorale-du-quebec/la-carte-electorale-delimitation-finale/,map,NA,false,Licence vérifiée pour le portail dgeq.org uniquement; ne pas étendre aux autres sources.
src_fba2defabe48,Élections Québec,Cartes régionales : Laval (PDF),https://donnees.electionsquebec.qc.ca/autres/cartes-prov-2026/carte2026-Laval.pdf,Cartes régionales : Laval (PDF),PDF,selon fichier; voir dictionnaire et index,selon index officiel,selon publication officielle,EQ-nonprofit-no-adaptation,https://www.electionsquebec.qc.ca/notre-institution/conditions-dutilisation/,GET PDF,2026-10-03,lien présent dans index officiel; HTTP séparé dans download_log.csv,potentielles dans rapports; bruts non versionnés,raw_download,original_nonprofit_only,local_only,https://www.electionsquebec.qc.ca/cartes-electorales/revision-de-la-carte-electorale-du-quebec/la-carte-electorale-delimitation-finale/,map,NA,false,Licence vérifiée pour le portail dgeq.org uniquement; ne pas étendre aux autres sources.
src_ea8ed4f61e2d,Élections Québec,Cartes régionales : Mauricie (PDF),https://donnees.electionsquebec.qc.ca/autres/cartes-prov-2026/carte2026-Mauricie.pdf,Cartes régionales : Mauricie (PDF),PDF,selon fichier; voir dictionnaire et index,selon index officiel,selon publication officielle,EQ-nonprofit-no-adaptation,https://www.electionsquebec.qc.ca/notre-institution/conditions-dutilisation/,GET PDF,2026-10-03,lien présent dans index officiel; HTTP séparé dans download_log.csv,potentielles dans rapports; bruts non versionnés,raw_download,original_nonprofit_only,local_only,https://www.electionsquebec.qc.ca/cartes-electorales/revision-de-la-carte-electorale-du-quebec/la-carte-electorale-delimitation-finale/,map,NA,false,Licence vérifiée pour le portail dgeq.org uniquement; ne pas étendre aux autres sources.
src_afb3fb9f348b,Élections Québec,Cartes régionales : Montérégie (PDF),https://donnees.electionsquebec.qc.ca/autres/cartes-prov-2026/carte2026-Monteregie.pdf,Cartes régionales : Montérégie (PDF),PDF,selon fichier; voir dictionnaire et index,selon index officiel,selon publication officielle,EQ-nonprofit-no-adaptation,https://www.electionsquebec.qc.ca/notre-institution/conditions-dutilisation/,GET PDF,2026-10-03,lien présent dans index officiel; HTTP séparé dans download_log.csv,potentielles dans rapports; bruts non versionnés,raw_download,original_nonprofit_only,local_only,https://www.electionsquebec.qc.ca/cartes-electorales/revision-de-la-carte-electorale-du-quebec/la-carte-electorale-delimitation-finale/,map,NA,false,Licence vérifiée pour le portail dgeq.org uniquement; ne pas étendre aux autres sources.
src_170e30bf3bd6,Élections Québec,Cartes régionales : Nord-du-Québec (PDF),https://donnees.electionsquebec.qc.ca/autres/cartes-prov-2026/carte2026-Nord-du-Quebec.pdf,Cartes régionales : Nord-du-Québec (PDF),PDF,selon fichier; voir dictionnaire et index,selon index officiel,selon publication officielle,EQ-nonprofit-no-adaptation,https://www.electionsquebec.qc.ca/notre-institution/conditions-dutilisation/,GET PDF,2026-10-03,lien présent dans index officiel; HTTP séparé dans download_log.csv,potentielles dans rapports; bruts non versionnés,raw_download,original_nonprofit_only,local_only,https://www.electionsquebec.qc.ca/cartes-electorales/revision-de-la-carte-electorale-du-quebec/la-carte-electorale-delimitation-finale/,map,NA,false,Licence vérifiée pour le portail dgeq.org uniquement; ne pas étendre aux autres sources.
src_5444ff196d7e,Élections Québec,Cartes régionales : Outaouais (PDF),https://donnees.electionsquebec.qc.ca/autres/cartes-prov-2026/carte2026-Outaouais.pdf,Cartes régionales : Outaouais (PDF),PDF,selon fichier; voir dictionnaire et index,selon index officiel,selon publication officielle,EQ-nonprofit-no-adaptation,https://www.electionsquebec.qc.ca/notre-institution/conditions-dutilisation/,GET PDF,2026-10-03,lien présent dans index officiel; HTTP séparé dans download_log.csv,potentielles dans rapports; bruts non versionnés,raw_download,original_nonprofit_only,local_only,https://www.electionsquebec.qc.ca/cartes-electorales/revision-de-la-carte-electorale-du-quebec/la-carte-electorale-delimitation-finale/,map,NA,false,Licence vérifiée pour le portail dgeq.org uniquement; ne pas étendre aux autres sources.
src_6d046ba5e3a1,Élections Québec,Cartes régionales : Saguenay–Lac-Saint-Jean (PDF),https://donnees.electionsquebec.qc.ca/autres/cartes-prov-2026/carte2026-Saguenay-Lac-Saint-Jean.pdf,Cartes régionales : Saguenay–Lac-Saint-Jean (PDF),PDF,selon fichier; voir dictionnaire et index,selon index officiel,selon publication officielle,EQ-nonprofit-no-adaptation,https://www.electionsquebec.qc.ca/notre-institution/conditions-dutilisation/,GET PDF,2026-10-03,lien présent dans index officiel; HTTP séparé dans download_log.csv,potentielles dans rapports; bruts non versionnés,raw_download,original_nonprofit_only,local_only,https://www.electionsquebec.qc.ca/cartes-electorales/revision-de-la-carte-electorale-du-quebec/la-carte-electorale-delimitation-finale/,map,NA,false,Licence vérifiée pour le portail dgeq.org uniquement; ne pas étendre aux autres sources.
src_4ebaa48de588,Élections Québec,Ensemble des 127 portraits socioéconomiques : Télécharger les données de 2021 pour les 127 circonscriptions (XLS),https://docs.electionsquebec.qc.ca/PRO/6a58edde4eab9/statistiques-recensement-2021-CEP2026.xls,Ensemble des 127 portraits socioéconomiques : Télécharger les données de 2021 pour les 127 circonscriptions (XLS),XLS,selon fichier; voir dictionnaire et index,selon index officiel,selon publication officielle,EQ-nonprofit-no-adaptation,https://www.electionsquebec.qc.ca/notre-institution/conditions-dutilisation/,GET XLS,2026-10-03,lien présent dans index officiel; HTTP séparé dans download_log.csv,non identifiées au stade inventaire,raw_download,original_nonprofit_only,local_only,https://www.electionsquebec.qc.ca/cartes-electorales/revision-de-la-carte-electorale-du-quebec/la-carte-electorale-delimitation-finale/,map,NA,true,Licence vérifiée pour le portail dgeq.org uniquement; ne pas étendre aux autres sources.
src_495ef4dbd856,Élections Québec,Fichiers de la carte établie par la Commission de la représentation électorale : Délimitation des circonscriptions électorales (PDF – recto),https://donnees.electionsquebec.qc.ca/autres/cartes-prov-rf-2026/carte_rf2026_recto.pdf,Fichiers de la carte établie par la Commission de la représentation électorale : Délimitation des circonscriptions électorales (PDF – recto),PDF,selon fichier; voir dictionnaire et index,selon index officiel,selon publication officielle,EQ-nonprofit-no-adaptation,https://www.electionsquebec.qc.ca/notre-institution/conditions-dutilisation/,GET PDF,2026-10-03,lien présent dans index officiel; HTTP séparé dans download_log.csv,potentielles dans rapports; bruts non versionnés,raw_download,original_nonprofit_only,local_only,https://www.electionsquebec.qc.ca/cartes-electorales/revision-de-la-carte-electorale-du-quebec/la-carte-electorale-delimitation-finale/,map,NA,false,Licence vérifiée pour le portail dgeq.org uniquement; ne pas étendre aux autres sources.
src_db7b85b09fae,Élections Québec,Fichiers de la carte établie par la Commission de la représentation électorale : Délimitation des circonscriptions électorales (PDF – verso),https://donnees.electionsquebec.qc.ca/autres/cartes-prov-rf-2026/carte_rf2026_verso.pdf,Fichiers de la carte établie par la Commission de la représentation électorale : Délimitation des circonscriptions électorales (PDF – verso),PDF,selon fichier; voir dictionnaire et index,selon index officiel,selon publication officielle,EQ-nonprofit-no-adaptation,https://www.electionsquebec.qc.ca/notre-institution/conditions-dutilisation/,GET PDF,2026-10-03,lien présent dans index officiel; HTTP séparé dans download_log.csv,potentielles dans rapports; bruts non versionnés,raw_download,original_nonprofit_only,local_only,https://www.electionsquebec.qc.ca/cartes-electorales/revision-de-la-carte-electorale-du-quebec/la-carte-electorale-delimitation-finale/,map,NA,false,Licence vérifiée pour le portail dgeq.org uniquement; ne pas étendre aux autres sources.
src_a4c4c328cbac,Élections Québec,Fichiers de la carte établie par la Commission de la représentation électorale : Abitibi-Témiscamingue (PDF),https://donnees.electionsquebec.qc.ca/autres/cartes-prov-rf-2026/carte_rf2026_Abitibi-Temiscamingue.pdf,Fichiers de la carte établie par la Commission de la représentation électorale : Abitibi-Témiscamingue (PDF),PDF,selon fichier; voir dictionnaire et index,selon index officiel,selon publication officielle,EQ-nonprofit-no-adaptation,https://www.electionsquebec.qc.ca/notre-institution/conditions-dutilisation/,GET PDF,2026-10-03,lien présent dans index officiel; HTTP séparé dans download_log.csv,potentielles dans rapports; bruts non versionnés,raw_download,original_nonprofit_only,local_only,https://www.electionsquebec.qc.ca/cartes-electorales/revision-de-la-carte-electorale-du-quebec/la-carte-electorale-delimitation-finale/,map,NA,false,Licence vérifiée pour le portail dgeq.org uniquement; ne pas étendre aux autres sources.
src_1e59303c651c,Élections Québec,Fichiers de la carte établie par la Commission de la représentation électorale : Bas-Saint-Laurent – Gaspésie – Îles-de-la-Madeleine (PDF),https://donnees.electionsquebec.qc.ca/autres/cartes-prov-rf-2026/carte_rf2026_Bas-St-Laurent_Gaspesie_Les-Iles.pdf,Fichiers de la carte établie par la Commission de la représentation électorale : Bas-Saint-Laurent – Gaspésie – Îles-de-la-Madeleine (PDF),PDF,selon fichier; voir dictionnaire et index,selon index officiel,selon publication officielle,EQ-nonprofit-no-adaptation,https://www.electionsquebec.qc.ca/notre-institution/conditions-dutilisation/,GET PDF,2026-10-03,lien présent dans index officiel; HTTP séparé dans download_log.csv,potentielles dans rapports; bruts non versionnés,raw_download,original_nonprofit_only,local_only,https://www.electionsquebec.qc.ca/cartes-electorales/revision-de-la-carte-electorale-du-quebec/la-carte-electorale-delimitation-finale/,map,NA,false,Licence vérifiée pour le portail dgeq.org uniquement; ne pas étendre aux autres sources.
src_839c58575dc4,Élections Québec,Fichiers de la carte établie par la Commission de la représentation électorale : Capitale-Nationale (PDF),https://donnees.electionsquebec.qc.ca/autres/cartes-prov-rf-2026/carte_rf2026_Capitale-Nationale.pdf,Fichiers de la carte établie par la Commission de la représentation électorale : Capitale-Nationale (PDF),PDF,selon fichier; voir dictionnaire et index,selon index officiel,selon publication officielle,EQ-nonprofit-no-adaptation,https://www.electionsquebec.qc.ca/notre-institution/conditions-dutilisation/,GET PDF,2026-10-03,lien présent dans index officiel; HTTP séparé dans download_log.csv,potentielles dans rapports; bruts non versionnés,raw_download,original_nonprofit_only,local_only,https://www.electionsquebec.qc.ca/cartes-electorales/revision-de-la-carte-electorale-du-quebec/la-carte-electorale-delimitation-finale/,map,NA,false,Licence vérifiée pour le portail dgeq.org uniquement; ne pas étendre aux autres sources.
src_54537d31b097,Élections Québec,Fichiers de la carte établie par la Commission de la représentation électorale : Chaudière-Appalaches (PDF),https://donnees.electionsquebec.qc.ca/autres/cartes-prov-rf-2026/carte_rf2026_Chaudiere-Appalaches.pdf,Fichiers de la carte établie par la Commission de la représentation électorale : Chaudière-Appalaches (PDF),PDF,selon fichier; voir dictionnaire et index,selon index officiel,selon publication officielle,EQ-nonprofit-no-adaptation,https://www.electionsquebec.qc.ca/notre-institution/conditions-dutilisation/,GET PDF,2026-10-03,lien présent dans index officiel; HTTP séparé dans download_log.csv,potentielles dans rapports; bruts non versionnés,raw_download,original_nonprofit_only,local_only,https://www.electionsquebec.qc.ca/cartes-electorales/revision-de-la-carte-electorale-du-quebec/la-carte-electorale-delimitation-finale/,map,NA,false,Licence vérifiée pour le portail dgeq.org uniquement; ne pas étendre aux autres sources.
src_40018b75ac27,Élections Québec,Fichiers de la carte établie par la Commission de la représentation électorale : Côte-Nord (PDF),https://donnees.electionsquebec.qc.ca/autres/cartes-prov-rf-2026/carte_rf2026_Cote-Nord.pdf,Fichiers de la carte établie par la Commission de la représentation électorale : Côte-Nord (PDF),PDF,selon fichier; voir dictionnaire et index,selon index officiel,selon publication officielle,EQ-nonprofit-no-adaptation,https://www.electionsquebec.qc.ca/notre-institution/conditions-dutilisation/,GET PDF,2026-10-03,lien présent dans index officiel; HTTP séparé dans download_log.csv,potentielles dans rapports; bruts non versionnés,raw_download,original_nonprofit_only,local_only,https://www.electionsquebec.qc.ca/cartes-electorales/revision-de-la-carte-electorale-du-quebec/la-carte-electorale-delimitation-finale/,map,NA,false,Licence vérifiée pour le portail dgeq.org uniquement; ne pas étendre aux autres sources.
src_c3fc30f54411,Élections Québec,Fichiers de la carte établie par la Commission de la représentation électorale : Estrie–Centre-du-Québec (PDF),https://donnees.electionsquebec.qc.ca/autres/cartes-prov-rf-2026/carte_rf2026_Estrie-Centre-du-Quebec.pdf,Fichiers de la carte établie par la Commission de la représentation électorale : Estrie–Centre-du-Québec (PDF),PDF,selon fichier; voir dictionnaire et index,selon index officiel,selon publication officielle,EQ-nonprofit-no-adaptation,https://www.electionsquebec.qc.ca/notre-institution/conditions-dutilisation/,GET PDF,2026-10-03,lien présent dans index officiel; HTTP séparé dans download_log.csv,potentielles dans rapports; bruts non versionnés,raw_download,original_nonprofit_only,local_only,https://www.electionsquebec.qc.ca/cartes-electorales/revision-de-la-carte-electorale-du-quebec/la-carte-electorale-delimitation-finale/,map,NA,false,Licence vérifiée pour le portail dgeq.org uniquement; ne pas étendre aux autres sources.
src_769c93874735,Élections Québec,Fichiers de la carte établie par la Commission de la représentation électorale : Île-de-Montréal (PDF),https://donnees.electionsquebec.qc.ca/autres/cartes-prov-rf-2026/carte_rf2026_Ile-Montreal.pdf,Fichiers de la carte établie par la Commission de la représentation électorale : Île-de-Montréal (PDF),PDF,selon fichier; voir dictionnaire et index,selon index officiel,selon publication officielle,EQ-nonprofit-no-adaptation,https://www.electionsquebec.qc.ca/notre-institution/conditions-dutilisation/,GET PDF,2026-10-03,lien présent dans index officiel; HTTP séparé dans download_log.csv,potentielles dans rapports; bruts non versionnés,raw_download,original_nonprofit_only,local_only,https://www.electionsquebec.qc.ca/cartes-electorales/revision-de-la-carte-electorale-du-quebec/la-carte-electorale-delimitation-finale/,map,NA,false,Licence vérifiée pour le portail dgeq.org uniquement; ne pas étendre aux autres sources.
src_43bc8d648d76,Élections Québec,Fichiers de la carte établie par la Commission de la représentation électorale : Laurentides-Lanaudière (PDF),https://donnees.electionsquebec.qc.ca/autres/cartes-prov-rf-2026/carte_rf2026_Laurentides-Lanaudiere.pdf,Fichiers de la carte établie par la Commission de la représentation électorale : Laurentides-Lanaudière (PDF),PDF,selon fichier; voir dictionnaire et index,selon index officiel,selon publication officielle,EQ-nonprofit-no-adaptation,https://www.electionsquebec.qc.ca/notre-institution/conditions-dutilisation/,GET PDF,2026-10-03,lien présent dans index officiel; HTTP séparé dans download_log.csv,potentielles dans rapports; bruts non versionnés,raw_download,original_nonprofit_only,local_only,https://www.electionsquebec.qc.ca/cartes-electorales/revision-de-la-carte-electorale-du-quebec/la-carte-electorale-delimitation-finale/,map,NA,false,Licence vérifiée pour le portail dgeq.org uniquement; ne pas étendre aux autres sources.
src_27878ecf6c46,Élections Québec,Fichiers de la carte établie par la Commission de la représentation électorale : Laval (PDF),https://donnees.electionsquebec.qc.ca/autres/cartes-prov-rf-2026/carte_rf2026_Laval.pdf,Fichiers de la carte établie par la Commission de la représentation électorale : Laval (PDF),PDF,selon fichier; voir dictionnaire et index,selon index officiel,selon publication officielle,EQ-nonprofit-no-adaptation,https://www.electionsquebec.qc.ca/notre-institution/conditions-dutilisation/,GET PDF,2026-10-03,lien présent dans index officiel; HTTP séparé dans download_log.csv,potentielles dans rapports; bruts non versionnés,raw_download,original_nonprofit_only,local_only,https://www.electionsquebec.qc.ca/cartes-electorales/revision-de-la-carte-electorale-du-quebec/la-carte-electorale-delimitation-finale/,map,NA,false,Licence vérifiée pour le portail dgeq.org uniquement; ne pas étendre aux autres sources.
src_15c37fd2f551,Élections Québec,Fichiers de la carte établie par la Commission de la représentation électorale : Mauricie (PDF),https://donnees.electionsquebec.qc.ca/autres/cartes-prov-rf-2026/carte_rf2026_Mauricie.pdf,Fichiers de la carte établie par la Commission de la représentation électorale : Mauricie (PDF),PDF,selon fichier; voir dictionnaire et index,selon index officiel,selon publication officielle,EQ-nonprofit-no-adaptation,https://www.electionsquebec.qc.ca/notre-institution/conditions-dutilisation/,GET PDF,2026-10-03,lien présent dans index officiel; HTTP séparé dans download_log.csv,potentielles dans rapports; bruts non versionnés,raw_download,original_nonprofit_only,local_only,https://www.electionsquebec.qc.ca/cartes-electorales/revision-de-la-carte-electorale-du-quebec/la-carte-electorale-delimitation-finale/,map,NA,false,Licence vérifiée pour le portail dgeq.org uniquement; ne pas étendre aux autres sources.
src_3c60c14c17fb,Élections Québec,Fichiers de la carte établie par la Commission de la représentation électorale : Montérégie (PDF),https://donnees.electionsquebec.qc.ca/autres/cartes-prov-rf-2026/carte_rf2026_Monteregie.pdf,Fichiers de la carte établie par la Commission de la représentation électorale : Montérégie (PDF),PDF,selon fichier; voir dictionnaire et index,selon index officiel,selon publication officielle,EQ-nonprofit-no-adaptation,https://www.electionsquebec.qc.ca/notre-institution/conditions-dutilisation/,GET PDF,2026-10-03,lien présent dans index officiel; HTTP séparé dans download_log.csv,potentielles dans rapports; bruts non versionnés,raw_download,original_nonprofit_only,local_only,https://www.electionsquebec.qc.ca/cartes-electorales/revision-de-la-carte-electorale-du-quebec/la-carte-electorale-delimitation-finale/,map,NA,false,Licence vérifiée pour le portail dgeq.org uniquement; ne pas étendre aux autres sources.
src_caef94c1269b,Élections Québec,Fichiers de la carte établie par la Commission de la représentation électorale : Nord-du-Québec (PDF),https://donnees.electionsquebec.qc.ca/autres/cartes-prov-rf-2026/carte_rf2026_Nord-du-Quebec.pdf,Fichiers de la carte établie par la Commission de la représentation électorale : Nord-du-Québec (PDF),PDF,selon fichier; voir dictionnaire et index,selon index officiel,selon publication officielle,EQ-nonprofit-no-adaptation,https://www.electionsquebec.qc.ca/notre-institution/conditions-dutilisation/,GET PDF,2026-10-03,lien présent dans index officiel; HTTP séparé dans download_log.csv,potentielles dans rapports; bruts non versionnés,raw_download,original_nonprofit_only,local_only,https://www.electionsquebec.qc.ca/cartes-electorales/revision-de-la-carte-electorale-du-quebec/la-carte-electorale-delimitation-finale/,map,NA,false,Licence vérifiée pour le portail dgeq.org uniquement; ne pas étendre aux autres sources.
src_50d5d6e8cccd,Élections Québec,Fichiers de la carte établie par la Commission de la représentation électorale : Outaouais (PDF),https://donnees.electionsquebec.qc.ca/autres/cartes-prov-rf-2026/carte_rf2026_Outaouais.pdf,Fichiers de la carte établie par la Commission de la représentation électorale : Outaouais (PDF),PDF,selon fichier; voir dictionnaire et index,selon index officiel,selon publication officielle,EQ-nonprofit-no-adaptation,https://www.electionsquebec.qc.ca/notre-institution/conditions-dutilisation/,GET PDF,2026-10-03,lien présent dans index officiel; HTTP séparé dans download_log.csv,potentielles dans rapports; bruts non versionnés,raw_download,original_nonprofit_only,local_only,https://www.electionsquebec.qc.ca/cartes-electorales/revision-de-la-carte-electorale-du-quebec/la-carte-electorale-delimitation-finale/,map,NA,false,Licence vérifiée pour le portail dgeq.org uniquement; ne pas étendre aux autres sources.
src_302170bfda91,Élections Québec,Fichiers de la carte établie par la Commission de la représentation électorale : Saguenay–Lac-Saint-Jean (PDF),https://donnees.electionsquebec.qc.ca/autres/cartes-prov-rf-2026/carte_rf2026_Saguenay-Lac-St-Jean.pdf,Fichiers de la carte établie par la Commission de la représentation électorale : Saguenay–Lac-Saint-Jean (PDF),PDF,selon fichier; voir dictionnaire et index,selon index officiel,selon publication officielle,EQ-nonprofit-no-adaptation,https://www.electionsquebec.qc.ca/notre-institution/conditions-dutilisation/,GET PDF,2026-10-03,lien présent dans index officiel; HTTP séparé dans download_log.csv,potentielles dans rapports; bruts non versionnés,raw_download,original_nonprofit_only,local_only,https://www.electionsquebec.qc.ca/cartes-electorales/revision-de-la-carte-electorale-du-quebec/la-carte-electorale-delimitation-finale/,map,NA,false,Licence vérifiée pour le portail dgeq.org uniquement; ne pas étendre aux autres sources.
src_5e4b0ff5dd36,Élections Québec,turnout,https://www.electionsquebec.qc.ca/resultats-et-statistiques/taux-de-participation-preliminaire/,turnout,HTML,selon fichier; voir dictionnaire et index,selon index officiel,selon publication officielle,EQ-nonprofit-no-adaptation,https://www.electionsquebec.qc.ca/notre-institution/conditions-dutilisation/,GET HTML,2026-10-03,lien présent dans index officiel; HTTP séparé dans download_log.csv,non identifiées au stade inventaire,scraping_required,original_nonprofit_only,local_only,https://www.electionsquebec.qc.ca/resultats-et-statistiques/taux-de-participation-preliminaire/,turnout,qc-prov-2026-10-05-general,true,Licence vérifiée pour le portail dgeq.org uniquement; ne pas étendre aux autres sources.
src_fd99c43283f3,Élections Québec,Circonscriptions : Télécharger toutes les données (CSV),https://donnees.electionsquebec.qc.ca/autres/provincial/taux_participation_preliminaire.csv,Circonscriptions : Télécharger toutes les données (CSV),CSV,selon fichier; voir dictionnaire et index,selon index officiel,selon publication officielle,EQ-nonprofit-no-adaptation,https://www.electionsquebec.qc.ca/notre-institution/conditions-dutilisation/,GET CSV,2026-10-03,lien présent dans index officiel; HTTP séparé dans download_log.csv,non identifiées au stade inventaire,raw_download,original_nonprofit_only,local_only,https://www.electionsquebec.qc.ca/resultats-et-statistiques/taux-de-participation-preliminaire/,turnout,qc-prov-2026-10-05-general,true,Licence vérifiée pour le portail dgeq.org uniquement; ne pas étendre aux autres sources.
src_c4d0e6a0340b,Élections Québec,finance,https://www.electionsquebec.qc.ca/financement-depenses-et-contributions/rapports-financiers-des-entites-politiques/,finance,HTML,selon fichier; voir dictionnaire et index,selon index officiel,selon publication officielle,EQ-nonprofit-no-adaptation,https://www.electionsquebec.qc.ca/notre-institution/conditions-dutilisation/,GET HTML,2026-10-03,lien présent dans index officiel; HTTP séparé dans download_log.csv,non identifiées au stade inventaire,scraping_required,original_nonprofit_only,local_only,https://www.electionsquebec.qc.ca/financement-depenses-et-contributions/rapports-financiers-des-entites-politiques/,finance,NA,true,Licence vérifiée pour le portail dgeq.org uniquement; ne pas étendre aux autres sources.
src_b0ef08f0bdfb,Élections Québec,Rapports financiers des partis politiques autorisés : Alliance pour la famille et les communautés (PDF),https://donnees.electionsquebec.qc.ca/autres/rapports-financiers/2025/2025-alliance-famille-communautes.pdf,Rapports financiers des partis politiques autorisés : Alliance pour la famille et les communautés (PDF),PDF,selon fichier; voir dictionnaire et index,selon index officiel,selon publication officielle,EQ-nonprofit-no-adaptation,https://www.electionsquebec.qc.ca/notre-institution/conditions-dutilisation/,GET PDF,2026-10-03,lien présent dans index officiel; HTTP séparé dans download_log.csv,potentielles dans rapports; bruts non versionnés,raw_download,original_nonprofit_only,local_only,https://www.electionsquebec.qc.ca/financement-depenses-et-contributions/rapports-financiers-des-entites-politiques/,finance,NA,true,Licence vérifiée pour le portail dgeq.org uniquement; ne pas étendre aux autres sources.
src_e4c70ec5dd92,Élections Québec,Rapports financiers des partis politiques autorisés : Bloc Montréal – Équipe Balarama Holness (PDF),https://donnees.electionsquebec.qc.ca/autres/rapports-financiers/2025/2025-bloc-montreal.pdf,Rapports financiers des partis politiques autorisés : Bloc Montréal – Équipe Balarama Holness (PDF),PDF,selon fichier; voir dictionnaire et index,selon index officiel,selon publication officielle,EQ-nonprofit-no-adaptation,https://www.electionsquebec.qc.ca/notre-institution/conditions-dutilisation/,GET PDF,2026-10-03,lien présent dans index officiel; HTTP séparé dans download_log.csv,potentielles dans rapports; bruts non versionnés,raw_download,original_nonprofit_only,local_only,https://www.electionsquebec.qc.ca/financement-depenses-et-contributions/rapports-financiers-des-entites-politiques/,finance,NA,true,Licence vérifiée pour le portail dgeq.org uniquement; ne pas étendre aux autres sources.
src_b57789261106,Élections Québec,Rapports financiers des partis politiques autorisés : Bloc pot (PDF),https://donnees.electionsquebec.qc.ca/autres/rapports-financiers/2025/2025-bloc-pot.pdf,Rapports financiers des partis politiques autorisés : Bloc pot (PDF),PDF,selon fichier; voir dictionnaire et index,selon index officiel,selon publication officielle,EQ-nonprofit-no-adaptation,https://www.electionsquebec.qc.ca/notre-institution/conditions-dutilisation/,GET PDF,2026-10-03,lien présent dans index officiel; HTTP séparé dans download_log.csv,potentielles dans rapports; bruts non versionnés,raw_download,original_nonprofit_only,local_only,https://www.electionsquebec.qc.ca/financement-depenses-et-contributions/rapports-financiers-des-entites-politiques/,finance,NA,true,Licence vérifiée pour le portail dgeq.org uniquement; ne pas étendre aux autres sources.
src_06599b3ec306,Élections Québec,Rapports financiers des partis politiques autorisés : Climat Québec (PDF),https://donnees.electionsquebec.qc.ca/autres/rapports-financiers/2025/2025-climat-quebec.pdf,Rapports financiers des partis politiques autorisés : Climat Québec (PDF),PDF,selon fichier; voir dictionnaire et index,selon index officiel,selon publication officielle,EQ-nonprofit-no-adaptation,https://www.electionsquebec.qc.ca/notre-institution/conditions-dutilisation/,GET PDF,2026-10-03,lien présent dans index officiel; HTTP séparé dans download_log.csv,potentielles dans rapports; bruts non versionnés,raw_download,original_nonprofit_only,local_only,https://www.electionsquebec.qc.ca/financement-depenses-et-contributions/rapports-financiers-des-entites-politiques/,finance,NA,true,Licence vérifiée pour le portail dgeq.org uniquement; ne pas étendre aux autres sources.
src_b2d99a2a3c38,Élections Québec,Rapports financiers des partis politiques autorisés : Coalition avenir Québec (PDF),https://donnees.electionsquebec.qc.ca/autres/rapports-financiers/2025/2025-coalition-avenir-quebec.pdf,Rapports financiers des partis politiques autorisés : Coalition avenir Québec (PDF),PDF,selon fichier; voir dictionnaire et index,selon index officiel,selon publication officielle,EQ-nonprofit-no-adaptation,https://www.electionsquebec.qc.ca/notre-institution/conditions-dutilisation/,GET PDF,2026-10-03,lien présent dans index officiel; HTTP séparé dans download_log.csv,potentielles dans rapports; bruts non versionnés,raw_download,original_nonprofit_only,local_only,https://www.electionsquebec.qc.ca/financement-depenses-et-contributions/rapports-financiers-des-entites-politiques/,finance,NA,true,Licence vérifiée pour le portail dgeq.org uniquement; ne pas étendre aux autres sources.
src_cfa059b20a2d,Élections Québec,Rapports financiers des partis politiques autorisés : Démocratie directe (PDF),https://donnees.electionsquebec.qc.ca/autres/rapports-financiers/2025/2025-democratie-directe.pdf,Rapports financiers des partis politiques autorisés : Démocratie directe (PDF),PDF,selon fichier; voir dictionnaire et index,selon index officiel,selon publication officielle,EQ-nonprofit-no-adaptation,https://www.electionsquebec.qc.ca/notre-institution/conditions-dutilisation/,GET PDF,2026-10-03,lien présent dans index officiel; HTTP séparé dans download_log.csv,potentielles dans rapports; bruts non versionnés,raw_download,original_nonprofit_only,local_only,https://www.electionsquebec.qc.ca/financement-depenses-et-contributions/rapports-financiers-des-entites-politiques/,finance,NA,true,Licence vérifiée pour le portail dgeq.org uniquement; ne pas étendre aux autres sources.
src_8e7bf04b4fe1,Élections Québec,Rapports financiers des partis politiques autorisés : Équipe autonomiste (PDF),https://donnees.electionsquebec.qc.ca/autres/rapports-financiers/2025/2025-equipe-autonomiste.pdf,Rapports financiers des partis politiques autorisés : Équipe autonomiste (PDF),PDF,selon fichier; voir dictionnaire et index,selon index officiel,selon publication officielle,EQ-nonprofit-no-adaptation,https://www.electionsquebec.qc.ca/notre-institution/conditions-dutilisation/,GET PDF,2026-10-03,lien présent dans index officiel; HTTP séparé dans download_log.csv,potentielles dans rapports; bruts non versionnés,raw_download,original_nonprofit_only,local_only,https://www.electionsquebec.qc.ca/financement-depenses-et-contributions/rapports-financiers-des-entites-politiques/,finance,NA,true,Licence vérifiée pour le portail dgeq.org uniquement; ne pas étendre aux autres sources.
src_59f64ad94c02,Élections Québec,Rapports financiers des partis politiques autorisés : Parti accès propriété et équité (PDF),https://donnees.electionsquebec.qc.ca/autres/rapports-financiers/2025/2025-parti-acces-propriete-et-equite.pdf,Rapports financiers des partis politiques autorisés : Parti accès propriété et équité (PDF),PDF,selon fichier; voir dictionnaire et index,selon index officiel,selon publication officielle,EQ-nonprofit-no-adaptation,https://www.electionsquebec.qc.ca/notre-institution/conditions-dutilisation/,GET PDF,2026-10-03,lien présent dans index officiel; HTTP séparé dans download_log.csv,potentielles dans rapports; bruts non versionnés,raw_download,original_nonprofit_only,local_only,https://www.electionsquebec.qc.ca/financement-depenses-et-contributions/rapports-financiers-des-entites-politiques/,finance,NA,true,Licence vérifiée pour le portail dgeq.org uniquement; ne pas étendre aux autres sources.
src_3b92b8cc26b6,Élections Québec,Rapports financiers des partis politiques autorisés : Parti canadien du Québec (PDF),https://donnees.electionsquebec.qc.ca/autres/rapports-financiers/2025/2025-parti-canadien-du-quebec.pdf,Rapports financiers des partis politiques autorisés : Parti canadien du Québec (PDF),PDF,selon fichier; voir dictionnaire et index,selon index officiel,selon publication officielle,EQ-nonprofit-no-adaptation,https://www.electionsquebec.qc.ca/notre-institution/conditions-dutilisation/,GET PDF,2026-10-03,lien présent dans index officiel; HTTP séparé dans download_log.csv,potentielles dans rapports; bruts non versionnés,raw_download,original_nonprofit_only,local_only,https://www.electionsquebec.qc.ca/financement-depenses-et-contributions/rapports-financiers-des-entites-politiques/,finance,NA,true,Licence vérifiée pour le portail dgeq.org uniquement; ne pas étendre aux autres sources.
src_251ab0443811,Élections Québec,Rapports financiers des partis politiques autorisés : Parti communiste du Québec (PDF),https://donnees.electionsquebec.qc.ca/autres/rapports-financiers/2025/2025-parti-communiste-du-quebec.pdf,Rapports financiers des partis politiques autorisés : Parti communiste du Québec (PDF),PDF,selon fichier; voir dictionnaire et index,selon index officiel,selon publication officielle,EQ-nonprofit-no-adaptation,https://www.electionsquebec.qc.ca/notre-institution/conditions-dutilisation/,GET PDF,2026-10-03,lien présent dans index officiel; HTTP séparé dans download_log.csv,potentielles dans rapports; bruts non versionnés,raw_download,original_nonprofit_only,local_only,https://www.electionsquebec.qc.ca/financement-depenses-et-contributions/rapports-financiers-des-entites-politiques/,finance,NA,true,Licence vérifiée pour le portail dgeq.org uniquement; ne pas étendre aux autres sources.
src_392003166bb2,Élections Québec,Rapports financiers des partis politiques autorisés : Parti conservateur du Québec (PDF),https://donnees.electionsquebec.qc.ca/autres/rapports-financiers/2025/2025-parti-conservateur-du-quebec.pdf,Rapports financiers des partis politiques autorisés : Parti conservateur du Québec (PDF),PDF,selon fichier; voir dictionnaire et index,selon index officiel,selon publication officielle,EQ-nonprofit-no-adaptation,https://www.electionsquebec.qc.ca/notre-institution/conditions-dutilisation/,GET PDF,2026-10-03,lien présent dans index officiel; HTTP séparé dans download_log.csv,potentielles dans rapports; bruts non versionnés,raw_download,original_nonprofit_only,local_only,https://www.electionsquebec.qc.ca/financement-depenses-et-contributions/rapports-financiers-des-entites-politiques/,finance,NA,true,Licence vérifiée pour le portail dgeq.org uniquement; ne pas étendre aux autres sources.
src_cd2c60ae4c6f,Élections Québec,Rapports financiers des partis politiques autorisés : Parti culinaire du Québec (PDF),https://donnees.electionsquebec.qc.ca/autres/rapports-financiers/2025/2025-parti-culinaire-du-quebec.pdf,Rapports financiers des partis politiques autorisés : Parti culinaire du Québec (PDF),PDF,selon fichier; voir dictionnaire et index,selon index officiel,selon publication officielle,EQ-nonprofit-no-adaptation,https://www.electionsquebec.qc.ca/notre-institution/conditions-dutilisation/,GET PDF,2026-10-03,lien présent dans index officiel; HTTP séparé dans download_log.csv,potentielles dans rapports; bruts non versionnés,raw_download,original_nonprofit_only,local_only,https://www.electionsquebec.qc.ca/financement-depenses-et-contributions/rapports-financiers-des-entites-politiques/,finance,NA,true,Licence vérifiée pour le portail dgeq.org uniquement; ne pas étendre aux autres sources.
src_01db39f4e4f2,Élections Québec,Rapports financiers des partis politiques autorisés : Parti libéral du Québec (PDF),https://donnees.electionsquebec.qc.ca/autres/rapports-financiers/2025/2025-parti-liberal-du-quebec.pdf,Rapports financiers des partis politiques autorisés : Parti libéral du Québec (PDF),PDF,selon fichier; voir dictionnaire et index,selon index officiel,selon publication officielle,EQ-nonprofit-no-adaptation,https://www.electionsquebec.qc.ca/notre-institution/conditions-dutilisation/,GET PDF,2026-10-03,lien présent dans index officiel; HTTP séparé dans download_log.csv,potentielles dans rapports; bruts non versionnés,raw_download,original_nonprofit_only,local_only,https://www.electionsquebec.qc.ca/financement-depenses-et-contributions/rapports-financiers-des-entites-politiques/,finance,NA,true,Licence vérifiée pour le portail dgeq.org uniquement; ne pas étendre aux autres sources.
src_8344685c75c9,Élections Québec,Rapports financiers des partis politiques autorisés : Parti libertarien du Québec (PDF),https://donnees.electionsquebec.qc.ca/autres/rapports-financiers/2025/2025-parti-libertarien.pdf,Rapports financiers des partis politiques autorisés : Parti libertarien du Québec (PDF),PDF,selon fichier; voir dictionnaire et index,selon index officiel,selon publication officielle,EQ-nonprofit-no-adaptation,https://www.electionsquebec.qc.ca/notre-institution/conditions-dutilisation/,GET PDF,2026-10-03,lien présent dans index officiel; HTTP séparé dans download_log.csv,potentielles dans rapports; bruts non versionnés,raw_download,original_nonprofit_only,local_only,https://www.electionsquebec.qc.ca/financement-depenses-et-contributions/rapports-financiers-des-entites-politiques/,finance,NA,true,Licence vérifiée pour le portail dgeq.org uniquement; ne pas étendre aux autres sources.
src_4130101dd276,Élections Québec,Rapports financiers des partis politiques autorisés : Parti marxiste-léniniste du Québec (PDF),https://donnees.electionsquebec.qc.ca/autres/rapports-financiers/2025/2025-parti-marxiste-leniniste-du-quebec.pdf,Rapports financiers des partis politiques autorisés : Parti marxiste-léniniste du Québec (PDF),PDF,selon fichier; voir dictionnaire et index,selon index officiel,selon publication officielle,EQ-nonprofit-no-adaptation,https://www.electionsquebec.qc.ca/notre-institution/conditions-dutilisation/,GET PDF,2026-10-03,lien présent dans index officiel; HTTP séparé dans download_log.csv,potentielles dans rapports; bruts non versionnés,raw_download,original_nonprofit_only,local_only,https://www.electionsquebec.qc.ca/financement-depenses-et-contributions/rapports-financiers-des-entites-politiques/,finance,NA,true,Licence vérifiée pour le portail dgeq.org uniquement; ne pas étendre aux autres sources.
src_65edafd16f87,Élections Québec,Rapports financiers des partis politiques autorisés : Parti nul (PDF),https://donnees.electionsquebec.qc.ca/autres/rapports-financiers/2025/2025-parti-nul.pdf,Rapports financiers des partis politiques autorisés : Parti nul (PDF),PDF,selon fichier; voir dictionnaire et index,selon index officiel,selon publication officielle,EQ-nonprofit-no-adaptation,https://www.electionsquebec.qc.ca/notre-institution/conditions-dutilisation/,GET PDF,2026-10-03,lien présent dans index officiel; HTTP séparé dans download_log.csv,potentielles dans rapports; bruts non versionnés,raw_download,original_nonprofit_only,local_only,https://www.electionsquebec.qc.ca/financement-depenses-et-contributions/rapports-financiers-des-entites-politiques/,finance,NA,true,Licence vérifiée pour le portail dgeq.org uniquement; ne pas étendre aux autres sources.
src_7dd31b970087,Élections Québec,Rapports financiers des partis politiques autorisés : Parti québécois (PDF),https://donnees.electionsquebec.qc.ca/autres/rapports-financiers/2025/2025-parti-quebecois.pdf,Rapports financiers des partis politiques autorisés : Parti québécois (PDF),PDF,selon fichier; voir dictionnaire et index,selon index officiel,selon publication officielle,EQ-nonprofit-no-adaptation,https://www.electionsquebec.qc.ca/notre-institution/conditions-dutilisation/,GET PDF,2026-10-03,lien présent dans index officiel; HTTP séparé dans download_log.csv,potentielles dans rapports; bruts non versionnés,raw_download,original_nonprofit_only,local_only,https://www.electionsquebec.qc.ca/financement-depenses-et-contributions/rapports-financiers-des-entites-politiques/,finance,NA,true,Licence vérifiée pour le portail dgeq.org uniquement; ne pas étendre aux autres sources.
src_21aaee328a50,Élections Québec,Rapports financiers des partis politiques autorisés : Parti vert du Québec (PDF),https://donnees.electionsquebec.qc.ca/autres/rapports-financiers/2025/2025-parti-vert-du-quebec.pdf,Rapports financiers des partis politiques autorisés : Parti vert du Québec (PDF),PDF,selon fichier; voir dictionnaire et index,selon index officiel,selon publication officielle,EQ-nonprofit-no-adaptation,https://www.electionsquebec.qc.ca/notre-institution/conditions-dutilisation/,GET PDF,2026-10-03,lien présent dans index officiel; HTTP séparé dans download_log.csv,potentielles dans rapports; bruts non versionnés,raw_download,original_nonprofit_only,local_only,https://www.electionsquebec.qc.ca/financement-depenses-et-contributions/rapports-financiers-des-entites-politiques/,finance,NA,true,Licence vérifiée pour le portail dgeq.org uniquement; ne pas étendre aux autres sources.
src_8577ec740ac7,Élections Québec,Rapports financiers des partis politiques autorisés : Présence Québec (PDF),https://donnees.electionsquebec.qc.ca/autres/rapports-financiers/2025/2025-presence-quebec.pdf,Rapports financiers des partis politiques autorisés : Présence Québec (PDF),PDF,selon fichier; voir dictionnaire et index,selon index officiel,selon publication officielle,EQ-nonprofit-no-adaptation,https://www.electionsquebec.qc.ca/notre-institution/conditions-dutilisation/,GET PDF,2026-10-03,lien présent dans index officiel; HTTP séparé dans download_log.csv,potentielles dans rapports; bruts non versionnés,raw_download,original_nonprofit_only,local_only,https://www.electionsquebec.qc.ca/financement-depenses-et-contributions/rapports-financiers-des-entites-politiques/,finance,NA,true,Licence vérifiée pour le portail dgeq.org uniquement; ne pas étendre aux autres sources.
src_ac0cb08c837d,Élections Québec,Rapports financiers des partis politiques autorisés : Québec innovant (PDF),https://donnees.electionsquebec.qc.ca/autres/rapports-financiers/2025/2025-quebec-innovant.pdf,Rapports financiers des partis politiques autorisés : Québec innovant (PDF),PDF,selon fichier; voir dictionnaire et index,selon index officiel,selon publication officielle,EQ-nonprofit-no-adaptation,https://www.electionsquebec.qc.ca/notre-institution/conditions-dutilisation/,GET PDF,2026-10-03,lien présent dans index officiel; HTTP séparé dans download_log.csv,potentielles dans rapports; bruts non versionnés,raw_download,original_nonprofit_only,local_only,https://www.electionsquebec.qc.ca/financement-depenses-et-contributions/rapports-financiers-des-entites-politiques/,finance,NA,true,Licence vérifiée pour le portail dgeq.org uniquement; ne pas étendre aux autres sources.
src_0e7cf8e163b5,Élections Québec,Rapports financiers des partis politiques autorisés : Québec solidaire (PDF),https://donnees.electionsquebec.qc.ca/autres/rapports-financiers/2025/2025-quebec-solidaire.pdf,Rapports financiers des partis politiques autorisés : Québec solidaire (PDF),PDF,selon fichier; voir dictionnaire et index,selon index officiel,selon publication officielle,EQ-nonprofit-no-adaptation,https://www.electionsquebec.qc.ca/notre-institution/conditions-dutilisation/,GET PDF,2026-10-03,lien présent dans index officiel; HTTP séparé dans download_log.csv,potentielles dans rapports; bruts non versionnés,raw_download,original_nonprofit_only,local_only,https://www.electionsquebec.qc.ca/financement-depenses-et-contributions/rapports-financiers-des-entites-politiques/,finance,NA,true,Licence vérifiée pour le portail dgeq.org uniquement; ne pas étendre aux autres sources.
src_f5ccbf4af143,Élections Québec,Sommaire des rapports financiers des entités politiques autorisées : Récapitulation des revenus et des dépenses (PDF),https://donnees.electionsquebec.qc.ca/autres/rapports-financiers/2025/2025-recapitulation-revenus-depenses-instances.pdf,Sommaire des rapports financiers des entités politiques autorisées : Récapitulation des revenus et des dépenses (PDF),PDF,selon fichier; voir dictionnaire et index,selon index officiel,selon publication officielle,EQ-nonprofit-no-adaptation,https://www.electionsquebec.qc.ca/notre-institution/conditions-dutilisation/,GET PDF,2026-10-03,lien présent dans index officiel; HTTP séparé dans download_log.csv,potentielles dans rapports; bruts non versionnés,raw_download,original_nonprofit_only,local_only,https://www.electionsquebec.qc.ca/financement-depenses-et-contributions/rapports-financiers-des-entites-politiques/,finance,NA,true,Licence vérifiée pour le portail dgeq.org uniquement; ne pas étendre aux autres sources.
src_b9dde0657417,Élections Québec,Rapports financiers des candidats indépendants autorisés : Arpad Nagy (PDF),https://donnees.electionsquebec.qc.ca/autres/rapports-financiers/2025/2025-Arpad_Nagy.pdf,Rapports financiers des candidats indépendants autorisés : Arpad Nagy (PDF),PDF,selon fichier; voir dictionnaire et index,selon index officiel,selon publication officielle,EQ-nonprofit-no-adaptation,https://www.electionsquebec.qc.ca/notre-institution/conditions-dutilisation/,GET PDF,2026-10-03,lien présent dans index officiel; HTTP séparé dans download_log.csv,potentielles dans rapports; bruts non versionnés,raw_download,original_nonprofit_only,local_only,https://www.electionsquebec.qc.ca/financement-depenses-et-contributions/rapports-financiers-des-entites-politiques/,finance,NA,true,Licence vérifiée pour le portail dgeq.org uniquement; ne pas étendre aux autres sources.
src_e7b880c95d34,Élections Québec,Rapports financiers des candidats indépendants autorisés : Denis Gagné (PDF),https://donnees.electionsquebec.qc.ca/autres/rapports-financiers/2025/2025-Denis_Gagne.pdf,Rapports financiers des candidats indépendants autorisés : Denis Gagné (PDF),PDF,selon fichier; voir dictionnaire et index,selon index officiel,selon publication officielle,EQ-nonprofit-no-adaptation,https://www.electionsquebec.qc.ca/notre-institution/conditions-dutilisation/,GET PDF,2026-10-03,lien présent dans index officiel; HTTP séparé dans download_log.csv,potentielles dans rapports; bruts non versionnés,raw_download,original_nonprofit_only,local_only,https://www.electionsquebec.qc.ca/financement-depenses-et-contributions/rapports-financiers-des-entites-politiques/,finance,NA,true,Licence vérifiée pour le portail dgeq.org uniquement; ne pas étendre aux autres sources.
src_7b1f1238df02,Élections Québec,Rapports financiers des partis politiques autorisés : Alliance pour la famille et les communautés (PDF),https://donnees.electionsquebec.qc.ca/autres/rapports-financiers/2024/2024-alliance-famille-communautes.pdf,Rapports financiers des partis politiques autorisés : Alliance pour la famille et les communautés (PDF),PDF,selon fichier; voir dictionnaire et index,selon index officiel,selon publication officielle,EQ-nonprofit-no-adaptation,https://www.electionsquebec.qc.ca/notre-institution/conditions-dutilisation/,GET PDF,2026-10-03,lien présent dans index officiel; HTTP séparé dans download_log.csv,potentielles dans rapports; bruts non versionnés,raw_download,original_nonprofit_only,local_only,https://www.electionsquebec.qc.ca/financement-depenses-et-contributions/rapports-financiers-des-entites-politiques/,finance,NA,true,Licence vérifiée pour le portail dgeq.org uniquement; ne pas étendre aux autres sources.
src_adc81a41ea0d,Élections Québec,Rapports financiers des partis politiques autorisés : Bloc Montréal – Équipe Balarama Holness (PDF),https://donnees.electionsquebec.qc.ca/autres/rapports-financiers/2024/2024-bloc-montreal.pdf,Rapports financiers des partis politiques autorisés : Bloc Montréal – Équipe Balarama Holness (PDF),PDF,selon fichier; voir dictionnaire et index,selon index officiel,selon publication officielle,EQ-nonprofit-no-adaptation,https://www.electionsquebec.qc.ca/notre-institution/conditions-dutilisation/,GET PDF,2026-10-03,lien présent dans index officiel; HTTP séparé dans download_log.csv,potentielles dans rapports; bruts non versionnés,raw_download,original_nonprofit_only,local_only,https://www.electionsquebec.qc.ca/financement-depenses-et-contributions/rapports-financiers-des-entites-politiques/,finance,NA,true,Licence vérifiée pour le portail dgeq.org uniquement; ne pas étendre aux autres sources.
src_0d1d6cdde36f,Élections Québec,Rapports financiers des partis politiques autorisés : Bloc pot (PDF),https://donnees.electionsquebec.qc.ca/autres/rapports-financiers/2024/2024-bloc-pot.pdf,Rapports financiers des partis politiques autorisés : Bloc pot (PDF),PDF,selon fichier; voir dictionnaire et index,selon index officiel,selon publication officielle,EQ-nonprofit-no-adaptation,https://www.electionsquebec.qc.ca/notre-institution/conditions-dutilisation/,GET PDF,2026-10-03,lien présent dans index officiel; HTTP séparé dans download_log.csv,potentielles dans rapports; bruts non versionnés,raw_download,original_nonprofit_only,local_only,https://www.electionsquebec.qc.ca/financement-depenses-et-contributions/rapports-financiers-des-entites-politiques/,finance,NA,true,Licence vérifiée pour le portail dgeq.org uniquement; ne pas étendre aux autres sources.
src_3cb676498080,Élections Québec,Rapports financiers des partis politiques autorisés : Climat Québec (PDF),https://donnees.electionsquebec.qc.ca/autres/rapports-financiers/2024/2024-climat-quebec.pdf,Rapports financiers des partis politiques autorisés : Climat Québec (PDF),PDF,selon fichier; voir dictionnaire et index,selon index officiel,selon publication officielle,EQ-nonprofit-no-adaptation,https://www.electionsquebec.qc.ca/notre-institution/conditions-dutilisation/,GET PDF,2026-10-03,lien présent dans index officiel; HTTP séparé dans download_log.csv,potentielles dans rapports; bruts non versionnés,raw_download,original_nonprofit_only,local_only,https://www.electionsquebec.qc.ca/financement-depenses-et-contributions/rapports-financiers-des-entites-politiques/,finance,NA,true,Licence vérifiée pour le portail dgeq.org uniquement; ne pas étendre aux autres sources.
src_cdfd61f2d179,Élections Québec,Rapports financiers des partis politiques autorisés : Coalition avenir Québec – L’équipe François Legault (PDF),https://donnees.electionsquebec.qc.ca/autres/rapports-financiers/2024/2024-coalition-avenir-quebec.pdf,Rapports financiers des partis politiques autorisés : Coalition avenir Québec – L’équipe François Legault (PDF),PDF,selon fichier; voir dictionnaire et index,selon index officiel,selon publication officielle,EQ-nonprofit-no-adaptation,https://www.electionsquebec.qc.ca/notre-institution/conditions-dutilisation/,GET PDF,2026-10-03,lien présent dans index officiel; HTTP séparé dans download_log.csv,potentielles dans rapports; bruts non versionnés,raw_download,original_nonprofit_only,local_only,https://www.electionsquebec.qc.ca/financement-depenses-et-contributions/rapports-financiers-des-entites-politiques/,finance,NA,true,Licence vérifiée pour le portail dgeq.org uniquement; ne pas étendre aux autres sources.
src_dd068e225997,Élections Québec,Rapports financiers des partis politiques autorisés : Démocratie directe (PDF),https://donnees.electionsquebec.qc.ca/autres/rapports-financiers/2024/2024-democratie-directe.pdf,Rapports financiers des partis politiques autorisés : Démocratie directe (PDF),PDF,selon fichier; voir dictionnaire et index,selon index officiel,selon publication officielle,EQ-nonprofit-no-adaptation,https://www.electionsquebec.qc.ca/notre-institution/conditions-dutilisation/,GET PDF,2026-10-03,lien présent dans index officiel; HTTP séparé dans download_log.csv,potentielles dans rapports; bruts non versionnés,raw_download,original_nonprofit_only,local_only,https://www.electionsquebec.qc.ca/financement-depenses-et-contributions/rapports-financiers-des-entites-politiques/,finance,NA,true,Licence vérifiée pour le portail dgeq.org uniquement; ne pas étendre aux autres sources.
src_7e9e3954bd04,Élections Québec,Rapports financiers des partis politiques autorisés : Équipe autonomiste (PDF),https://donnees.electionsquebec.qc.ca/autres/rapports-financiers/2024/2024-equipe-autonomiste.pdf,Rapports financiers des partis politiques autorisés : Équipe autonomiste (PDF),PDF,selon fichier; voir dictionnaire et index,selon index officiel,selon publication officielle,EQ-nonprofit-no-adaptation,https://www.electionsquebec.qc.ca/notre-institution/conditions-dutilisation/,GET PDF,2026-10-03,lien présent dans index officiel; HTTP séparé dans download_log.csv,potentielles dans rapports; bruts non versionnés,raw_download,original_nonprofit_only,local_only,https://www.electionsquebec.qc.ca/financement-depenses-et-contributions/rapports-financiers-des-entites-politiques/,finance,NA,true,Licence vérifiée pour le portail dgeq.org uniquement; ne pas étendre aux autres sources.
src_73c753ead3d5,Élections Québec,Rapports financiers des partis politiques autorisés : Nouveau Parti démocratique du Québec (PDF),https://donnees.electionsquebec.qc.ca/autres/rapports-financiers/2024/2024-nouveau-parti-democratique-du-quebec.pdf,Rapports financiers des partis politiques autorisés : Nouveau Parti démocratique du Québec (PDF),PDF,selon fichier; voir dictionnaire et index,selon index officiel,selon publication officielle,EQ-nonprofit-no-adaptation,https://www.electionsquebec.qc.ca/notre-institution/conditions-dutilisation/,GET PDF,2026-10-03,lien présent dans index officiel; HTTP séparé dans download_log.csv,potentielles dans rapports; bruts non versionnés,raw_download,original_nonprofit_only,local_only,https://www.electionsquebec.qc.ca/financement-depenses-et-contributions/rapports-financiers-des-entites-politiques/,finance,NA,true,Licence vérifiée pour le portail dgeq.org uniquement; ne pas étendre aux autres sources.
src_d2b064deac6f,Élections Québec,Rapports financiers des partis politiques autorisés : Parti 51 (PDF),https://donnees.electionsquebec.qc.ca/autres/rapports-financiers/2024/2024-parti-51.pdf,Rapports financiers des partis politiques autorisés : Parti 51 (PDF),PDF,selon fichier; voir dictionnaire et index,selon index officiel,selon publication officielle,EQ-nonprofit-no-adaptation,https://www.electionsquebec.qc.ca/notre-institution/conditions-dutilisation/,GET PDF,2026-10-03,lien présent dans index officiel; HTTP séparé dans download_log.csv,potentielles dans rapports; bruts non versionnés,raw_download,original_nonprofit_only,local_only,https://www.electionsquebec.qc.ca/financement-depenses-et-contributions/rapports-financiers-des-entites-politiques/,finance,NA,true,Licence vérifiée pour le portail dgeq.org uniquement; ne pas étendre aux autres sources.
src_558d29f3a92b,Élections Québec,Rapports financiers des partis politiques autorisés : Parti canadien du Québec (PDF),https://donnees.electionsquebec.qc.ca/autres/rapports-financiers/2024/2024-parti-canadien-du-quebec.pdf,Rapports financiers des partis politiques autorisés : Parti canadien du Québec (PDF),PDF,selon fichier; voir dictionnaire et index,selon index officiel,selon publication officielle,EQ-nonprofit-no-adaptation,https://www.electionsquebec.qc.ca/notre-institution/conditions-dutilisation/,GET PDF,2026-10-03,lien présent dans index officiel; HTTP séparé dans download_log.csv,potentielles dans rapports; bruts non versionnés,raw_download,original_nonprofit_only,local_only,https://www.electionsquebec.qc.ca/financement-depenses-et-contributions/rapports-financiers-des-entites-politiques/,finance,NA,true,Licence vérifiée pour le portail dgeq.org uniquement; ne pas étendre aux autres sources.
src_c5c8ca7eeeec,Élections Québec,Rapports financiers des partis politiques autorisés : Parti communiste du Québec (PDF),https://donnees.electionsquebec.qc.ca/autres/rapports-financiers/2024/2024-parti-communiste-du-quebec.pdf,Rapports financiers des partis politiques autorisés : Parti communiste du Québec (PDF),PDF,selon fichier; voir dictionnaire et index,selon index officiel,selon publication officielle,EQ-nonprofit-no-adaptation,https://www.electionsquebec.qc.ca/notre-institution/conditions-dutilisation/,GET PDF,2026-10-03,lien présent dans index officiel; HTTP séparé dans download_log.csv,potentielles dans rapports; bruts non versionnés,raw_download,original_nonprofit_only,local_only,https://www.electionsquebec.qc.ca/financement-depenses-et-contributions/rapports-financiers-des-entites-politiques/,finance,NA,true,Licence vérifiée pour le portail dgeq.org uniquement; ne pas étendre aux autres sources.
src_77b4511c2119,Élections Québec,Rapports financiers des partis politiques autorisés : Parti Conservateur du Québec (PDF),https://donnees.electionsquebec.qc.ca/autres/rapports-financiers/2024/2024-parti-conservateur-du-quebec.pdf,Rapports financiers des partis politiques autorisés : Parti Conservateur du Québec (PDF),PDF,selon fichier; voir dictionnaire et index,selon index officiel,selon publication officielle,EQ-nonprofit-no-adaptation,https://www.electionsquebec.qc.ca/notre-institution/conditions-dutilisation/,GET PDF,2026-10-03,lien présent dans index officiel; HTTP séparé dans download_log.csv,potentielles dans rapports; bruts non versionnés,raw_download,original_nonprofit_only,local_only,https://www.electionsquebec.qc.ca/financement-depenses-et-contributions/rapports-financiers-des-entites-politiques/,finance,NA,true,Licence vérifiée pour le portail dgeq.org uniquement; ne pas étendre aux autres sources.
src_f495bda36f8d,Élections Québec,Rapports financiers des partis politiques autorisés : Parti culinaire du Québec (PDF),https://donnees.electionsquebec.qc.ca/autres/rapports-financiers/2024/2024-parti-culinaire-du-quebec.pdf,Rapports financiers des partis politiques autorisés : Parti culinaire du Québec (PDF),PDF,selon fichier; voir dictionnaire et index,selon index officiel,selon publication officielle,EQ-nonprofit-no-adaptation,https://www.electionsquebec.qc.ca/notre-institution/conditions-dutilisation/,GET PDF,2026-10-03,lien présent dans index officiel; HTTP séparé dans download_log.csv,potentielles dans rapports; bruts non versionnés,raw_download,original_nonprofit_only,local_only,https://www.electionsquebec.qc.ca/financement-depenses-et-contributions/rapports-financiers-des-entites-politiques/,finance,NA,true,Licence vérifiée pour le portail dgeq.org uniquement; ne pas étendre aux autres sources.
src_d99abe36efb8,Élections Québec,Rapports financiers des partis politiques autorisés : Parti libéral du Québec (PDF),https://donnees.electionsquebec.qc.ca/autres/rapports-financiers/2024/2024-parti-liberal-du-quebec.pdf,Rapports financiers des partis politiques autorisés : Parti libéral du Québec (PDF),PDF,selon fichier; voir dictionnaire et index,selon index officiel,selon publication officielle,EQ-nonprofit-no-adaptation,https://www.electionsquebec.qc.ca/notre-institution/conditions-dutilisation/,GET PDF,2026-10-03,lien présent dans index officiel; HTTP séparé dans download_log.csv,potentielles dans rapports; bruts non versionnés,raw_download,original_nonprofit_only,local_only,https://www.electionsquebec.qc.ca/financement-depenses-et-contributions/rapports-financiers-des-entites-politiques/,finance,NA,true,Licence vérifiée pour le portail dgeq.org uniquement; ne pas étendre aux autres sources.
src_c6d71d6d580d,Élections Québec,Rapports financiers des partis politiques autorisés : Parti libertarien du Québec (PDF),https://donnees.electionsquebec.qc.ca/autres/rapports-financiers/2024/2024-parti-libertarien.pdf,Rapports financiers des partis politiques autorisés : Parti libertarien du Québec (PDF),PDF,selon fichier; voir dictionnaire et index,selon index officiel,selon publication officielle,EQ-nonprofit-no-adaptation,https://www.electionsquebec.qc.ca/notre-institution/conditions-dutilisation/,GET PDF,2026-10-03,lien présent dans index officiel; HTTP séparé dans download_log.csv,potentielles dans rapports; bruts non versionnés,raw_download,original_nonprofit_only,local_only,https://www.electionsquebec.qc.ca/financement-depenses-et-contributions/rapports-financiers-des-entites-politiques/,finance,NA,true,Licence vérifiée pour le portail dgeq.org uniquement; ne pas étendre aux autres sources.
src_0430ecbf1742,Élections Québec,Rapports financiers des partis politiques autorisés : Parti marxiste-léniniste du Québec (PDF),https://donnees.electionsquebec.qc.ca/autres/rapports-financiers/2024/2024-parti-marxiste-leniniste-du-quebec.pdf,Rapports financiers des partis politiques autorisés : Parti marxiste-léniniste du Québec (PDF),PDF,selon fichier; voir dictionnaire et index,selon index officiel,selon publication officielle,EQ-nonprofit-no-adaptation,https://www.electionsquebec.qc.ca/notre-institution/conditions-dutilisation/,GET PDF,2026-10-03,lien présent dans index officiel; HTTP séparé dans download_log.csv,potentielles dans rapports; bruts non versionnés,raw_download,original_nonprofit_only,local_only,https://www.electionsquebec.qc.ca/financement-depenses-et-contributions/rapports-financiers-des-entites-politiques/,finance,NA,true,Licence vérifiée pour le portail dgeq.org uniquement; ne pas étendre aux autres sources.
src_9cbc327320c6,Élections Québec,Rapports financiers des partis politiques autorisés : Parti nul (PDF),https://donnees.electionsquebec.qc.ca/autres/rapports-financiers/2024/2024-parti-nul.pdf,Rapports financiers des partis politiques autorisés : Parti nul (PDF),PDF,selon fichier; voir dictionnaire et index,selon index officiel,selon publication officielle,EQ-nonprofit-no-adaptation,https://www.electionsquebec.qc.ca/notre-institution/conditions-dutilisation/,GET PDF,2026-10-03,lien présent dans index officiel; HTTP séparé dans download_log.csv,potentielles dans rapports; bruts non versionnés,raw_download,original_nonprofit_only,local_only,https://www.electionsquebec.qc.ca/financement-depenses-et-contributions/rapports-financiers-des-entites-politiques/,finance,NA,true,Licence vérifiée pour le portail dgeq.org uniquement; ne pas étendre aux autres sources.
src_84d64b0bbdff,Élections Québec,Rapports financiers des partis politiques autorisés : Parti québécois (PDF),https://donnees.electionsquebec.qc.ca/autres/rapports-financiers/2024/2024-parti-quebecois.pdf,Rapports financiers des partis politiques autorisés : Parti québécois (PDF),PDF,selon fichier; voir dictionnaire et index,selon index officiel,selon publication officielle,EQ-nonprofit-no-adaptation,https://www.electionsquebec.qc.ca/notre-institution/conditions-dutilisation/,GET PDF,2026-10-03,lien présent dans index officiel; HTTP séparé dans download_log.csv,potentielles dans rapports; bruts non versionnés,raw_download,original_nonprofit_only,local_only,https://www.electionsquebec.qc.ca/financement-depenses-et-contributions/rapports-financiers-des-entites-politiques/,finance,NA,true,Licence vérifiée pour le portail dgeq.org uniquement; ne pas étendre aux autres sources.
src_4fb8bcb556fb,Élections Québec,Rapports financiers des partis politiques autorisés : Parti vert du Québec (PDF),https://donnees.electionsquebec.qc.ca/autres/rapports-financiers/2024/2024-parti-vert-du-quebec.pdf,Rapports financiers des partis politiques autorisés : Parti vert du Québec (PDF),PDF,selon fichier; voir dictionnaire et index,selon index officiel,selon publication officielle,EQ-nonprofit-no-adaptation,https://www.electionsquebec.qc.ca/notre-institution/conditions-dutilisation/,GET PDF,2026-10-03,lien présent dans index officiel; HTTP séparé dans download_log.csv,potentielles dans rapports; bruts non versionnés,raw_download,original_nonprofit_only,local_only,https://www.electionsquebec.qc.ca/financement-depenses-et-contributions/rapports-financiers-des-entites-politiques/,finance,NA,true,Licence vérifiée pour le portail dgeq.org uniquement; ne pas étendre aux autres sources.
src_5e280cd552cb,Élections Québec,Rapports financiers des partis politiques autorisés : Québec innovant (PDF),https://donnees.electionsquebec.qc.ca/autres/rapports-financiers/2024/2024-quebec-innovant.pdf,Rapports financiers des partis politiques autorisés : Québec innovant (PDF),PDF,selon fichier; voir dictionnaire et index,selon index officiel,selon publication officielle,EQ-nonprofit-no-adaptation,https://www.electionsquebec.qc.ca/notre-institution/conditions-dutilisation/,GET PDF,2026-10-03,lien présent dans index officiel; HTTP séparé dans download_log.csv,potentielles dans rapports; bruts non versionnés,raw_download,original_nonprofit_only,local_only,https://www.electionsquebec.qc.ca/financement-depenses-et-contributions/rapports-financiers-des-entites-politiques/,finance,NA,true,Licence vérifiée pour le portail dgeq.org uniquement; ne pas étendre aux autres sources.
src_0d28abe6a2f0,Élections Québec,Rapports financiers des partis politiques autorisés : Québec solidaire (PDF),https://donnees.electionsquebec.qc.ca/autres/rapports-financiers/2024/2024-quebec-solidaire.pdf,Rapports financiers des partis politiques autorisés : Québec solidaire (PDF),PDF,selon fichier; voir dictionnaire et index,selon index officiel,selon publication officielle,EQ-nonprofit-no-adaptation,https://www.electionsquebec.qc.ca/notre-institution/conditions-dutilisation/,GET PDF,2026-10-03,lien présent dans index officiel; HTTP séparé dans download_log.csv,potentielles dans rapports; bruts non versionnés,raw_download,original_nonprofit_only,local_only,https://www.electionsquebec.qc.ca/financement-depenses-et-contributions/rapports-financiers-des-entites-politiques/,finance,NA,true,Licence vérifiée pour le portail dgeq.org uniquement; ne pas étendre aux autres sources.
src_63d4ba97bf4f,Élections Québec,Rapports financiers des partis politiques autorisés : Union nationale (PDF),https://donnees.electionsquebec.qc.ca/autres/rapports-financiers/2024/2024-union-nationale.pdf,Rapports financiers des partis politiques autorisés : Union nationale (PDF),PDF,selon fichier; voir dictionnaire et index,selon index officiel,selon publication officielle,EQ-nonprofit-no-adaptation,https://www.electionsquebec.qc.ca/notre-institution/conditions-dutilisation/,GET PDF,2026-10-03,lien présent dans index officiel; HTTP séparé dans download_log.csv,potentielles dans rapports; bruts non versionnés,raw_download,original_nonprofit_only,local_only,https://www.electionsquebec.qc.ca/financement-depenses-et-contributions/rapports-financiers-des-entites-politiques/,finance,NA,true,Licence vérifiée pour le portail dgeq.org uniquement; ne pas étendre aux autres sources.
src_40e521c05526,Élections Québec,Rapports financiers des partis politiques autorisés : Va vers toi (PDF),https://donnees.electionsquebec.qc.ca/autres/rapports-financiers/2024/2024-va-vers-toi.pdf,Rapports financiers des partis politiques autorisés : Va vers toi (PDF),PDF,selon fichier; voir dictionnaire et index,selon index officiel,selon publication officielle,EQ-nonprofit-no-adaptation,https://www.electionsquebec.qc.ca/notre-institution/conditions-dutilisation/,GET PDF,2026-10-03,lien présent dans index officiel; HTTP séparé dans download_log.csv,potentielles dans rapports; bruts non versionnés,raw_download,original_nonprofit_only,local_only,https://www.electionsquebec.qc.ca/financement-depenses-et-contributions/rapports-financiers-des-entites-politiques/,finance,NA,true,Licence vérifiée pour le portail dgeq.org uniquement; ne pas étendre aux autres sources.
src_e50ac29d2302,Élections Québec,Sommaire des rapports financiers des entités politiques autorisées : Récapitulation des revenus et des dépenses (PDF),https://donnees.electionsquebec.qc.ca/autres/rapports-financiers/2024/2024-recapitulation-revenus-depenses-instances.pdf,Sommaire des rapports financiers des entités politiques autorisées : Récapitulation des revenus et des dépenses (PDF),PDF,selon fichier; voir dictionnaire et index,selon index officiel,selon publication officielle,EQ-nonprofit-no-adaptation,https://www.electionsquebec.qc.ca/notre-institution/conditions-dutilisation/,GET PDF,2026-10-03,lien présent dans index officiel; HTTP séparé dans download_log.csv,potentielles dans rapports; bruts non versionnés,raw_download,original_nonprofit_only,local_only,https://www.electionsquebec.qc.ca/financement-depenses-et-contributions/rapports-financiers-des-entites-politiques/,finance,NA,true,Licence vérifiée pour le portail dgeq.org uniquement; ne pas étendre aux autres sources.
src_4199d4233974,Élections Québec,Rapports financiers des partis politiques autorisés : Alliance pour la famille et les communautés (PDF),https://donnees.electionsquebec.qc.ca/autres/rapports-financiers/2023/2023-alliance-famille-communautes.pdf,Rapports financiers des partis politiques autorisés : Alliance pour la famille et les communautés (PDF),PDF,selon fichier; voir dictionnaire et index,selon index officiel,selon publication officielle,EQ-nonprofit-no-adaptation,https://www.electionsquebec.qc.ca/notre-institution/conditions-dutilisation/,GET PDF,2026-10-03,lien présent dans index officiel; HTTP séparé dans download_log.csv,potentielles dans rapports; bruts non versionnés,raw_download,original_nonprofit_only,local_only,https://www.electionsquebec.qc.ca/financement-depenses-et-contributions/rapports-financiers-des-entites-politiques/,finance,NA,true,Licence vérifiée pour le portail dgeq.org uniquement; ne pas étendre aux autres sources.
src_390a840e73f7,Élections Québec,Rapports financiers des partis politiques autorisés : Bloc Montréal – Équipe Balarama Holness (PDF),https://donnees.electionsquebec.qc.ca/autres/rapports-financiers/2023/2023-bloc-montreal.pdf,Rapports financiers des partis politiques autorisés : Bloc Montréal – Équipe Balarama Holness (PDF),PDF,selon fichier; voir dictionnaire et index,selon index officiel,selon publication officielle,EQ-nonprofit-no-adaptation,https://www.electionsquebec.qc.ca/notre-institution/conditions-dutilisation/,GET PDF,2026-10-03,lien présent dans index officiel; HTTP séparé dans download_log.csv,potentielles dans rapports; bruts non versionnés,raw_download,original_nonprofit_only,local_only,https://www.electionsquebec.qc.ca/financement-depenses-et-contributions/rapports-financiers-des-entites-politiques/,finance,NA,true,Licence vérifiée pour le portail dgeq.org uniquement; ne pas étendre aux autres sources.
src_31f2eb3b2622,Élections Québec,Rapports financiers des partis politiques autorisés : Bloc pot (PDF),https://donnees.electionsquebec.qc.ca/autres/rapports-financiers/2023/2023-bloc-pot.pdf,Rapports financiers des partis politiques autorisés : Bloc pot (PDF),PDF,selon fichier; voir dictionnaire et index,selon index officiel,selon publication officielle,EQ-nonprofit-no-adaptation,https://www.electionsquebec.qc.ca/notre-institution/conditions-dutilisation/,GET PDF,2026-10-03,lien présent dans index officiel; HTTP séparé dans download_log.csv,potentielles dans rapports; bruts non versionnés,raw_download,original_nonprofit_only,local_only,https://www.electionsquebec.qc.ca/financement-depenses-et-contributions/rapports-financiers-des-entites-politiques/,finance,NA,true,Licence vérifiée pour le portail dgeq.org uniquement; ne pas étendre aux autres sources.
src_d4169719140d,Élections Québec,Rapports financiers des partis politiques autorisés : Climat Québec (PDF),https://donnees.electionsquebec.qc.ca/autres/rapports-financiers/2023/2023-climat-quebec.pdf,Rapports financiers des partis politiques autorisés : Climat Québec (PDF),PDF,selon fichier; voir dictionnaire et index,selon index officiel,selon publication officielle,EQ-nonprofit-no-adaptation,https://www.electionsquebec.qc.ca/notre-institution/conditions-dutilisation/,GET PDF,2026-10-03,lien présent dans index officiel; HTTP séparé dans download_log.csv,potentielles dans rapports; bruts non versionnés,raw_download,original_nonprofit_only,local_only,https://www.electionsquebec.qc.ca/financement-depenses-et-contributions/rapports-financiers-des-entites-politiques/,finance,NA,true,Licence vérifiée pour le portail dgeq.org uniquement; ne pas étendre aux autres sources.
src_e22f007bbf1a,Élections Québec,Rapports financiers des partis politiques autorisés : Coalition avenir Québec – L’équipe François Legault (PDF),https://donnees.electionsquebec.qc.ca/autres/rapports-financiers/2023/2023-coalition-avenir-quebec.pdf,Rapports financiers des partis politiques autorisés : Coalition avenir Québec – L’équipe François Legault (PDF),PDF,selon fichier; voir dictionnaire et index,selon index officiel,selon publication officielle,EQ-nonprofit-no-adaptation,https://www.electionsquebec.qc.ca/notre-institution/conditions-dutilisation/,GET PDF,2026-10-03,lien présent dans index officiel; HTTP séparé dans download_log.csv,potentielles dans rapports; bruts non versionnés,raw_download,original_nonprofit_only,local_only,https://www.electionsquebec.qc.ca/financement-depenses-et-contributions/rapports-financiers-des-entites-politiques/,finance,NA,true,Licence vérifiée pour le portail dgeq.org uniquement; ne pas étendre aux autres sources.
src_fed3b569ec4c,Élections Québec,Rapports financiers des partis politiques autorisés : Démocratie directe (PDF),https://donnees.electionsquebec.qc.ca/autres/rapports-financiers/2023/2023-democratie-directe.pdf,Rapports financiers des partis politiques autorisés : Démocratie directe (PDF),PDF,selon fichier; voir dictionnaire et index,selon index officiel,selon publication officielle,EQ-nonprofit-no-adaptation,https://www.electionsquebec.qc.ca/notre-institution/conditions-dutilisation/,GET PDF,2026-10-03,lien présent dans index officiel; HTTP séparé dans download_log.csv,potentielles dans rapports; bruts non versionnés,raw_download,original_nonprofit_only,local_only,https://www.electionsquebec.qc.ca/financement-depenses-et-contributions/rapports-financiers-des-entites-politiques/,finance,NA,true,Licence vérifiée pour le portail dgeq.org uniquement; ne pas étendre aux autres sources.
src_575d2987addb,Élections Québec,Rapports financiers des partis politiques autorisés : Équipe autonomiste (PDF),https://donnees.electionsquebec.qc.ca/autres/rapports-financiers/2023/2023-equipe-autonomiste.pdf,Rapports financiers des partis politiques autorisés : Équipe autonomiste (PDF),PDF,selon fichier; voir dictionnaire et index,selon index officiel,selon publication officielle,EQ-nonprofit-no-adaptation,https://www.electionsquebec.qc.ca/notre-institution/conditions-dutilisation/,GET PDF,2026-10-03,lien présent dans index officiel; HTTP séparé dans download_log.csv,potentielles dans rapports; bruts non versionnés,raw_download,original_nonprofit_only,local_only,https://www.electionsquebec.qc.ca/financement-depenses-et-contributions/rapports-financiers-des-entites-politiques/,finance,NA,true,Licence vérifiée pour le portail dgeq.org uniquement; ne pas étendre aux autres sources.
src_39edca168dc8,Élections Québec,Rapports financiers des partis politiques autorisés : Nouveau Parti démocratique du Québec (PDF),https://donnees.electionsquebec.qc.ca/autres/rapports-financiers/2023/2023-nouveau-parti-democratique-du-quebec.pdf,Rapports financiers des partis politiques autorisés : Nouveau Parti démocratique du Québec (PDF),PDF,selon fichier; voir dictionnaire et index,selon index officiel,selon publication officielle,EQ-nonprofit-no-adaptation,https://www.electionsquebec.qc.ca/notre-institution/conditions-dutilisation/,GET PDF,2026-10-03,lien présent dans index officiel; HTTP séparé dans download_log.csv,potentielles dans rapports; bruts non versionnés,raw_download,original_nonprofit_only,local_only,https://www.electionsquebec.qc.ca/financement-depenses-et-contributions/rapports-financiers-des-entites-politiques/,finance,NA,true,Licence vérifiée pour le portail dgeq.org uniquement; ne pas étendre aux autres sources.
src_13e09283669f,Élections Québec,Rapports financiers des partis politiques autorisés : Parti 51 (PDF),https://donnees.electionsquebec.qc.ca/autres/rapports-financiers/2023/2023-parti-51.pdf,Rapports financiers des partis politiques autorisés : Parti 51 (PDF),PDF,selon fichier; voir dictionnaire et index,selon index officiel,selon publication officielle,EQ-nonprofit-no-adaptation,https://www.electionsquebec.qc.ca/notre-institution/conditions-dutilisation/,GET PDF,2026-10-03,lien présent dans index officiel; HTTP séparé dans download_log.csv,potentielles dans rapports; bruts non versionnés,raw_download,original_nonprofit_only,local_only,https://www.electionsquebec.qc.ca/financement-depenses-et-contributions/rapports-financiers-des-entites-politiques/,finance,NA,true,Licence vérifiée pour le portail dgeq.org uniquement; ne pas étendre aux autres sources.
src_ce10886d40ac,Élections Québec,Rapports financiers des partis politiques autorisés : Parti accès propriété et équité (PDF),https://donnees.electionsquebec.qc.ca/autres/rapports-financiers/2023/2023-parti-acces-propriete-et-equite.pdf,Rapports financiers des partis politiques autorisés : Parti accès propriété et équité (PDF),PDF,selon fichier; voir dictionnaire et index,selon index officiel,selon publication officielle,EQ-nonprofit-no-adaptation,https://www.electionsquebec.qc.ca/notre-institution/conditions-dutilisation/,GET PDF,2026-10-03,lien présent dans index officiel; HTTP séparé dans download_log.csv,potentielles dans rapports; bruts non versionnés,raw_download,original_nonprofit_only,local_only,https://www.electionsquebec.qc.ca/financement-depenses-et-contributions/rapports-financiers-des-entites-politiques/,finance,NA,true,Licence vérifiée pour le portail dgeq.org uniquement; ne pas étendre aux autres sources.
src_01653decb21f,Élections Québec,Rapports financiers des partis politiques autorisés : Parti canadien du Québec (PDF),https://donnees.electionsquebec.qc.ca/autres/rapports-financiers/2023/2023-parti-canadien-du-quebec.pdf,Rapports financiers des partis politiques autorisés : Parti canadien du Québec (PDF),PDF,selon fichier; voir dictionnaire et index,selon index officiel,selon publication officielle,EQ-nonprofit-no-adaptation,https://www.electionsquebec.qc.ca/notre-institution/conditions-dutilisation/,GET PDF,2026-10-03,lien présent dans index officiel; HTTP séparé dans download_log.csv,potentielles dans rapports; bruts non versionnés,raw_download,original_nonprofit_only,local_only,https://www.electionsquebec.qc.ca/financement-depenses-et-contributions/rapports-financiers-des-entites-politiques/,finance,NA,true,Licence vérifiée pour le portail dgeq.org uniquement; ne pas étendre aux autres sources.
src_cc5cdeafbc27,Élections Québec,Rapports financiers des partis politiques autorisés : Parti communiste du Québec (PDF),https://donnees.electionsquebec.qc.ca/autres/rapports-financiers/2023/2023-parti-communiste-du-quebec.pdf,Rapports financiers des partis politiques autorisés : Parti communiste du Québec (PDF),PDF,selon fichier; voir dictionnaire et index,selon index officiel,selon publication officielle,EQ-nonprofit-no-adaptation,https://www.electionsquebec.qc.ca/notre-institution/conditions-dutilisation/,GET PDF,2026-10-03,lien présent dans index officiel; HTTP séparé dans download_log.csv,potentielles dans rapports; bruts non versionnés,raw_download,original_nonprofit_only,local_only,https://www.electionsquebec.qc.ca/financement-depenses-et-contributions/rapports-financiers-des-entites-politiques/,finance,NA,true,Licence vérifiée pour le portail dgeq.org uniquement; ne pas étendre aux autres sources.
src_b26df8df1011,Élections Québec,Rapports financiers des partis politiques autorisés : Parti Conservateur du Québec (PDF),https://donnees.electionsquebec.qc.ca/autres/rapports-financiers/2023/2023-parti-conservateur-du-quebec.pdf,Rapports financiers des partis politiques autorisés : Parti Conservateur du Québec (PDF),PDF,selon fichier; voir dictionnaire et index,selon index officiel,selon publication officielle,EQ-nonprofit-no-adaptation,https://www.electionsquebec.qc.ca/notre-institution/conditions-dutilisation/,GET PDF,2026-10-03,lien présent dans index officiel; HTTP séparé dans download_log.csv,potentielles dans rapports; bruts non versionnés,raw_download,original_nonprofit_only,local_only,https://www.electionsquebec.qc.ca/financement-depenses-et-contributions/rapports-financiers-des-entites-politiques/,finance,NA,true,Licence vérifiée pour le portail dgeq.org uniquement; ne pas étendre aux autres sources.
src_da98722f41f3,Élections Québec,Rapports financiers des partis politiques autorisés : Parti culinaire du Québec (PDF),https://donnees.electionsquebec.qc.ca/autres/rapports-financiers/2023/2023-parti-culinaire-du-quebec.pdf,Rapports financiers des partis politiques autorisés : Parti culinaire du Québec (PDF),PDF,selon fichier; voir dictionnaire et index,selon index officiel,selon publication officielle,EQ-nonprofit-no-adaptation,https://www.electionsquebec.qc.ca/notre-institution/conditions-dutilisation/,GET PDF,2026-10-03,lien présent dans index officiel; HTTP séparé dans download_log.csv,potentielles dans rapports; bruts non versionnés,raw_download,original_nonprofit_only,local_only,https://www.electionsquebec.qc.ca/financement-depenses-et-contributions/rapports-financiers-des-entites-politiques/,finance,NA,true,Licence vérifiée pour le portail dgeq.org uniquement; ne pas étendre aux autres sources.
src_9d9a4eb99727,Élections Québec,Rapports financiers des partis politiques autorisés : Parti libéral du Québec (PDF),https://donnees.electionsquebec.qc.ca/autres/rapports-financiers/2023/2023-parti-liberal-du-quebec.pdf,Rapports financiers des partis politiques autorisés : Parti libéral du Québec (PDF),PDF,selon fichier; voir dictionnaire et index,selon index officiel,selon publication officielle,EQ-nonprofit-no-adaptation,https://www.electionsquebec.qc.ca/notre-institution/conditions-dutilisation/,GET PDF,2026-10-03,lien présent dans index officiel; HTTP séparé dans download_log.csv,potentielles dans rapports; bruts non versionnés,raw_download,original_nonprofit_only,local_only,https://www.electionsquebec.qc.ca/financement-depenses-et-contributions/rapports-financiers-des-entites-politiques/,finance,NA,true,Licence vérifiée pour le portail dgeq.org uniquement; ne pas étendre aux autres sources.
src_ed34c69c5ecd,Élections Québec,Rapports financiers des partis politiques autorisés : Parti libertarien du Québec (PDF),https://donnees.electionsquebec.qc.ca/autres/rapports-financiers/2023/2023-parti-libertarien.pdf,Rapports financiers des partis politiques autorisés : Parti libertarien du Québec (PDF),PDF,selon fichier; voir dictionnaire et index,selon index officiel,selon publication officielle,EQ-nonprofit-no-adaptation,https://www.electionsquebec.qc.ca/notre-institution/conditions-dutilisation/,GET PDF,2026-10-03,lien présent dans index officiel; HTTP séparé dans download_log.csv,potentielles dans rapports; bruts non versionnés,raw_download,original_nonprofit_only,local_only,https://www.electionsquebec.qc.ca/financement-depenses-et-contributions/rapports-financiers-des-entites-politiques/,finance,NA,true,Licence vérifiée pour le portail dgeq.org uniquement; ne pas étendre aux autres sources.
src_d5d3dc32bb16,Élections Québec,Rapports financiers des partis politiques autorisés : Parti marxiste-léniniste du Québec (PDF),https://donnees.electionsquebec.qc.ca/autres/rapports-financiers/2023/2023-parti-marxiste-leniniste-du-quebec.pdf,Rapports financiers des partis politiques autorisés : Parti marxiste-léniniste du Québec (PDF),PDF,selon fichier; voir dictionnaire et index,selon index officiel,selon publication officielle,EQ-nonprofit-no-adaptation,https://www.electionsquebec.qc.ca/notre-institution/conditions-dutilisation/,GET PDF,2026-10-03,lien présent dans index officiel; HTTP séparé dans download_log.csv,potentielles dans rapports; bruts non versionnés,raw_download,original_nonprofit_only,local_only,https://www.electionsquebec.qc.ca/financement-depenses-et-contributions/rapports-financiers-des-entites-politiques/,finance,NA,true,Licence vérifiée pour le portail dgeq.org uniquement; ne pas étendre aux autres sources.
src_a6523fa7d68d,Élections Québec,Rapports financiers des partis politiques autorisés : Parti nul (PDF),https://donnees.electionsquebec.qc.ca/autres/rapports-financiers/2023/2023-parti-nul.pdf,Rapports financiers des partis politiques autorisés : Parti nul (PDF),PDF,selon fichier; voir dictionnaire et index,selon index officiel,selon publication officielle,EQ-nonprofit-no-adaptation,https://www.electionsquebec.qc.ca/notre-institution/conditions-dutilisation/,GET PDF,2026-10-03,lien présent dans index officiel; HTTP séparé dans download_log.csv,potentielles dans rapports; bruts non versionnés,raw_download,original_nonprofit_only,local_only,https://www.electionsquebec.qc.ca/financement-depenses-et-contributions/rapports-financiers-des-entites-politiques/,finance,NA,true,Licence vérifiée pour le portail dgeq.org uniquement; ne pas étendre aux autres sources.
src_08f6d4dd797b,Élections Québec,Rapports financiers des partis politiques autorisés : Parti québécois (PDF),https://donnees.electionsquebec.qc.ca/autres/rapports-financiers/2023/2023-parti-quebecois.pdf,Rapports financiers des partis politiques autorisés : Parti québécois (PDF),PDF,selon fichier; voir dictionnaire et index,selon index officiel,selon publication officielle,EQ-nonprofit-no-adaptation,https://www.electionsquebec.qc.ca/notre-institution/conditions-dutilisation/,GET PDF,2026-10-03,lien présent dans index officiel; HTTP séparé dans download_log.csv,potentielles dans rapports; bruts non versionnés,raw_download,original_nonprofit_only,local_only,https://www.electionsquebec.qc.ca/financement-depenses-et-contributions/rapports-financiers-des-entites-politiques/,finance,NA,true,Licence vérifiée pour le portail dgeq.org uniquement; ne pas étendre aux autres sources.
src_71fd573af26d,Élections Québec,Rapports financiers des partis politiques autorisés : Parti vert du Québec (PDF),https://donnees.electionsquebec.qc.ca/autres/rapports-financiers/2023/2023-parti-vert-du-quebec.pdf,Rapports financiers des partis politiques autorisés : Parti vert du Québec (PDF),PDF,selon fichier; voir dictionnaire et index,selon index officiel,selon publication officielle,EQ-nonprofit-no-adaptation,https://www.electionsquebec.qc.ca/notre-institution/conditions-dutilisation/,GET PDF,2026-10-03,lien présent dans index officiel; HTTP séparé dans download_log.csv,potentielles dans rapports; bruts non versionnés,raw_download,original_nonprofit_only,local_only,https://www.electionsquebec.qc.ca/financement-depenses-et-contributions/rapports-financiers-des-entites-politiques/,finance,NA,true,Licence vérifiée pour le portail dgeq.org uniquement; ne pas étendre aux autres sources.
src_6dbb95ae2ee7,Élections Québec,Rapports financiers des partis politiques autorisés : Québec solidaire (PDF),https://donnees.electionsquebec.qc.ca/autres/rapports-financiers/2023/2023-quebec-solidaire.pdf,Rapports financiers des partis politiques autorisés : Québec solidaire (PDF),PDF,selon fichier; voir dictionnaire et index,selon index officiel,selon publication officielle,EQ-nonprofit-no-adaptation,https://www.electionsquebec.qc.ca/notre-institution/conditions-dutilisation/,GET PDF,2026-10-03,lien présent dans index officiel; HTTP séparé dans download_log.csv,potentielles dans rapports; bruts non versionnés,raw_download,original_nonprofit_only,local_only,https://www.electionsquebec.qc.ca/financement-depenses-et-contributions/rapports-financiers-des-entites-politiques/,finance,NA,true,Licence vérifiée pour le portail dgeq.org uniquement; ne pas étendre aux autres sources.
src_22d2ccbe1ef9,Élections Québec,Rapports financiers des partis politiques autorisés : Québécois unis pour l’égalité (PDF),https://donnees.electionsquebec.qc.ca/autres/rapports-financiers/2023/2023-quebecois-unis-pour-egalite.pdf,Rapports financiers des partis politiques autorisés : Québécois unis pour l’égalité (PDF),PDF,selon fichier; voir dictionnaire et index,selon index officiel,selon publication officielle,EQ-nonprofit-no-adaptation,https://www.electionsquebec.qc.ca/notre-institution/conditions-dutilisation/,GET PDF,2026-10-03,lien présent dans index officiel; HTTP séparé dans download_log.csv,potentielles dans rapports; bruts non versionnés,raw_download,original_nonprofit_only,local_only,https://www.electionsquebec.qc.ca/financement-depenses-et-contributions/rapports-financiers-des-entites-politiques/,finance,NA,true,Licence vérifiée pour le portail dgeq.org uniquement; ne pas étendre aux autres sources.
src_904bc4c13c21,Élections Québec,Rapports financiers des partis politiques autorisés : Union nationale (PDF),https://donnees.electionsquebec.qc.ca/autres/rapports-financiers/2023/2023-union-nationale.pdf,Rapports financiers des partis politiques autorisés : Union nationale (PDF),PDF,selon fichier; voir dictionnaire et index,selon index officiel,selon publication officielle,EQ-nonprofit-no-adaptation,https://www.electionsquebec.qc.ca/notre-institution/conditions-dutilisation/,GET PDF,2026-10-03,lien présent dans index officiel; HTTP séparé dans download_log.csv,potentielles dans rapports; bruts non versionnés,raw_download,original_nonprofit_only,local_only,https://www.electionsquebec.qc.ca/financement-depenses-et-contributions/rapports-financiers-des-entites-politiques/,finance,NA,true,Licence vérifiée pour le portail dgeq.org uniquement; ne pas étendre aux autres sources.
src_8c6e64b8b7dd,Élections Québec,Sommaire des rapports financiers des entités politiques autorisées : Récapitulation des revenus et des dépenses (PDF),https://donnees.electionsquebec.qc.ca/autres/rapports-financiers/2023/2023-recapitulation-revenus-depenses-instances.pdf,Sommaire des rapports financiers des entités politiques autorisées : Récapitulation des revenus et des dépenses (PDF),PDF,selon fichier; voir dictionnaire et index,selon index officiel,selon publication officielle,EQ-nonprofit-no-adaptation,https://www.electionsquebec.qc.ca/notre-institution/conditions-dutilisation/,GET PDF,2026-10-03,lien présent dans index officiel; HTTP séparé dans download_log.csv,potentielles dans rapports; bruts non versionnés,raw_download,original_nonprofit_only,local_only,https://www.electionsquebec.qc.ca/financement-depenses-et-contributions/rapports-financiers-des-entites-politiques/,finance,NA,true,Licence vérifiée pour le portail dgeq.org uniquement; ne pas étendre aux autres sources.
src_4030453a1a09,Élections Québec,Rapports financiers des candidats indépendants autorisés : Beverly Bernardo (PDF),https://donnees.electionsquebec.qc.ca/autres/rapports-financiers/2023/2023-Beverly_Bernardo.pdf,Rapports financiers des candidats indépendants autorisés : Beverly Bernardo (PDF),PDF,selon fichier; voir dictionnaire et index,selon index officiel,selon publication officielle,EQ-nonprofit-no-adaptation,https://www.electionsquebec.qc.ca/notre-institution/conditions-dutilisation/,GET PDF,2026-10-03,lien présent dans index officiel; HTTP séparé dans download_log.csv,potentielles dans rapports; bruts non versionnés,raw_download,original_nonprofit_only,local_only,https://www.electionsquebec.qc.ca/financement-depenses-et-contributions/rapports-financiers-des-entites-politiques/,finance,NA,true,Licence vérifiée pour le portail dgeq.org uniquement; ne pas étendre aux autres sources.
src_9b242a7b20c0,Élections Québec,Rapports financiers des candidats indépendants autorisés : Jean Duval (PDF),https://donnees.electionsquebec.qc.ca/autres/rapports-financiers/2023/2023-Jean_Duval.pdf,Rapports financiers des candidats indépendants autorisés : Jean Duval (PDF),PDF,selon fichier; voir dictionnaire et index,selon index officiel,selon publication officielle,EQ-nonprofit-no-adaptation,https://www.electionsquebec.qc.ca/notre-institution/conditions-dutilisation/,GET PDF,2026-10-03,lien présent dans index officiel; HTTP séparé dans download_log.csv,potentielles dans rapports; bruts non versionnés,raw_download,original_nonprofit_only,local_only,https://www.electionsquebec.qc.ca/financement-depenses-et-contributions/rapports-financiers-des-entites-politiques/,finance,NA,true,Licence vérifiée pour le portail dgeq.org uniquement; ne pas étendre aux autres sources.
src_197bee911bd5,Élections Québec,Rapports financiers des candidats indépendants autorisés : Jean-Patrick Berthiaume (PDF),https://donnees.electionsquebec.qc.ca/autres/rapports-financiers/2023/2023-Jean-Patrick_Berthiaume.pdf,Rapports financiers des candidats indépendants autorisés : Jean-Patrick Berthiaume (PDF),PDF,selon fichier; voir dictionnaire et index,selon index officiel,selon publication officielle,EQ-nonprofit-no-adaptation,https://www.electionsquebec.qc.ca/notre-institution/conditions-dutilisation/,GET PDF,2026-10-03,lien présent dans index officiel; HTTP séparé dans download_log.csv,potentielles dans rapports; bruts non versionnés,raw_download,original_nonprofit_only,local_only,https://www.electionsquebec.qc.ca/financement-depenses-et-contributions/rapports-financiers-des-entites-politiques/,finance,NA,true,Licence vérifiée pour le portail dgeq.org uniquement; ne pas étendre aux autres sources.
src_563344971807,Élections Québec,Rapports financiers des candidats indépendants autorisés : Lucien Beauregard (PDF),https://donnees.electionsquebec.qc.ca/autres/rapports-financiers/2023/2023-Lucien_Beauregard.pdf,Rapports financiers des candidats indépendants autorisés : Lucien Beauregard (PDF),PDF,selon fichier; voir dictionnaire et index,selon index officiel,selon publication officielle,EQ-nonprofit-no-adaptation,https://www.electionsquebec.qc.ca/notre-institution/conditions-dutilisation/,GET PDF,2026-10-03,lien présent dans index officiel; HTTP séparé dans download_log.csv,potentielles dans rapports; bruts non versionnés,raw_download,original_nonprofit_only,local_only,https://www.electionsquebec.qc.ca/financement-depenses-et-contributions/rapports-financiers-des-entites-politiques/,finance,NA,true,Licence vérifiée pour le portail dgeq.org uniquement; ne pas étendre aux autres sources.
src_3457d4b19498,Élections Québec,Rapports financiers des candidats indépendants autorisés : Smaille Toussaint (PDF),https://donnees.electionsquebec.qc.ca/autres/rapports-financiers/2023/2023-Smaille_Toussaint.pdf,Rapports financiers des candidats indépendants autorisés : Smaille Toussaint (PDF),PDF,selon fichier; voir dictionnaire et index,selon index officiel,selon publication officielle,EQ-nonprofit-no-adaptation,https://www.electionsquebec.qc.ca/notre-institution/conditions-dutilisation/,GET PDF,2026-10-03,lien présent dans index officiel; HTTP séparé dans download_log.csv,potentielles dans rapports; bruts non versionnés,raw_download,original_nonprofit_only,local_only,https://www.electionsquebec.qc.ca/financement-depenses-et-contributions/rapports-financiers-des-entites-politiques/,finance,NA,true,Licence vérifiée pour le portail dgeq.org uniquement; ne pas étendre aux autres sources.
src_8b46f44f81a2,Élections Québec,Rapports financiers des partis politiques autorisés : Alliance pour la famille et les communautés (PDF),https://donnees.electionsquebec.qc.ca/autres/rapports-financiers/2022/2022-alliance-famille-communautes.pdf,Rapports financiers des partis politiques autorisés : Alliance pour la famille et les communautés (PDF),PDF,selon fichier; voir dictionnaire et index,selon index officiel,selon publication officielle,EQ-nonprofit-no-adaptation,https://www.electionsquebec.qc.ca/notre-institution/conditions-dutilisation/,GET PDF,2026-10-03,lien présent dans index officiel; HTTP séparé dans download_log.csv,potentielles dans rapports; bruts non versionnés,raw_download,original_nonprofit_only,local_only,https://www.electionsquebec.qc.ca/financement-depenses-et-contributions/rapports-financiers-des-entites-politiques/,finance,NA,true,Licence vérifiée pour le portail dgeq.org uniquement; ne pas étendre aux autres sources.
src_c670b2ad96cd,Élections Québec,Rapports financiers des partis politiques autorisés : Bloc Montréal – Équipe Balarama Holness (PDF),https://donnees.electionsquebec.qc.ca/autres/rapports-financiers/2022/2022-bloc-montreal.pdf,Rapports financiers des partis politiques autorisés : Bloc Montréal – Équipe Balarama Holness (PDF),PDF,selon fichier; voir dictionnaire et index,selon index officiel,selon publication officielle,EQ-nonprofit-no-adaptation,https://www.electionsquebec.qc.ca/notre-institution/conditions-dutilisation/,GET PDF,2026-10-03,lien présent dans index officiel; HTTP séparé dans download_log.csv,potentielles dans rapports; bruts non versionnés,raw_download,original_nonprofit_only,local_only,https://www.electionsquebec.qc.ca/financement-depenses-et-contributions/rapports-financiers-des-entites-politiques/,finance,NA,true,Licence vérifiée pour le portail dgeq.org uniquement; ne pas étendre aux autres sources.
src_447546851c00,Élections Québec,Rapports financiers des partis politiques autorisés : Bloc pot (PDF),https://donnees.electionsquebec.qc.ca/autres/rapports-financiers/2022/2022-bloc-pot.pdf,Rapports financiers des partis politiques autorisés : Bloc pot (PDF),PDF,selon fichier; voir dictionnaire et index,selon index officiel,selon publication officielle,EQ-nonprofit-no-adaptation,https://www.electionsquebec.qc.ca/notre-institution/conditions-dutilisation/,GET PDF,2026-10-03,lien présent dans index officiel; HTTP séparé dans download_log.csv,potentielles dans rapports; bruts non versionnés,raw_download,original_nonprofit_only,local_only,https://www.electionsquebec.qc.ca/financement-depenses-et-contributions/rapports-financiers-des-entites-politiques/,finance,NA,true,Licence vérifiée pour le portail dgeq.org uniquement; ne pas étendre aux autres sources.
src_c684e6486512,Élections Québec,Rapports financiers des partis politiques autorisés : Citoyens au pouvoir du Québec (PDF),https://donnees.electionsquebec.qc.ca/autres/rapports-financiers/2022/2022-citoyens-au-pouvoir-du-quebec.pdf,Rapports financiers des partis politiques autorisés : Citoyens au pouvoir du Québec (PDF),PDF,selon fichier; voir dictionnaire et index,selon index officiel,selon publication officielle,EQ-nonprofit-no-adaptation,https://www.electionsquebec.qc.ca/notre-institution/conditions-dutilisation/,GET PDF,2026-10-03,lien présent dans index officiel; HTTP séparé dans download_log.csv,potentielles dans rapports; bruts non versionnés,raw_download,original_nonprofit_only,local_only,https://www.electionsquebec.qc.ca/financement-depenses-et-contributions/rapports-financiers-des-entites-politiques/,finance,NA,true,Licence vérifiée pour le portail dgeq.org uniquement; ne pas étendre aux autres sources.
src_be60303b8e1a,Élections Québec,Rapports financiers des partis politiques autorisés : Climat Québec (PDF),https://donnees.electionsquebec.qc.ca/autres/rapports-financiers/2022/2022-climat-quebec.pdf,Rapports financiers des partis politiques autorisés : Climat Québec (PDF),PDF,selon fichier; voir dictionnaire et index,selon index officiel,selon publication officielle,EQ-nonprofit-no-adaptation,https://www.electionsquebec.qc.ca/notre-institution/conditions-dutilisation/,GET PDF,2026-10-03,lien présent dans index officiel; HTTP séparé dans download_log.csv,potentielles dans rapports; bruts non versionnés,raw_download,original_nonprofit_only,local_only,https://www.electionsquebec.qc.ca/financement-depenses-et-contributions/rapports-financiers-des-entites-politiques/,finance,NA,true,Licence vérifiée pour le portail dgeq.org uniquement; ne pas étendre aux autres sources.
src_d5493b320855,Élections Québec,Rapports financiers des partis politiques autorisés : Coalition avenir Québec – L’équipe François Legault (PDF),https://donnees.electionsquebec.qc.ca/autres/rapports-financiers/2022/2022-coalition-avenir-quebec.pdf,Rapports financiers des partis politiques autorisés : Coalition avenir Québec – L’équipe François Legault (PDF),PDF,selon fichier; voir dictionnaire et index,selon index officiel,selon publication officielle,EQ-nonprofit-no-adaptation,https://www.electionsquebec.qc.ca/notre-institution/conditions-dutilisation/,GET PDF,2026-10-03,lien présent dans index officiel; HTTP séparé dans download_log.csv,potentielles dans rapports; bruts non versionnés,raw_download,original_nonprofit_only,local_only,https://www.electionsquebec.qc.ca/financement-depenses-et-contributions/rapports-financiers-des-entites-politiques/,finance,NA,true,Licence vérifiée pour le portail dgeq.org uniquement; ne pas étendre aux autres sources.
src_4ac6705b1733,Élections Québec,Rapports financiers des partis politiques autorisés : Démocratie directe (PDF),https://donnees.electionsquebec.qc.ca/autres/rapports-financiers/2022/2022-democratie-directe.pdf,Rapports financiers des partis politiques autorisés : Démocratie directe (PDF),PDF,selon fichier; voir dictionnaire et index,selon index officiel,selon publication officielle,EQ-nonprofit-no-adaptation,https://www.electionsquebec.qc.ca/notre-institution/conditions-dutilisation/,GET PDF,2026-10-03,lien présent dans index officiel; HTTP séparé dans download_log.csv,potentielles dans rapports; bruts non versionnés,raw_download,original_nonprofit_only,local_only,https://www.electionsquebec.qc.ca/financement-depenses-et-contributions/rapports-financiers-des-entites-politiques/,finance,NA,true,Licence vérifiée pour le portail dgeq.org uniquement; ne pas étendre aux autres sources.
src_172d80020f33,Élections Québec,Rapports financiers des partis politiques autorisés : Équipe autonomiste (PDF),https://donnees.electionsquebec.qc.ca/autres/rapports-financiers/2022/2022-equipe-autonomiste.pdf,Rapports financiers des partis politiques autorisés : Équipe autonomiste (PDF),PDF,selon fichier; voir dictionnaire et index,selon index officiel,selon publication officielle,EQ-nonprofit-no-adaptation,https://www.electionsquebec.qc.ca/notre-institution/conditions-dutilisation/,GET PDF,2026-10-03,lien présent dans index officiel; HTTP séparé dans download_log.csv,potentielles dans rapports; bruts non versionnés,raw_download,original_nonprofit_only,local_only,https://www.electionsquebec.qc.ca/financement-depenses-et-contributions/rapports-financiers-des-entites-politiques/,finance,NA,true,Licence vérifiée pour le portail dgeq.org uniquement; ne pas étendre aux autres sources.
src_9760322a26cc,Élections Québec,Rapports financiers des partis politiques autorisés : Nouveau Parti démocratique du Québec (PDF),https://donnees.electionsquebec.qc.ca/autres/rapports-financiers/2022/2022-nouveau-parti-democratique-du-quebec.pdf,Rapports financiers des partis politiques autorisés : Nouveau Parti démocratique du Québec (PDF),PDF,selon fichier; voir dictionnaire et index,selon index officiel,selon publication officielle,EQ-nonprofit-no-adaptation,https://www.electionsquebec.qc.ca/notre-institution/conditions-dutilisation/,GET PDF,2026-10-03,lien présent dans index officiel; HTTP séparé dans download_log.csv,potentielles dans rapports; bruts non versionnés,raw_download,original_nonprofit_only,local_only,https://www.electionsquebec.qc.ca/financement-depenses-et-contributions/rapports-financiers-des-entites-politiques/,finance,NA,true,Licence vérifiée pour le portail dgeq.org uniquement; ne pas étendre aux autres sources.
src_8fac60efafa5,Élections Québec,Rapports financiers des partis politiques autorisés : Parti 51 (PDF),https://donnees.electionsquebec.qc.ca/autres/rapports-financiers/2022/2022-parti-51.pdf,Rapports financiers des partis politiques autorisés : Parti 51 (PDF),PDF,selon fichier; voir dictionnaire et index,selon index officiel,selon publication officielle,EQ-nonprofit-no-adaptation,https://www.electionsquebec.qc.ca/notre-institution/conditions-dutilisation/,GET PDF,2026-10-03,lien présent dans index officiel; HTTP séparé dans download_log.csv,potentielles dans rapports; bruts non versionnés,raw_download,original_nonprofit_only,local_only,https://www.electionsquebec.qc.ca/financement-depenses-et-contributions/rapports-financiers-des-entites-politiques/,finance,NA,true,Licence vérifiée pour le portail dgeq.org uniquement; ne pas étendre aux autres sources.
src_b5b4cb2a6f00,Élections Québec,Rapports financiers des partis politiques autorisés : Parti accès propriété et équité (PDF),https://donnees.electionsquebec.qc.ca/autres/rapports-financiers/2022/2022-parti-acces-propriete-et-equite.pdf,Rapports financiers des partis politiques autorisés : Parti accès propriété et équité (PDF),PDF,selon fichier; voir dictionnaire et index,selon index officiel,selon publication officielle,EQ-nonprofit-no-adaptation,https://www.electionsquebec.qc.ca/notre-institution/conditions-dutilisation/,GET PDF,2026-10-03,lien présent dans index officiel; HTTP séparé dans download_log.csv,potentielles dans rapports; bruts non versionnés,raw_download,original_nonprofit_only,local_only,https://www.electionsquebec.qc.ca/financement-depenses-et-contributions/rapports-financiers-des-entites-politiques/,finance,NA,true,Licence vérifiée pour le portail dgeq.org uniquement; ne pas étendre aux autres sources.
src_99371d5e70de,Élections Québec,Rapports financiers des partis politiques autorisés : Parti Animal Québec (PDF),https://donnees.electionsquebec.qc.ca/autres/rapports-financiers/2022/2022-parti-animal-quebec.pdf,Rapports financiers des partis politiques autorisés : Parti Animal Québec (PDF),PDF,selon fichier; voir dictionnaire et index,selon index officiel,selon publication officielle,EQ-nonprofit-no-adaptation,https://www.electionsquebec.qc.ca/notre-institution/conditions-dutilisation/,GET PDF,2026-10-03,lien présent dans index officiel; HTTP séparé dans download_log.csv,potentielles dans rapports; bruts non versionnés,raw_download,original_nonprofit_only,local_only,https://www.electionsquebec.qc.ca/financement-depenses-et-contributions/rapports-financiers-des-entites-politiques/,finance,NA,true,Licence vérifiée pour le portail dgeq.org uniquement; ne pas étendre aux autres sources.
src_33f448bae42f,Élections Québec,Rapports financiers des partis politiques autorisés : Parti canadien du Québec (PDF),https://donnees.electionsquebec.qc.ca/autres/rapports-financiers/2022/2022-parti-canadien-du-quebec.pdf,Rapports financiers des partis politiques autorisés : Parti canadien du Québec (PDF),PDF,selon fichier; voir dictionnaire et index,selon index officiel,selon publication officielle,EQ-nonprofit-no-adaptation,https://www.electionsquebec.qc.ca/notre-institution/conditions-dutilisation/,GET PDF,2026-10-03,lien présent dans index officiel; HTTP séparé dans download_log.csv,potentielles dans rapports; bruts non versionnés,raw_download,original_nonprofit_only,local_only,https://www.electionsquebec.qc.ca/financement-depenses-et-contributions/rapports-financiers-des-entites-politiques/,finance,NA,true,Licence vérifiée pour le portail dgeq.org uniquement; ne pas étendre aux autres sources.
src_71f42be68dcf,Élections Québec,Rapports financiers des partis politiques autorisés : Parti Conservateur du Québec – Équipe Éric Duhaime (PDF),https://donnees.electionsquebec.qc.ca/autres/rapports-financiers/2022/2022-parti-conservateur-du-quebec.pdf,Rapports financiers des partis politiques autorisés : Parti Conservateur du Québec – Équipe Éric Duhaime (PDF),PDF,selon fichier; voir dictionnaire et index,selon index officiel,selon publication officielle,EQ-nonprofit-no-adaptation,https://www.electionsquebec.qc.ca/notre-institution/conditions-dutilisation/,GET PDF,2026-10-03,lien présent dans index officiel; HTTP séparé dans download_log.csv,potentielles dans rapports; bruts non versionnés,raw_download,original_nonprofit_only,local_only,https://www.electionsquebec.qc.ca/financement-depenses-et-contributions/rapports-financiers-des-entites-politiques/,finance,NA,true,Licence vérifiée pour le portail dgeq.org uniquement; ne pas étendre aux autres sources.
src_1d3134adf692,Élections Québec,Rapports financiers des partis politiques autorisés : Parti culinaire du Québec (PDF),https://donnees.electionsquebec.qc.ca/autres/rapports-financiers/2022/2022-parti-culinaire-du-quebec.pdf,Rapports financiers des partis politiques autorisés : Parti culinaire du Québec (PDF),PDF,selon fichier; voir dictionnaire et index,selon index officiel,selon publication officielle,EQ-nonprofit-no-adaptation,https://www.electionsquebec.qc.ca/notre-institution/conditions-dutilisation/,GET PDF,2026-10-03,lien présent dans index officiel; HTTP séparé dans download_log.csv,potentielles dans rapports; bruts non versionnés,raw_download,original_nonprofit_only,local_only,https://www.electionsquebec.qc.ca/financement-depenses-et-contributions/rapports-financiers-des-entites-politiques/,finance,NA,true,Licence vérifiée pour le portail dgeq.org uniquement; ne pas étendre aux autres sources.
src_845baa6b22e3,Élections Québec,Rapports financiers des partis politiques autorisés : Parti libéral du Québec (PDF),https://donnees.electionsquebec.qc.ca/autres/rapports-financiers/2022/2022-parti-liberal-du-quebec.pdf,Rapports financiers des partis politiques autorisés : Parti libéral du Québec (PDF),PDF,selon fichier; voir dictionnaire et index,selon index officiel,selon publication officielle,EQ-nonprofit-no-adaptation,https://www.electionsquebec.qc.ca/notre-institution/conditions-dutilisation/,GET PDF,2026-10-03,lien présent dans index officiel; HTTP séparé dans download_log.csv,potentielles dans rapports; bruts non versionnés,raw_download,original_nonprofit_only,local_only,https://www.electionsquebec.qc.ca/financement-depenses-et-contributions/rapports-financiers-des-entites-politiques/,finance,NA,true,Licence vérifiée pour le portail dgeq.org uniquement; ne pas étendre aux autres sources.
src_0b7a46df3ff2,Élections Québec,Rapports financiers des partis politiques autorisés : Parti libertarien du Québec (PDF),https://donnees.electionsquebec.qc.ca/autres/rapports-financiers/2022/2022-parti-libertarien.pdf,Rapports financiers des partis politiques autorisés : Parti libertarien du Québec (PDF),PDF,selon fichier; voir dictionnaire et index,selon index officiel,selon publication officielle,EQ-nonprofit-no-adaptation,https://www.electionsquebec.qc.ca/notre-institution/conditions-dutilisation/,GET PDF,2026-10-03,lien présent dans index officiel; HTTP séparé dans download_log.csv,potentielles dans rapports; bruts non versionnés,raw_download,original_nonprofit_only,local_only,https://www.electionsquebec.qc.ca/financement-depenses-et-contributions/rapports-financiers-des-entites-politiques/,finance,NA,true,Licence vérifiée pour le portail dgeq.org uniquement; ne pas étendre aux autres sources.
src_eca05b07125b,Élections Québec,Rapports financiers des partis politiques autorisés : Parti marxiste-léniniste du Québec (PDF),https://donnees.electionsquebec.qc.ca/autres/rapports-financiers/2022/2022-parti-marxiste-leniniste-du-quebec.pdf,Rapports financiers des partis politiques autorisés : Parti marxiste-léniniste du Québec (PDF),PDF,selon fichier; voir dictionnaire et index,selon index officiel,selon publication officielle,EQ-nonprofit-no-adaptation,https://www.electionsquebec.qc.ca/notre-institution/conditions-dutilisation/,GET PDF,2026-10-03,lien présent dans index officiel; HTTP séparé dans download_log.csv,potentielles dans rapports; bruts non versionnés,raw_download,original_nonprofit_only,local_only,https://www.electionsquebec.qc.ca/financement-depenses-et-contributions/rapports-financiers-des-entites-politiques/,finance,NA,true,Licence vérifiée pour le portail dgeq.org uniquement; ne pas étendre aux autres sources.
src_16def4ce33a4,Élections Québec,Rapports financiers des partis politiques autorisés : Parti nul (PDF),https://donnees.electionsquebec.qc.ca/autres/rapports-financiers/2022/2022-parti-nul.pdf,Rapports financiers des partis politiques autorisés : Parti nul (PDF),PDF,selon fichier; voir dictionnaire et index,selon index officiel,selon publication officielle,EQ-nonprofit-no-adaptation,https://www.electionsquebec.qc.ca/notre-institution/conditions-dutilisation/,GET PDF,2026-10-03,lien présent dans index officiel; HTTP séparé dans download_log.csv,potentielles dans rapports; bruts non versionnés,raw_download,original_nonprofit_only,local_only,https://www.electionsquebec.qc.ca/financement-depenses-et-contributions/rapports-financiers-des-entites-politiques/,finance,NA,true,Licence vérifiée pour le portail dgeq.org uniquement; ne pas étendre aux autres sources.
src_e7445643d3d4,Élections Québec,Rapports financiers des partis politiques autorisés : Parti pour l’indépendance du Québec (PDF),https://donnees.electionsquebec.qc.ca/autres/rapports-financiers/2022/2022-parti-pour-lindependance-du-quebec.pdf,Rapports financiers des partis politiques autorisés : Parti pour l’indépendance du Québec (PDF),PDF,selon fichier; voir dictionnaire et index,selon index officiel,selon publication officielle,EQ-nonprofit-no-adaptation,https://www.electionsquebec.qc.ca/notre-institution/conditions-dutilisation/,GET PDF,2026-10-03,lien présent dans index officiel; HTTP séparé dans download_log.csv,potentielles dans rapports; bruts non versionnés,raw_download,original_nonprofit_only,local_only,https://www.electionsquebec.qc.ca/financement-depenses-et-contributions/rapports-financiers-des-entites-politiques/,finance,NA,true,Licence vérifiée pour le portail dgeq.org uniquement; ne pas étendre aux autres sources.
src_3d51b813921f,Élections Québec,Rapports financiers des partis politiques autorisés : Parti québécois (PDF),https://donnees.electionsquebec.qc.ca/autres/rapports-financiers/2022/2022-parti-quebecois.pdf,Rapports financiers des partis politiques autorisés : Parti québécois (PDF),PDF,selon fichier; voir dictionnaire et index,selon index officiel,selon publication officielle,EQ-nonprofit-no-adaptation,https://www.electionsquebec.qc.ca/notre-institution/conditions-dutilisation/,GET PDF,2026-10-03,lien présent dans index officiel; HTTP séparé dans download_log.csv,potentielles dans rapports; bruts non versionnés,raw_download,original_nonprofit_only,local_only,https://www.electionsquebec.qc.ca/financement-depenses-et-contributions/rapports-financiers-des-entites-politiques/,finance,NA,true,Licence vérifiée pour le portail dgeq.org uniquement; ne pas étendre aux autres sources.
src_06c98e429bbc,Élections Québec,Rapports financiers des partis politiques autorisés : Parti vert du Québec (PDF),https://donnees.electionsquebec.qc.ca/autres/rapports-financiers/2022/2022-parti-vert-du-quebec.pdf,Rapports financiers des partis politiques autorisés : Parti vert du Québec (PDF),PDF,selon fichier; voir dictionnaire et index,selon index officiel,selon publication officielle,EQ-nonprofit-no-adaptation,https://www.electionsquebec.qc.ca/notre-institution/conditions-dutilisation/,GET PDF,2026-10-03,lien présent dans index officiel; HTTP séparé dans download_log.csv,potentielles dans rapports; bruts non versionnés,raw_download,original_nonprofit_only,local_only,https://www.electionsquebec.qc.ca/financement-depenses-et-contributions/rapports-financiers-des-entites-politiques/,finance,NA,true,Licence vérifiée pour le portail dgeq.org uniquement; ne pas étendre aux autres sources.
src_dd29e2c459c7,Élections Québec,Rapports financiers des partis politiques autorisés : Québec intégrité (PDF),https://donnees.electionsquebec.qc.ca/autres/rapports-financiers/2022/2022-quebec-integrite.pdf,Rapports financiers des partis politiques autorisés : Québec intégrité (PDF),PDF,selon fichier; voir dictionnaire et index,selon index officiel,selon publication officielle,EQ-nonprofit-no-adaptation,https://www.electionsquebec.qc.ca/notre-institution/conditions-dutilisation/,GET PDF,2026-10-03,lien présent dans index officiel; HTTP séparé dans download_log.csv,potentielles dans rapports; bruts non versionnés,raw_download,original_nonprofit_only,local_only,https://www.electionsquebec.qc.ca/financement-depenses-et-contributions/rapports-financiers-des-entites-politiques/,finance,NA,true,Licence vérifiée pour le portail dgeq.org uniquement; ne pas étendre aux autres sources.
src_945db0e19a86,Élections Québec,Rapports financiers des partis politiques autorisés : Québec solidaire (PDF),https://donnees.electionsquebec.qc.ca/autres/rapports-financiers/2022/2022-quebec-solidaire.pdf,Rapports financiers des partis politiques autorisés : Québec solidaire (PDF),PDF,selon fichier; voir dictionnaire et index,selon index officiel,selon publication officielle,EQ-nonprofit-no-adaptation,https://www.electionsquebec.qc.ca/notre-institution/conditions-dutilisation/,GET PDF,2026-10-03,lien présent dans index officiel; HTTP séparé dans download_log.csv,potentielles dans rapports; bruts non versionnés,raw_download,original_nonprofit_only,local_only,https://www.electionsquebec.qc.ca/financement-depenses-et-contributions/rapports-financiers-des-entites-politiques/,finance,NA,true,Licence vérifiée pour le portail dgeq.org uniquement; ne pas étendre aux autres sources.
src_50e87f4bc76d,Élections Québec,Rapports financiers des partis politiques autorisés : Union nationale (PDF),https://donnees.electionsquebec.qc.ca/autres/rapports-financiers/2022/2022-union-nationale.pdf,Rapports financiers des partis politiques autorisés : Union nationale (PDF),PDF,selon fichier; voir dictionnaire et index,selon index officiel,selon publication officielle,EQ-nonprofit-no-adaptation,https://www.electionsquebec.qc.ca/notre-institution/conditions-dutilisation/,GET PDF,2026-10-03,lien présent dans index officiel; HTTP séparé dans download_log.csv,potentielles dans rapports; bruts non versionnés,raw_download,original_nonprofit_only,local_only,https://www.electionsquebec.qc.ca/financement-depenses-et-contributions/rapports-financiers-des-entites-politiques/,finance,NA,true,Licence vérifiée pour le portail dgeq.org uniquement; ne pas étendre aux autres sources.
src_ef3f44f8c54b,Élections Québec,Sommaire des rapports financiers des entités politiques autorisées : Récapitulation des revenus et des dépenses (PDF),https://donnees.electionsquebec.qc.ca/autres/rapports-financiers/2022/2022-recapitulation-revenus-depenses-instances.pdf,Sommaire des rapports financiers des entités politiques autorisées : Récapitulation des revenus et des dépenses (PDF),PDF,selon fichier; voir dictionnaire et index,selon index officiel,selon publication officielle,EQ-nonprofit-no-adaptation,https://www.electionsquebec.qc.ca/notre-institution/conditions-dutilisation/,GET PDF,2026-10-03,lien présent dans index officiel; HTTP séparé dans download_log.csv,potentielles dans rapports; bruts non versionnés,raw_download,original_nonprofit_only,local_only,https://www.electionsquebec.qc.ca/financement-depenses-et-contributions/rapports-financiers-des-entites-politiques/,finance,NA,true,Licence vérifiée pour le portail dgeq.org uniquement; ne pas étendre aux autres sources.
src_f87b90873988,Élections Québec,Rapports financiers du député indépendant autorisé : Guy Ouellette (PDF),https://donnees.electionsquebec.qc.ca/autres/rapports-financiers/2022/2022-Guy_Ouellette.pdf,Rapports financiers du député indépendant autorisé : Guy Ouellette (PDF),PDF,selon fichier; voir dictionnaire et index,selon index officiel,selon publication officielle,EQ-nonprofit-no-adaptation,https://www.electionsquebec.qc.ca/notre-institution/conditions-dutilisation/,GET PDF,2026-10-03,lien présent dans index officiel; HTTP séparé dans download_log.csv,potentielles dans rapports; bruts non versionnés,raw_download,original_nonprofit_only,local_only,https://www.electionsquebec.qc.ca/financement-depenses-et-contributions/rapports-financiers-des-entites-politiques/,finance,NA,true,Licence vérifiée pour le portail dgeq.org uniquement; ne pas étendre aux autres sources.
src_20b050cb2b74,Élections Québec,Rapports financiers des candidats indépendants autorisés : Alain Bélanger (PDF),https://donnees.electionsquebec.qc.ca/autres/rapports-financiers/2022/2022-Alain_Belanger.pdf,Rapports financiers des candidats indépendants autorisés : Alain Bélanger (PDF),PDF,selon fichier; voir dictionnaire et index,selon index officiel,selon publication officielle,EQ-nonprofit-no-adaptation,https://www.electionsquebec.qc.ca/notre-institution/conditions-dutilisation/,GET PDF,2026-10-03,lien présent dans index officiel; HTTP séparé dans download_log.csv,potentielles dans rapports; bruts non versionnés,raw_download,original_nonprofit_only,local_only,https://www.electionsquebec.qc.ca/financement-depenses-et-contributions/rapports-financiers-des-entites-politiques/,finance,NA,true,Licence vérifiée pour le portail dgeq.org uniquement; ne pas étendre aux autres sources.
src_678ea79704de,Élections Québec,Rapports financiers des candidats indépendants autorisés : Félix Vincent Ardea (PDF),https://donnees.electionsquebec.qc.ca/autres/rapports-financiers/2022/2022-Felix_Vincent_Ardea.pdf,Rapports financiers des candidats indépendants autorisés : Félix Vincent Ardea (PDF),PDF,selon fichier; voir dictionnaire et index,selon index officiel,selon publication officielle,EQ-nonprofit-no-adaptation,https://www.electionsquebec.qc.ca/notre-institution/conditions-dutilisation/,GET PDF,2026-10-03,lien présent dans index officiel; HTTP séparé dans download_log.csv,potentielles dans rapports; bruts non versionnés,raw_download,original_nonprofit_only,local_only,https://www.electionsquebec.qc.ca/financement-depenses-et-contributions/rapports-financiers-des-entites-politiques/,finance,NA,true,Licence vérifiée pour le portail dgeq.org uniquement; ne pas étendre aux autres sources.
src_2a046ae04271,Élections Québec,Rapports financiers des candidats indépendants autorisés : Gilles Babin (PDF),https://donnees.electionsquebec.qc.ca/autres/rapports-financiers/2022/2022-Gilles_Babin.pdf,Rapports financiers des candidats indépendants autorisés : Gilles Babin (PDF),PDF,selon fichier; voir dictionnaire et index,selon index officiel,selon publication officielle,EQ-nonprofit-no-adaptation,https://www.electionsquebec.qc.ca/notre-institution/conditions-dutilisation/,GET PDF,2026-10-03,lien présent dans index officiel; HTTP séparé dans download_log.csv,potentielles dans rapports; bruts non versionnés,raw_download,original_nonprofit_only,local_only,https://www.electionsquebec.qc.ca/financement-depenses-et-contributions/rapports-financiers-des-entites-politiques/,finance,NA,true,Licence vérifiée pour le portail dgeq.org uniquement; ne pas étendre aux autres sources.
src_14dc136c3aa7,Élections Québec,Rapports financiers des candidats indépendants autorisés : Jean-Patrick Berthiaume (PDF),https://donnees.electionsquebec.qc.ca/autres/rapports-financiers/2022/2022-Jean-Patrick_Berthiaume.pdf,Rapports financiers des candidats indépendants autorisés : Jean-Patrick Berthiaume (PDF),PDF,selon fichier; voir dictionnaire et index,selon index officiel,selon publication officielle,EQ-nonprofit-no-adaptation,https://www.electionsquebec.qc.ca/notre-institution/conditions-dutilisation/,GET PDF,2026-10-03,lien présent dans index officiel; HTTP séparé dans download_log.csv,potentielles dans rapports; bruts non versionnés,raw_download,original_nonprofit_only,local_only,https://www.electionsquebec.qc.ca/financement-depenses-et-contributions/rapports-financiers-des-entites-politiques/,finance,NA,true,Licence vérifiée pour le portail dgeq.org uniquement; ne pas étendre aux autres sources.
src_ade90b033b7a,Élections Québec,Rapports financiers des candidats indépendants autorisés : Kassandre Chéry Théodat (PDF),https://donnees.electionsquebec.qc.ca/autres/rapports-financiers/2022/2022-Kassandre_Chery_Theodat.pdf,Rapports financiers des candidats indépendants autorisés : Kassandre Chéry Théodat (PDF),PDF,selon fichier; voir dictionnaire et index,selon index officiel,selon publication officielle,EQ-nonprofit-no-adaptation,https://www.electionsquebec.qc.ca/notre-institution/conditions-dutilisation/,GET PDF,2026-10-03,lien présent dans index officiel; HTTP séparé dans download_log.csv,potentielles dans rapports; bruts non versionnés,raw_download,original_nonprofit_only,local_only,https://www.electionsquebec.qc.ca/financement-depenses-et-contributions/rapports-financiers-des-entites-politiques/,finance,NA,true,Licence vérifiée pour le portail dgeq.org uniquement; ne pas étendre aux autres sources.
src_214987e95e50,Élections Québec,Rapports financiers des candidats indépendants autorisés : Katy LeRougetel (PDF),https://donnees.electionsquebec.qc.ca/autres/rapports-financiers/2022/2022-Katy_LeRougetel.pdf,Rapports financiers des candidats indépendants autorisés : Katy LeRougetel (PDF),PDF,selon fichier; voir dictionnaire et index,selon index officiel,selon publication officielle,EQ-nonprofit-no-adaptation,https://www.electionsquebec.qc.ca/notre-institution/conditions-dutilisation/,GET PDF,2026-10-03,lien présent dans index officiel; HTTP séparé dans download_log.csv,potentielles dans rapports; bruts non versionnés,raw_download,original_nonprofit_only,local_only,https://www.electionsquebec.qc.ca/financement-depenses-et-contributions/rapports-financiers-des-entites-politiques/,finance,NA,true,Licence vérifiée pour le portail dgeq.org uniquement; ne pas étendre aux autres sources.
src_65713a00c1bc,Élections Québec,Rapports financiers des candidats indépendants autorisés : Lucien Beauregard (PDF),https://donnees.electionsquebec.qc.ca/autres/rapports-financiers/2022/2022-Lucien_Beauregard.pdf,Rapports financiers des candidats indépendants autorisés : Lucien Beauregard (PDF),PDF,selon fichier; voir dictionnaire et index,selon index officiel,selon publication officielle,EQ-nonprofit-no-adaptation,https://www.electionsquebec.qc.ca/notre-institution/conditions-dutilisation/,GET PDF,2026-10-03,lien présent dans index officiel; HTTP séparé dans download_log.csv,potentielles dans rapports; bruts non versionnés,raw_download,original_nonprofit_only,local_only,https://www.electionsquebec.qc.ca/financement-depenses-et-contributions/rapports-financiers-des-entites-politiques/,finance,NA,true,Licence vérifiée pour le portail dgeq.org uniquement; ne pas étendre aux autres sources.
src_cbaf90c3a68c,Élections Québec,Rapports financiers des candidats indépendants autorisés : Marie-Soleil Fillion (PDF),https://donnees.electionsquebec.qc.ca/autres/rapports-financiers/2022/2022-Marie-Soleil_Fillion.pdf,Rapports financiers des candidats indépendants autorisés : Marie-Soleil Fillion (PDF),PDF,selon fichier; voir dictionnaire et index,selon index officiel,selon publication officielle,EQ-nonprofit-no-adaptation,https://www.electionsquebec.qc.ca/notre-institution/conditions-dutilisation/,GET PDF,2026-10-03,lien présent dans index officiel; HTTP séparé dans download_log.csv,potentielles dans rapports; bruts non versionnés,raw_download,original_nonprofit_only,local_only,https://www.electionsquebec.qc.ca/financement-depenses-et-contributions/rapports-financiers-des-entites-politiques/,finance,NA,true,Licence vérifiée pour le portail dgeq.org uniquement; ne pas étendre aux autres sources.
src_cdff887a5b04,Élections Québec,Rapports financiers des candidats indépendants autorisés : Mathieu Guillemette (PDF),https://donnees.electionsquebec.qc.ca/autres/rapports-financiers/2022/2022-Mathieu_Guillemette.pdf,Rapports financiers des candidats indépendants autorisés : Mathieu Guillemette (PDF),PDF,selon fichier; voir dictionnaire et index,selon index officiel,selon publication officielle,EQ-nonprofit-no-adaptation,https://www.electionsquebec.qc.ca/notre-institution/conditions-dutilisation/,GET PDF,2026-10-03,lien présent dans index officiel; HTTP séparé dans download_log.csv,potentielles dans rapports; bruts non versionnés,raw_download,original_nonprofit_only,local_only,https://www.electionsquebec.qc.ca/financement-depenses-et-contributions/rapports-financiers-des-entites-politiques/,finance,NA,true,Licence vérifiée pour le portail dgeq.org uniquement; ne pas étendre aux autres sources.
src_c96ce46e6374,Élections Québec,Rapports financiers des candidats indépendants autorisés : Patrick Bourson (PDF),https://donnees.electionsquebec.qc.ca/autres/rapports-financiers/2022/2022-Patrick_Bourson.pdf,Rapports financiers des candidats indépendants autorisés : Patrick Bourson (PDF),PDF,selon fichier; voir dictionnaire et index,selon index officiel,selon publication officielle,EQ-nonprofit-no-adaptation,https://www.electionsquebec.qc.ca/notre-institution/conditions-dutilisation/,GET PDF,2026-10-03,lien présent dans index officiel; HTTP séparé dans download_log.csv,potentielles dans rapports; bruts non versionnés,raw_download,original_nonprofit_only,local_only,https://www.electionsquebec.qc.ca/financement-depenses-et-contributions/rapports-financiers-des-entites-politiques/,finance,NA,true,Licence vérifiée pour le portail dgeq.org uniquement; ne pas étendre aux autres sources.
src_bea0d9ef1d15,Élections Québec,Rapports financiers des candidats indépendants autorisés : Philippe Tessier (PDF),https://donnees.electionsquebec.qc.ca/autres/rapports-financiers/2022/2022-Philippe_Tessier.pdf,Rapports financiers des candidats indépendants autorisés : Philippe Tessier (PDF),PDF,selon fichier; voir dictionnaire et index,selon index officiel,selon publication officielle,EQ-nonprofit-no-adaptation,https://www.electionsquebec.qc.ca/notre-institution/conditions-dutilisation/,GET PDF,2026-10-03,lien présent dans index officiel; HTTP séparé dans download_log.csv,potentielles dans rapports; bruts non versionnés,raw_download,original_nonprofit_only,local_only,https://www.electionsquebec.qc.ca/financement-depenses-et-contributions/rapports-financiers-des-entites-politiques/,finance,NA,true,Licence vérifiée pour le portail dgeq.org uniquement; ne pas étendre aux autres sources.
src_04c89e4f89ee,Élections Québec,Rapports financiers des candidats indépendants autorisés : Raymond de Martin (PDF),https://donnees.electionsquebec.qc.ca/autres/rapports-financiers/2022/2022-Raymond_deMartin.pdf,Rapports financiers des candidats indépendants autorisés : Raymond de Martin (PDF),PDF,selon fichier; voir dictionnaire et index,selon index officiel,selon publication officielle,EQ-nonprofit-no-adaptation,https://www.electionsquebec.qc.ca/notre-institution/conditions-dutilisation/,GET PDF,2026-10-03,lien présent dans index officiel; HTTP séparé dans download_log.csv,potentielles dans rapports; bruts non versionnés,raw_download,original_nonprofit_only,local_only,https://www.electionsquebec.qc.ca/financement-depenses-et-contributions/rapports-financiers-des-entites-politiques/,finance,NA,true,Licence vérifiée pour le portail dgeq.org uniquement; ne pas étendre aux autres sources.
src_9af91896facf,Élections Québec,Rapports financiers des candidats indépendants autorisés : Sébastien Houle (PDF),https://donnees.electionsquebec.qc.ca/autres/rapports-financiers/2022/2022-Sebastien_Houle.pdf,Rapports financiers des candidats indépendants autorisés : Sébastien Houle (PDF),PDF,selon fichier; voir dictionnaire et index,selon index officiel,selon publication officielle,EQ-nonprofit-no-adaptation,https://www.electionsquebec.qc.ca/notre-institution/conditions-dutilisation/,GET PDF,2026-10-03,lien présent dans index officiel; HTTP séparé dans download_log.csv,potentielles dans rapports; bruts non versionnés,raw_download,original_nonprofit_only,local_only,https://www.electionsquebec.qc.ca/financement-depenses-et-contributions/rapports-financiers-des-entites-politiques/,finance,NA,true,Licence vérifiée pour le portail dgeq.org uniquement; ne pas étendre aux autres sources.
src_b09d549f52ad,Élections Québec,Rapports financiers des candidats indépendants autorisés : Smaille Toussaint (PDF),https://donnees.electionsquebec.qc.ca/autres/rapports-financiers/2022/2022-Smaille_Toussaint.pdf,Rapports financiers des candidats indépendants autorisés : Smaille Toussaint (PDF),PDF,selon fichier; voir dictionnaire et index,selon index officiel,selon publication officielle,EQ-nonprofit-no-adaptation,https://www.electionsquebec.qc.ca/notre-institution/conditions-dutilisation/,GET PDF,2026-10-03,lien présent dans index officiel; HTTP séparé dans download_log.csv,potentielles dans rapports; bruts non versionnés,raw_download,original_nonprofit_only,local_only,https://www.electionsquebec.qc.ca/financement-depenses-et-contributions/rapports-financiers-des-entites-politiques/,finance,NA,true,Licence vérifiée pour le portail dgeq.org uniquement; ne pas étendre aux autres sources.
src_183a98cc0bf4,Élections Québec,Rapports financiers des partis politiques autorisés : Bloc pot (PDF),https://donnees.electionsquebec.qc.ca/autres/rapports-financiers/2021/2021-bloc-pot.pdf,Rapports financiers des partis politiques autorisés : Bloc pot (PDF),PDF,selon fichier; voir dictionnaire et index,selon index officiel,selon publication officielle,EQ-nonprofit-no-adaptation,https://www.electionsquebec.qc.ca/notre-institution/conditions-dutilisation/,GET PDF,2026-10-03,lien présent dans index officiel; HTTP séparé dans download_log.csv,potentielles dans rapports; bruts non versionnés,raw_download,original_nonprofit_only,local_only,https://www.electionsquebec.qc.ca/financement-depenses-et-contributions/rapports-financiers-des-entites-politiques/,finance,NA,true,Licence vérifiée pour le portail dgeq.org uniquement; ne pas étendre aux autres sources.
src_d69ef57bf71f,Élections Québec,Rapports financiers des partis politiques autorisés : Citoyens au pouvoir du Québec (PDF),https://donnees.electionsquebec.qc.ca/autres/rapports-financiers/2021/2021-citoyens-au-pouvoir-du-quebec.pdf,Rapports financiers des partis politiques autorisés : Citoyens au pouvoir du Québec (PDF),PDF,selon fichier; voir dictionnaire et index,selon index officiel,selon publication officielle,EQ-nonprofit-no-adaptation,https://www.electionsquebec.qc.ca/notre-institution/conditions-dutilisation/,GET PDF,2026-10-03,lien présent dans index officiel; HTTP séparé dans download_log.csv,potentielles dans rapports; bruts non versionnés,raw_download,original_nonprofit_only,local_only,https://www.electionsquebec.qc.ca/financement-depenses-et-contributions/rapports-financiers-des-entites-politiques/,finance,NA,true,Licence vérifiée pour le portail dgeq.org uniquement; ne pas étendre aux autres sources.
src_2ec4ed615282,Élections Québec,Rapports financiers des partis politiques autorisés : Climat Québec (PDF),https://donnees.electionsquebec.qc.ca/autres/rapports-financiers/2021/2021-climat-quebec.pdf,Rapports financiers des partis politiques autorisés : Climat Québec (PDF),PDF,selon fichier; voir dictionnaire et index,selon index officiel,selon publication officielle,EQ-nonprofit-no-adaptation,https://www.electionsquebec.qc.ca/notre-institution/conditions-dutilisation/,GET PDF,2026-10-03,lien présent dans index officiel; HTTP séparé dans download_log.csv,potentielles dans rapports; bruts non versionnés,raw_download,original_nonprofit_only,local_only,https://www.electionsquebec.qc.ca/financement-depenses-et-contributions/rapports-financiers-des-entites-politiques/,finance,NA,true,Licence vérifiée pour le portail dgeq.org uniquement; ne pas étendre aux autres sources.
src_839eb18fb2a9,Élections Québec,Rapports financiers des partis politiques autorisés : Coalition avenir Québec – L’équipe François Legault (PDF),https://donnees.electionsquebec.qc.ca/autres/rapports-financiers/2021/2021-coalition-avenir-quebec.pdf,Rapports financiers des partis politiques autorisés : Coalition avenir Québec – L’équipe François Legault (PDF),PDF,selon fichier; voir dictionnaire et index,selon index officiel,selon publication officielle,EQ-nonprofit-no-adaptation,https://www.electionsquebec.qc.ca/notre-institution/conditions-dutilisation/,GET PDF,2026-10-03,lien présent dans index officiel; HTTP séparé dans download_log.csv,potentielles dans rapports; bruts non versionnés,raw_download,original_nonprofit_only,local_only,https://www.electionsquebec.qc.ca/financement-depenses-et-contributions/rapports-financiers-des-entites-politiques/,finance,NA,true,Licence vérifiée pour le portail dgeq.org uniquement; ne pas étendre aux autres sources.
src_6b9a22aa98e9,Élections Québec,Rapports financiers des partis politiques autorisés : Équipe autonomiste (PDF),https://donnees.electionsquebec.qc.ca/autres/rapports-financiers/2021/2021-equipe-autonomiste.pdf,Rapports financiers des partis politiques autorisés : Équipe autonomiste (PDF),PDF,selon fichier; voir dictionnaire et index,selon index officiel,selon publication officielle,EQ-nonprofit-no-adaptation,https://www.electionsquebec.qc.ca/notre-institution/conditions-dutilisation/,GET PDF,2026-10-03,lien présent dans index officiel; HTTP séparé dans download_log.csv,potentielles dans rapports; bruts non versionnés,raw_download,original_nonprofit_only,local_only,https://www.electionsquebec.qc.ca/financement-depenses-et-contributions/rapports-financiers-des-entites-politiques/,finance,NA,true,Licence vérifiée pour le portail dgeq.org uniquement; ne pas étendre aux autres sources.
src_73b4206cabc5,Élections Québec,Rapports financiers des partis politiques autorisés : Nouveau Parti démocratique du Québec (PDF),https://donnees.electionsquebec.qc.ca/autres/rapports-financiers/2021/2021-nouveau-parti-democratique-du-quebec.pdf,Rapports financiers des partis politiques autorisés : Nouveau Parti démocratique du Québec (PDF),PDF,selon fichier; voir dictionnaire et index,selon index officiel,selon publication officielle,EQ-nonprofit-no-adaptation,https://www.electionsquebec.qc.ca/notre-institution/conditions-dutilisation/,GET PDF,2026-10-03,lien présent dans index officiel; HTTP séparé dans download_log.csv,potentielles dans rapports; bruts non versionnés,raw_download,original_nonprofit_only,local_only,https://www.electionsquebec.qc.ca/financement-depenses-et-contributions/rapports-financiers-des-entites-politiques/,finance,NA,true,Licence vérifiée pour le portail dgeq.org uniquement; ne pas étendre aux autres sources.
src_27ed207ba624,Élections Québec,Rapports financiers des partis politiques autorisés : Parti 51 (PDF),https://donnees.electionsquebec.qc.ca/autres/rapports-financiers/2021/2021-parti-51.pdf,Rapports financiers des partis politiques autorisés : Parti 51 (PDF),PDF,selon fichier; voir dictionnaire et index,selon index officiel,selon publication officielle,EQ-nonprofit-no-adaptation,https://www.electionsquebec.qc.ca/notre-institution/conditions-dutilisation/,GET PDF,2026-10-03,lien présent dans index officiel; HTTP séparé dans download_log.csv,potentielles dans rapports; bruts non versionnés,raw_download,original_nonprofit_only,local_only,https://www.electionsquebec.qc.ca/financement-depenses-et-contributions/rapports-financiers-des-entites-politiques/,finance,NA,true,Licence vérifiée pour le portail dgeq.org uniquement; ne pas étendre aux autres sources.
src_5077ea4ccdc5,Élections Québec,Rapports financiers des partis politiques autorisés : Parti accès propriété et équité (PDF),https://donnees.electionsquebec.qc.ca/autres/rapports-financiers/2021/2021-parti-acces-propriete-et-equite.pdf,Rapports financiers des partis politiques autorisés : Parti accès propriété et équité (PDF),PDF,selon fichier; voir dictionnaire et index,selon index officiel,selon publication officielle,EQ-nonprofit-no-adaptation,https://www.electionsquebec.qc.ca/notre-institution/conditions-dutilisation/,GET PDF,2026-10-03,lien présent dans index officiel; HTTP séparé dans download_log.csv,potentielles dans rapports; bruts non versionnés,raw_download,original_nonprofit_only,local_only,https://www.electionsquebec.qc.ca/financement-depenses-et-contributions/rapports-financiers-des-entites-politiques/,finance,NA,true,Licence vérifiée pour le portail dgeq.org uniquement; ne pas étendre aux autres sources.
src_87672327e22a,Élections Québec,Rapports financiers des partis politiques autorisés : Parti Conservateur du Québec – Équipe Éric Duhaime (PDF),https://donnees.electionsquebec.qc.ca/autres/rapports-financiers/2021/2021-parti-conservateur-du-quebec.pdf,Rapports financiers des partis politiques autorisés : Parti Conservateur du Québec – Équipe Éric Duhaime (PDF),PDF,selon fichier; voir dictionnaire et index,selon index officiel,selon publication officielle,EQ-nonprofit-no-adaptation,https://www.electionsquebec.qc.ca/notre-institution/conditions-dutilisation/,GET PDF,2026-10-03,lien présent dans index officiel; HTTP séparé dans download_log.csv,potentielles dans rapports; bruts non versionnés,raw_download,original_nonprofit_only,local_only,https://www.electionsquebec.qc.ca/financement-depenses-et-contributions/rapports-financiers-des-entites-politiques/,finance,NA,true,Licence vérifiée pour le portail dgeq.org uniquement; ne pas étendre aux autres sources.
src_d9a571d64a43,Élections Québec,Rapports financiers des partis politiques autorisés : Parti culinaire du Québec (PDF),https://donnees.electionsquebec.qc.ca/autres/rapports-financiers/2021/2021-parti-culinaire-du-quebec.pdf,Rapports financiers des partis politiques autorisés : Parti culinaire du Québec (PDF),PDF,selon fichier; voir dictionnaire et index,selon index officiel,selon publication officielle,EQ-nonprofit-no-adaptation,https://www.electionsquebec.qc.ca/notre-institution/conditions-dutilisation/,GET PDF,2026-10-03,lien présent dans index officiel; HTTP séparé dans download_log.csv,potentielles dans rapports; bruts non versionnés,raw_download,original_nonprofit_only,local_only,https://www.electionsquebec.qc.ca/financement-depenses-et-contributions/rapports-financiers-des-entites-politiques/,finance,NA,true,Licence vérifiée pour le portail dgeq.org uniquement; ne pas étendre aux autres sources.
src_9a1ea8f29823,Élections Québec,Rapports financiers des partis politiques autorisés : Parti libéral du Québec (PDF),https://donnees.electionsquebec.qc.ca/autres/rapports-financiers/2021/2021-parti-liberal-du-quebec.pdf,Rapports financiers des partis politiques autorisés : Parti libéral du Québec (PDF),PDF,selon fichier; voir dictionnaire et index,selon index officiel,selon publication officielle,EQ-nonprofit-no-adaptation,https://www.electionsquebec.qc.ca/notre-institution/conditions-dutilisation/,GET PDF,2026-10-03,lien présent dans index officiel; HTTP séparé dans download_log.csv,potentielles dans rapports; bruts non versionnés,raw_download,original_nonprofit_only,local_only,https://www.electionsquebec.qc.ca/financement-depenses-et-contributions/rapports-financiers-des-entites-politiques/,finance,NA,true,Licence vérifiée pour le portail dgeq.org uniquement; ne pas étendre aux autres sources.
src_f87c3bf527a2,Élections Québec,Rapports financiers des partis politiques autorisés : Parti libre (PDF),https://donnees.electionsquebec.qc.ca/autres/rapports-financiers/2021/2021-parti-libre.pdf,Rapports financiers des partis politiques autorisés : Parti libre (PDF),PDF,selon fichier; voir dictionnaire et index,selon index officiel,selon publication officielle,EQ-nonprofit-no-adaptation,https://www.electionsquebec.qc.ca/notre-institution/conditions-dutilisation/,GET PDF,2026-10-03,lien présent dans index officiel; HTTP séparé dans download_log.csv,potentielles dans rapports; bruts non versionnés,raw_download,original_nonprofit_only,local_only,https://www.electionsquebec.qc.ca/financement-depenses-et-contributions/rapports-financiers-des-entites-politiques/,finance,NA,true,Licence vérifiée pour le portail dgeq.org uniquement; ne pas étendre aux autres sources.
src_9f2f0f6c475b,Élections Québec,Rapports financiers des partis politiques autorisés : Parti marxiste-léniniste du Québec (PDF),https://donnees.electionsquebec.qc.ca/autres/rapports-financiers/2021/2021-parti-marxiste-leniniste-du-quebec.pdf,Rapports financiers des partis politiques autorisés : Parti marxiste-léniniste du Québec (PDF),PDF,selon fichier; voir dictionnaire et index,selon index officiel,selon publication officielle,EQ-nonprofit-no-adaptation,https://www.electionsquebec.qc.ca/notre-institution/conditions-dutilisation/,GET PDF,2026-10-03,lien présent dans index officiel; HTTP séparé dans download_log.csv,potentielles dans rapports; bruts non versionnés,raw_download,original_nonprofit_only,local_only,https://www.electionsquebec.qc.ca/financement-depenses-et-contributions/rapports-financiers-des-entites-politiques/,finance,NA,true,Licence vérifiée pour le portail dgeq.org uniquement; ne pas étendre aux autres sources.
src_083d5316a9d7,Élections Québec,Rapports financiers des partis politiques autorisés : Parti nul (PDF),https://donnees.electionsquebec.qc.ca/autres/rapports-financiers/2021/2021-parti-nul.pdf,Rapports financiers des partis politiques autorisés : Parti nul (PDF),PDF,selon fichier; voir dictionnaire et index,selon index officiel,selon publication officielle,EQ-nonprofit-no-adaptation,https://www.electionsquebec.qc.ca/notre-institution/conditions-dutilisation/,GET PDF,2026-10-03,lien présent dans index officiel; HTTP séparé dans download_log.csv,potentielles dans rapports; bruts non versionnés,raw_download,original_nonprofit_only,local_only,https://www.electionsquebec.qc.ca/financement-depenses-et-contributions/rapports-financiers-des-entites-politiques/,finance,NA,true,Licence vérifiée pour le portail dgeq.org uniquement; ne pas étendre aux autres sources.
src_03307f0efba9,Élections Québec,Rapports financiers des partis politiques autorisés : Parti pour l’indépendance du Québec (PDF),https://donnees.electionsquebec.qc.ca/autres/rapports-financiers/2021/2021-parti-pour-lindependance-du-quebec.pdf,Rapports financiers des partis politiques autorisés : Parti pour l’indépendance du Québec (PDF),PDF,selon fichier; voir dictionnaire et index,selon index officiel,selon publication officielle,EQ-nonprofit-no-adaptation,https://www.electionsquebec.qc.ca/notre-institution/conditions-dutilisation/,GET PDF,2026-10-03,lien présent dans index officiel; HTTP séparé dans download_log.csv,potentielles dans rapports; bruts non versionnés,raw_download,original_nonprofit_only,local_only,https://www.electionsquebec.qc.ca/financement-depenses-et-contributions/rapports-financiers-des-entites-politiques/,finance,NA,true,Licence vérifiée pour le portail dgeq.org uniquement; ne pas étendre aux autres sources.
src_8de2ad80413f,Élections Québec,Rapports financiers des partis politiques autorisés : Parti québécois (PDF),https://donnees.electionsquebec.qc.ca/autres/rapports-financiers/2021/2021-parti-quebecois.pdf,Rapports financiers des partis politiques autorisés : Parti québécois (PDF),PDF,selon fichier; voir dictionnaire et index,selon index officiel,selon publication officielle,EQ-nonprofit-no-adaptation,https://www.electionsquebec.qc.ca/notre-institution/conditions-dutilisation/,GET PDF,2026-10-03,lien présent dans index officiel; HTTP séparé dans download_log.csv,potentielles dans rapports; bruts non versionnés,raw_download,original_nonprofit_only,local_only,https://www.electionsquebec.qc.ca/financement-depenses-et-contributions/rapports-financiers-des-entites-politiques/,finance,NA,true,Licence vérifiée pour le portail dgeq.org uniquement; ne pas étendre aux autres sources.
src_c5dc594cb4e3,Élections Québec,Rapports financiers des partis politiques autorisés : Parti royaliste du Québec (PDF),https://donnees.electionsquebec.qc.ca/autres/rapports-financiers/2021/2021-parti-royaliste-du-quebec.pdf,Rapports financiers des partis politiques autorisés : Parti royaliste du Québec (PDF),PDF,selon fichier; voir dictionnaire et index,selon index officiel,selon publication officielle,EQ-nonprofit-no-adaptation,https://www.electionsquebec.qc.ca/notre-institution/conditions-dutilisation/,GET PDF,2026-10-03,lien présent dans index officiel; HTTP séparé dans download_log.csv,potentielles dans rapports; bruts non versionnés,raw_download,original_nonprofit_only,local_only,https://www.electionsquebec.qc.ca/financement-depenses-et-contributions/rapports-financiers-des-entites-politiques/,finance,NA,true,Licence vérifiée pour le portail dgeq.org uniquement; ne pas étendre aux autres sources.
src_3418ed630670,Élections Québec,Rapports financiers des partis politiques autorisés : Parti vert du Québec (PDF),https://donnees.electionsquebec.qc.ca/autres/rapports-financiers/2021/2021-parti-vert-du-quebec.pdf,Rapports financiers des partis politiques autorisés : Parti vert du Québec (PDF),PDF,selon fichier; voir dictionnaire et index,selon index officiel,selon publication officielle,EQ-nonprofit-no-adaptation,https://www.electionsquebec.qc.ca/notre-institution/conditions-dutilisation/,GET PDF,2026-10-03,lien présent dans index officiel; HTTP séparé dans download_log.csv,potentielles dans rapports; bruts non versionnés,raw_download,original_nonprofit_only,local_only,https://www.electionsquebec.qc.ca/financement-depenses-et-contributions/rapports-financiers-des-entites-politiques/,finance,NA,true,Licence vérifiée pour le portail dgeq.org uniquement; ne pas étendre aux autres sources.
src_90967c6f4fa3,Élections Québec,Rapports financiers des partis politiques autorisés : Québec solidaire (PDF),https://donnees.electionsquebec.qc.ca/autres/rapports-financiers/2021/2021-quebec-solidaire.pdf,Rapports financiers des partis politiques autorisés : Québec solidaire (PDF),PDF,selon fichier; voir dictionnaire et index,selon index officiel,selon publication officielle,EQ-nonprofit-no-adaptation,https://www.electionsquebec.qc.ca/notre-institution/conditions-dutilisation/,GET PDF,2026-10-03,lien présent dans index officiel; HTTP séparé dans download_log.csv,potentielles dans rapports; bruts non versionnés,raw_download,original_nonprofit_only,local_only,https://www.electionsquebec.qc.ca/financement-depenses-et-contributions/rapports-financiers-des-entites-politiques/,finance,NA,true,Licence vérifiée pour le portail dgeq.org uniquement; ne pas étendre aux autres sources.
src_7d9f5a4ca37e,Élections Québec,Rapports financiers des partis politiques autorisés : Union nationale (PDF),https://donnees.electionsquebec.qc.ca/autres/rapports-financiers/2021/2021-union-nationale.pdf,Rapports financiers des partis politiques autorisés : Union nationale (PDF),PDF,selon fichier; voir dictionnaire et index,selon index officiel,selon publication officielle,EQ-nonprofit-no-adaptation,https://www.electionsquebec.qc.ca/notre-institution/conditions-dutilisation/,GET PDF,2026-10-03,lien présent dans index officiel; HTTP séparé dans download_log.csv,potentielles dans rapports; bruts non versionnés,raw_download,original_nonprofit_only,local_only,https://www.electionsquebec.qc.ca/financement-depenses-et-contributions/rapports-financiers-des-entites-politiques/,finance,NA,true,Licence vérifiée pour le portail dgeq.org uniquement; ne pas étendre aux autres sources.
src_3881b6441404,Élections Québec,Sommaire des rapports financiers des entités politiques autorisées : Récapitulation des revenus et des dépenses (PDF),https://donnees.electionsquebec.qc.ca/autres/rapports-financiers/2021/2021-recapitulation-revenus-depenses-instances.pdf,Sommaire des rapports financiers des entités politiques autorisées : Récapitulation des revenus et des dépenses (PDF),PDF,selon fichier; voir dictionnaire et index,selon index officiel,selon publication officielle,EQ-nonprofit-no-adaptation,https://www.electionsquebec.qc.ca/notre-institution/conditions-dutilisation/,GET PDF,2026-10-03,lien présent dans index officiel; HTTP séparé dans download_log.csv,potentielles dans rapports; bruts non versionnés,raw_download,original_nonprofit_only,local_only,https://www.electionsquebec.qc.ca/financement-depenses-et-contributions/rapports-financiers-des-entites-politiques/,finance,NA,true,Licence vérifiée pour le portail dgeq.org uniquement; ne pas étendre aux autres sources.
src_466e1d461a11,Élections Québec,Rapports financiers des députés indépendants autorisés : Catherine Fournier (PDF),https://donnees.electionsquebec.qc.ca/autres/rapports-financiers/2021/2021-catherine-fournier.pdf,Rapports financiers des députés indépendants autorisés : Catherine Fournier (PDF),PDF,selon fichier; voir dictionnaire et index,selon index officiel,selon publication officielle,EQ-nonprofit-no-adaptation,https://www.electionsquebec.qc.ca/notre-institution/conditions-dutilisation/,GET PDF,2026-10-03,lien présent dans index officiel; HTTP séparé dans download_log.csv,potentielles dans rapports; bruts non versionnés,raw_download,original_nonprofit_only,local_only,https://www.electionsquebec.qc.ca/financement-depenses-et-contributions/rapports-financiers-des-entites-politiques/,finance,NA,true,Licence vérifiée pour le portail dgeq.org uniquement; ne pas étendre aux autres sources.
src_a5755d671651,Élections Québec,Rapports financiers des députés indépendants autorisés : Guy Ouellette (PDF),https://donnees.electionsquebec.qc.ca/autres/rapports-financiers/2021/2021-guy-ouellette.pdf,Rapports financiers des députés indépendants autorisés : Guy Ouellette (PDF),PDF,selon fichier; voir dictionnaire et index,selon index officiel,selon publication officielle,EQ-nonprofit-no-adaptation,https://www.electionsquebec.qc.ca/notre-institution/conditions-dutilisation/,GET PDF,2026-10-03,lien présent dans index officiel; HTTP séparé dans download_log.csv,potentielles dans rapports; bruts non versionnés,raw_download,original_nonprofit_only,local_only,https://www.electionsquebec.qc.ca/financement-depenses-et-contributions/rapports-financiers-des-entites-politiques/,finance,NA,true,Licence vérifiée pour le portail dgeq.org uniquement; ne pas étendre aux autres sources.
src_fb2651494845,Élections Québec,Rapports financiers des partis politiques autorisés : Bloc pot (PDF),https://donnees.electionsquebec.qc.ca/autres/rapports-financiers/2020/2020-bloc-pot.pdf,Rapports financiers des partis politiques autorisés : Bloc pot (PDF),PDF,selon fichier; voir dictionnaire et index,selon index officiel,selon publication officielle,EQ-nonprofit-no-adaptation,https://www.electionsquebec.qc.ca/notre-institution/conditions-dutilisation/,GET PDF,2026-10-03,lien présent dans index officiel; HTTP séparé dans download_log.csv,potentielles dans rapports; bruts non versionnés,raw_download,original_nonprofit_only,local_only,https://www.electionsquebec.qc.ca/financement-depenses-et-contributions/rapports-financiers-des-entites-politiques/,finance,NA,true,Licence vérifiée pour le portail dgeq.org uniquement; ne pas étendre aux autres sources.
src_115a079ab306,Élections Québec,Rapports financiers des partis politiques autorisés : Citoyens au pouvoir du Québec (PDF),https://donnees.electionsquebec.qc.ca/autres/rapports-financiers/2020/2020-citoyens-au-pouvoir-du-quebec.pdf,Rapports financiers des partis politiques autorisés : Citoyens au pouvoir du Québec (PDF),PDF,selon fichier; voir dictionnaire et index,selon index officiel,selon publication officielle,EQ-nonprofit-no-adaptation,https://www.electionsquebec.qc.ca/notre-institution/conditions-dutilisation/,GET PDF,2026-10-03,lien présent dans index officiel; HTTP séparé dans download_log.csv,potentielles dans rapports; bruts non versionnés,raw_download,original_nonprofit_only,local_only,https://www.electionsquebec.qc.ca/financement-depenses-et-contributions/rapports-financiers-des-entites-politiques/,finance,NA,true,Licence vérifiée pour le portail dgeq.org uniquement; ne pas étendre aux autres sources.
src_c77306c24d74,Élections Québec,Rapports financiers des partis politiques autorisés : Coalition avenir Québec – L’équipe François Legault (PDF),https://donnees.electionsquebec.qc.ca/autres/rapports-financiers/2020/2020-coalition-avenir-quebec.pdf,Rapports financiers des partis politiques autorisés : Coalition avenir Québec – L’équipe François Legault (PDF),PDF,selon fichier; voir dictionnaire et index,selon index officiel,selon publication officielle,EQ-nonprofit-no-adaptation,https://www.electionsquebec.qc.ca/notre-institution/conditions-dutilisation/,GET PDF,2026-10-03,lien présent dans index officiel; HTTP séparé dans download_log.csv,potentielles dans rapports; bruts non versionnés,raw_download,original_nonprofit_only,local_only,https://www.electionsquebec.qc.ca/financement-depenses-et-contributions/rapports-financiers-des-entites-politiques/,finance,NA,true,Licence vérifiée pour le portail dgeq.org uniquement; ne pas étendre aux autres sources.
src_54b48e4576fa,Élections Québec,Rapports financiers des partis politiques autorisés : Équipe autonomiste (PDF),https://donnees.electionsquebec.qc.ca/autres/rapports-financiers/2020/2020-equipe-autonomiste.pdf,Rapports financiers des partis politiques autorisés : Équipe autonomiste (PDF),PDF,selon fichier; voir dictionnaire et index,selon index officiel,selon publication officielle,EQ-nonprofit-no-adaptation,https://www.electionsquebec.qc.ca/notre-institution/conditions-dutilisation/,GET PDF,2026-10-03,lien présent dans index officiel; HTTP séparé dans download_log.csv,potentielles dans rapports; bruts non versionnés,raw_download,original_nonprofit_only,local_only,https://www.electionsquebec.qc.ca/financement-depenses-et-contributions/rapports-financiers-des-entites-politiques/,finance,NA,true,Licence vérifiée pour le portail dgeq.org uniquement; ne pas étendre aux autres sources.
src_1a978f7fe3c7,Élections Québec,Rapports financiers des partis politiques autorisés : Nouveau Parti démocratique du Québec (PDF),https://donnees.electionsquebec.qc.ca/autres/rapports-financiers/2020/2020-nouveau-parti-democratique-du-quebec.pdf,Rapports financiers des partis politiques autorisés : Nouveau Parti démocratique du Québec (PDF),PDF,selon fichier; voir dictionnaire et index,selon index officiel,selon publication officielle,EQ-nonprofit-no-adaptation,https://www.electionsquebec.qc.ca/notre-institution/conditions-dutilisation/,GET PDF,2026-10-03,lien présent dans index officiel; HTTP séparé dans download_log.csv,potentielles dans rapports; bruts non versionnés,raw_download,original_nonprofit_only,local_only,https://www.electionsquebec.qc.ca/financement-depenses-et-contributions/rapports-financiers-des-entites-politiques/,finance,NA,true,Licence vérifiée pour le portail dgeq.org uniquement; ne pas étendre aux autres sources.
src_140312574af1,Élections Québec,Rapports financiers des partis politiques autorisés : Parti 51 (PDF),https://donnees.electionsquebec.qc.ca/autres/rapports-financiers/2020/2020-parti-51.pdf,Rapports financiers des partis politiques autorisés : Parti 51 (PDF),PDF,selon fichier; voir dictionnaire et index,selon index officiel,selon publication officielle,EQ-nonprofit-no-adaptation,https://www.electionsquebec.qc.ca/notre-institution/conditions-dutilisation/,GET PDF,2026-10-03,lien présent dans index officiel; HTTP séparé dans download_log.csv,potentielles dans rapports; bruts non versionnés,raw_download,original_nonprofit_only,local_only,https://www.electionsquebec.qc.ca/financement-depenses-et-contributions/rapports-financiers-des-entites-politiques/,finance,NA,true,Licence vérifiée pour le portail dgeq.org uniquement; ne pas étendre aux autres sources.
src_6a1b5d8db7aa,Élections Québec,Rapports financiers des partis politiques autorisés : Parti animal du Québec (PDF),https://donnees.electionsquebec.qc.ca/autres/rapports-financiers/2020/2020-parti-animal-du-quebec.pdf,Rapports financiers des partis politiques autorisés : Parti animal du Québec (PDF),PDF,selon fichier; voir dictionnaire et index,selon index officiel,selon publication officielle,EQ-nonprofit-no-adaptation,https://www.electionsquebec.qc.ca/notre-institution/conditions-dutilisation/,GET PDF,2026-10-03,lien présent dans index officiel; HTTP séparé dans download_log.csv,potentielles dans rapports; bruts non versionnés,raw_download,original_nonprofit_only,local_only,https://www.electionsquebec.qc.ca/financement-depenses-et-contributions/rapports-financiers-des-entites-politiques/,finance,NA,true,Licence vérifiée pour le portail dgeq.org uniquement; ne pas étendre aux autres sources.
src_2cdc699b6ab3,Élections Québec,Rapports financiers des partis politiques autorisés : Parti conservateur du Québec (PDF),https://donnees.electionsquebec.qc.ca/autres/rapports-financiers/2020/2020-parti-conservateur-du-quebec.pdf,Rapports financiers des partis politiques autorisés : Parti conservateur du Québec (PDF),PDF,selon fichier; voir dictionnaire et index,selon index officiel,selon publication officielle,EQ-nonprofit-no-adaptation,https://www.electionsquebec.qc.ca/notre-institution/conditions-dutilisation/,GET PDF,2026-10-03,lien présent dans index officiel; HTTP séparé dans download_log.csv,potentielles dans rapports; bruts non versionnés,raw_download,original_nonprofit_only,local_only,https://www.electionsquebec.qc.ca/financement-depenses-et-contributions/rapports-financiers-des-entites-politiques/,finance,NA,true,Licence vérifiée pour le portail dgeq.org uniquement; ne pas étendre aux autres sources.
src_194531bf16f2,Élections Québec,Rapports financiers des partis politiques autorisés : Parti culinaire du Québec (PDF),https://donnees.electionsquebec.qc.ca/autres/rapports-financiers/2020/2020-parti-culinaire-du-quebec.pdf,Rapports financiers des partis politiques autorisés : Parti culinaire du Québec (PDF),PDF,selon fichier; voir dictionnaire et index,selon index officiel,selon publication officielle,EQ-nonprofit-no-adaptation,https://www.electionsquebec.qc.ca/notre-institution/conditions-dutilisation/,GET PDF,2026-10-03,lien présent dans index officiel; HTTP séparé dans download_log.csv,potentielles dans rapports; bruts non versionnés,raw_download,original_nonprofit_only,local_only,https://www.electionsquebec.qc.ca/financement-depenses-et-contributions/rapports-financiers-des-entites-politiques/,finance,NA,true,Licence vérifiée pour le portail dgeq.org uniquement; ne pas étendre aux autres sources.
src_8762a1d8570a,Élections Québec,Rapports financiers des partis politiques autorisés : Parti libéral du Québec (PDF),https://donnees.electionsquebec.qc.ca/autres/rapports-financiers/2020/2020-parti-liberal-du-quebec.pdf,Rapports financiers des partis politiques autorisés : Parti libéral du Québec (PDF),PDF,selon fichier; voir dictionnaire et index,selon index officiel,selon publication officielle,EQ-nonprofit-no-adaptation,https://www.electionsquebec.qc.ca/notre-institution/conditions-dutilisation/,GET PDF,2026-10-03,lien présent dans index officiel; HTTP séparé dans download_log.csv,potentielles dans rapports; bruts non versionnés,raw_download,original_nonprofit_only,local_only,https://www.electionsquebec.qc.ca/financement-depenses-et-contributions/rapports-financiers-des-entites-politiques/,finance,NA,true,Licence vérifiée pour le portail dgeq.org uniquement; ne pas étendre aux autres sources.
src_c58af81ddc84,Élections Québec,Rapports financiers des partis politiques autorisés : Parti libre (PDF),https://donnees.electionsquebec.qc.ca/autres/rapports-financiers/2020/2020-parti-libre.pdf,Rapports financiers des partis politiques autorisés : Parti libre (PDF),PDF,selon fichier; voir dictionnaire et index,selon index officiel,selon publication officielle,EQ-nonprofit-no-adaptation,https://www.electionsquebec.qc.ca/notre-institution/conditions-dutilisation/,GET PDF,2026-10-03,lien présent dans index officiel; HTTP séparé dans download_log.csv,potentielles dans rapports; bruts non versionnés,raw_download,original_nonprofit_only,local_only,https://www.electionsquebec.qc.ca/financement-depenses-et-contributions/rapports-financiers-des-entites-politiques/,finance,NA,true,Licence vérifiée pour le portail dgeq.org uniquement; ne pas étendre aux autres sources.
src_47f2e29d249f,Élections Québec,Rapports financiers des partis politiques autorisés : Parti marxiste-léniniste du Québec (PDF),https://donnees.electionsquebec.qc.ca/autres/rapports-financiers/2020/2020-parti-marxiste-leniniste-du-quebec.pdf,Rapports financiers des partis politiques autorisés : Parti marxiste-léniniste du Québec (PDF),PDF,selon fichier; voir dictionnaire et index,selon index officiel,selon publication officielle,EQ-nonprofit-no-adaptation,https://www.electionsquebec.qc.ca/notre-institution/conditions-dutilisation/,GET PDF,2026-10-03,lien présent dans index officiel; HTTP séparé dans download_log.csv,potentielles dans rapports; bruts non versionnés,raw_download,original_nonprofit_only,local_only,https://www.electionsquebec.qc.ca/financement-depenses-et-contributions/rapports-financiers-des-entites-politiques/,finance,NA,true,Licence vérifiée pour le portail dgeq.org uniquement; ne pas étendre aux autres sources.
src_8461772fb5b1,Élections Québec,Rapports financiers des partis politiques autorisés : Parti nul (PDF),https://donnees.electionsquebec.qc.ca/autres/rapports-financiers/2020/2020-parti-nul.pdf,Rapports financiers des partis politiques autorisés : Parti nul (PDF),PDF,selon fichier; voir dictionnaire et index,selon index officiel,selon publication officielle,EQ-nonprofit-no-adaptation,https://www.electionsquebec.qc.ca/notre-institution/conditions-dutilisation/,GET PDF,2026-10-03,lien présent dans index officiel; HTTP séparé dans download_log.csv,potentielles dans rapports; bruts non versionnés,raw_download,original_nonprofit_only,local_only,https://www.electionsquebec.qc.ca/financement-depenses-et-contributions/rapports-financiers-des-entites-politiques/,finance,NA,true,Licence vérifiée pour le portail dgeq.org uniquement; ne pas étendre aux autres sources.
src_0491eb92dd0d,Élections Québec,Rapports financiers des partis politiques autorisés : Parti pour l’indépendance du Québec (PDF),https://donnees.electionsquebec.qc.ca/autres/rapports-financiers/2020/2020-parti-pour-lindependance-du-quebec.pdf,Rapports financiers des partis politiques autorisés : Parti pour l’indépendance du Québec (PDF),PDF,selon fichier; voir dictionnaire et index,selon index officiel,selon publication officielle,EQ-nonprofit-no-adaptation,https://www.electionsquebec.qc.ca/notre-institution/conditions-dutilisation/,GET PDF,2026-10-03,lien présent dans index officiel; HTTP séparé dans download_log.csv,potentielles dans rapports; bruts non versionnés,raw_download,original_nonprofit_only,local_only,https://www.electionsquebec.qc.ca/financement-depenses-et-contributions/rapports-financiers-des-entites-politiques/,finance,NA,true,Licence vérifiée pour le portail dgeq.org uniquement; ne pas étendre aux autres sources.
src_83b822a4511b,Élections Québec,Rapports financiers des partis politiques autorisés : Parti québécois (PDF),https://donnees.electionsquebec.qc.ca/autres/rapports-financiers/2020/2020-parti-quebecois.pdf,Rapports financiers des partis politiques autorisés : Parti québécois (PDF),PDF,selon fichier; voir dictionnaire et index,selon index officiel,selon publication officielle,EQ-nonprofit-no-adaptation,https://www.electionsquebec.qc.ca/notre-institution/conditions-dutilisation/,GET PDF,2026-10-03,lien présent dans index officiel; HTTP séparé dans download_log.csv,potentielles dans rapports; bruts non versionnés,raw_download,original_nonprofit_only,local_only,https://www.electionsquebec.qc.ca/financement-depenses-et-contributions/rapports-financiers-des-entites-politiques/,finance,NA,true,Licence vérifiée pour le portail dgeq.org uniquement; ne pas étendre aux autres sources.
src_8d74c4a9707d,Élections Québec,Rapports financiers des partis politiques autorisés : Parti royaliste du Québec (PDF),https://donnees.electionsquebec.qc.ca/autres/rapports-financiers/2020/2020-parti-royaliste-du-quebec.pdf,Rapports financiers des partis politiques autorisés : Parti royaliste du Québec (PDF),PDF,selon fichier; voir dictionnaire et index,selon index officiel,selon publication officielle,EQ-nonprofit-no-adaptation,https://www.electionsquebec.qc.ca/notre-institution/conditions-dutilisation/,GET PDF,2026-10-03,lien présent dans index officiel; HTTP séparé dans download_log.csv,potentielles dans rapports; bruts non versionnés,raw_download,original_nonprofit_only,local_only,https://www.electionsquebec.qc.ca/financement-depenses-et-contributions/rapports-financiers-des-entites-politiques/,finance,NA,true,Licence vérifiée pour le portail dgeq.org uniquement; ne pas étendre aux autres sources.
src_4b97d93847fb,Élections Québec,Rapports financiers des partis politiques autorisés : Parti vert du Québec (PDF),https://donnees.electionsquebec.qc.ca/autres/rapports-financiers/2020/2020-parti-vert-du-quebec.pdf,Rapports financiers des partis politiques autorisés : Parti vert du Québec (PDF),PDF,selon fichier; voir dictionnaire et index,selon index officiel,selon publication officielle,EQ-nonprofit-no-adaptation,https://www.electionsquebec.qc.ca/notre-institution/conditions-dutilisation/,GET PDF,2026-10-03,lien présent dans index officiel; HTTP séparé dans download_log.csv,potentielles dans rapports; bruts non versionnés,raw_download,original_nonprofit_only,local_only,https://www.electionsquebec.qc.ca/financement-depenses-et-contributions/rapports-financiers-des-entites-politiques/,finance,NA,true,Licence vérifiée pour le portail dgeq.org uniquement; ne pas étendre aux autres sources.
src_30aa6da0cc8f,Élections Québec,Rapports financiers des partis politiques autorisés : Québec solidaire (PDF),https://donnees.electionsquebec.qc.ca/autres/rapports-financiers/2020/2020-quebec-solidaire.pdf,Rapports financiers des partis politiques autorisés : Québec solidaire (PDF),PDF,selon fichier; voir dictionnaire et index,selon index officiel,selon publication officielle,EQ-nonprofit-no-adaptation,https://www.electionsquebec.qc.ca/notre-institution/conditions-dutilisation/,GET PDF,2026-10-03,lien présent dans index officiel; HTTP séparé dans download_log.csv,potentielles dans rapports; bruts non versionnés,raw_download,original_nonprofit_only,local_only,https://www.electionsquebec.qc.ca/financement-depenses-et-contributions/rapports-financiers-des-entites-politiques/,finance,NA,true,Licence vérifiée pour le portail dgeq.org uniquement; ne pas étendre aux autres sources.
src_379eae41d674,Élections Québec,Rapports financiers des partis politiques autorisés : Union nationale (PDF),https://donnees.electionsquebec.qc.ca/autres/rapports-financiers/2020/2020-union-nationale.pdf,Rapports financiers des partis politiques autorisés : Union nationale (PDF),PDF,selon fichier; voir dictionnaire et index,selon index officiel,selon publication officielle,EQ-nonprofit-no-adaptation,https://www.electionsquebec.qc.ca/notre-institution/conditions-dutilisation/,GET PDF,2026-10-03,lien présent dans index officiel; HTTP séparé dans download_log.csv,potentielles dans rapports; bruts non versionnés,raw_download,original_nonprofit_only,local_only,https://www.electionsquebec.qc.ca/financement-depenses-et-contributions/rapports-financiers-des-entites-politiques/,finance,NA,true,Licence vérifiée pour le portail dgeq.org uniquement; ne pas étendre aux autres sources.
src_739db2c62342,Élections Québec,Rapports financiers des partis politiques autorisés : Voie du peuple (PDF),https://donnees.electionsquebec.qc.ca/autres/rapports-financiers/2020/2020-voie-du-peuple.pdf,Rapports financiers des partis politiques autorisés : Voie du peuple (PDF),PDF,selon fichier; voir dictionnaire et index,selon index officiel,selon publication officielle,EQ-nonprofit-no-adaptation,https://www.electionsquebec.qc.ca/notre-institution/conditions-dutilisation/,GET PDF,2026-10-03,lien présent dans index officiel; HTTP séparé dans download_log.csv,potentielles dans rapports; bruts non versionnés,raw_download,original_nonprofit_only,local_only,https://www.electionsquebec.qc.ca/financement-depenses-et-contributions/rapports-financiers-des-entites-politiques/,finance,NA,true,Licence vérifiée pour le portail dgeq.org uniquement; ne pas étendre aux autres sources.
src_3350f46b5b55,Élections Québec,Sommaire des rapports financiers des entités politiques autorisées : Récapitulation des revenus et des dépenses (PDF),https://donnees.electionsquebec.qc.ca/autres/rapports-financiers/2020/2020-recapitulation-revenus-depenses-instances.pdf,Sommaire des rapports financiers des entités politiques autorisées : Récapitulation des revenus et des dépenses (PDF),PDF,selon fichier; voir dictionnaire et index,selon index officiel,selon publication officielle,EQ-nonprofit-no-adaptation,https://www.electionsquebec.qc.ca/notre-institution/conditions-dutilisation/,GET PDF,2026-10-03,lien présent dans index officiel; HTTP séparé dans download_log.csv,potentielles dans rapports; bruts non versionnés,raw_download,original_nonprofit_only,local_only,https://www.electionsquebec.qc.ca/financement-depenses-et-contributions/rapports-financiers-des-entites-politiques/,finance,NA,true,Licence vérifiée pour le portail dgeq.org uniquement; ne pas étendre aux autres sources.
src_f4a3c2665490,Élections Québec,Rapports financiers des députés indépendants autorisés : Catherine Fournier (PDF),https://donnees.electionsquebec.qc.ca/autres/rapports-financiers/2020/2020-catherine-fournier.pdf,Rapports financiers des députés indépendants autorisés : Catherine Fournier (PDF),PDF,selon fichier; voir dictionnaire et index,selon index officiel,selon publication officielle,EQ-nonprofit-no-adaptation,https://www.electionsquebec.qc.ca/notre-institution/conditions-dutilisation/,GET PDF,2026-10-03,lien présent dans index officiel; HTTP séparé dans download_log.csv,potentielles dans rapports; bruts non versionnés,raw_download,original_nonprofit_only,local_only,https://www.electionsquebec.qc.ca/financement-depenses-et-contributions/rapports-financiers-des-entites-politiques/,finance,NA,true,Licence vérifiée pour le portail dgeq.org uniquement; ne pas étendre aux autres sources.
src_52df0c4c5fd7,Élections Québec,Rapports financiers des députés indépendants autorisés : Guy Ouellette (PDF),https://donnees.electionsquebec.qc.ca/autres/rapports-financiers/2020/2020-guy-ouellette.pdf,Rapports financiers des députés indépendants autorisés : Guy Ouellette (PDF),PDF,selon fichier; voir dictionnaire et index,selon index officiel,selon publication officielle,EQ-nonprofit-no-adaptation,https://www.electionsquebec.qc.ca/notre-institution/conditions-dutilisation/,GET PDF,2026-10-03,lien présent dans index officiel; HTTP séparé dans download_log.csv,potentielles dans rapports; bruts non versionnés,raw_download,original_nonprofit_only,local_only,https://www.electionsquebec.qc.ca/financement-depenses-et-contributions/rapports-financiers-des-entites-politiques/,finance,NA,true,Licence vérifiée pour le portail dgeq.org uniquement; ne pas étendre aux autres sources.
src_70c6575d406d,Élections Québec,Rapports financiers des partis politiques autorisés : Alliance provinciale du Québec (PDF),https://donnees.electionsquebec.qc.ca/autres/rapports-financiers/2019/2019-alliance-provinciale-du-quebec.pdf,Rapports financiers des partis politiques autorisés : Alliance provinciale du Québec (PDF),PDF,selon fichier; voir dictionnaire et index,selon index officiel,selon publication officielle,EQ-nonprofit-no-adaptation,https://www.electionsquebec.qc.ca/notre-institution/conditions-dutilisation/,GET PDF,2026-10-03,lien présent dans index officiel; HTTP séparé dans download_log.csv,potentielles dans rapports; bruts non versionnés,raw_download,original_nonprofit_only,local_only,https://www.electionsquebec.qc.ca/financement-depenses-et-contributions/rapports-financiers-des-entites-politiques/,finance,NA,true,Licence vérifiée pour le portail dgeq.org uniquement; ne pas étendre aux autres sources.
src_7ad103d64f43,Élections Québec,Rapports financiers des partis politiques autorisés : Bloc pot (PDF),https://donnees.electionsquebec.qc.ca/autres/rapports-financiers/2019/2019-bloc-pot.pdf,Rapports financiers des partis politiques autorisés : Bloc pot (PDF),PDF,selon fichier; voir dictionnaire et index,selon index officiel,selon publication officielle,EQ-nonprofit-no-adaptation,https://www.electionsquebec.qc.ca/notre-institution/conditions-dutilisation/,GET PDF,2026-10-03,lien présent dans index officiel; HTTP séparé dans download_log.csv,potentielles dans rapports; bruts non versionnés,raw_download,original_nonprofit_only,local_only,https://www.electionsquebec.qc.ca/financement-depenses-et-contributions/rapports-financiers-des-entites-politiques/,finance,NA,true,Licence vérifiée pour le portail dgeq.org uniquement; ne pas étendre aux autres sources.
src_e772efa2dca2,Élections Québec,Rapports financiers des partis politiques autorisés : Citoyens au pouvoir du Québec (PDF),https://donnees.electionsquebec.qc.ca/autres/rapports-financiers/2019/2019-citoyens-au-pouvoir-du-quebec.pdf,Rapports financiers des partis politiques autorisés : Citoyens au pouvoir du Québec (PDF),PDF,selon fichier; voir dictionnaire et index,selon index officiel,selon publication officielle,EQ-nonprofit-no-adaptation,https://www.electionsquebec.qc.ca/notre-institution/conditions-dutilisation/,GET PDF,2026-10-03,lien présent dans index officiel; HTTP séparé dans download_log.csv,potentielles dans rapports; bruts non versionnés,raw_download,original_nonprofit_only,local_only,https://www.electionsquebec.qc.ca/financement-depenses-et-contributions/rapports-financiers-des-entites-politiques/,finance,NA,true,Licence vérifiée pour le portail dgeq.org uniquement; ne pas étendre aux autres sources.
src_7be8c2b29cc2,Élections Québec,Rapports financiers des partis politiques autorisés : Coalition avenir Québec – L’équipe François Legault (PDF),https://donnees.electionsquebec.qc.ca/autres/rapports-financiers/2019/2019-coalition-avenir-quebec.pdf,Rapports financiers des partis politiques autorisés : Coalition avenir Québec – L’équipe François Legault (PDF),PDF,selon fichier; voir dictionnaire et index,selon index officiel,selon publication officielle,EQ-nonprofit-no-adaptation,https://www.electionsquebec.qc.ca/notre-institution/conditions-dutilisation/,GET PDF,2026-10-03,lien présent dans index officiel; HTTP séparé dans download_log.csv,potentielles dans rapports; bruts non versionnés,raw_download,original_nonprofit_only,local_only,https://www.electionsquebec.qc.ca/financement-depenses-et-contributions/rapports-financiers-des-entites-politiques/,finance,NA,true,Licence vérifiée pour le portail dgeq.org uniquement; ne pas étendre aux autres sources.
src_1577b9d7a614,Élections Québec,Rapports financiers des partis politiques autorisés : Équipe autonomiste (PDF),https://donnees.electionsquebec.qc.ca/autres/rapports-financiers/2019/2019-equipe-autonomiste.pdf,Rapports financiers des partis politiques autorisés : Équipe autonomiste (PDF),PDF,selon fichier; voir dictionnaire et index,selon index officiel,selon publication officielle,EQ-nonprofit-no-adaptation,https://www.electionsquebec.qc.ca/notre-institution/conditions-dutilisation/,GET PDF,2026-10-03,lien présent dans index officiel; HTTP séparé dans download_log.csv,potentielles dans rapports; bruts non versionnés,raw_download,original_nonprofit_only,local_only,https://www.electionsquebec.qc.ca/financement-depenses-et-contributions/rapports-financiers-des-entites-politiques/,finance,NA,true,Licence vérifiée pour le portail dgeq.org uniquement; ne pas étendre aux autres sources.
src_54dae94ab22e,Élections Québec,Rapports financiers des partis politiques autorisés : Nouveau Parti démocratique du Québec (PDF),https://donnees.electionsquebec.qc.ca/autres/rapports-financiers/2019/2019-nouveau-parti-democratique-du-quebec.pdf,Rapports financiers des partis politiques autorisés : Nouveau Parti démocratique du Québec (PDF),PDF,selon fichier; voir dictionnaire et index,selon index officiel,selon publication officielle,EQ-nonprofit-no-adaptation,https://www.electionsquebec.qc.ca/notre-institution/conditions-dutilisation/,GET PDF,2026-10-03,lien présent dans index officiel; HTTP séparé dans download_log.csv,potentielles dans rapports; bruts non versionnés,raw_download,original_nonprofit_only,local_only,https://www.electionsquebec.qc.ca/financement-depenses-et-contributions/rapports-financiers-des-entites-politiques/,finance,NA,true,Licence vérifiée pour le portail dgeq.org uniquement; ne pas étendre aux autres sources.
src_9db479e4b0d2,Élections Québec,Rapports financiers des partis politiques autorisés : Parti 51 (PDF),https://donnees.electionsquebec.qc.ca/autres/rapports-financiers/2019/2019-parti-51.pdf,Rapports financiers des partis politiques autorisés : Parti 51 (PDF),PDF,selon fichier; voir dictionnaire et index,selon index officiel,selon publication officielle,EQ-nonprofit-no-adaptation,https://www.electionsquebec.qc.ca/notre-institution/conditions-dutilisation/,GET PDF,2026-10-03,lien présent dans index officiel; HTTP séparé dans download_log.csv,potentielles dans rapports; bruts non versionnés,raw_download,original_nonprofit_only,local_only,https://www.electionsquebec.qc.ca/financement-depenses-et-contributions/rapports-financiers-des-entites-politiques/,finance,NA,true,Licence vérifiée pour le portail dgeq.org uniquement; ne pas étendre aux autres sources.
src_64a4ea49bec9,Élections Québec,Rapports financiers des partis politiques autorisés : Parti conservateur du Québec (PDF),https://donnees.electionsquebec.qc.ca/autres/rapports-financiers/2019/2019-parti-conservateur-du-quebec.pdf,Rapports financiers des partis politiques autorisés : Parti conservateur du Québec (PDF),PDF,selon fichier; voir dictionnaire et index,selon index officiel,selon publication officielle,EQ-nonprofit-no-adaptation,https://www.electionsquebec.qc.ca/notre-institution/conditions-dutilisation/,GET PDF,2026-10-03,lien présent dans index officiel; HTTP séparé dans download_log.csv,potentielles dans rapports; bruts non versionnés,raw_download,original_nonprofit_only,local_only,https://www.electionsquebec.qc.ca/financement-depenses-et-contributions/rapports-financiers-des-entites-politiques/,finance,NA,true,Licence vérifiée pour le portail dgeq.org uniquement; ne pas étendre aux autres sources.
src_6d6e4dbbb41c,Élections Québec,Rapports financiers des partis politiques autorisés : Parti culinaire du Québec (PDF),https://donnees.electionsquebec.qc.ca/autres/rapports-financiers/2019/2019-parti-culinaire-du-quebec.pdf,Rapports financiers des partis politiques autorisés : Parti culinaire du Québec (PDF),PDF,selon fichier; voir dictionnaire et index,selon index officiel,selon publication officielle,EQ-nonprofit-no-adaptation,https://www.electionsquebec.qc.ca/notre-institution/conditions-dutilisation/,GET PDF,2026-10-03,lien présent dans index officiel; HTTP séparé dans download_log.csv,potentielles dans rapports; bruts non versionnés,raw_download,original_nonprofit_only,local_only,https://www.electionsquebec.qc.ca/financement-depenses-et-contributions/rapports-financiers-des-entites-politiques/,finance,NA,true,Licence vérifiée pour le portail dgeq.org uniquement; ne pas étendre aux autres sources.
src_10de0010b623,Élections Québec,Rapports financiers des partis politiques autorisés : Parti libéral du Québec (PDF),https://donnees.electionsquebec.qc.ca/autres/rapports-financiers/2019/2019-parti-liberal-du-quebec.pdf,Rapports financiers des partis politiques autorisés : Parti libéral du Québec (PDF),PDF,selon fichier; voir dictionnaire et index,selon index officiel,selon publication officielle,EQ-nonprofit-no-adaptation,https://www.electionsquebec.qc.ca/notre-institution/conditions-dutilisation/,GET PDF,2026-10-03,lien présent dans index officiel; HTTP séparé dans download_log.csv,potentielles dans rapports; bruts non versionnés,raw_download,original_nonprofit_only,local_only,https://www.electionsquebec.qc.ca/financement-depenses-et-contributions/rapports-financiers-des-entites-politiques/,finance,NA,true,Licence vérifiée pour le portail dgeq.org uniquement; ne pas étendre aux autres sources.
src_e468ade1c431,Élections Québec,Rapports financiers des partis politiques autorisés : Parti libre (PDF),https://donnees.electionsquebec.qc.ca/autres/rapports-financiers/2019/2019-parti-libre.pdf,Rapports financiers des partis politiques autorisés : Parti libre (PDF),PDF,selon fichier; voir dictionnaire et index,selon index officiel,selon publication officielle,EQ-nonprofit-no-adaptation,https://www.electionsquebec.qc.ca/notre-institution/conditions-dutilisation/,GET PDF,2026-10-03,lien présent dans index officiel; HTTP séparé dans download_log.csv,potentielles dans rapports; bruts non versionnés,raw_download,original_nonprofit_only,local_only,https://www.electionsquebec.qc.ca/financement-depenses-et-contributions/rapports-financiers-des-entites-politiques/,finance,NA,true,Licence vérifiée pour le portail dgeq.org uniquement; ne pas étendre aux autres sources.
src_ae55a9b3eed8,Élections Québec,Rapports financiers des partis politiques autorisés : Parti marxiste-léniniste du Québec (PDF),https://donnees.electionsquebec.qc.ca/autres/rapports-financiers/2019/2019-parti-marxiste-leniniste-du-quebec.pdf,Rapports financiers des partis politiques autorisés : Parti marxiste-léniniste du Québec (PDF),PDF,selon fichier; voir dictionnaire et index,selon index officiel,selon publication officielle,EQ-nonprofit-no-adaptation,https://www.electionsquebec.qc.ca/notre-institution/conditions-dutilisation/,GET PDF,2026-10-03,lien présent dans index officiel; HTTP séparé dans download_log.csv,potentielles dans rapports; bruts non versionnés,raw_download,original_nonprofit_only,local_only,https://www.electionsquebec.qc.ca/financement-depenses-et-contributions/rapports-financiers-des-entites-politiques/,finance,NA,true,Licence vérifiée pour le portail dgeq.org uniquement; ne pas étendre aux autres sources.
src_34151d79a5b3,Élections Québec,Rapports financiers des partis politiques autorisés : Parti nul (PDF),https://donnees.electionsquebec.qc.ca/autres/rapports-financiers/2019/2019-parti-nul.pdf,Rapports financiers des partis politiques autorisés : Parti nul (PDF),PDF,selon fichier; voir dictionnaire et index,selon index officiel,selon publication officielle,EQ-nonprofit-no-adaptation,https://www.electionsquebec.qc.ca/notre-institution/conditions-dutilisation/,GET PDF,2026-10-03,lien présent dans index officiel; HTTP séparé dans download_log.csv,potentielles dans rapports; bruts non versionnés,raw_download,original_nonprofit_only,local_only,https://www.electionsquebec.qc.ca/financement-depenses-et-contributions/rapports-financiers-des-entites-politiques/,finance,NA,true,Licence vérifiée pour le portail dgeq.org uniquement; ne pas étendre aux autres sources.
src_04c37da3c24d,Élections Québec,Rapports financiers des partis politiques autorisés : Parti pour l’indépendance du Québec (PDF),https://donnees.electionsquebec.qc.ca/autres/rapports-financiers/2019/2019-parti-pour-lindependance-du-quebec.pdf,Rapports financiers des partis politiques autorisés : Parti pour l’indépendance du Québec (PDF),PDF,selon fichier; voir dictionnaire et index,selon index officiel,selon publication officielle,EQ-nonprofit-no-adaptation,https://www.electionsquebec.qc.ca/notre-institution/conditions-dutilisation/,GET PDF,2026-10-03,lien présent dans index officiel; HTTP séparé dans download_log.csv,potentielles dans rapports; bruts non versionnés,raw_download,original_nonprofit_only,local_only,https://www.electionsquebec.qc.ca/financement-depenses-et-contributions/rapports-financiers-des-entites-politiques/,finance,NA,true,Licence vérifiée pour le portail dgeq.org uniquement; ne pas étendre aux autres sources.
src_db7488a5731c,Élections Québec,Rapports financiers des partis politiques autorisés : Parti québécois (PDF),https://donnees.electionsquebec.qc.ca/autres/rapports-financiers/2019/2019-parti-quebecois.pdf,Rapports financiers des partis politiques autorisés : Parti québécois (PDF),PDF,selon fichier; voir dictionnaire et index,selon index officiel,selon publication officielle,EQ-nonprofit-no-adaptation,https://www.electionsquebec.qc.ca/notre-institution/conditions-dutilisation/,GET PDF,2026-10-03,lien présent dans index officiel; HTTP séparé dans download_log.csv,potentielles dans rapports; bruts non versionnés,raw_download,original_nonprofit_only,local_only,https://www.electionsquebec.qc.ca/financement-depenses-et-contributions/rapports-financiers-des-entites-politiques/,finance,NA,true,Licence vérifiée pour le portail dgeq.org uniquement; ne pas étendre aux autres sources.
src_cdf7b135c1b5,Élections Québec,Rapports financiers des partis politiques autorisés : Parti royaliste du Québec (PDF),https://donnees.electionsquebec.qc.ca/autres/rapports-financiers/2019/2019-parti-royaliste-du-quebec.pdf,Rapports financiers des partis politiques autorisés : Parti royaliste du Québec (PDF),PDF,selon fichier; voir dictionnaire et index,selon index officiel,selon publication officielle,EQ-nonprofit-no-adaptation,https://www.electionsquebec.qc.ca/notre-institution/conditions-dutilisation/,GET PDF,2026-10-03,lien présent dans index officiel; HTTP séparé dans download_log.csv,potentielles dans rapports; bruts non versionnés,raw_download,original_nonprofit_only,local_only,https://www.electionsquebec.qc.ca/financement-depenses-et-contributions/rapports-financiers-des-entites-politiques/,finance,NA,true,Licence vérifiée pour le portail dgeq.org uniquement; ne pas étendre aux autres sources.
src_f8958dbeb42a,Élections Québec,Rapports financiers des partis politiques autorisés : Parti vert du Québec (PDF),https://donnees.electionsquebec.qc.ca/autres/rapports-financiers/2019/2019-parti-vert-du-quebec.pdf,Rapports financiers des partis politiques autorisés : Parti vert du Québec (PDF),PDF,selon fichier; voir dictionnaire et index,selon index officiel,selon publication officielle,EQ-nonprofit-no-adaptation,https://www.electionsquebec.qc.ca/notre-institution/conditions-dutilisation/,GET PDF,2026-10-03,lien présent dans index officiel; HTTP séparé dans download_log.csv,potentielles dans rapports; bruts non versionnés,raw_download,original_nonprofit_only,local_only,https://www.electionsquebec.qc.ca/financement-depenses-et-contributions/rapports-financiers-des-entites-politiques/,finance,NA,true,Licence vérifiée pour le portail dgeq.org uniquement; ne pas étendre aux autres sources.
src_01dced0b049a,Élections Québec,Rapports financiers des partis politiques autorisés : Québec cosmopolitain (PDF),https://donnees.electionsquebec.qc.ca/autres/rapports-financiers/2019/2019-quebec-cosmopolitain.pdf,Rapports financiers des partis politiques autorisés : Québec cosmopolitain (PDF),PDF,selon fichier; voir dictionnaire et index,selon index officiel,selon publication officielle,EQ-nonprofit-no-adaptation,https://www.electionsquebec.qc.ca/notre-institution/conditions-dutilisation/,GET PDF,2026-10-03,lien présent dans index officiel; HTTP séparé dans download_log.csv,potentielles dans rapports; bruts non versionnés,raw_download,original_nonprofit_only,local_only,https://www.electionsquebec.qc.ca/financement-depenses-et-contributions/rapports-financiers-des-entites-politiques/,finance,NA,true,Licence vérifiée pour le portail dgeq.org uniquement; ne pas étendre aux autres sources.
src_a302b48cf94d,Élections Québec,Rapports financiers des partis politiques autorisés : Québec solidaire (PDF),https://donnees.electionsquebec.qc.ca/autres/rapports-financiers/2019/2019-quebec-solidaire.pdf,Rapports financiers des partis politiques autorisés : Québec solidaire (PDF),PDF,selon fichier; voir dictionnaire et index,selon index officiel,selon publication officielle,EQ-nonprofit-no-adaptation,https://www.electionsquebec.qc.ca/notre-institution/conditions-dutilisation/,GET PDF,2026-10-03,lien présent dans index officiel; HTTP séparé dans download_log.csv,potentielles dans rapports; bruts non versionnés,raw_download,original_nonprofit_only,local_only,https://www.electionsquebec.qc.ca/financement-depenses-et-contributions/rapports-financiers-des-entites-politiques/,finance,NA,true,Licence vérifiée pour le portail dgeq.org uniquement; ne pas étendre aux autres sources.
src_a58efc86a53b,Élections Québec,Rapports financiers des partis politiques autorisés : Voie du peuple (PDF),https://donnees.electionsquebec.qc.ca/autres/rapports-financiers/2019/2019-voie-du-peuple.pdf,Rapports financiers des partis politiques autorisés : Voie du peuple (PDF),PDF,selon fichier; voir dictionnaire et index,selon index officiel,selon publication officielle,EQ-nonprofit-no-adaptation,https://www.electionsquebec.qc.ca/notre-institution/conditions-dutilisation/,GET PDF,2026-10-03,lien présent dans index officiel; HTTP séparé dans download_log.csv,potentielles dans rapports; bruts non versionnés,raw_download,original_nonprofit_only,local_only,https://www.electionsquebec.qc.ca/financement-depenses-et-contributions/rapports-financiers-des-entites-politiques/,finance,NA,true,Licence vérifiée pour le portail dgeq.org uniquement; ne pas étendre aux autres sources.
src_cd6992b2ac73,Élections Québec,Sommaire des rapports financiers des entités politiques autorisées : Récapitulation des revenus et des dépenses (PDF),https://donnees.electionsquebec.qc.ca/autres/rapports-financiers/2019/2019-recapitulation-revenus-depenses-instances.pdf,Sommaire des rapports financiers des entités politiques autorisées : Récapitulation des revenus et des dépenses (PDF),PDF,selon fichier; voir dictionnaire et index,selon index officiel,selon publication officielle,EQ-nonprofit-no-adaptation,https://www.electionsquebec.qc.ca/notre-institution/conditions-dutilisation/,GET PDF,2026-10-03,lien présent dans index officiel; HTTP séparé dans download_log.csv,potentielles dans rapports; bruts non versionnés,raw_download,original_nonprofit_only,local_only,https://www.electionsquebec.qc.ca/financement-depenses-et-contributions/rapports-financiers-des-entites-politiques/,finance,NA,true,Licence vérifiée pour le portail dgeq.org uniquement; ne pas étendre aux autres sources.
src_fa55dc6c0172,Élections Québec,Rapport financier de la députée indépendante autorisée : Catherine Fournier (PDF),https://donnees.electionsquebec.qc.ca/autres/rapports-financiers/2019/2019-catherine-fournier.pdf,Rapport financier de la députée indépendante autorisée : Catherine Fournier (PDF),PDF,selon fichier; voir dictionnaire et index,selon index officiel,selon publication officielle,EQ-nonprofit-no-adaptation,https://www.electionsquebec.qc.ca/notre-institution/conditions-dutilisation/,GET PDF,2026-10-03,lien présent dans index officiel; HTTP séparé dans download_log.csv,potentielles dans rapports; bruts non versionnés,raw_download,original_nonprofit_only,local_only,https://www.electionsquebec.qc.ca/financement-depenses-et-contributions/rapports-financiers-des-entites-politiques/,finance,NA,true,Licence vérifiée pour le portail dgeq.org uniquement; ne pas étendre aux autres sources.
src_6efacfc3cc2b,Élections Québec,Rapports financiers des candidats indépendants autorisés : Ali Dahan,https://donnees.electionsquebec.qc.ca/autres/rapports-financiers/2019/2019-ali-dahan.pdf,Rapports financiers des candidats indépendants autorisés : Ali Dahan,PDF,selon fichier; voir dictionnaire et index,selon index officiel,selon publication officielle,EQ-nonprofit-no-adaptation,https://www.electionsquebec.qc.ca/notre-institution/conditions-dutilisation/,GET PDF,2026-10-03,lien présent dans index officiel; HTTP séparé dans download_log.csv,potentielles dans rapports; bruts non versionnés,raw_download,original_nonprofit_only,local_only,https://www.electionsquebec.qc.ca/financement-depenses-et-contributions/rapports-financiers-des-entites-politiques/,finance,NA,true,Licence vérifiée pour le portail dgeq.org uniquement; ne pas étendre aux autres sources.
src_04c15c593c29,Élections Québec,Rapports financiers des candidats indépendants autorisés : Claude Surprenant,https://donnees.electionsquebec.qc.ca/autres/rapports-financiers/2019/2019-claude-surprenant.pdf,Rapports financiers des candidats indépendants autorisés : Claude Surprenant,PDF,selon fichier; voir dictionnaire et index,selon index officiel,selon publication officielle,EQ-nonprofit-no-adaptation,https://www.electionsquebec.qc.ca/notre-institution/conditions-dutilisation/,GET PDF,2026-10-03,lien présent dans index officiel; HTTP séparé dans download_log.csv,potentielles dans rapports; bruts non versionnés,raw_download,original_nonprofit_only,local_only,https://www.electionsquebec.qc.ca/financement-depenses-et-contributions/rapports-financiers-des-entites-politiques/,finance,NA,true,Licence vérifiée pour le portail dgeq.org uniquement; ne pas étendre aux autres sources.
src_81d75ee6bec2,Élections Québec,Rapports financiers des candidats indépendants autorisés : Jean-Marc Boyer,https://donnees.electionsquebec.qc.ca/autres/rapports-financiers/2019/2019-jean-marc-boyer.pdf,Rapports financiers des candidats indépendants autorisés : Jean-Marc Boyer,PDF,selon fichier; voir dictionnaire et index,selon index officiel,selon publication officielle,EQ-nonprofit-no-adaptation,https://www.electionsquebec.qc.ca/notre-institution/conditions-dutilisation/,GET PDF,2026-10-03,lien présent dans index officiel; HTTP séparé dans download_log.csv,potentielles dans rapports; bruts non versionnés,raw_download,original_nonprofit_only,local_only,https://www.electionsquebec.qc.ca/financement-depenses-et-contributions/rapports-financiers-des-entites-politiques/,finance,NA,true,Licence vérifiée pour le portail dgeq.org uniquement; ne pas étendre aux autres sources.
src_57a86a9a7233,Élections Québec,Rapports financiers des candidats indépendants autorisés : Yves St-Denis,https://donnees.electionsquebec.qc.ca/autres/rapports-financiers/2019/2019-yves-saint-denis.pdf,Rapports financiers des candidats indépendants autorisés : Yves St-Denis,PDF,selon fichier; voir dictionnaire et index,selon index officiel,selon publication officielle,EQ-nonprofit-no-adaptation,https://www.electionsquebec.qc.ca/notre-institution/conditions-dutilisation/,GET PDF,2026-10-03,lien présent dans index officiel; HTTP séparé dans download_log.csv,potentielles dans rapports; bruts non versionnés,raw_download,original_nonprofit_only,local_only,https://www.electionsquebec.qc.ca/financement-depenses-et-contributions/rapports-financiers-des-entites-politiques/,finance,NA,true,Licence vérifiée pour le portail dgeq.org uniquement; ne pas étendre aux autres sources.
src_4ce38e76d0b3,Élections Québec,expenses,https://www.electionsquebec.qc.ca/financement-depenses-et-contributions/sommaire-des-depenses-electorales/,expenses,HTML,selon fichier; voir dictionnaire et index,selon index officiel,selon publication officielle,EQ-nonprofit-no-adaptation,https://www.electionsquebec.qc.ca/notre-institution/conditions-dutilisation/,GET HTML,2026-10-03,lien présent dans index officiel; HTTP séparé dans download_log.csv,non identifiées au stade inventaire,scraping_required,original_nonprofit_only,local_only,https://www.electionsquebec.qc.ca/financement-depenses-et-contributions/sommaire-des-depenses-electorales/,expenses,NA,true,Licence vérifiée pour le portail dgeq.org uniquement; ne pas étendre aux autres sources.
src_4d318dab12bb,Élections Québec,Élections générales : 3 octobre 2022 (PDF),https://docs.electionsquebec.qc.ca/PRO/642c5de61339f/DGE-6288-2022.pdf,Élections générales : 3 octobre 2022 (PDF),PDF,selon fichier; voir dictionnaire et index,selon index officiel,selon publication officielle,EQ-nonprofit-no-adaptation,https://www.electionsquebec.qc.ca/notre-institution/conditions-dutilisation/,GET PDF,2026-10-03,lien présent dans index officiel; HTTP séparé dans download_log.csv,potentielles dans rapports; bruts non versionnés,raw_download,original_nonprofit_only,local_only,https://www.electionsquebec.qc.ca/financement-depenses-et-contributions/sommaire-des-depenses-electorales/,expenses,NA,true,Licence vérifiée pour le portail dgeq.org uniquement; ne pas étendre aux autres sources.
src_2757b8f9e694,Élections Québec,Élections générales : 1 er octobre 2018 (PDF),https://docs.electionsquebec.qc.ca/PRO/945c75ef9c6a3/DGE-6288-2018.pdf,Élections générales : 1 er octobre 2018 (PDF),PDF,selon fichier; voir dictionnaire et index,selon index officiel,selon publication officielle,EQ-nonprofit-no-adaptation,https://www.electionsquebec.qc.ca/notre-institution/conditions-dutilisation/,GET PDF,2026-10-03,lien présent dans index officiel; HTTP séparé dans download_log.csv,potentielles dans rapports; bruts non versionnés,raw_download,original_nonprofit_only,local_only,https://www.electionsquebec.qc.ca/financement-depenses-et-contributions/sommaire-des-depenses-electorales/,expenses,NA,true,Licence vérifiée pour le portail dgeq.org uniquement; ne pas étendre aux autres sources.
src_c91c894a665a,Élections Québec,Élections générales : 7 avril 2014 (PDF),https://docs.electionsquebec.qc.ca/PRO/615d8bce0f6c3/DGE-6288-2014.pdf,Élections générales : 7 avril 2014 (PDF),PDF,selon fichier; voir dictionnaire et index,selon index officiel,selon publication officielle,EQ-nonprofit-no-adaptation,https://www.electionsquebec.qc.ca/notre-institution/conditions-dutilisation/,GET PDF,2026-10-03,lien présent dans index officiel; HTTP séparé dans download_log.csv,potentielles dans rapports; bruts non versionnés,raw_download,original_nonprofit_only,local_only,https://www.electionsquebec.qc.ca/financement-depenses-et-contributions/sommaire-des-depenses-electorales/,expenses,NA,true,Licence vérifiée pour le portail dgeq.org uniquement; ne pas étendre aux autres sources.
src_33bf1e694f01,Élections Québec,Élections générales : 4 septembre 2012 (PDF),https://docs.electionsquebec.qc.ca/ORG/6176f7f4358dc/DGE-6288-2012.pdf,Élections générales : 4 septembre 2012 (PDF),PDF,selon fichier; voir dictionnaire et index,selon index officiel,selon publication officielle,EQ-nonprofit-no-adaptation,https://www.electionsquebec.qc.ca/notre-institution/conditions-dutilisation/,GET PDF,2026-10-03,lien présent dans index officiel; HTTP séparé dans download_log.csv,potentielles dans rapports; bruts non versionnés,raw_download,original_nonprofit_only,local_only,https://www.electionsquebec.qc.ca/financement-depenses-et-contributions/sommaire-des-depenses-electorales/,expenses,NA,true,Licence vérifiée pour le portail dgeq.org uniquement; ne pas étendre aux autres sources.
src_1ad1d7d4bce2,Élections Québec,Élections partielles : 23 février 2026 (Chicoutimi) (PDF),https://docs.electionsquebec.qc.ca/PRO/6a26c31eb6975/SommaireRDE-partielles-2026-02-23.pdf,Élections partielles : 23 février 2026 (Chicoutimi) (PDF),PDF,selon fichier; voir dictionnaire et index,selon index officiel,selon publication officielle,EQ-nonprofit-no-adaptation,https://www.electionsquebec.qc.ca/notre-institution/conditions-dutilisation/,GET PDF,2026-10-03,lien présent dans index officiel; HTTP séparé dans download_log.csv,potentielles dans rapports; bruts non versionnés,raw_download,original_nonprofit_only,local_only,https://www.electionsquebec.qc.ca/financement-depenses-et-contributions/sommaire-des-depenses-electorales/,expenses,NA,true,Licence vérifiée pour le portail dgeq.org uniquement; ne pas étendre aux autres sources.
src_b6b8da657b49,Élections Québec,Élections partielles : 11 août 2025 (Arthabaska) (PDF),https://docs.electionsquebec.qc.ca/PRO/691ccb8c686cc/SommaireRDE-partielles-2025-08-11.pdf,Élections partielles : 11 août 2025 (Arthabaska) (PDF),PDF,selon fichier; voir dictionnaire et index,selon index officiel,selon publication officielle,EQ-nonprofit-no-adaptation,https://www.electionsquebec.qc.ca/notre-institution/conditions-dutilisation/,GET PDF,2026-10-03,lien présent dans index officiel; HTTP séparé dans download_log.csv,potentielles dans rapports; bruts non versionnés,raw_download,original_nonprofit_only,local_only,https://www.electionsquebec.qc.ca/financement-depenses-et-contributions/sommaire-des-depenses-electorales/,expenses,NA,true,Licence vérifiée pour le portail dgeq.org uniquement; ne pas étendre aux autres sources.
src_e8dfdf2d589b,Élections Québec,Élections partielles : 17 mars 2025 (Terrebonne) (PDF),https://docs.electionsquebec.qc.ca/PRO/68751db20e2ab/SommaireRDE-partielles-2025-03-17.pdf,Élections partielles : 17 mars 2025 (Terrebonne) (PDF),PDF,selon fichier; voir dictionnaire et index,selon index officiel,selon publication officielle,EQ-nonprofit-no-adaptation,https://www.electionsquebec.qc.ca/notre-institution/conditions-dutilisation/,GET PDF,2026-10-03,lien présent dans index officiel; HTTP séparé dans download_log.csv,potentielles dans rapports; bruts non versionnés,raw_download,original_nonprofit_only,local_only,https://www.electionsquebec.qc.ca/financement-depenses-et-contributions/sommaire-des-depenses-electorales/,expenses,NA,true,Licence vérifiée pour le portail dgeq.org uniquement; ne pas étendre aux autres sources.
src_fcb0c6109e23,Élections Québec,Élections partielles : 2 octobre 2023 (Jean-Talon) (PDF),https://docs.electionsquebec.qc.ca/PRO/65c538f755de5/SommaireRDE-partielles-2023-10-02.pdf,Élections partielles : 2 octobre 2023 (Jean-Talon) (PDF),PDF,selon fichier; voir dictionnaire et index,selon index officiel,selon publication officielle,EQ-nonprofit-no-adaptation,https://www.electionsquebec.qc.ca/notre-institution/conditions-dutilisation/,GET PDF,2026-10-03,lien présent dans index officiel; HTTP séparé dans download_log.csv,potentielles dans rapports; bruts non versionnés,raw_download,original_nonprofit_only,local_only,https://www.electionsquebec.qc.ca/financement-depenses-et-contributions/sommaire-des-depenses-electorales/,expenses,NA,true,Licence vérifiée pour le portail dgeq.org uniquement; ne pas étendre aux autres sources.
src_cbd9eaeff4c7,Élections Québec,Élections partielles : 13 mars 2023 (Saint-Henri–Sainte-Anne) (PDF),https://docs.electionsquebec.qc.ca/PRO/64b00b9c3f6fe/SommaireRDE-partielles-2023-03-13.pdf,Élections partielles : 13 mars 2023 (Saint-Henri–Sainte-Anne) (PDF),PDF,selon fichier; voir dictionnaire et index,selon index officiel,selon publication officielle,EQ-nonprofit-no-adaptation,https://www.electionsquebec.qc.ca/notre-institution/conditions-dutilisation/,GET PDF,2026-10-03,lien présent dans index officiel; HTTP séparé dans download_log.csv,potentielles dans rapports; bruts non versionnés,raw_download,original_nonprofit_only,local_only,https://www.electionsquebec.qc.ca/financement-depenses-et-contributions/sommaire-des-depenses-electorales/,expenses,NA,true,Licence vérifiée pour le portail dgeq.org uniquement; ne pas étendre aux autres sources.
src_b91168ebe47f,Élections Québec,Élections partielles : 11 avril 2022 (Marie-Victorin) (PDF),https://docs.electionsquebec.qc.ca/PRO/62ffab2e04522/SommaireRDE-partielles-2022-04-11.pdf,Élections partielles : 11 avril 2022 (Marie-Victorin) (PDF),PDF,selon fichier; voir dictionnaire et index,selon index officiel,selon publication officielle,EQ-nonprofit-no-adaptation,https://www.electionsquebec.qc.ca/notre-institution/conditions-dutilisation/,GET PDF,2026-10-03,lien présent dans index officiel; HTTP séparé dans download_log.csv,potentielles dans rapports; bruts non versionnés,raw_download,original_nonprofit_only,local_only,https://www.electionsquebec.qc.ca/financement-depenses-et-contributions/sommaire-des-depenses-electorales/,expenses,NA,true,Licence vérifiée pour le portail dgeq.org uniquement; ne pas étendre aux autres sources.
src_a38edcb55657,Élections Québec,Élections partielles : 2 décembre 2019 (Jean-Talon) (PDF),https://docs.electionsquebec.qc.ca/PRO/5e6796b504274/SommaireRDE-partielle-2019-12-02.pdf,Élections partielles : 2 décembre 2019 (Jean-Talon) (PDF),PDF,selon fichier; voir dictionnaire et index,selon index officiel,selon publication officielle,EQ-nonprofit-no-adaptation,https://www.electionsquebec.qc.ca/notre-institution/conditions-dutilisation/,GET PDF,2026-10-03,lien présent dans index officiel; HTTP séparé dans download_log.csv,potentielles dans rapports; bruts non versionnés,raw_download,original_nonprofit_only,local_only,https://www.electionsquebec.qc.ca/financement-depenses-et-contributions/sommaire-des-depenses-electorales/,expenses,NA,true,Licence vérifiée pour le portail dgeq.org uniquement; ne pas étendre aux autres sources.
src_cfe22416fb0b,Élections Québec,Élections partielles : 10 décembre 2018 (Roberval) (PDF),https://docs.electionsquebec.qc.ca/PRO/6176ffef44a4e/SommaireRDE-partielles-2018-12-10.pdf,Élections partielles : 10 décembre 2018 (Roberval) (PDF),PDF,selon fichier; voir dictionnaire et index,selon index officiel,selon publication officielle,EQ-nonprofit-no-adaptation,https://www.electionsquebec.qc.ca/notre-institution/conditions-dutilisation/,GET PDF,2026-10-03,lien présent dans index officiel; HTTP séparé dans download_log.csv,potentielles dans rapports; bruts non versionnés,raw_download,original_nonprofit_only,local_only,https://www.electionsquebec.qc.ca/financement-depenses-et-contributions/sommaire-des-depenses-electorales/,expenses,NA,true,Licence vérifiée pour le portail dgeq.org uniquement; ne pas étendre aux autres sources.
src_f097f1933104,Élections Québec,Élections partielles : 2 octobre 2017 (Louis-Hébert) (PDF),https://docs.electionsquebec.qc.ca/PRO/6176ffc44a1ee/SommaireRDE-partielles-2017-10-02.pdf,Élections partielles : 2 octobre 2017 (Louis-Hébert) (PDF),PDF,selon fichier; voir dictionnaire et index,selon index officiel,selon publication officielle,EQ-nonprofit-no-adaptation,https://www.electionsquebec.qc.ca/notre-institution/conditions-dutilisation/,GET PDF,2026-10-03,lien présent dans index officiel; HTTP séparé dans download_log.csv,potentielles dans rapports; bruts non versionnés,raw_download,original_nonprofit_only,local_only,https://www.electionsquebec.qc.ca/financement-depenses-et-contributions/sommaire-des-depenses-electorales/,expenses,NA,true,Licence vérifiée pour le portail dgeq.org uniquement; ne pas étendre aux autres sources.
src_85c842ba25d7,Élections Québec,Élections partielles : 29 mai 2017 (Gouin) (PDF),https://docs.electionsquebec.qc.ca/PRO/6176ff76de8d9/SommaireRDE-partielles-2017-05-29.pdf,Élections partielles : 29 mai 2017 (Gouin) (PDF),PDF,selon fichier; voir dictionnaire et index,selon index officiel,selon publication officielle,EQ-nonprofit-no-adaptation,https://www.electionsquebec.qc.ca/notre-institution/conditions-dutilisation/,GET PDF,2026-10-03,lien présent dans index officiel; HTTP séparé dans download_log.csv,potentielles dans rapports; bruts non versionnés,raw_download,original_nonprofit_only,local_only,https://www.electionsquebec.qc.ca/financement-depenses-et-contributions/sommaire-des-depenses-electorales/,expenses,NA,true,Licence vérifiée pour le portail dgeq.org uniquement; ne pas étendre aux autres sources.
src_0e99e006f132,Élections Québec,"Élections partielles : 5 décembre 2016 (Arthabaska, Marie-Victorin, Saint-Jérôme et Verdun) (PDF)",https://docs.electionsquebec.qc.ca/PRO/6176ff469f558/SommaireRDE-partielles-2016-12-05.pdf,"Élections partielles : 5 décembre 2016 (Arthabaska, Marie-Victorin, Saint-Jérôme et Verdun) (PDF)",PDF,selon fichier; voir dictionnaire et index,selon index officiel,selon publication officielle,EQ-nonprofit-no-adaptation,https://www.electionsquebec.qc.ca/notre-institution/conditions-dutilisation/,GET PDF,2026-10-03,lien présent dans index officiel; HTTP séparé dans download_log.csv,potentielles dans rapports; bruts non versionnés,raw_download,original_nonprofit_only,local_only,https://www.electionsquebec.qc.ca/financement-depenses-et-contributions/sommaire-des-depenses-electorales/,expenses,NA,true,Licence vérifiée pour le portail dgeq.org uniquement; ne pas étendre aux autres sources.
src_9ddc65070b51,Élections Québec,Élections partielles : 11 avril 2016 (Chicoutimi) (PDF),https://docs.electionsquebec.qc.ca/PRO/6176ff204305f/SommaireRDE-partielles-2016-04-11.pdf,Élections partielles : 11 avril 2016 (Chicoutimi) (PDF),PDF,selon fichier; voir dictionnaire et index,selon index officiel,selon publication officielle,EQ-nonprofit-no-adaptation,https://www.electionsquebec.qc.ca/notre-institution/conditions-dutilisation/,GET PDF,2026-10-03,lien présent dans index officiel; HTTP séparé dans download_log.csv,potentielles dans rapports; bruts non versionnés,raw_download,original_nonprofit_only,local_only,https://www.electionsquebec.qc.ca/financement-depenses-et-contributions/sommaire-des-depenses-electorales/,expenses,NA,true,Licence vérifiée pour le portail dgeq.org uniquement; ne pas étendre aux autres sources.
src_7edae706c80f,Élections Québec,"Élections partielles : 9 novembre 2015 (Beauce-Sud, Fabre, René-Lévesque et Saint-Henri–Sainte-Anne) (PDF)",https://docs.electionsquebec.qc.ca/PRO/6176fef4027b7/SommaireRDE-partielles-2015-11-09.pdf,"Élections partielles : 9 novembre 2015 (Beauce-Sud, Fabre, René-Lévesque et Saint-Henri–Sainte-Anne) (PDF)",PDF,selon fichier; voir dictionnaire et index,selon index officiel,selon publication officielle,EQ-nonprofit-no-adaptation,https://www.electionsquebec.qc.ca/notre-institution/conditions-dutilisation/,GET PDF,2026-10-03,lien présent dans index officiel; HTTP séparé dans download_log.csv,potentielles dans rapports; bruts non versionnés,raw_download,original_nonprofit_only,local_only,https://www.electionsquebec.qc.ca/financement-depenses-et-contributions/sommaire-des-depenses-electorales/,expenses,NA,true,Licence vérifiée pour le portail dgeq.org uniquement; ne pas étendre aux autres sources.
src_a835da1cb6e8,Élections Québec,Élections partielles : 8 juin 2015 (Chauveau et Jean-Talon) (PDF),https://docs.electionsquebec.qc.ca/PRO/6176fdedd952d/SommaireRDE-partielles-2015-06-08.pdf,Élections partielles : 8 juin 2015 (Chauveau et Jean-Talon) (PDF),PDF,selon fichier; voir dictionnaire et index,selon index officiel,selon publication officielle,EQ-nonprofit-no-adaptation,https://www.electionsquebec.qc.ca/notre-institution/conditions-dutilisation/,GET PDF,2026-10-03,lien présent dans index officiel; HTTP séparé dans download_log.csv,potentielles dans rapports; bruts non versionnés,raw_download,original_nonprofit_only,local_only,https://www.electionsquebec.qc.ca/financement-depenses-et-contributions/sommaire-des-depenses-electorales/,expenses,NA,true,Licence vérifiée pour le portail dgeq.org uniquement; ne pas étendre aux autres sources.
src_2efb37ecb0cc,Élections Québec,Élections partielles : 9 mars 2015 (Richelieu) (PDF),https://docs.electionsquebec.qc.ca/PRO/6176fdc20e2da/SommaireRDE-partielles-2015-03-09.pdf,Élections partielles : 9 mars 2015 (Richelieu) (PDF),PDF,selon fichier; voir dictionnaire et index,selon index officiel,selon publication officielle,EQ-nonprofit-no-adaptation,https://www.electionsquebec.qc.ca/notre-institution/conditions-dutilisation/,GET PDF,2026-10-03,lien présent dans index officiel; HTTP séparé dans download_log.csv,potentielles dans rapports; bruts non versionnés,raw_download,original_nonprofit_only,local_only,https://www.electionsquebec.qc.ca/financement-depenses-et-contributions/sommaire-des-depenses-electorales/,expenses,NA,true,Licence vérifiée pour le portail dgeq.org uniquement; ne pas étendre aux autres sources.
src_bc27f2afd192,Élections Québec,Élections partielles : 20 octobre 2014 (Lévis) (PDF),https://docs.electionsquebec.qc.ca/PRO/6176fd9386399/SommaireRDE-partielles-2014-10-20.pdf,Élections partielles : 20 octobre 2014 (Lévis) (PDF),PDF,selon fichier; voir dictionnaire et index,selon index officiel,selon publication officielle,EQ-nonprofit-no-adaptation,https://www.electionsquebec.qc.ca/notre-institution/conditions-dutilisation/,GET PDF,2026-10-03,lien présent dans index officiel; HTTP séparé dans download_log.csv,potentielles dans rapports; bruts non versionnés,raw_download,original_nonprofit_only,local_only,https://www.electionsquebec.qc.ca/financement-depenses-et-contributions/sommaire-des-depenses-electorales/,expenses,NA,true,Licence vérifiée pour le portail dgeq.org uniquement; ne pas étendre aux autres sources.
src_e0df11670b07,Élections Québec,Élections partielles : 9 décembre 2013 (Outremont et Viau) (PDF),https://docs.electionsquebec.qc.ca/PRO/6176fd62af68e/SommaireRDE-partielles-2013-12-09.pdf,Élections partielles : 9 décembre 2013 (Outremont et Viau) (PDF),PDF,selon fichier; voir dictionnaire et index,selon index officiel,selon publication officielle,EQ-nonprofit-no-adaptation,https://www.electionsquebec.qc.ca/notre-institution/conditions-dutilisation/,GET PDF,2026-10-03,lien présent dans index officiel; HTTP séparé dans download_log.csv,potentielles dans rapports; bruts non versionnés,raw_download,original_nonprofit_only,local_only,https://www.electionsquebec.qc.ca/financement-depenses-et-contributions/sommaire-des-depenses-electorales/,expenses,NA,true,Licence vérifiée pour le portail dgeq.org uniquement; ne pas étendre aux autres sources.
src_a1b8ce3f9327,Élections Québec,Élections partielles : 11 juin 2012 (Argenteuil et LaFontaine) (PDF),https://docs.electionsquebec.qc.ca/PRO/6176fd305727c/SommaireRDE-partielles-2012-06-11.pdf,Élections partielles : 11 juin 2012 (Argenteuil et LaFontaine) (PDF),PDF,selon fichier; voir dictionnaire et index,selon index officiel,selon publication officielle,EQ-nonprofit-no-adaptation,https://www.electionsquebec.qc.ca/notre-institution/conditions-dutilisation/,GET PDF,2026-10-03,lien présent dans index officiel; HTTP séparé dans download_log.csv,potentielles dans rapports; bruts non versionnés,raw_download,original_nonprofit_only,local_only,https://www.electionsquebec.qc.ca/financement-depenses-et-contributions/sommaire-des-depenses-electorales/,expenses,NA,true,Licence vérifiée pour le portail dgeq.org uniquement; ne pas étendre aux autres sources.
src_599c155a843f,Élections Québec,Élections partielles : 5 décembre 2011 (Bonaventure) (PDF),https://docs.electionsquebec.qc.ca/PRO/6176fd0706b8d/SommaireRDE-partielles-2011-12-05.pdf,Élections partielles : 5 décembre 2011 (Bonaventure) (PDF),PDF,selon fichier; voir dictionnaire et index,selon index officiel,selon publication officielle,EQ-nonprofit-no-adaptation,https://www.electionsquebec.qc.ca/notre-institution/conditions-dutilisation/,GET PDF,2026-10-03,lien présent dans index officiel; HTTP séparé dans download_log.csv,potentielles dans rapports; bruts non versionnés,raw_download,original_nonprofit_only,local_only,https://www.electionsquebec.qc.ca/financement-depenses-et-contributions/sommaire-des-depenses-electorales/,expenses,NA,true,Licence vérifiée pour le portail dgeq.org uniquement; ne pas étendre aux autres sources.
src_054c00a7b03c,Élections Québec,candidate_stats,https://www.electionsquebec.qc.ca/resultats-et-statistiques/statistiques-sur-les-candidatures/statistiques-sur-les-candidatures-5-octobre-2026/,candidate_stats,HTML,selon fichier; voir dictionnaire et index,selon index officiel,selon publication officielle,EQ-nonprofit-no-adaptation,https://www.electionsquebec.qc.ca/notre-institution/conditions-dutilisation/,GET HTML,2026-10-03,lien présent dans index officiel; HTTP séparé dans download_log.csv,noms candidatures et agents,scraping_required,original_nonprofit_only,local_only,https://www.electionsquebec.qc.ca/resultats-et-statistiques/statistiques-sur-les-candidatures/statistiques-sur-les-candidatures-5-octobre-2026/,candidate_stats,qc-prov-2026-10-05-general,true,Licence vérifiée pour le portail dgeq.org uniquement; ne pas étendre aux autres sources.
src_6c3e3712dabd,Élections Québec,turnout_history,https://www.electionsquebec.qc.ca/resultats-et-statistiques/historique-du-taux-de-participation-electorale/,turnout_history,HTML,selon fichier; voir dictionnaire et index,selon index officiel,selon publication officielle,EQ-nonprofit-no-adaptation,https://www.electionsquebec.qc.ca/notre-institution/conditions-dutilisation/,GET HTML,2026-10-03,lien présent dans index officiel; HTTP séparé dans download_log.csv,non identifiées au stade inventaire,scraping_required,original_nonprofit_only,local_only,https://www.electionsquebec.qc.ca/resultats-et-statistiques/historique-du-taux-de-participation-electorale/,turnout_history,NA,true,Licence vérifiée pour le portail dgeq.org uniquement; ne pas étendre aux autres sources.
src_d61e09ea1753,Élections Québec,general_history,https://www.electionsquebec.qc.ca/resultats-et-statistiques/resultats-generales/,general_history,HTML,selon fichier; voir dictionnaire et index,selon index officiel,selon publication officielle,EQ-nonprofit-no-adaptation,https://www.electionsquebec.qc.ca/notre-institution/conditions-dutilisation/,GET HTML,2026-10-03,lien présent dans index officiel; HTTP séparé dans download_log.csv,non identifiées au stade inventaire,scraping_required,original_nonprofit_only,local_only,https://www.electionsquebec.qc.ca/resultats-et-statistiques/resultats-generales/,general_history,NA,true,Licence vérifiée pour le portail dgeq.org uniquement; ne pas étendre aux autres sources.
src_89b1dcb3bd18,Élections Québec,: Passer au contenu,https://www.electionsquebec.qc.ca/resultats-et-statistiques/resultats-generales/#skipToContent,: Passer au contenu,HTML,selon fichier; voir dictionnaire et index,selon index officiel,selon publication officielle,EQ-nonprofit-no-adaptation,https://www.electionsquebec.qc.ca/notre-institution/conditions-dutilisation/,GET HTML,2026-10-03,lien présent dans index officiel; HTTP séparé dans download_log.csv,non identifiées au stade inventaire,scraping_required,original_nonprofit_only,local_only,https://www.electionsquebec.qc.ca/resultats-et-statistiques/resultats-generales/,general_history,NA,true,Licence vérifiée pour le portail dgeq.org uniquement; ne pas étendre aux autres sources.
src_3f77879fe5f9,Élections Québec,Élections générales : 3 octobre 2022,https://www.electionsquebec.qc.ca/resultats-et-statistiques/resultats-generales/2022-10-03/,Élections générales : 3 octobre 2022,HTML,selon fichier; voir dictionnaire et index,selon index officiel,selon publication officielle,EQ-nonprofit-no-adaptation,https://www.electionsquebec.qc.ca/notre-institution/conditions-dutilisation/,GET HTML,2026-10-03,lien présent dans index officiel; HTTP séparé dans download_log.csv,non identifiées au stade inventaire,scraping_required,original_nonprofit_only,local_only,https://www.electionsquebec.qc.ca/resultats-et-statistiques/resultats-generales/,general_history,NA,true,Licence vérifiée pour le portail dgeq.org uniquement; ne pas étendre aux autres sources.
src_3079060e6e05,Élections Québec,Élections générales : 1 er octobre 2018,https://www.electionsquebec.qc.ca/resultats-et-statistiques/resultats-generales/2018-10-01/,Élections générales : 1 er octobre 2018,HTML,selon fichier; voir dictionnaire et index,selon index officiel,selon publication officielle,EQ-nonprofit-no-adaptation,https://www.electionsquebec.qc.ca/notre-institution/conditions-dutilisation/,GET HTML,2026-10-03,lien présent dans index officiel; HTTP séparé dans download_log.csv,non identifiées au stade inventaire,scraping_required,original_nonprofit_only,local_only,https://www.electionsquebec.qc.ca/resultats-et-statistiques/resultats-generales/,general_history,NA,true,Licence vérifiée pour le portail dgeq.org uniquement; ne pas étendre aux autres sources.
src_ef8b71b53e21,Élections Québec,Élections générales : 7 avril 2014,https://www.electionsquebec.qc.ca/resultats-et-statistiques/resultats-generales/2014-04-07/,Élections générales : 7 avril 2014,HTML,selon fichier; voir dictionnaire et index,selon index officiel,selon publication officielle,EQ-nonprofit-no-adaptation,https://www.electionsquebec.qc.ca/notre-institution/conditions-dutilisation/,GET HTML,2026-10-03,lien présent dans index officiel; HTTP séparé dans download_log.csv,non identifiées au stade inventaire,scraping_required,original_nonprofit_only,local_only,https://www.electionsquebec.qc.ca/resultats-et-statistiques/resultats-generales/,general_history,NA,true,Licence vérifiée pour le portail dgeq.org uniquement; ne pas étendre aux autres sources.
src_8e75d31e857d,Élections Québec,Élections générales : 4 septembre 2012,https://www.electionsquebec.qc.ca/resultats-et-statistiques/resultats-generales/2012-09-04/,Élections générales : 4 septembre 2012,HTML,selon fichier; voir dictionnaire et index,selon index officiel,selon publication officielle,EQ-nonprofit-no-adaptation,https://www.electionsquebec.qc.ca/notre-institution/conditions-dutilisation/,GET HTML,2026-10-03,lien présent dans index officiel; HTTP séparé dans download_log.csv,non identifiées au stade inventaire,scraping_required,original_nonprofit_only,local_only,https://www.electionsquebec.qc.ca/resultats-et-statistiques/resultats-generales/,general_history,NA,true,Licence vérifiée pour le portail dgeq.org uniquement; ne pas étendre aux autres sources.
src_bd95fc36ff7d,Élections Québec,Élections générales : 8 décembre 2008,https://www.electionsquebec.qc.ca/resultats-et-statistiques/resultats-generales/2008-12-08/,Élections générales : 8 décembre 2008,HTML,selon fichier; voir dictionnaire et index,selon index officiel,selon publication officielle,EQ-nonprofit-no-adaptation,https://www.electionsquebec.qc.ca/notre-institution/conditions-dutilisation/,GET HTML,2026-10-03,lien présent dans index officiel; HTTP séparé dans download_log.csv,non identifiées au stade inventaire,scraping_required,original_nonprofit_only,local_only,https://www.electionsquebec.qc.ca/resultats-et-statistiques/resultats-generales/,general_history,NA,true,Licence vérifiée pour le portail dgeq.org uniquement; ne pas étendre aux autres sources.
src_2fbd7c4b9831,Élections Québec,Élections générales : 26 mars 2007,https://www.electionsquebec.qc.ca/resultats-et-statistiques/resultats-generales/2007-03-26/,Élections générales : 26 mars 2007,HTML,selon fichier; voir dictionnaire et index,selon index officiel,selon publication officielle,EQ-nonprofit-no-adaptation,https://www.electionsquebec.qc.ca/notre-institution/conditions-dutilisation/,GET HTML,2026-10-03,lien présent dans index officiel; HTTP séparé dans download_log.csv,non identifiées au stade inventaire,scraping_required,original_nonprofit_only,local_only,https://www.electionsquebec.qc.ca/resultats-et-statistiques/resultats-generales/,general_history,NA,true,Licence vérifiée pour le portail dgeq.org uniquement; ne pas étendre aux autres sources.
src_6c7c3c7f0abb,Élections Québec,Élections générales : 14 avril – 20 mai 2003 (Champlain),https://www.electionsquebec.qc.ca/resultats-et-statistiques/resultats-generales/2003-04-14/,Élections générales : 14 avril – 20 mai 2003 (Champlain),HTML,selon fichier; voir dictionnaire et index,selon index officiel,selon publication officielle,EQ-nonprofit-no-adaptation,https://www.electionsquebec.qc.ca/notre-institution/conditions-dutilisation/,GET HTML,2026-10-03,lien présent dans index officiel; HTTP séparé dans download_log.csv,non identifiées au stade inventaire,scraping_required,original_nonprofit_only,local_only,https://www.electionsquebec.qc.ca/resultats-et-statistiques/resultats-generales/,general_history,NA,true,Licence vérifiée pour le portail dgeq.org uniquement; ne pas étendre aux autres sources.
src_268f1a4a8b31,Élections Québec,Élections générales : 30 novembre – 14 décembre 1998 (Masson),https://www.electionsquebec.qc.ca/resultats-et-statistiques/resultats-generales/1998-11-30/,Élections générales : 30 novembre – 14 décembre 1998 (Masson),HTML,selon fichier; voir dictionnaire et index,selon index officiel,selon publication officielle,EQ-nonprofit-no-adaptation,https://www.electionsquebec.qc.ca/notre-institution/conditions-dutilisation/,GET HTML,2026-10-03,lien présent dans index officiel; HTTP séparé dans download_log.csv,non identifiées au stade inventaire,scraping_required,original_nonprofit_only,local_only,https://www.electionsquebec.qc.ca/resultats-et-statistiques/resultats-generales/,general_history,NA,true,Licence vérifiée pour le portail dgeq.org uniquement; ne pas étendre aux autres sources.
src_d3981d15025d,Élections Québec,Élections générales : 12 septembre – 24 octobre 1994 (Saint-Jean),https://www.electionsquebec.qc.ca/resultats-et-statistiques/resultats-generales/1994-09-12/,Élections générales : 12 septembre – 24 octobre 1994 (Saint-Jean),HTML,selon fichier; voir dictionnaire et index,selon index officiel,selon publication officielle,EQ-nonprofit-no-adaptation,https://www.electionsquebec.qc.ca/notre-institution/conditions-dutilisation/,GET HTML,2026-10-03,lien présent dans index officiel; HTTP séparé dans download_log.csv,non identifiées au stade inventaire,scraping_required,original_nonprofit_only,local_only,https://www.electionsquebec.qc.ca/resultats-et-statistiques/resultats-generales/,general_history,NA,true,Licence vérifiée pour le portail dgeq.org uniquement; ne pas étendre aux autres sources.
src_31b9081adafa,Élections Québec,Élections générales : 25 septembre 1989,https://www.electionsquebec.qc.ca/resultats-et-statistiques/resultats-generales/1989-09-25/,Élections générales : 25 septembre 1989,HTML,selon fichier; voir dictionnaire et index,selon index officiel,selon publication officielle,EQ-nonprofit-no-adaptation,https://www.electionsquebec.qc.ca/notre-institution/conditions-dutilisation/,GET HTML,2026-10-03,lien présent dans index officiel; HTTP séparé dans download_log.csv,non identifiées au stade inventaire,scraping_required,original_nonprofit_only,local_only,https://www.electionsquebec.qc.ca/resultats-et-statistiques/resultats-generales/,general_history,NA,true,Licence vérifiée pour le portail dgeq.org uniquement; ne pas étendre aux autres sources.
src_b03ffef94773,Élections Québec,Élections générales : 2 décembre 1985,https://www.electionsquebec.qc.ca/resultats-et-statistiques/resultats-generales/1985-12-02/,Élections générales : 2 décembre 1985,HTML,selon fichier; voir dictionnaire et index,selon index officiel,selon publication officielle,EQ-nonprofit-no-adaptation,https://www.electionsquebec.qc.ca/notre-institution/conditions-dutilisation/,GET HTML,2026-10-03,lien présent dans index officiel; HTTP séparé dans download_log.csv,non identifiées au stade inventaire,scraping_required,original_nonprofit_only,local_only,https://www.electionsquebec.qc.ca/resultats-et-statistiques/resultats-generales/,general_history,NA,true,Licence vérifiée pour le portail dgeq.org uniquement; ne pas étendre aux autres sources.
src_406874c1e392,Élections Québec,Élections générales : 13 avril 1981,https://www.electionsquebec.qc.ca/resultats-et-statistiques/resultats-generales/1981-04-13/,Élections générales : 13 avril 1981,HTML,selon fichier; voir dictionnaire et index,selon index officiel,selon publication officielle,EQ-nonprofit-no-adaptation,https://www.electionsquebec.qc.ca/notre-institution/conditions-dutilisation/,GET HTML,2026-10-03,lien présent dans index officiel; HTTP séparé dans download_log.csv,non identifiées au stade inventaire,scraping_required,original_nonprofit_only,local_only,https://www.electionsquebec.qc.ca/resultats-et-statistiques/resultats-generales/,general_history,NA,true,Licence vérifiée pour le portail dgeq.org uniquement; ne pas étendre aux autres sources.
src_4afe4837258f,Élections Québec,Élections générales : 15 novembre 1976,https://www.electionsquebec.qc.ca/resultats-et-statistiques/resultats-generales/1976-11-15/,Élections générales : 15 novembre 1976,HTML,selon fichier; voir dictionnaire et index,selon index officiel,selon publication officielle,EQ-nonprofit-no-adaptation,https://www.electionsquebec.qc.ca/notre-institution/conditions-dutilisation/,GET HTML,2026-10-03,lien présent dans index officiel; HTTP séparé dans download_log.csv,non identifiées au stade inventaire,scraping_required,original_nonprofit_only,local_only,https://www.electionsquebec.qc.ca/resultats-et-statistiques/resultats-generales/,general_history,NA,true,Licence vérifiée pour le portail dgeq.org uniquement; ne pas étendre aux autres sources.
src_f2dbc7f08dc1,Élections Québec,Élections générales : 29 octobre 1973,https://www.electionsquebec.qc.ca/resultats-et-statistiques/resultats-generales/1973-10-29/,Élections générales : 29 octobre 1973,HTML,selon fichier; voir dictionnaire et index,selon index officiel,selon publication officielle,EQ-nonprofit-no-adaptation,https://www.electionsquebec.qc.ca/notre-institution/conditions-dutilisation/,GET HTML,2026-10-03,lien présent dans index officiel; HTTP séparé dans download_log.csv,non identifiées au stade inventaire,scraping_required,original_nonprofit_only,local_only,https://www.electionsquebec.qc.ca/resultats-et-statistiques/resultats-generales/,general_history,NA,true,Licence vérifiée pour le portail dgeq.org uniquement; ne pas étendre aux autres sources.
src_7abc96d42753,Élections Québec,Élections partielles : 23 février 2026,https://www.electionsquebec.qc.ca/resultats-et-statistiques/resultats-partielles/2026-02-23/918/,Élections partielles : 23 février 2026,HTML,selon fichier; voir dictionnaire et index,selon index officiel,selon publication officielle,EQ-nonprofit-no-adaptation,https://www.electionsquebec.qc.ca/notre-institution/conditions-dutilisation/,GET HTML,2026-10-03,lien présent dans index officiel; HTTP séparé dans download_log.csv,non identifiées au stade inventaire,scraping_required,original_nonprofit_only,local_only,https://www.electionsquebec.qc.ca/resultats-et-statistiques/resultats-generales/,general_history,NA,true,Licence vérifiée pour le portail dgeq.org uniquement; ne pas étendre aux autres sources.
src_2ce7b4ce1427,Élections Québec,Élections partielles : 11 août 2025,https://www.electionsquebec.qc.ca/resultats-et-statistiques/resultats-partielles/2025-08-11/144/,Élections partielles : 11 août 2025,HTML,selon fichier; voir dictionnaire et index,selon index officiel,selon publication officielle,EQ-nonprofit-no-adaptation,https://www.electionsquebec.qc.ca/notre-institution/conditions-dutilisation/,GET HTML,2026-10-03,lien présent dans index officiel; HTTP séparé dans download_log.csv,non identifiées au stade inventaire,scraping_required,original_nonprofit_only,local_only,https://www.electionsquebec.qc.ca/resultats-et-statistiques/resultats-generales/,general_history,NA,true,Licence vérifiée pour le portail dgeq.org uniquement; ne pas étendre aux autres sources.
src_28bdd9cef03e,Élections Québec,Élections partielles : 17 mars 2025,https://www.electionsquebec.qc.ca/resultats-et-statistiques/resultats-partielles/2025-03-17/542/,Élections partielles : 17 mars 2025,HTML,selon fichier; voir dictionnaire et index,selon index officiel,selon publication officielle,EQ-nonprofit-no-adaptation,https://www.electionsquebec.qc.ca/notre-institution/conditions-dutilisation/,GET HTML,2026-10-03,lien présent dans index officiel; HTTP séparé dans download_log.csv,non identifiées au stade inventaire,scraping_required,original_nonprofit_only,local_only,https://www.electionsquebec.qc.ca/resultats-et-statistiques/resultats-generales/,general_history,NA,true,Licence vérifiée pour le portail dgeq.org uniquement; ne pas étendre aux autres sources.
src_be3780a738b2,Élections Québec,Élections partielles : 2 octobre 2023,https://www.electionsquebec.qc.ca/resultats-et-statistiques/resultats-partielles/2023-10-02/702/,Élections partielles : 2 octobre 2023,HTML,selon fichier; voir dictionnaire et index,selon index officiel,selon publication officielle,EQ-nonprofit-no-adaptation,https://www.electionsquebec.qc.ca/notre-institution/conditions-dutilisation/,GET HTML,2026-10-03,lien présent dans index officiel; HTTP séparé dans download_log.csv,non identifiées au stade inventaire,scraping_required,original_nonprofit_only,local_only,https://www.electionsquebec.qc.ca/resultats-et-statistiques/resultats-generales/,general_history,NA,true,Licence vérifiée pour le portail dgeq.org uniquement; ne pas étendre aux autres sources.
src_f288f158a23a,Élections Québec,Élections partielles : 13 mars 2023,https://www.electionsquebec.qc.ca/resultats-et-statistiques/resultats-partielles/2023-03-13/326/,Élections partielles : 13 mars 2023,HTML,selon fichier; voir dictionnaire et index,selon index officiel,selon publication officielle,EQ-nonprofit-no-adaptation,https://www.electionsquebec.qc.ca/notre-institution/conditions-dutilisation/,GET HTML,2026-10-03,lien présent dans index officiel; HTTP séparé dans download_log.csv,non identifiées au stade inventaire,scraping_required,original_nonprofit_only,local_only,https://www.electionsquebec.qc.ca/resultats-et-statistiques/resultats-generales/,general_history,NA,true,Licence vérifiée pour le portail dgeq.org uniquement; ne pas étendre aux autres sources.
src_c15627904778,Élections Québec,Élections partielles : 11 avril 2022,https://www.electionsquebec.qc.ca/resultats-et-statistiques/resultats-partielles/2022-04-11/246/,Élections partielles : 11 avril 2022,HTML,selon fichier; voir dictionnaire et index,selon index officiel,selon publication officielle,EQ-nonprofit-no-adaptation,https://www.electionsquebec.qc.ca/notre-institution/conditions-dutilisation/,GET HTML,2026-10-03,lien présent dans index officiel; HTTP séparé dans download_log.csv,non identifiées au stade inventaire,scraping_required,original_nonprofit_only,local_only,https://www.electionsquebec.qc.ca/resultats-et-statistiques/resultats-generales/,general_history,NA,true,Licence vérifiée pour le portail dgeq.org uniquement; ne pas étendre aux autres sources.
src_8d7400c4d1fb,Élections Québec,Élections partielles : 2 décembre 2019,https://www.electionsquebec.qc.ca/resultats-et-statistiques/resultats-partielles/2019-12-02/702/,Élections partielles : 2 décembre 2019,HTML,selon fichier; voir dictionnaire et index,selon index officiel,selon publication officielle,EQ-nonprofit-no-adaptation,https://www.electionsquebec.qc.ca/notre-institution/conditions-dutilisation/,GET HTML,2026-10-03,lien présent dans index officiel; HTTP séparé dans download_log.csv,non identifiées au stade inventaire,scraping_required,original_nonprofit_only,local_only,https://www.electionsquebec.qc.ca/resultats-et-statistiques/resultats-generales/,general_history,NA,true,Licence vérifiée pour le portail dgeq.org uniquement; ne pas étendre aux autres sources.
src_69e089e9e10a,Élections Québec,Élections partielles : 10 décembre 2018,https://www.electionsquebec.qc.ca/resultats-et-statistiques/resultats-partielles/2018-12-10/930/,Élections partielles : 10 décembre 2018,HTML,selon fichier; voir dictionnaire et index,selon index officiel,selon publication officielle,EQ-nonprofit-no-adaptation,https://www.electionsquebec.qc.ca/notre-institution/conditions-dutilisation/,GET HTML,2026-10-03,lien présent dans index officiel; HTTP séparé dans download_log.csv,non identifiées au stade inventaire,scraping_required,original_nonprofit_only,local_only,https://www.electionsquebec.qc.ca/resultats-et-statistiques/resultats-generales/,general_history,NA,true,Licence vérifiée pour le portail dgeq.org uniquement; ne pas étendre aux autres sources.
src_23725b5da595,Élections Québec,Élections partielles : 2 octobre 2017,https://www.electionsquebec.qc.ca/resultats-et-statistiques/resultats-partielles/2017-10-02/653/,Élections partielles : 2 octobre 2017,HTML,selon fichier; voir dictionnaire et index,selon index officiel,selon publication officielle,EQ-nonprofit-no-adaptation,https://www.electionsquebec.qc.ca/notre-institution/conditions-dutilisation/,GET HTML,2026-10-03,lien présent dans index officiel; HTTP séparé dans download_log.csv,non identifiées au stade inventaire,scraping_required,original_nonprofit_only,local_only,https://www.electionsquebec.qc.ca/resultats-et-statistiques/resultats-generales/,general_history,NA,true,Licence vérifiée pour le portail dgeq.org uniquement; ne pas étendre aux autres sources.
src_c76958a761f5,Élections Québec,Élections partielles : 29 mai 2017,https://www.electionsquebec.qc.ca/resultats-et-statistiques/resultats-partielles/2017-05-29/381/,Élections partielles : 29 mai 2017,HTML,selon fichier; voir dictionnaire et index,selon index officiel,selon publication officielle,EQ-nonprofit-no-adaptation,https://www.electionsquebec.qc.ca/notre-institution/conditions-dutilisation/,GET HTML,2026-10-03,lien présent dans index officiel; HTTP séparé dans download_log.csv,non identifiées au stade inventaire,scraping_required,original_nonprofit_only,local_only,https://www.electionsquebec.qc.ca/resultats-et-statistiques/resultats-generales/,general_history,NA,true,Licence vérifiée pour le portail dgeq.org uniquement; ne pas étendre aux autres sources.
src_c13d1bce829e,Élections Québec,Élections partielles : 5 décembre 2016,https://www.electionsquebec.qc.ca/resultats-et-statistiques/resultats-partielles/2016-12-05/323/,Élections partielles : 5 décembre 2016,HTML,selon fichier; voir dictionnaire et index,selon index officiel,selon publication officielle,EQ-nonprofit-no-adaptation,https://www.electionsquebec.qc.ca/notre-institution/conditions-dutilisation/,GET HTML,2026-10-03,lien présent dans index officiel; HTTP séparé dans download_log.csv,non identifiées au stade inventaire,scraping_required,original_nonprofit_only,local_only,https://www.electionsquebec.qc.ca/resultats-et-statistiques/resultats-generales/,general_history,NA,true,Licence vérifiée pour le portail dgeq.org uniquement; ne pas étendre aux autres sources.
src_8e664378cc70,Élections Québec,Élections partielles : 5 décembre 2016,https://www.electionsquebec.qc.ca/resultats-et-statistiques/resultats-partielles/2016-12-05/213/,Élections partielles : 5 décembre 2016,HTML,selon fichier; voir dictionnaire et index,selon index officiel,selon publication officielle,EQ-nonprofit-no-adaptation,https://www.electionsquebec.qc.ca/notre-institution/conditions-dutilisation/,GET HTML,2026-10-03,lien présent dans index officiel; HTTP séparé dans download_log.csv,non identifiées au stade inventaire,scraping_required,original_nonprofit_only,local_only,https://www.electionsquebec.qc.ca/resultats-et-statistiques/resultats-generales/,general_history,NA,true,Licence vérifiée pour le portail dgeq.org uniquement; ne pas étendre aux autres sources.
src_e46316857e0d,Élections Québec,Élections partielles : 5 décembre 2016,https://www.electionsquebec.qc.ca/resultats-et-statistiques/resultats-partielles/2016-12-05/505/,Élections partielles : 5 décembre 2016,HTML,selon fichier; voir dictionnaire et index,selon index officiel,selon publication officielle,EQ-nonprofit-no-adaptation,https://www.electionsquebec.qc.ca/notre-institution/conditions-dutilisation/,GET HTML,2026-10-03,lien présent dans index officiel; HTTP séparé dans download_log.csv,non identifiées au stade inventaire,scraping_required,original_nonprofit_only,local_only,https://www.electionsquebec.qc.ca/resultats-et-statistiques/resultats-generales/,general_history,NA,true,Licence vérifiée pour le portail dgeq.org uniquement; ne pas étendre aux autres sources.
src_0f570398d8c4,Élections Québec,Élections partielles : 5 décembre 2016,https://www.electionsquebec.qc.ca/resultats-et-statistiques/resultats-partielles/2016-12-05/397/,Élections partielles : 5 décembre 2016,HTML,selon fichier; voir dictionnaire et index,selon index officiel,selon publication officielle,EQ-nonprofit-no-adaptation,https://www.electionsquebec.qc.ca/notre-institution/conditions-dutilisation/,GET HTML,2026-10-03,lien présent dans index officiel; HTTP séparé dans download_log.csv,non identifiées au stade inventaire,scraping_required,original_nonprofit_only,local_only,https://www.electionsquebec.qc.ca/resultats-et-statistiques/resultats-generales/,general_history,NA,true,Licence vérifiée pour le portail dgeq.org uniquement; ne pas étendre aux autres sources.
src_62cd9c8fd4f5,Élections Québec,Élections partielles : 11 avril 2016,https://www.electionsquebec.qc.ca/resultats-et-statistiques/resultats-partielles/2016-04-11/763/,Élections partielles : 11 avril 2016,HTML,selon fichier; voir dictionnaire et index,selon index officiel,selon publication officielle,EQ-nonprofit-no-adaptation,https://www.electionsquebec.qc.ca/notre-institution/conditions-dutilisation/,GET HTML,2026-10-03,lien présent dans index officiel; HTTP séparé dans download_log.csv,non identifiées au stade inventaire,scraping_required,original_nonprofit_only,local_only,https://www.electionsquebec.qc.ca/resultats-et-statistiques/resultats-generales/,general_history,NA,true,Licence vérifiée pour le portail dgeq.org uniquement; ne pas étendre aux autres sources.
src_9e0580f78d0e,Élections Québec,Élections partielles : 9 novembre 2015,https://www.electionsquebec.qc.ca/resultats-et-statistiques/resultats-partielles/2015-11-09/293/,Élections partielles : 9 novembre 2015,HTML,selon fichier; voir dictionnaire et index,selon index officiel,selon publication officielle,EQ-nonprofit-no-adaptation,https://www.electionsquebec.qc.ca/notre-institution/conditions-dutilisation/,GET HTML,2026-10-03,lien présent dans index officiel; HTTP séparé dans download_log.csv,non identifiées au stade inventaire,scraping_required,original_nonprofit_only,local_only,https://www.electionsquebec.qc.ca/resultats-et-statistiques/resultats-generales/,general_history,NA,true,Licence vérifiée pour le portail dgeq.org uniquement; ne pas étendre aux autres sources.
src_84fdba849959,Élections Québec,Élections partielles : 9 novembre 2015,https://www.electionsquebec.qc.ca/resultats-et-statistiques/resultats-partielles/2015-11-09/443/,Élections partielles : 9 novembre 2015,HTML,selon fichier; voir dictionnaire et index,selon index officiel,selon publication officielle,EQ-nonprofit-no-adaptation,https://www.electionsquebec.qc.ca/notre-institution/conditions-dutilisation/,GET HTML,2026-10-03,lien présent dans index officiel; HTTP séparé dans download_log.csv,non identifiées au stade inventaire,scraping_required,original_nonprofit_only,local_only,https://www.electionsquebec.qc.ca/resultats-et-statistiques/resultats-generales/,general_history,NA,true,Licence vérifiée pour le portail dgeq.org uniquement; ne pas étendre aux autres sources.
src_7270fdc3b2ec,Élections Québec,Élections partielles : 9 novembre 2015,https://www.electionsquebec.qc.ca/resultats-et-statistiques/resultats-partielles/2015-11-09/753/,Élections partielles : 9 novembre 2015,HTML,selon fichier; voir dictionnaire et index,selon index officiel,selon publication officielle,EQ-nonprofit-no-adaptation,https://www.electionsquebec.qc.ca/notre-institution/conditions-dutilisation/,GET HTML,2026-10-03,lien présent dans index officiel; HTTP séparé dans download_log.csv,non identifiées au stade inventaire,scraping_required,original_nonprofit_only,local_only,https://www.electionsquebec.qc.ca/resultats-et-statistiques/resultats-generales/,general_history,NA,true,Licence vérifiée pour le portail dgeq.org uniquement; ne pas étendre aux autres sources.
src_ce8857974978,Élections Québec,Élections partielles : 9 novembre 2015,https://www.electionsquebec.qc.ca/resultats-et-statistiques/resultats-partielles/2015-11-09/393/,Élections partielles : 9 novembre 2015,HTML,selon fichier; voir dictionnaire et index,selon index officiel,selon publication officielle,EQ-nonprofit-no-adaptation,https://www.electionsquebec.qc.ca/notre-institution/conditions-dutilisation/,GET HTML,2026-10-03,lien présent dans index officiel; HTTP séparé dans download_log.csv,non identifiées au stade inventaire,scraping_required,original_nonprofit_only,local_only,https://www.electionsquebec.qc.ca/resultats-et-statistiques/resultats-generales/,general_history,NA,true,Licence vérifiée pour le portail dgeq.org uniquement; ne pas étendre aux autres sources.
src_32d80e844cc9,Élections Québec,Élections partielles : 8 juin 2015,https://www.electionsquebec.qc.ca/resultats-et-statistiques/resultats-partielles/2015-06-08/613/,Élections partielles : 8 juin 2015,HTML,selon fichier; voir dictionnaire et index,selon index officiel,selon publication officielle,EQ-nonprofit-no-adaptation,https://www.electionsquebec.qc.ca/notre-institution/conditions-dutilisation/,GET HTML,2026-10-03,lien présent dans index officiel; HTTP séparé dans download_log.csv,non identifiées au stade inventaire,scraping_required,original_nonprofit_only,local_only,https://www.electionsquebec.qc.ca/resultats-et-statistiques/resultats-generales/,general_history,NA,true,Licence vérifiée pour le portail dgeq.org uniquement; ne pas étendre aux autres sources.
src_25cafa59a723,Élections Québec,Élections partielles : 8 juin 2015,https://www.electionsquebec.qc.ca/resultats-et-statistiques/resultats-partielles/2015-06-08/643/,Élections partielles : 8 juin 2015,HTML,selon fichier; voir dictionnaire et index,selon index officiel,selon publication officielle,EQ-nonprofit-no-adaptation,https://www.electionsquebec.qc.ca/notre-institution/conditions-dutilisation/,GET HTML,2026-10-03,lien présent dans index officiel; HTTP séparé dans download_log.csv,non identifiées au stade inventaire,scraping_required,original_nonprofit_only,local_only,https://www.electionsquebec.qc.ca/resultats-et-statistiques/resultats-generales/,general_history,NA,true,Licence vérifiée pour le portail dgeq.org uniquement; ne pas étendre aux autres sources.
src_6f8e7ac92c98,Élections Québec,Élections partielles : 9 mars 2015,https://www.electionsquebec.qc.ca/resultats-et-statistiques/resultats-partielles/2015-03-09/253/,Élections partielles : 9 mars 2015,HTML,selon fichier; voir dictionnaire et index,selon index officiel,selon publication officielle,EQ-nonprofit-no-adaptation,https://www.electionsquebec.qc.ca/notre-institution/conditions-dutilisation/,GET HTML,2026-10-03,lien présent dans index officiel; HTTP séparé dans download_log.csv,non identifiées au stade inventaire,scraping_required,original_nonprofit_only,local_only,https://www.electionsquebec.qc.ca/resultats-et-statistiques/resultats-generales/,general_history,NA,true,Licence vérifiée pour le portail dgeq.org uniquement; ne pas étendre aux autres sources.
src_f730ae201048,Élections Québec,Élections partielles : 20 octobre 2014,https://www.electionsquebec.qc.ca/resultats-et-statistiques/resultats-partielles/2014-10-20/663/,Élections partielles : 20 octobre 2014,HTML,selon fichier; voir dictionnaire et index,selon index officiel,selon publication officielle,EQ-nonprofit-no-adaptation,https://www.electionsquebec.qc.ca/notre-institution/conditions-dutilisation/,GET HTML,2026-10-03,lien présent dans index officiel; HTTP séparé dans download_log.csv,non identifiées au stade inventaire,scraping_required,original_nonprofit_only,local_only,https://www.electionsquebec.qc.ca/resultats-et-statistiques/resultats-generales/,general_history,NA,true,Licence vérifiée pour le portail dgeq.org uniquement; ne pas étendre aux autres sources.
src_e2863d2ff48e,Élections Québec,Élections partielles : 9 décembre 2013,https://www.electionsquebec.qc.ca/resultats-et-statistiques/resultats-partielles/2013-12-09/2033/,Élections partielles : 9 décembre 2013,HTML,selon fichier; voir dictionnaire et index,selon index officiel,selon publication officielle,EQ-nonprofit-no-adaptation,https://www.electionsquebec.qc.ca/notre-institution/conditions-dutilisation/,GET HTML,2026-10-03,lien présent dans index officiel; HTTP séparé dans download_log.csv,non identifiées au stade inventaire,scraping_required,original_nonprofit_only,local_only,https://www.electionsquebec.qc.ca/resultats-et-statistiques/resultats-generales/,general_history,NA,true,Licence vérifiée pour le portail dgeq.org uniquement; ne pas étendre aux autres sources.
src_783720c6e777,Élections Québec,Élections partielles : 9 décembre 2013,https://www.electionsquebec.qc.ca/resultats-et-statistiques/resultats-partielles/2013-12-09/2032/,Élections partielles : 9 décembre 2013,HTML,selon fichier; voir dictionnaire et index,selon index officiel,selon publication officielle,EQ-nonprofit-no-adaptation,https://www.electionsquebec.qc.ca/notre-institution/conditions-dutilisation/,GET HTML,2026-10-03,lien présent dans index officiel; HTTP séparé dans download_log.csv,non identifiées au stade inventaire,scraping_required,original_nonprofit_only,local_only,https://www.electionsquebec.qc.ca/resultats-et-statistiques/resultats-generales/,general_history,NA,true,Licence vérifiée pour le portail dgeq.org uniquement; ne pas étendre aux autres sources.
src_882ec43a32df,Élections Québec,Élections partielles : 11 juin 2012,https://www.electionsquebec.qc.ca/resultats-et-statistiques/resultats-partielles/2012-06-11/518/,Élections partielles : 11 juin 2012,HTML,selon fichier; voir dictionnaire et index,selon index officiel,selon publication officielle,EQ-nonprofit-no-adaptation,https://www.electionsquebec.qc.ca/notre-institution/conditions-dutilisation/,GET HTML,2026-10-03,lien présent dans index officiel; HTTP séparé dans download_log.csv,non identifiées au stade inventaire,scraping_required,original_nonprofit_only,local_only,https://www.electionsquebec.qc.ca/resultats-et-statistiques/resultats-generales/,general_history,NA,true,Licence vérifiée pour le portail dgeq.org uniquement; ne pas étendre aux autres sources.
src_94e4ffeab3fb,Élections Québec,Élections partielles : 11 juin 2012,https://www.electionsquebec.qc.ca/resultats-et-statistiques/resultats-partielles/2012-06-11/374/,Élections partielles : 11 juin 2012,HTML,selon fichier; voir dictionnaire et index,selon index officiel,selon publication officielle,EQ-nonprofit-no-adaptation,https://www.electionsquebec.qc.ca/notre-institution/conditions-dutilisation/,GET HTML,2026-10-03,lien présent dans index officiel; HTTP séparé dans download_log.csv,non identifiées au stade inventaire,scraping_required,original_nonprofit_only,local_only,https://www.electionsquebec.qc.ca/resultats-et-statistiques/resultats-generales/,general_history,NA,true,Licence vérifiée pour le portail dgeq.org uniquement; ne pas étendre aux autres sources.
src_4533e0bc2c67,Élections Québec,Élections partielles : 5 décembre 2011,https://www.electionsquebec.qc.ca/resultats-et-statistiques/resultats-partielles/2011-12-05/718/,Élections partielles : 5 décembre 2011,HTML,selon fichier; voir dictionnaire et index,selon index officiel,selon publication officielle,EQ-nonprofit-no-adaptation,https://www.electionsquebec.qc.ca/notre-institution/conditions-dutilisation/,GET HTML,2026-10-03,lien présent dans index officiel; HTTP séparé dans download_log.csv,non identifiées au stade inventaire,scraping_required,original_nonprofit_only,local_only,https://www.electionsquebec.qc.ca/resultats-et-statistiques/resultats-generales/,general_history,NA,true,Licence vérifiée pour le portail dgeq.org uniquement; ne pas étendre aux autres sources.
src_1c8b423e8f35,Élections Québec,Élections partielles : 29 novembre 2010,https://www.electionsquebec.qc.ca/resultats-et-statistiques/resultats-partielles/2010-11-29/692/,Élections partielles : 29 novembre 2010,HTML,selon fichier; voir dictionnaire et index,selon index officiel,selon publication officielle,EQ-nonprofit-no-adaptation,https://www.electionsquebec.qc.ca/notre-institution/conditions-dutilisation/,GET HTML,2026-10-03,lien présent dans index officiel; HTTP séparé dans download_log.csv,non identifiées au stade inventaire,scraping_required,original_nonprofit_only,local_only,https://www.electionsquebec.qc.ca/resultats-et-statistiques/resultats-generales/,general_history,NA,true,Licence vérifiée pour le portail dgeq.org uniquement; ne pas étendre aux autres sources.
src_7b5a09be1567,Élections Québec,Élections partielles : 13 septembre 2010,https://www.electionsquebec.qc.ca/resultats-et-statistiques/resultats-partielles/2010-09-13/418/,Élections partielles : 13 septembre 2010,HTML,selon fichier; voir dictionnaire et index,selon index officiel,selon publication officielle,EQ-nonprofit-no-adaptation,https://www.electionsquebec.qc.ca/notre-institution/conditions-dutilisation/,GET HTML,2026-10-03,lien présent dans index officiel; HTTP séparé dans download_log.csv,non identifiées au stade inventaire,scraping_required,original_nonprofit_only,local_only,https://www.electionsquebec.qc.ca/resultats-et-statistiques/resultats-generales/,general_history,NA,true,Licence vérifiée pour le portail dgeq.org uniquement; ne pas étendre aux autres sources.
src_627202d8d776,Élections Québec,Élections partielles : 5 juillet 2010,https://www.electionsquebec.qc.ca/resultats-et-statistiques/resultats-partielles/2010-07-05/228/,Élections partielles : 5 juillet 2010,HTML,selon fichier; voir dictionnaire et index,selon index officiel,selon publication officielle,EQ-nonprofit-no-adaptation,https://www.electionsquebec.qc.ca/notre-institution/conditions-dutilisation/,GET HTML,2026-10-03,lien présent dans index officiel; HTTP séparé dans download_log.csv,non identifiées au stade inventaire,scraping_required,original_nonprofit_only,local_only,https://www.electionsquebec.qc.ca/resultats-et-statistiques/resultats-generales/,general_history,NA,true,Licence vérifiée pour le portail dgeq.org uniquement; ne pas étendre aux autres sources.
src_32bd4657ca40,Élections Québec,Élections partielles : 21 septembre 2009,https://www.electionsquebec.qc.ca/resultats-et-statistiques/resultats-partielles/2009-09-21/504/,Élections partielles : 21 septembre 2009,HTML,selon fichier; voir dictionnaire et index,selon index officiel,selon publication officielle,EQ-nonprofit-no-adaptation,https://www.electionsquebec.qc.ca/notre-institution/conditions-dutilisation/,GET HTML,2026-10-03,lien présent dans index officiel; HTTP séparé dans download_log.csv,non identifiées au stade inventaire,scraping_required,original_nonprofit_only,local_only,https://www.electionsquebec.qc.ca/resultats-et-statistiques/resultats-generales/,general_history,NA,true,Licence vérifiée pour le portail dgeq.org uniquement; ne pas étendre aux autres sources.
src_906def430a57,Élections Québec,Élections partielles : 22 juin 2009,https://www.electionsquebec.qc.ca/resultats-et-statistiques/resultats-partielles/2009-06-22/402/,Élections partielles : 22 juin 2009,HTML,selon fichier; voir dictionnaire et index,selon index officiel,selon publication officielle,EQ-nonprofit-no-adaptation,https://www.electionsquebec.qc.ca/notre-institution/conditions-dutilisation/,GET HTML,2026-10-03,lien présent dans index officiel; HTTP séparé dans download_log.csv,non identifiées au stade inventaire,scraping_required,original_nonprofit_only,local_only,https://www.electionsquebec.qc.ca/resultats-et-statistiques/resultats-generales/,general_history,NA,true,Licence vérifiée pour le portail dgeq.org uniquement; ne pas étendre aux autres sources.
src_ee8ab71fcb96,Élections Québec,Élections partielles : 22 juin 2009,https://www.electionsquebec.qc.ca/resultats-et-statistiques/resultats-partielles/2009-06-22/698/,Élections partielles : 22 juin 2009,HTML,selon fichier; voir dictionnaire et index,selon index officiel,selon publication officielle,EQ-nonprofit-no-adaptation,https://www.electionsquebec.qc.ca/notre-institution/conditions-dutilisation/,GET HTML,2026-10-03,lien présent dans index officiel; HTTP séparé dans download_log.csv,non identifiées au stade inventaire,scraping_required,original_nonprofit_only,local_only,https://www.electionsquebec.qc.ca/resultats-et-statistiques/resultats-generales/,general_history,NA,true,Licence vérifiée pour le portail dgeq.org uniquement; ne pas étendre aux autres sources.
src_8f413c4b12fd,Élections Québec,Élections partielles : 29 septembre 2008,https://www.electionsquebec.qc.ca/resultats-et-statistiques/resultats-partielles/2008-09-29/644/,Élections partielles : 29 septembre 2008,HTML,selon fichier; voir dictionnaire et index,selon index officiel,selon publication officielle,EQ-nonprofit-no-adaptation,https://www.electionsquebec.qc.ca/notre-institution/conditions-dutilisation/,GET HTML,2026-10-03,lien présent dans index officiel; HTTP séparé dans download_log.csv,non identifiées au stade inventaire,scraping_required,original_nonprofit_only,local_only,https://www.electionsquebec.qc.ca/resultats-et-statistiques/resultats-generales/,general_history,NA,true,Licence vérifiée pour le portail dgeq.org uniquement; ne pas étendre aux autres sources.
src_d68e03164c27,Élections Québec,Élections partielles : 12 mai 2008,https://www.electionsquebec.qc.ca/resultats-et-statistiques/resultats-partielles/2008-05-12/378/,Élections partielles : 12 mai 2008,HTML,selon fichier; voir dictionnaire et index,selon index officiel,selon publication officielle,EQ-nonprofit-no-adaptation,https://www.electionsquebec.qc.ca/notre-institution/conditions-dutilisation/,GET HTML,2026-10-03,lien présent dans index officiel; HTTP séparé dans download_log.csv,non identifiées au stade inventaire,scraping_required,original_nonprofit_only,local_only,https://www.electionsquebec.qc.ca/resultats-et-statistiques/resultats-generales/,general_history,NA,true,Licence vérifiée pour le portail dgeq.org uniquement; ne pas étendre aux autres sources.
src_8dd2a1a9e021,Élections Québec,Élections partielles : 12 mai 2008,https://www.electionsquebec.qc.ca/resultats-et-statistiques/resultats-partielles/2008-05-12/552/,Élections partielles : 12 mai 2008,HTML,selon fichier; voir dictionnaire et index,selon index officiel,selon publication officielle,EQ-nonprofit-no-adaptation,https://www.electionsquebec.qc.ca/notre-institution/conditions-dutilisation/,GET HTML,2026-10-03,lien présent dans index officiel; HTTP séparé dans download_log.csv,non identifiées au stade inventaire,scraping_required,original_nonprofit_only,local_only,https://www.electionsquebec.qc.ca/resultats-et-statistiques/resultats-generales/,general_history,NA,true,Licence vérifiée pour le portail dgeq.org uniquement; ne pas étendre aux autres sources.
src_47aabeb67b6d,Élections Québec,Élections partielles : 12 mai 2008,https://www.electionsquebec.qc.ca/resultats-et-statistiques/resultats-partielles/2008-05-12/372/,Élections partielles : 12 mai 2008,HTML,selon fichier; voir dictionnaire et index,selon index officiel,selon publication officielle,EQ-nonprofit-no-adaptation,https://www.electionsquebec.qc.ca/notre-institution/conditions-dutilisation/,GET HTML,2026-10-03,lien présent dans index officiel; HTTP séparé dans download_log.csv,non identifiées au stade inventaire,scraping_required,original_nonprofit_only,local_only,https://www.electionsquebec.qc.ca/resultats-et-statistiques/resultats-generales/,general_history,NA,true,Licence vérifiée pour le portail dgeq.org uniquement; ne pas étendre aux autres sources.
src_1046ce2ec8ed,Élections Québec,Élections partielles : 24 septembre 2007,https://www.electionsquebec.qc.ca/resultats-et-statistiques/resultats-partielles/2007-09-24/678/,Élections partielles : 24 septembre 2007,HTML,selon fichier; voir dictionnaire et index,selon index officiel,selon publication officielle,EQ-nonprofit-no-adaptation,https://www.electionsquebec.qc.ca/notre-institution/conditions-dutilisation/,GET HTML,2026-10-03,lien présent dans index officiel; HTTP séparé dans download_log.csv,non identifiées au stade inventaire,scraping_required,original_nonprofit_only,local_only,https://www.electionsquebec.qc.ca/resultats-et-statistiques/resultats-generales/,general_history,NA,true,Licence vérifiée pour le portail dgeq.org uniquement; ne pas étendre aux autres sources.
src_747e86221b82,Élections Québec,Élections partielles : 14 août 2006,https://www.electionsquebec.qc.ca/resultats-et-statistiques/resultats-partielles/2006-08-14/372/,Élections partielles : 14 août 2006,HTML,selon fichier; voir dictionnaire et index,selon index officiel,selon publication officielle,EQ-nonprofit-no-adaptation,https://www.electionsquebec.qc.ca/notre-institution/conditions-dutilisation/,GET HTML,2026-10-03,lien présent dans index officiel; HTTP séparé dans download_log.csv,non identifiées au stade inventaire,scraping_required,original_nonprofit_only,local_only,https://www.electionsquebec.qc.ca/resultats-et-statistiques/resultats-generales/,general_history,NA,true,Licence vérifiée pour le portail dgeq.org uniquement; ne pas étendre aux autres sources.
src_61e93b203ac4,Élections Québec,Élections partielles : 14 août 2006,https://www.electionsquebec.qc.ca/resultats-et-statistiques/resultats-partielles/2006-08-14/222/,Élections partielles : 14 août 2006,HTML,selon fichier; voir dictionnaire et index,selon index officiel,selon publication officielle,EQ-nonprofit-no-adaptation,https://www.electionsquebec.qc.ca/notre-institution/conditions-dutilisation/,GET HTML,2026-10-03,lien présent dans index officiel; HTTP séparé dans download_log.csv,non identifiées au stade inventaire,scraping_required,original_nonprofit_only,local_only,https://www.electionsquebec.qc.ca/resultats-et-statistiques/resultats-generales/,general_history,NA,true,Licence vérifiée pour le portail dgeq.org uniquement; ne pas étendre aux autres sources.
src_d30c9d8f5484,Élections Québec,Élections partielles : 10 avril 2006,https://www.electionsquebec.qc.ca/resultats-et-statistiques/resultats-partielles/2006-04-10/392/,Élections partielles : 10 avril 2006,HTML,selon fichier; voir dictionnaire et index,selon index officiel,selon publication officielle,EQ-nonprofit-no-adaptation,https://www.electionsquebec.qc.ca/notre-institution/conditions-dutilisation/,GET HTML,2026-10-03,lien présent dans index officiel; HTTP séparé dans download_log.csv,non identifiées au stade inventaire,scraping_required,original_nonprofit_only,local_only,https://www.electionsquebec.qc.ca/resultats-et-statistiques/resultats-generales/,general_history,NA,true,Licence vérifiée pour le portail dgeq.org uniquement; ne pas étendre aux autres sources.
src_c5adb622da6c,Élections Québec,Élections partielles : 12 décembre 2005,https://www.electionsquebec.qc.ca/resultats-et-statistiques/resultats-partielles/2005-12-12/424/,Élections partielles : 12 décembre 2005,HTML,selon fichier; voir dictionnaire et index,selon index officiel,selon publication officielle,EQ-nonprofit-no-adaptation,https://www.electionsquebec.qc.ca/notre-institution/conditions-dutilisation/,GET HTML,2026-10-03,lien présent dans index officiel; HTTP séparé dans download_log.csv,non identifiées au stade inventaire,scraping_required,original_nonprofit_only,local_only,https://www.electionsquebec.qc.ca/resultats-et-statistiques/resultats-generales/,general_history,NA,true,Licence vérifiée pour le portail dgeq.org uniquement; ne pas étendre aux autres sources.
src_934adb2c9ad3,Élections Québec,Élections partielles : 12 décembre 2005,https://www.electionsquebec.qc.ca/resultats-et-statistiques/resultats-partielles/2005-12-12/248/,Élections partielles : 12 décembre 2005,HTML,selon fichier; voir dictionnaire et index,selon index officiel,selon publication officielle,EQ-nonprofit-no-adaptation,https://www.electionsquebec.qc.ca/notre-institution/conditions-dutilisation/,GET HTML,2026-10-03,lien présent dans index officiel; HTTP séparé dans download_log.csv,non identifiées au stade inventaire,scraping_required,original_nonprofit_only,local_only,https://www.electionsquebec.qc.ca/resultats-et-statistiques/resultats-generales/,general_history,NA,true,Licence vérifiée pour le portail dgeq.org uniquement; ne pas étendre aux autres sources.
src_3cbcd21b9f7d,Élections Québec,Élections partielles : 20 septembre 2004,https://www.electionsquebec.qc.ca/resultats-et-statistiques/resultats-partielles/2004-09-20/384/,Élections partielles : 20 septembre 2004,HTML,selon fichier; voir dictionnaire et index,selon index officiel,selon publication officielle,EQ-nonprofit-no-adaptation,https://www.electionsquebec.qc.ca/notre-institution/conditions-dutilisation/,GET HTML,2026-10-03,lien présent dans index officiel; HTTP séparé dans download_log.csv,non identifiées au stade inventaire,scraping_required,original_nonprofit_only,local_only,https://www.electionsquebec.qc.ca/resultats-et-statistiques/resultats-generales/,general_history,NA,true,Licence vérifiée pour le portail dgeq.org uniquement; ne pas étendre aux autres sources.
src_ff69a4ad1059,Élections Québec,Élections partielles : 20 septembre 2004,https://www.electionsquebec.qc.ca/resultats-et-statistiques/resultats-partielles/2004-09-20/426/,Élections partielles : 20 septembre 2004,HTML,selon fichier; voir dictionnaire et index,selon index officiel,selon publication officielle,EQ-nonprofit-no-adaptation,https://www.electionsquebec.qc.ca/notre-institution/conditions-dutilisation/,GET HTML,2026-10-03,lien présent dans index officiel; HTTP séparé dans download_log.csv,non identifiées au stade inventaire,scraping_required,original_nonprofit_only,local_only,https://www.electionsquebec.qc.ca/resultats-et-statistiques/resultats-generales/,general_history,NA,true,Licence vérifiée pour le portail dgeq.org uniquement; ne pas étendre aux autres sources.
src_c785c96da183,Élections Québec,Élections partielles : 20 septembre 2004,https://www.electionsquebec.qc.ca/resultats-et-statistiques/resultats-partielles/2004-09-20/414/,Élections partielles : 20 septembre 2004,HTML,selon fichier; voir dictionnaire et index,selon index officiel,selon publication officielle,EQ-nonprofit-no-adaptation,https://www.electionsquebec.qc.ca/notre-institution/conditions-dutilisation/,GET HTML,2026-10-03,lien présent dans index officiel; HTTP séparé dans download_log.csv,non identifiées au stade inventaire,scraping_required,original_nonprofit_only,local_only,https://www.electionsquebec.qc.ca/resultats-et-statistiques/resultats-generales/,general_history,NA,true,Licence vérifiée pour le portail dgeq.org uniquement; ne pas étendre aux autres sources.
src_4e1719fa92fc,Élections Québec,Élections partielles : 20 septembre 2004,https://www.electionsquebec.qc.ca/resultats-et-statistiques/resultats-partielles/2004-09-20/638/,Élections partielles : 20 septembre 2004,HTML,selon fichier; voir dictionnaire et index,selon index officiel,selon publication officielle,EQ-nonprofit-no-adaptation,https://www.electionsquebec.qc.ca/notre-institution/conditions-dutilisation/,GET HTML,2026-10-03,lien présent dans index officiel; HTTP séparé dans download_log.csv,non identifiées au stade inventaire,scraping_required,original_nonprofit_only,local_only,https://www.electionsquebec.qc.ca/resultats-et-statistiques/resultats-generales/,general_history,NA,true,Licence vérifiée pour le portail dgeq.org uniquement; ne pas étendre aux autres sources.
src_c8d551196428,Élections Québec,Élections partielles : 17 juin 2002,https://www.electionsquebec.qc.ca/resultats-et-statistiques/resultats-partielles/2002-06-17/354/,Élections partielles : 17 juin 2002,HTML,selon fichier; voir dictionnaire et index,selon index officiel,selon publication officielle,EQ-nonprofit-no-adaptation,https://www.electionsquebec.qc.ca/notre-institution/conditions-dutilisation/,GET HTML,2026-10-03,lien présent dans index officiel; HTTP séparé dans download_log.csv,non identifiées au stade inventaire,scraping_required,original_nonprofit_only,local_only,https://www.electionsquebec.qc.ca/resultats-et-statistiques/resultats-generales/,general_history,NA,true,Licence vérifiée pour le portail dgeq.org uniquement; ne pas étendre aux autres sources.
src_f1db35e64918,Élections Québec,Élections partielles : 17 juin 2002,https://www.electionsquebec.qc.ca/resultats-et-statistiques/resultats-partielles/2002-06-17/362/,Élections partielles : 17 juin 2002,HTML,selon fichier; voir dictionnaire et index,selon index officiel,selon publication officielle,EQ-nonprofit-no-adaptation,https://www.electionsquebec.qc.ca/notre-institution/conditions-dutilisation/,GET HTML,2026-10-03,lien présent dans index officiel; HTTP séparé dans download_log.csv,non identifiées au stade inventaire,scraping_required,original_nonprofit_only,local_only,https://www.electionsquebec.qc.ca/resultats-et-statistiques/resultats-generales/,general_history,NA,true,Licence vérifiée pour le portail dgeq.org uniquement; ne pas étendre aux autres sources.
src_8196824a876c,Élections Québec,Élections partielles : 17 juin 2002,https://www.electionsquebec.qc.ca/resultats-et-statistiques/resultats-partielles/2002-06-17/778/,Élections partielles : 17 juin 2002,HTML,selon fichier; voir dictionnaire et index,selon index officiel,selon publication officielle,EQ-nonprofit-no-adaptation,https://www.electionsquebec.qc.ca/notre-institution/conditions-dutilisation/,GET HTML,2026-10-03,lien présent dans index officiel; HTTP séparé dans download_log.csv,non identifiées au stade inventaire,scraping_required,original_nonprofit_only,local_only,https://www.electionsquebec.qc.ca/resultats-et-statistiques/resultats-generales/,general_history,NA,true,Licence vérifiée pour le portail dgeq.org uniquement; ne pas étendre aux autres sources.
src_bed31eab2a64,Élections Québec,Élections partielles : 17 juin 2002,https://www.electionsquebec.qc.ca/resultats-et-statistiques/resultats-partielles/2002-06-17/448/,Élections partielles : 17 juin 2002,HTML,selon fichier; voir dictionnaire et index,selon index officiel,selon publication officielle,EQ-nonprofit-no-adaptation,https://www.electionsquebec.qc.ca/notre-institution/conditions-dutilisation/,GET HTML,2026-10-03,lien présent dans index officiel; HTTP séparé dans download_log.csv,non identifiées au stade inventaire,scraping_required,original_nonprofit_only,local_only,https://www.electionsquebec.qc.ca/resultats-et-statistiques/resultats-generales/,general_history,NA,true,Licence vérifiée pour le portail dgeq.org uniquement; ne pas étendre aux autres sources.
src_963aca029293,Élections Québec,Élections partielles : 15 avril 2002,https://www.electionsquebec.qc.ca/resultats-et-statistiques/resultats-partielles/2002-04-15/537/,Élections partielles : 15 avril 2002,HTML,selon fichier; voir dictionnaire et index,selon index officiel,selon publication officielle,EQ-nonprofit-no-adaptation,https://www.electionsquebec.qc.ca/notre-institution/conditions-dutilisation/,GET HTML,2026-10-03,lien présent dans index officiel; HTTP séparé dans download_log.csv,non identifiées au stade inventaire,scraping_required,original_nonprofit_only,local_only,https://www.electionsquebec.qc.ca/resultats-et-statistiques/resultats-generales/,general_history,NA,true,Licence vérifiée pour le portail dgeq.org uniquement; ne pas étendre aux autres sources.
src_1b5ee81cb20d,Élections Québec,Élections partielles : 15 avril 2002,https://www.electionsquebec.qc.ca/resultats-et-statistiques/resultats-partielles/2002-04-15/865/,Élections partielles : 15 avril 2002,HTML,selon fichier; voir dictionnaire et index,selon index officiel,selon publication officielle,EQ-nonprofit-no-adaptation,https://www.electionsquebec.qc.ca/notre-institution/conditions-dutilisation/,GET HTML,2026-10-03,lien présent dans index officiel; HTTP séparé dans download_log.csv,non identifiées au stade inventaire,scraping_required,original_nonprofit_only,local_only,https://www.electionsquebec.qc.ca/resultats-et-statistiques/resultats-generales/,general_history,NA,true,Licence vérifiée pour le portail dgeq.org uniquement; ne pas étendre aux autres sources.
src_0d920af06267,Élections Québec,Élections partielles : 15 avril 2002,https://www.electionsquebec.qc.ca/resultats-et-statistiques/resultats-partielles/2002-04-15/533/,Élections partielles : 15 avril 2002,HTML,selon fichier; voir dictionnaire et index,selon index officiel,selon publication officielle,EQ-nonprofit-no-adaptation,https://www.electionsquebec.qc.ca/notre-institution/conditions-dutilisation/,GET HTML,2026-10-03,lien présent dans index officiel; HTTP séparé dans download_log.csv,non identifiées au stade inventaire,scraping_required,original_nonprofit_only,local_only,https://www.electionsquebec.qc.ca/resultats-et-statistiques/resultats-generales/,general_history,NA,true,Licence vérifiée pour le portail dgeq.org uniquement; ne pas étendre aux autres sources.
src_6450d7594ec0,Élections Québec,Élections partielles : 1 er octobre 2001,https://www.electionsquebec.qc.ca/resultats-et-statistiques/resultats-partielles/2001-10-01/565/,Élections partielles : 1 er octobre 2001,HTML,selon fichier; voir dictionnaire et index,selon index officiel,selon publication officielle,EQ-nonprofit-no-adaptation,https://www.electionsquebec.qc.ca/notre-institution/conditions-dutilisation/,GET HTML,2026-10-03,lien présent dans index officiel; HTTP séparé dans download_log.csv,non identifiées au stade inventaire,scraping_required,original_nonprofit_only,local_only,https://www.electionsquebec.qc.ca/resultats-et-statistiques/resultats-generales/,general_history,NA,true,Licence vérifiée pour le portail dgeq.org uniquement; ne pas étendre aux autres sources.
src_5b41382a55c0,Élections Québec,Élections partielles : 1 er octobre 2001,https://www.electionsquebec.qc.ca/resultats-et-statistiques/resultats-partielles/2001-10-01/895/,Élections partielles : 1 er octobre 2001,HTML,selon fichier; voir dictionnaire et index,selon index officiel,selon publication officielle,EQ-nonprofit-no-adaptation,https://www.electionsquebec.qc.ca/notre-institution/conditions-dutilisation/,GET HTML,2026-10-03,lien présent dans index officiel; HTTP séparé dans download_log.csv,non identifiées au stade inventaire,scraping_required,original_nonprofit_only,local_only,https://www.electionsquebec.qc.ca/resultats-et-statistiques/resultats-generales/,general_history,NA,true,Licence vérifiée pour le portail dgeq.org uniquement; ne pas étendre aux autres sources.
src_e1a0061d1a96,Élections Québec,Élections partielles : 1 er octobre 2001,https://www.electionsquebec.qc.ca/resultats-et-statistiques/resultats-partielles/2001-10-01/635/,Élections partielles : 1 er octobre 2001,HTML,selon fichier; voir dictionnaire et index,selon index officiel,selon publication officielle,EQ-nonprofit-no-adaptation,https://www.electionsquebec.qc.ca/notre-institution/conditions-dutilisation/,GET HTML,2026-10-03,lien présent dans index officiel; HTTP séparé dans download_log.csv,non identifiées au stade inventaire,scraping_required,original_nonprofit_only,local_only,https://www.electionsquebec.qc.ca/resultats-et-statistiques/resultats-generales/,general_history,NA,true,Licence vérifiée pour le portail dgeq.org uniquement; ne pas étendre aux autres sources.
src_9393919ee3df,Élections Québec,Élections partielles : 1 er octobre 2001,https://www.electionsquebec.qc.ca/resultats-et-statistiques/resultats-partielles/2001-10-01/695/,Élections partielles : 1 er octobre 2001,HTML,selon fichier; voir dictionnaire et index,selon index officiel,selon publication officielle,EQ-nonprofit-no-adaptation,https://www.electionsquebec.qc.ca/notre-institution/conditions-dutilisation/,GET HTML,2026-10-03,lien présent dans index officiel; HTTP séparé dans download_log.csv,non identifiées au stade inventaire,scraping_required,original_nonprofit_only,local_only,https://www.electionsquebec.qc.ca/resultats-et-statistiques/resultats-generales/,general_history,NA,true,Licence vérifiée pour le portail dgeq.org uniquement; ne pas étendre aux autres sources.
src_b4889785366b,Élections Québec,Élections partielles : 9 avril 2001,https://www.electionsquebec.qc.ca/resultats-et-statistiques/resultats-partielles/2001-04-09/517/,Élections partielles : 9 avril 2001,HTML,selon fichier; voir dictionnaire et index,selon index officiel,selon publication officielle,EQ-nonprofit-no-adaptation,https://www.electionsquebec.qc.ca/notre-institution/conditions-dutilisation/,GET HTML,2026-10-03,lien présent dans index officiel; HTTP séparé dans download_log.csv,non identifiées au stade inventaire,scraping_required,original_nonprofit_only,local_only,https://www.electionsquebec.qc.ca/resultats-et-statistiques/resultats-generales/,general_history,NA,true,Licence vérifiée pour le portail dgeq.org uniquement; ne pas étendre aux autres sources.
src_f367498380f4,Élections Québec,Élections partielles : 1 er juin 1998,https://www.electionsquebec.qc.ca/resultats-et-statistiques/resultats-partielles/1998-06-01/595/,Élections partielles : 1 er juin 1998,HTML,selon fichier; voir dictionnaire et index,selon index officiel,selon publication officielle,EQ-nonprofit-no-adaptation,https://www.electionsquebec.qc.ca/notre-institution/conditions-dutilisation/,GET HTML,2026-10-03,lien présent dans index officiel; HTTP séparé dans download_log.csv,non identifiées au stade inventaire,scraping_required,original_nonprofit_only,local_only,https://www.electionsquebec.qc.ca/resultats-et-statistiques/resultats-generales/,general_history,NA,true,Licence vérifiée pour le portail dgeq.org uniquement; ne pas étendre aux autres sources.
src_6b0c6482db9c,Élections Québec,Élections partielles : 6 octobre 1997,https://www.electionsquebec.qc.ca/resultats-et-statistiques/resultats-partielles/1997-10-06/625/,Élections partielles : 6 octobre 1997,HTML,selon fichier; voir dictionnaire et index,selon index officiel,selon publication officielle,EQ-nonprofit-no-adaptation,https://www.electionsquebec.qc.ca/notre-institution/conditions-dutilisation/,GET HTML,2026-10-03,lien présent dans index officiel; HTTP séparé dans download_log.csv,non identifiées au stade inventaire,scraping_required,original_nonprofit_only,local_only,https://www.electionsquebec.qc.ca/resultats-et-statistiques/resultats-generales/,general_history,NA,true,Licence vérifiée pour le portail dgeq.org uniquement; ne pas étendre aux autres sources.
src_cfb965e20198,Élections Québec,Élections partielles : 6 octobre 1997,https://www.electionsquebec.qc.ca/resultats-et-statistiques/resultats-partielles/1997-10-06/541/,Élections partielles : 6 octobre 1997,HTML,selon fichier; voir dictionnaire et index,selon index officiel,selon publication officielle,EQ-nonprofit-no-adaptation,https://www.electionsquebec.qc.ca/notre-institution/conditions-dutilisation/,GET HTML,2026-10-03,lien présent dans index officiel; HTTP séparé dans download_log.csv,non identifiées au stade inventaire,scraping_required,original_nonprofit_only,local_only,https://www.electionsquebec.qc.ca/resultats-et-statistiques/resultats-generales/,general_history,NA,true,Licence vérifiée pour le portail dgeq.org uniquement; ne pas étendre aux autres sources.
src_4603d20f1ba9,Élections Québec,Élections partielles : 6 octobre 1997,https://www.electionsquebec.qc.ca/resultats-et-statistiques/resultats-partielles/1997-10-06/855/,Élections partielles : 6 octobre 1997,HTML,selon fichier; voir dictionnaire et index,selon index officiel,selon publication officielle,EQ-nonprofit-no-adaptation,https://www.electionsquebec.qc.ca/notre-institution/conditions-dutilisation/,GET HTML,2026-10-03,lien présent dans index officiel; HTTP séparé dans download_log.csv,non identifiées au stade inventaire,scraping_required,original_nonprofit_only,local_only,https://www.electionsquebec.qc.ca/resultats-et-statistiques/resultats-generales/,general_history,NA,true,Licence vérifiée pour le portail dgeq.org uniquement; ne pas étendre aux autres sources.
src_9381093fd31e,Élections Québec,Élections partielles : 6 octobre 1997,https://www.electionsquebec.qc.ca/resultats-et-statistiques/resultats-partielles/1997-10-06/775/,Élections partielles : 6 octobre 1997,HTML,selon fichier; voir dictionnaire et index,selon index officiel,selon publication officielle,EQ-nonprofit-no-adaptation,https://www.electionsquebec.qc.ca/notre-institution/conditions-dutilisation/,GET HTML,2026-10-03,lien présent dans index officiel; HTTP séparé dans download_log.csv,non identifiées au stade inventaire,scraping_required,original_nonprofit_only,local_only,https://www.electionsquebec.qc.ca/resultats-et-statistiques/resultats-generales/,general_history,NA,true,Licence vérifiée pour le portail dgeq.org uniquement; ne pas étendre aux autres sources.
src_11743309fc89,Élections Québec,Élections partielles : 28 avril 1997,https://www.electionsquebec.qc.ca/resultats-et-statistiques/resultats-partielles/1997-04-28/335/,Élections partielles : 28 avril 1997,HTML,selon fichier; voir dictionnaire et index,selon index officiel,selon publication officielle,EQ-nonprofit-no-adaptation,https://www.electionsquebec.qc.ca/notre-institution/conditions-dutilisation/,GET HTML,2026-10-03,lien présent dans index officiel; HTTP séparé dans download_log.csv,non identifiées au stade inventaire,scraping_required,original_nonprofit_only,local_only,https://www.electionsquebec.qc.ca/resultats-et-statistiques/resultats-generales/,general_history,NA,true,Licence vérifiée pour le portail dgeq.org uniquement; ne pas étendre aux autres sources.
src_1a637740ff36,Élections Québec,Élections partielles : 28 avril 1997,https://www.electionsquebec.qc.ca/resultats-et-statistiques/resultats-partielles/1997-04-28/605/,Élections partielles : 28 avril 1997,HTML,selon fichier; voir dictionnaire et index,selon index officiel,selon publication officielle,EQ-nonprofit-no-adaptation,https://www.electionsquebec.qc.ca/notre-institution/conditions-dutilisation/,GET HTML,2026-10-03,lien présent dans index officiel; HTTP séparé dans download_log.csv,non identifiées au stade inventaire,scraping_required,original_nonprofit_only,local_only,https://www.electionsquebec.qc.ca/resultats-et-statistiques/resultats-generales/,general_history,NA,true,Licence vérifiée pour le portail dgeq.org uniquement; ne pas étendre aux autres sources.
src_5b00ecf66655,Élections Québec,Élections partielles : 9 décembre 1996,https://www.electionsquebec.qc.ca/resultats-et-statistiques/resultats-partielles/1996-12-09/459/,Élections partielles : 9 décembre 1996,HTML,selon fichier; voir dictionnaire et index,selon index officiel,selon publication officielle,EQ-nonprofit-no-adaptation,https://www.electionsquebec.qc.ca/notre-institution/conditions-dutilisation/,GET HTML,2026-10-03,lien présent dans index officiel; HTTP séparé dans download_log.csv,non identifiées au stade inventaire,scraping_required,original_nonprofit_only,local_only,https://www.electionsquebec.qc.ca/resultats-et-statistiques/resultats-generales/,general_history,NA,true,Licence vérifiée pour le portail dgeq.org uniquement; ne pas étendre aux autres sources.
src_00393db3e32e,Élections Québec,Élections partielles : 10 juin 1996,https://www.electionsquebec.qc.ca/resultats-et-statistiques/resultats-partielles/1996-06-10/445/,Élections partielles : 10 juin 1996,HTML,selon fichier; voir dictionnaire et index,selon index officiel,selon publication officielle,EQ-nonprofit-no-adaptation,https://www.electionsquebec.qc.ca/notre-institution/conditions-dutilisation/,GET HTML,2026-10-03,lien présent dans index officiel; HTTP séparé dans download_log.csv,non identifiées au stade inventaire,scraping_required,original_nonprofit_only,local_only,https://www.electionsquebec.qc.ca/resultats-et-statistiques/resultats-generales/,general_history,NA,true,Licence vérifiée pour le portail dgeq.org uniquement; ne pas étendre aux autres sources.
src_ec363a0bdae6,Élections Québec,Élections partielles : 10 juin 1996,https://www.electionsquebec.qc.ca/resultats-et-statistiques/resultats-partielles/1996-06-10/519/,Élections partielles : 10 juin 1996,HTML,selon fichier; voir dictionnaire et index,selon index officiel,selon publication officielle,EQ-nonprofit-no-adaptation,https://www.electionsquebec.qc.ca/notre-institution/conditions-dutilisation/,GET HTML,2026-10-03,lien présent dans index officiel; HTTP séparé dans download_log.csv,non identifiées au stade inventaire,scraping_required,original_nonprofit_only,local_only,https://www.electionsquebec.qc.ca/resultats-et-statistiques/resultats-generales/,general_history,NA,true,Licence vérifiée pour le portail dgeq.org uniquement; ne pas étendre aux autres sources.
src_330925ff14ce,Élections Québec,Élections partielles : 19 février 1996,https://www.electionsquebec.qc.ca/resultats-et-statistiques/resultats-partielles/1996-02-19/895/,Élections partielles : 19 février 1996,HTML,selon fichier; voir dictionnaire et index,selon index officiel,selon publication officielle,EQ-nonprofit-no-adaptation,https://www.electionsquebec.qc.ca/notre-institution/conditions-dutilisation/,GET HTML,2026-10-03,lien présent dans index officiel; HTTP séparé dans download_log.csv,non identifiées au stade inventaire,scraping_required,original_nonprofit_only,local_only,https://www.electionsquebec.qc.ca/resultats-et-statistiques/resultats-generales/,general_history,NA,true,Licence vérifiée pour le portail dgeq.org uniquement; ne pas étendre aux autres sources.
src_809d64b2571f,Élections Québec,Élections partielles : 19 février 1996,https://www.electionsquebec.qc.ca/resultats-et-statistiques/resultats-partielles/1996-02-19/195/,Élections partielles : 19 février 1996,HTML,selon fichier; voir dictionnaire et index,selon index officiel,selon publication officielle,EQ-nonprofit-no-adaptation,https://www.electionsquebec.qc.ca/notre-institution/conditions-dutilisation/,GET HTML,2026-10-03,lien présent dans index officiel; HTTP séparé dans download_log.csv,non identifiées au stade inventaire,scraping_required,original_nonprofit_only,local_only,https://www.electionsquebec.qc.ca/resultats-et-statistiques/resultats-generales/,general_history,NA,true,Licence vérifiée pour le portail dgeq.org uniquement; ne pas étendre aux autres sources.
src_2db5f8022124,Élections Québec,Élections partielles : 28 février 1994,https://www.electionsquebec.qc.ca/resultats-et-statistiques/resultats-partielles/1994-02-28/285/,Élections partielles : 28 février 1994,HTML,selon fichier; voir dictionnaire et index,selon index officiel,selon publication officielle,EQ-nonprofit-no-adaptation,https://www.electionsquebec.qc.ca/notre-institution/conditions-dutilisation/,GET HTML,2026-10-03,lien présent dans index officiel; HTTP séparé dans download_log.csv,non identifiées au stade inventaire,scraping_required,original_nonprofit_only,local_only,https://www.electionsquebec.qc.ca/resultats-et-statistiques/resultats-generales/,general_history,NA,true,Licence vérifiée pour le portail dgeq.org uniquement; ne pas étendre aux autres sources.
src_40ab97cbb753,Élections Québec,Élections partielles : 21 février 1994,https://www.electionsquebec.qc.ca/resultats-et-statistiques/resultats-partielles/1994-02-21/815/,Élections partielles : 21 février 1994,HTML,selon fichier; voir dictionnaire et index,selon index officiel,selon publication officielle,EQ-nonprofit-no-adaptation,https://www.electionsquebec.qc.ca/notre-institution/conditions-dutilisation/,GET HTML,2026-10-03,lien présent dans index officiel; HTTP séparé dans download_log.csv,non identifiées au stade inventaire,scraping_required,original_nonprofit_only,local_only,https://www.electionsquebec.qc.ca/resultats-et-statistiques/resultats-generales/,general_history,NA,true,Licence vérifiée pour le portail dgeq.org uniquement; ne pas étendre aux autres sources.
src_1a394e5ad00e,Élections Québec,Élections partielles : 13 décembre 1993,https://www.electionsquebec.qc.ca/resultats-et-statistiques/resultats-partielles/1993-12-13/549/,Élections partielles : 13 décembre 1993,HTML,selon fichier; voir dictionnaire et index,selon index officiel,selon publication officielle,EQ-nonprofit-no-adaptation,https://www.electionsquebec.qc.ca/notre-institution/conditions-dutilisation/,GET HTML,2026-10-03,lien présent dans index officiel; HTTP séparé dans download_log.csv,non identifiées au stade inventaire,scraping_required,original_nonprofit_only,local_only,https://www.electionsquebec.qc.ca/resultats-et-statistiques/resultats-generales/,general_history,NA,true,Licence vérifiée pour le portail dgeq.org uniquement; ne pas étendre aux autres sources.
src_1d46c37bfb75,Élections Québec,Élections partielles : 5 juillet 1993,https://www.electionsquebec.qc.ca/resultats-et-statistiques/resultats-partielles/1993-07-05/715/,Élections partielles : 5 juillet 1993,HTML,selon fichier; voir dictionnaire et index,selon index officiel,selon publication officielle,EQ-nonprofit-no-adaptation,https://www.electionsquebec.qc.ca/notre-institution/conditions-dutilisation/,GET HTML,2026-10-03,lien présent dans index officiel; HTTP séparé dans download_log.csv,non identifiées au stade inventaire,scraping_required,original_nonprofit_only,local_only,https://www.electionsquebec.qc.ca/resultats-et-statistiques/resultats-generales/,general_history,NA,true,Licence vérifiée pour le portail dgeq.org uniquement; ne pas étendre aux autres sources.
src_d8b69411f4ba,Élections Québec,Élections partielles : 20 janvier 1992,https://www.electionsquebec.qc.ca/resultats-et-statistiques/resultats-partielles/1992-01-20/528/,Élections partielles : 20 janvier 1992,HTML,selon fichier; voir dictionnaire et index,selon index officiel,selon publication officielle,EQ-nonprofit-no-adaptation,https://www.electionsquebec.qc.ca/notre-institution/conditions-dutilisation/,GET HTML,2026-10-03,lien présent dans index officiel; HTTP séparé dans download_log.csv,non identifiées au stade inventaire,scraping_required,original_nonprofit_only,local_only,https://www.electionsquebec.qc.ca/resultats-et-statistiques/resultats-generales/,general_history,NA,true,Licence vérifiée pour le portail dgeq.org uniquement; ne pas étendre aux autres sources.
src_31c6a76992d0,Élections Québec,Élections partielles : 12 août 1991,https://www.electionsquebec.qc.ca/resultats-et-statistiques/resultats-partielles/1991-08-12/722/,Élections partielles : 12 août 1991,HTML,selon fichier; voir dictionnaire et index,selon index officiel,selon publication officielle,EQ-nonprofit-no-adaptation,https://www.electionsquebec.qc.ca/notre-institution/conditions-dutilisation/,GET HTML,2026-10-03,lien présent dans index officiel; HTTP séparé dans download_log.csv,non identifiées au stade inventaire,scraping_required,original_nonprofit_only,local_only,https://www.electionsquebec.qc.ca/resultats-et-statistiques/resultats-generales/,general_history,NA,true,Licence vérifiée pour le portail dgeq.org uniquement; ne pas étendre aux autres sources.
src_2abc2530392a,Élections Québec,Élections partielles : 29 mai 1989,https://www.electionsquebec.qc.ca/resultats-et-statistiques/resultats-partielles/1989-05-29/820/,Élections partielles : 29 mai 1989,HTML,selon fichier; voir dictionnaire et index,selon index officiel,selon publication officielle,EQ-nonprofit-no-adaptation,https://www.electionsquebec.qc.ca/notre-institution/conditions-dutilisation/,GET HTML,2026-10-03,lien présent dans index officiel; HTTP séparé dans download_log.csv,non identifiées au stade inventaire,scraping_required,original_nonprofit_only,local_only,https://www.electionsquebec.qc.ca/resultats-et-statistiques/resultats-generales/,general_history,NA,true,Licence vérifiée pour le portail dgeq.org uniquement; ne pas étendre aux autres sources.
src_051ff0480b3a,Élections Québec,Élections partielles : 29 mai 1989,https://www.electionsquebec.qc.ca/resultats-et-statistiques/resultats-partielles/1989-05-29/810/,Élections partielles : 29 mai 1989,HTML,selon fichier; voir dictionnaire et index,selon index officiel,selon publication officielle,EQ-nonprofit-no-adaptation,https://www.electionsquebec.qc.ca/notre-institution/conditions-dutilisation/,GET HTML,2026-10-03,lien présent dans index officiel; HTTP séparé dans download_log.csv,non identifiées au stade inventaire,scraping_required,original_nonprofit_only,local_only,https://www.electionsquebec.qc.ca/resultats-et-statistiques/resultats-generales/,general_history,NA,true,Licence vérifiée pour le portail dgeq.org uniquement; ne pas étendre aux autres sources.
src_d63ecee583a6,Élections Québec,Élections partielles : 20 juin 1988,https://www.electionsquebec.qc.ca/resultats-et-statistiques/resultats-partielles/1988-06-20/605/,Élections partielles : 20 juin 1988,HTML,selon fichier; voir dictionnaire et index,selon index officiel,selon publication officielle,EQ-nonprofit-no-adaptation,https://www.electionsquebec.qc.ca/notre-institution/conditions-dutilisation/,GET HTML,2026-10-03,lien présent dans index officiel; HTTP séparé dans download_log.csv,non identifiées au stade inventaire,scraping_required,original_nonprofit_only,local_only,https://www.electionsquebec.qc.ca/resultats-et-statistiques/resultats-generales/,general_history,NA,true,Licence vérifiée pour le portail dgeq.org uniquement; ne pas étendre aux autres sources.
src_349b4fef5988,Élections Québec,Élections partielles : 20 juin 1988,https://www.electionsquebec.qc.ca/resultats-et-statistiques/resultats-partielles/1988-06-20/860/,Élections partielles : 20 juin 1988,HTML,selon fichier; voir dictionnaire et index,selon index officiel,selon publication officielle,EQ-nonprofit-no-adaptation,https://www.electionsquebec.qc.ca/notre-institution/conditions-dutilisation/,GET HTML,2026-10-03,lien présent dans index officiel; HTTP séparé dans download_log.csv,non identifiées au stade inventaire,scraping_required,original_nonprofit_only,local_only,https://www.electionsquebec.qc.ca/resultats-et-statistiques/resultats-generales/,general_history,NA,true,Licence vérifiée pour le portail dgeq.org uniquement; ne pas étendre aux autres sources.
src_ea28e86d99f1,Élections Québec,Élections partielles : 14 septembre 1987,https://www.electionsquebec.qc.ca/resultats-et-statistiques/resultats-partielles/1987-09-14/740/,Élections partielles : 14 septembre 1987,HTML,selon fichier; voir dictionnaire et index,selon index officiel,selon publication officielle,EQ-nonprofit-no-adaptation,https://www.electionsquebec.qc.ca/notre-institution/conditions-dutilisation/,GET HTML,2026-10-03,lien présent dans index officiel; HTTP séparé dans download_log.csv,non identifiées au stade inventaire,scraping_required,original_nonprofit_only,local_only,https://www.electionsquebec.qc.ca/resultats-et-statistiques/resultats-generales/,general_history,NA,true,Licence vérifiée pour le portail dgeq.org uniquement; ne pas étendre aux autres sources.
src_94cb1a77270c,Élections Québec,Élections partielles : 20 janvier 1986,https://www.electionsquebec.qc.ca/resultats-et-statistiques/resultats-partielles/1986-01-20/710/,Élections partielles : 20 janvier 1986,HTML,selon fichier; voir dictionnaire et index,selon index officiel,selon publication officielle,EQ-nonprofit-no-adaptation,https://www.electionsquebec.qc.ca/notre-institution/conditions-dutilisation/,GET HTML,2026-10-03,lien présent dans index officiel; HTTP séparé dans download_log.csv,non identifiées au stade inventaire,scraping_required,original_nonprofit_only,local_only,https://www.electionsquebec.qc.ca/resultats-et-statistiques/resultats-generales/,general_history,NA,true,Licence vérifiée pour le portail dgeq.org uniquement; ne pas étendre aux autres sources.
src_5c82d7a07c2f,Élections Québec,Élections partielles : 3 juin 1985,https://www.electionsquebec.qc.ca/resultats-et-statistiques/resultats-partielles/1985-06-03/555/,Élections partielles : 3 juin 1985,HTML,selon fichier; voir dictionnaire et index,selon index officiel,selon publication officielle,EQ-nonprofit-no-adaptation,https://www.electionsquebec.qc.ca/notre-institution/conditions-dutilisation/,GET HTML,2026-10-03,lien présent dans index officiel; HTTP séparé dans download_log.csv,non identifiées au stade inventaire,scraping_required,original_nonprofit_only,local_only,https://www.electionsquebec.qc.ca/resultats-et-statistiques/resultats-generales/,general_history,NA,true,Licence vérifiée pour le portail dgeq.org uniquement; ne pas étendre aux autres sources.
src_220ace8e3319,Élections Québec,Élections partielles : 3 juin 1985,https://www.electionsquebec.qc.ca/resultats-et-statistiques/resultats-partielles/1985-06-03/630/,Élections partielles : 3 juin 1985,HTML,selon fichier; voir dictionnaire et index,selon index officiel,selon publication officielle,EQ-nonprofit-no-adaptation,https://www.electionsquebec.qc.ca/notre-institution/conditions-dutilisation/,GET HTML,2026-10-03,lien présent dans index officiel; HTTP séparé dans download_log.csv,non identifiées au stade inventaire,scraping_required,original_nonprofit_only,local_only,https://www.electionsquebec.qc.ca/resultats-et-statistiques/resultats-generales/,general_history,NA,true,Licence vérifiée pour le portail dgeq.org uniquement; ne pas étendre aux autres sources.
src_de5e797fd756,Élections Québec,Élections partielles : 3 juin 1985,https://www.electionsquebec.qc.ca/resultats-et-statistiques/resultats-partielles/1985-06-03/560/,Élections partielles : 3 juin 1985,HTML,selon fichier; voir dictionnaire et index,selon index officiel,selon publication officielle,EQ-nonprofit-no-adaptation,https://www.electionsquebec.qc.ca/notre-institution/conditions-dutilisation/,GET HTML,2026-10-03,lien présent dans index officiel; HTTP séparé dans download_log.csv,non identifiées au stade inventaire,scraping_required,original_nonprofit_only,local_only,https://www.electionsquebec.qc.ca/resultats-et-statistiques/resultats-generales/,general_history,NA,true,Licence vérifiée pour le portail dgeq.org uniquement; ne pas étendre aux autres sources.
src_b29055bd1901,Élections Québec,Élections partielles : 3 juin 1985,https://www.electionsquebec.qc.ca/resultats-et-statistiques/resultats-partielles/1985-06-03/360/,Élections partielles : 3 juin 1985,HTML,selon fichier; voir dictionnaire et index,selon index officiel,selon publication officielle,EQ-nonprofit-no-adaptation,https://www.electionsquebec.qc.ca/notre-institution/conditions-dutilisation/,GET HTML,2026-10-03,lien présent dans index officiel; HTTP séparé dans download_log.csv,non identifiées au stade inventaire,scraping_required,original_nonprofit_only,local_only,https://www.electionsquebec.qc.ca/resultats-et-statistiques/resultats-generales/,general_history,NA,true,Licence vérifiée pour le portail dgeq.org uniquement; ne pas étendre aux autres sources.
src_5e0af3d503b1,Élections Québec,Élections partielles : 26 novembre 1984,https://www.electionsquebec.qc.ca/resultats-et-statistiques/resultats-partielles/1984-11-26/680/,Élections partielles : 26 novembre 1984,HTML,selon fichier; voir dictionnaire et index,selon index officiel,selon publication officielle,EQ-nonprofit-no-adaptation,https://www.electionsquebec.qc.ca/notre-institution/conditions-dutilisation/,GET HTML,2026-10-03,lien présent dans index officiel; HTTP séparé dans download_log.csv,non identifiées au stade inventaire,scraping_required,original_nonprofit_only,local_only,https://www.electionsquebec.qc.ca/resultats-et-statistiques/resultats-generales/,general_history,NA,true,Licence vérifiée pour le portail dgeq.org uniquement; ne pas étendre aux autres sources.
src_06271ce9c2c4,Élections Québec,Élections partielles : 18 juin 1984,https://www.electionsquebec.qc.ca/resultats-et-statistiques/resultats-partielles/1984-06-18/745/,Élections partielles : 18 juin 1984,HTML,selon fichier; voir dictionnaire et index,selon index officiel,selon publication officielle,EQ-nonprofit-no-adaptation,https://www.electionsquebec.qc.ca/notre-institution/conditions-dutilisation/,GET HTML,2026-10-03,lien présent dans index officiel; HTTP séparé dans download_log.csv,non identifiées au stade inventaire,scraping_required,original_nonprofit_only,local_only,https://www.electionsquebec.qc.ca/resultats-et-statistiques/resultats-generales/,general_history,NA,true,Licence vérifiée pour le portail dgeq.org uniquement; ne pas étendre aux autres sources.
src_435eba91ccf7,Élections Québec,Élections partielles : 18 juin 1984,https://www.electionsquebec.qc.ca/resultats-et-statistiques/resultats-partielles/1984-06-18/545/,Élections partielles : 18 juin 1984,HTML,selon fichier; voir dictionnaire et index,selon index officiel,selon publication officielle,EQ-nonprofit-no-adaptation,https://www.electionsquebec.qc.ca/notre-institution/conditions-dutilisation/,GET HTML,2026-10-03,lien présent dans index officiel; HTTP séparé dans download_log.csv,non identifiées au stade inventaire,scraping_required,original_nonprofit_only,local_only,https://www.electionsquebec.qc.ca/resultats-et-statistiques/resultats-generales/,general_history,NA,true,Licence vérifiée pour le portail dgeq.org uniquement; ne pas étendre aux autres sources.
src_ef7d0e29dbe3,Élections Québec,Élections partielles : 18 juin 1984,https://www.electionsquebec.qc.ca/resultats-et-statistiques/resultats-partielles/1984-06-18/610/,Élections partielles : 18 juin 1984,HTML,selon fichier; voir dictionnaire et index,selon index officiel,selon publication officielle,EQ-nonprofit-no-adaptation,https://www.electionsquebec.qc.ca/notre-institution/conditions-dutilisation/,GET HTML,2026-10-03,lien présent dans index officiel; HTTP séparé dans download_log.csv,non identifiées au stade inventaire,scraping_required,original_nonprofit_only,local_only,https://www.electionsquebec.qc.ca/resultats-et-statistiques/resultats-generales/,general_history,NA,true,Licence vérifiée pour le portail dgeq.org uniquement; ne pas étendre aux autres sources.
src_c699a5218521,Élections Québec,Élections partielles : 5 décembre 1983,https://www.electionsquebec.qc.ca/resultats-et-statistiques/resultats-partielles/1983-12-05/880/,Élections partielles : 5 décembre 1983,HTML,selon fichier; voir dictionnaire et index,selon index officiel,selon publication officielle,EQ-nonprofit-no-adaptation,https://www.electionsquebec.qc.ca/notre-institution/conditions-dutilisation/,GET HTML,2026-10-03,lien présent dans index officiel; HTTP séparé dans download_log.csv,non identifiées au stade inventaire,scraping_required,original_nonprofit_only,local_only,https://www.electionsquebec.qc.ca/resultats-et-statistiques/resultats-generales/,general_history,NA,true,Licence vérifiée pour le portail dgeq.org uniquement; ne pas étendre aux autres sources.
src_3b2b894dd8c2,Élections Québec,Élections partielles : 5 décembre 1983,https://www.electionsquebec.qc.ca/resultats-et-statistiques/resultats-partielles/1983-12-05/230/,Élections partielles : 5 décembre 1983,HTML,selon fichier; voir dictionnaire et index,selon index officiel,selon publication officielle,EQ-nonprofit-no-adaptation,https://www.electionsquebec.qc.ca/notre-institution/conditions-dutilisation/,GET HTML,2026-10-03,lien présent dans index officiel; HTTP séparé dans download_log.csv,non identifiées au stade inventaire,scraping_required,original_nonprofit_only,local_only,https://www.electionsquebec.qc.ca/resultats-et-statistiques/resultats-generales/,general_history,NA,true,Licence vérifiée pour le portail dgeq.org uniquement; ne pas étendre aux autres sources.
src_a5904dd78013,Élections Québec,Élections partielles : 20 juin 1983,https://www.electionsquebec.qc.ca/resultats-et-statistiques/resultats-partielles/1983-06-20/140/,Élections partielles : 20 juin 1983,HTML,selon fichier; voir dictionnaire et index,selon index officiel,selon publication officielle,EQ-nonprofit-no-adaptation,https://www.electionsquebec.qc.ca/notre-institution/conditions-dutilisation/,GET HTML,2026-10-03,lien présent dans index officiel; HTTP séparé dans download_log.csv,non identifiées au stade inventaire,scraping_required,original_nonprofit_only,local_only,https://www.electionsquebec.qc.ca/resultats-et-statistiques/resultats-generales/,general_history,NA,true,Licence vérifiée pour le portail dgeq.org uniquement; ne pas étendre aux autres sources.
src_6cc19ddc9dc4,Élections Québec,Élections partielles : 20 juin 1983,https://www.electionsquebec.qc.ca/resultats-et-statistiques/resultats-partielles/1983-06-20/940/,Élections partielles : 20 juin 1983,HTML,selon fichier; voir dictionnaire et index,selon index officiel,selon publication officielle,EQ-nonprofit-no-adaptation,https://www.electionsquebec.qc.ca/notre-institution/conditions-dutilisation/,GET HTML,2026-10-03,lien présent dans index officiel; HTTP séparé dans download_log.csv,non identifiées au stade inventaire,scraping_required,original_nonprofit_only,local_only,https://www.electionsquebec.qc.ca/resultats-et-statistiques/resultats-generales/,general_history,NA,true,Licence vérifiée pour le portail dgeq.org uniquement; ne pas étendre aux autres sources.
src_8ead92188d10,Élections Québec,Élections partielles : 20 juin 1983,https://www.electionsquebec.qc.ca/resultats-et-statistiques/resultats-partielles/1983-06-20/680/,Élections partielles : 20 juin 1983,HTML,selon fichier; voir dictionnaire et index,selon index officiel,selon publication officielle,EQ-nonprofit-no-adaptation,https://www.electionsquebec.qc.ca/notre-institution/conditions-dutilisation/,GET HTML,2026-10-03,lien présent dans index officiel; HTTP séparé dans download_log.csv,non identifiées au stade inventaire,scraping_required,original_nonprofit_only,local_only,https://www.electionsquebec.qc.ca/resultats-et-statistiques/resultats-generales/,general_history,NA,true,Licence vérifiée pour le portail dgeq.org uniquement; ne pas étendre aux autres sources.
src_55a5f41a7ced,Élections Québec,Élections partielles : 5 avril 1982,https://www.electionsquebec.qc.ca/resultats-et-statistiques/resultats-partielles/1982-04-05/190/,Élections partielles : 5 avril 1982,HTML,selon fichier; voir dictionnaire et index,selon index officiel,selon publication officielle,EQ-nonprofit-no-adaptation,https://www.electionsquebec.qc.ca/notre-institution/conditions-dutilisation/,GET HTML,2026-10-03,lien présent dans index officiel; HTTP séparé dans download_log.csv,non identifiées au stade inventaire,scraping_required,original_nonprofit_only,local_only,https://www.electionsquebec.qc.ca/resultats-et-statistiques/resultats-generales/,general_history,NA,true,Licence vérifiée pour le portail dgeq.org uniquement; ne pas étendre aux autres sources.
src_7def0f98cd60,Élections Québec,Élections partielles : 5 avril 1982,https://www.electionsquebec.qc.ca/resultats-et-statistiques/resultats-partielles/1982-04-05/710/,Élections partielles : 5 avril 1982,HTML,selon fichier; voir dictionnaire et index,selon index officiel,selon publication officielle,EQ-nonprofit-no-adaptation,https://www.electionsquebec.qc.ca/notre-institution/conditions-dutilisation/,GET HTML,2026-10-03,lien présent dans index officiel; HTTP séparé dans download_log.csv,non identifiées au stade inventaire,scraping_required,original_nonprofit_only,local_only,https://www.electionsquebec.qc.ca/resultats-et-statistiques/resultats-generales/,general_history,NA,true,Licence vérifiée pour le portail dgeq.org uniquement; ne pas étendre aux autres sources.
src_d46a15b1101e,Élections Québec,Élections partielles : 17 novembre 1980,https://www.electionsquebec.qc.ca/resultats-et-statistiques/resultats-partielles/1980-11-17/38/,Élections partielles : 17 novembre 1980,HTML,selon fichier; voir dictionnaire et index,selon index officiel,selon publication officielle,EQ-nonprofit-no-adaptation,https://www.electionsquebec.qc.ca/notre-institution/conditions-dutilisation/,GET HTML,2026-10-03,lien présent dans index officiel; HTTP séparé dans download_log.csv,non identifiées au stade inventaire,scraping_required,original_nonprofit_only,local_only,https://www.electionsquebec.qc.ca/resultats-et-statistiques/resultats-generales/,general_history,NA,true,Licence vérifiée pour le portail dgeq.org uniquement; ne pas étendre aux autres sources.
src_3cd25c328215,Élections Québec,Élections partielles : 17 novembre 1980,https://www.electionsquebec.qc.ca/resultats-et-statistiques/resultats-partielles/1980-11-17/40/,Élections partielles : 17 novembre 1980,HTML,selon fichier; voir dictionnaire et index,selon index officiel,selon publication officielle,EQ-nonprofit-no-adaptation,https://www.electionsquebec.qc.ca/notre-institution/conditions-dutilisation/,GET HTML,2026-10-03,lien présent dans index officiel; HTTP séparé dans download_log.csv,non identifiées au stade inventaire,scraping_required,original_nonprofit_only,local_only,https://www.electionsquebec.qc.ca/resultats-et-statistiques/resultats-generales/,general_history,NA,true,Licence vérifiée pour le portail dgeq.org uniquement; ne pas étendre aux autres sources.
src_844980a7298b,Élections Québec,Élections partielles : 17 novembre 1980,https://www.electionsquebec.qc.ca/resultats-et-statistiques/resultats-partielles/1980-11-17/25/,Élections partielles : 17 novembre 1980,HTML,selon fichier; voir dictionnaire et index,selon index officiel,selon publication officielle,EQ-nonprofit-no-adaptation,https://www.electionsquebec.qc.ca/notre-institution/conditions-dutilisation/,GET HTML,2026-10-03,lien présent dans index officiel; HTTP séparé dans download_log.csv,non identifiées au stade inventaire,scraping_required,original_nonprofit_only,local_only,https://www.electionsquebec.qc.ca/resultats-et-statistiques/resultats-generales/,general_history,NA,true,Licence vérifiée pour le portail dgeq.org uniquement; ne pas étendre aux autres sources.
src_dc65fff7a49d,Élections Québec,Élections partielles : 17 novembre 1980,https://www.electionsquebec.qc.ca/resultats-et-statistiques/resultats-partielles/1980-11-17/148/,Élections partielles : 17 novembre 1980,HTML,selon fichier; voir dictionnaire et index,selon index officiel,selon publication officielle,EQ-nonprofit-no-adaptation,https://www.electionsquebec.qc.ca/notre-institution/conditions-dutilisation/,GET HTML,2026-10-03,lien présent dans index officiel; HTTP séparé dans download_log.csv,non identifiées au stade inventaire,scraping_required,original_nonprofit_only,local_only,https://www.electionsquebec.qc.ca/resultats-et-statistiques/resultats-generales/,general_history,NA,true,Licence vérifiée pour le portail dgeq.org uniquement; ne pas étendre aux autres sources.
src_f0749f067fb4,Élections Québec,Élections partielles : 26 novembre 1979,https://www.electionsquebec.qc.ca/resultats-et-statistiques/resultats-partielles/1979-11-26/156/,Élections partielles : 26 novembre 1979,HTML,selon fichier; voir dictionnaire et index,selon index officiel,selon publication officielle,EQ-nonprofit-no-adaptation,https://www.electionsquebec.qc.ca/notre-institution/conditions-dutilisation/,GET HTML,2026-10-03,lien présent dans index officiel; HTTP séparé dans download_log.csv,non identifiées au stade inventaire,scraping_required,original_nonprofit_only,local_only,https://www.electionsquebec.qc.ca/resultats-et-statistiques/resultats-generales/,general_history,NA,true,Licence vérifiée pour le portail dgeq.org uniquement; ne pas étendre aux autres sources.
src_3ac929a9f2cf,Élections Québec,Élections partielles : 14 novembre 1979,https://www.electionsquebec.qc.ca/resultats-et-statistiques/resultats-partielles/1979-11-14/23/,Élections partielles : 14 novembre 1979,HTML,selon fichier; voir dictionnaire et index,selon index officiel,selon publication officielle,EQ-nonprofit-no-adaptation,https://www.electionsquebec.qc.ca/notre-institution/conditions-dutilisation/,GET HTML,2026-10-03,lien présent dans index officiel; HTTP séparé dans download_log.csv,non identifiées au stade inventaire,scraping_required,original_nonprofit_only,local_only,https://www.electionsquebec.qc.ca/resultats-et-statistiques/resultats-generales/,general_history,NA,true,Licence vérifiée pour le portail dgeq.org uniquement; ne pas étendre aux autres sources.
src_6d8b0724ea1f,Élections Québec,Élections partielles : 14 novembre 1979,https://www.electionsquebec.qc.ca/resultats-et-statistiques/resultats-partielles/1979-11-14/136/,Élections partielles : 14 novembre 1979,HTML,selon fichier; voir dictionnaire et index,selon index officiel,selon publication officielle,EQ-nonprofit-no-adaptation,https://www.electionsquebec.qc.ca/notre-institution/conditions-dutilisation/,GET HTML,2026-10-03,lien présent dans index officiel; HTTP séparé dans download_log.csv,non identifiées au stade inventaire,scraping_required,original_nonprofit_only,local_only,https://www.electionsquebec.qc.ca/resultats-et-statistiques/resultats-generales/,general_history,NA,true,Licence vérifiée pour le portail dgeq.org uniquement; ne pas étendre aux autres sources.
src_96dfb5ea3dbe,Élections Québec,Élections partielles : 14 novembre 1979,https://www.electionsquebec.qc.ca/resultats-et-statistiques/resultats-partielles/1979-11-14/60/,Élections partielles : 14 novembre 1979,HTML,selon fichier; voir dictionnaire et index,selon index officiel,selon publication officielle,EQ-nonprofit-no-adaptation,https://www.electionsquebec.qc.ca/notre-institution/conditions-dutilisation/,GET HTML,2026-10-03,lien présent dans index officiel; HTTP séparé dans download_log.csv,non identifiées au stade inventaire,scraping_required,original_nonprofit_only,local_only,https://www.electionsquebec.qc.ca/resultats-et-statistiques/resultats-generales/,general_history,NA,true,Licence vérifiée pour le portail dgeq.org uniquement; ne pas étendre aux autres sources.
src_adae99df833a,Élections Québec,Élections partielles : 30 avril 1979,https://www.electionsquebec.qc.ca/resultats-et-statistiques/resultats-partielles/1979-04-30/74/,Élections partielles : 30 avril 1979,HTML,selon fichier; voir dictionnaire et index,selon index officiel,selon publication officielle,EQ-nonprofit-no-adaptation,https://www.electionsquebec.qc.ca/notre-institution/conditions-dutilisation/,GET HTML,2026-10-03,lien présent dans index officiel; HTTP séparé dans download_log.csv,non identifiées au stade inventaire,scraping_required,original_nonprofit_only,local_only,https://www.electionsquebec.qc.ca/resultats-et-statistiques/resultats-generales/,general_history,NA,true,Licence vérifiée pour le portail dgeq.org uniquement; ne pas étendre aux autres sources.
src_77df2e09eb0e,Élections Québec,Élections partielles : 30 avril 1979,https://www.electionsquebec.qc.ca/resultats-et-statistiques/resultats-partielles/1979-04-30/103/,Élections partielles : 30 avril 1979,HTML,selon fichier; voir dictionnaire et index,selon index officiel,selon publication officielle,EQ-nonprofit-no-adaptation,https://www.electionsquebec.qc.ca/notre-institution/conditions-dutilisation/,GET HTML,2026-10-03,lien présent dans index officiel; HTTP séparé dans download_log.csv,non identifiées au stade inventaire,scraping_required,original_nonprofit_only,local_only,https://www.electionsquebec.qc.ca/resultats-et-statistiques/resultats-generales/,general_history,NA,true,Licence vérifiée pour le portail dgeq.org uniquement; ne pas étendre aux autres sources.
src_5ad9954a7c4d,Élections Québec,Élections partielles : 5 juillet 1978,https://www.electionsquebec.qc.ca/resultats-et-statistiques/resultats-partielles/1978-07-05/155/,Élections partielles : 5 juillet 1978,HTML,selon fichier; voir dictionnaire et index,selon index officiel,selon publication officielle,EQ-nonprofit-no-adaptation,https://www.electionsquebec.qc.ca/notre-institution/conditions-dutilisation/,GET HTML,2026-10-03,lien présent dans index officiel; HTTP séparé dans download_log.csv,non identifiées au stade inventaire,scraping_required,original_nonprofit_only,local_only,https://www.electionsquebec.qc.ca/resultats-et-statistiques/resultats-generales/,general_history,NA,true,Licence vérifiée pour le portail dgeq.org uniquement; ne pas étendre aux autres sources.
src_61272b5cc69b,Élections Québec,Élections partielles : 28 août 1974,https://www.electionsquebec.qc.ca/resultats-et-statistiques/resultats-partielles/1974-08-28/40/,Élections partielles : 28 août 1974,HTML,selon fichier; voir dictionnaire et index,selon index officiel,selon publication officielle,EQ-nonprofit-no-adaptation,https://www.electionsquebec.qc.ca/notre-institution/conditions-dutilisation/,GET HTML,2026-10-03,lien présent dans index officiel; HTTP séparé dans download_log.csv,non identifiées au stade inventaire,scraping_required,original_nonprofit_only,local_only,https://www.electionsquebec.qc.ca/resultats-et-statistiques/resultats-generales/,general_history,NA,true,Licence vérifiée pour le portail dgeq.org uniquement; ne pas étendre aux autres sources.
src_8530d82846be,Élections Québec,Élections partielles : 15 novembre 1972,https://www.electionsquebec.qc.ca/resultats-et-statistiques/resultats-partielles/1972-10-11/78/,Élections partielles : 15 novembre 1972,HTML,selon fichier; voir dictionnaire et index,selon index officiel,selon publication officielle,EQ-nonprofit-no-adaptation,https://www.electionsquebec.qc.ca/notre-institution/conditions-dutilisation/,GET HTML,2026-10-03,lien présent dans index officiel; HTTP séparé dans download_log.csv,non identifiées au stade inventaire,scraping_required,original_nonprofit_only,local_only,https://www.electionsquebec.qc.ca/resultats-et-statistiques/resultats-generales/,general_history,NA,true,Licence vérifiée pour le portail dgeq.org uniquement; ne pas étendre aux autres sources.
src_f05822cfdf92,Élections Québec,Élections partielles : 11 octobre 1972,https://www.electionsquebec.qc.ca/resultats-et-statistiques/resultats-partielles/1972-10-11/96/,Élections partielles : 11 octobre 1972,HTML,selon fichier; voir dictionnaire et index,selon index officiel,selon publication officielle,EQ-nonprofit-no-adaptation,https://www.electionsquebec.qc.ca/notre-institution/conditions-dutilisation/,GET HTML,2026-10-03,lien présent dans index officiel; HTTP séparé dans download_log.csv,non identifiées au stade inventaire,scraping_required,original_nonprofit_only,local_only,https://www.electionsquebec.qc.ca/resultats-et-statistiques/resultats-generales/,general_history,NA,true,Licence vérifiée pour le portail dgeq.org uniquement; ne pas étendre aux autres sources.
src_e00e4d4e1d8a,Élections Québec,Élections partielles : 8 février 1971,https://www.electionsquebec.qc.ca/resultats-et-statistiques/resultats-partielles/1971-02-08/240/,Élections partielles : 8 février 1971,HTML,selon fichier; voir dictionnaire et index,selon index officiel,selon publication officielle,EQ-nonprofit-no-adaptation,https://www.electionsquebec.qc.ca/notre-institution/conditions-dutilisation/,GET HTML,2026-10-03,lien présent dans index officiel; HTTP séparé dans download_log.csv,non identifiées au stade inventaire,scraping_required,original_nonprofit_only,local_only,https://www.electionsquebec.qc.ca/resultats-et-statistiques/resultats-generales/,general_history,NA,true,Licence vérifiée pour le portail dgeq.org uniquement; ne pas étendre aux autres sources.
src_1f8582eb88a0,Élections Québec,Élections partielles : 8 octobre 1969,https://www.electionsquebec.qc.ca/resultats-et-statistiques/resultats-partielles/1969-10-08/208/,Élections partielles : 8 octobre 1969,HTML,selon fichier; voir dictionnaire et index,selon index officiel,selon publication officielle,EQ-nonprofit-no-adaptation,https://www.electionsquebec.qc.ca/notre-institution/conditions-dutilisation/,GET HTML,2026-10-03,lien présent dans index officiel; HTTP séparé dans download_log.csv,non identifiées au stade inventaire,scraping_required,original_nonprofit_only,local_only,https://www.electionsquebec.qc.ca/resultats-et-statistiques/resultats-generales/,general_history,NA,true,Licence vérifiée pour le portail dgeq.org uniquement; ne pas étendre aux autres sources.
src_ff4c06f1d8ef,Élections Québec,Élections partielles : 8 octobre 1969,https://www.electionsquebec.qc.ca/resultats-et-statistiques/resultats-partielles/1969-10-08/207/,Élections partielles : 8 octobre 1969,HTML,selon fichier; voir dictionnaire et index,selon index officiel,selon publication officielle,EQ-nonprofit-no-adaptation,https://www.electionsquebec.qc.ca/notre-institution/conditions-dutilisation/,GET HTML,2026-10-03,lien présent dans index officiel; HTTP séparé dans download_log.csv,non identifiées au stade inventaire,scraping_required,original_nonprofit_only,local_only,https://www.electionsquebec.qc.ca/resultats-et-statistiques/resultats-generales/,general_history,NA,true,Licence vérifiée pour le portail dgeq.org uniquement; ne pas étendre aux autres sources.
src_d835485a0d0a,Élections Québec,Élections partielles : 8 octobre 1969,https://www.electionsquebec.qc.ca/resultats-et-statistiques/resultats-partielles/1969-10-08/44/,Élections partielles : 8 octobre 1969,HTML,selon fichier; voir dictionnaire et index,selon index officiel,selon publication officielle,EQ-nonprofit-no-adaptation,https://www.electionsquebec.qc.ca/notre-institution/conditions-dutilisation/,GET HTML,2026-10-03,lien présent dans index officiel; HTTP séparé dans download_log.csv,non identifiées au stade inventaire,scraping_required,original_nonprofit_only,local_only,https://www.electionsquebec.qc.ca/resultats-et-statistiques/resultats-generales/,general_history,NA,true,Licence vérifiée pour le portail dgeq.org uniquement; ne pas étendre aux autres sources.
src_8685adcf3590,Élections Québec,Élections partielles : 8 octobre 1969,https://www.electionsquebec.qc.ca/resultats-et-statistiques/resultats-partielles/1969-10-08/71/,Élections partielles : 8 octobre 1969,HTML,selon fichier; voir dictionnaire et index,selon index officiel,selon publication officielle,EQ-nonprofit-no-adaptation,https://www.electionsquebec.qc.ca/notre-institution/conditions-dutilisation/,GET HTML,2026-10-03,lien présent dans index officiel; HTTP séparé dans download_log.csv,non identifiées au stade inventaire,scraping_required,original_nonprofit_only,local_only,https://www.electionsquebec.qc.ca/resultats-et-statistiques/resultats-generales/,general_history,NA,true,Licence vérifiée pour le portail dgeq.org uniquement; ne pas étendre aux autres sources.
src_596c312c39c8,Élections Québec,Élections partielles : 3 mars 1969,https://www.electionsquebec.qc.ca/resultats-et-statistiques/resultats-partielles/1969-03-03/212/,Élections partielles : 3 mars 1969,HTML,selon fichier; voir dictionnaire et index,selon index officiel,selon publication officielle,EQ-nonprofit-no-adaptation,https://www.electionsquebec.qc.ca/notre-institution/conditions-dutilisation/,GET HTML,2026-10-03,lien présent dans index officiel; HTTP séparé dans download_log.csv,non identifiées au stade inventaire,scraping_required,original_nonprofit_only,local_only,https://www.electionsquebec.qc.ca/resultats-et-statistiques/resultats-generales/,general_history,NA,true,Licence vérifiée pour le portail dgeq.org uniquement; ne pas étendre aux autres sources.
src_1e53ca7f7fa6,Élections Québec,Élections partielles : 4 décembre 1968,https://www.electionsquebec.qc.ca/resultats-et-statistiques/resultats-partielles/1968-12-04/40/,Élections partielles : 4 décembre 1968,HTML,selon fichier; voir dictionnaire et index,selon index officiel,selon publication officielle,EQ-nonprofit-no-adaptation,https://www.electionsquebec.qc.ca/notre-institution/conditions-dutilisation/,GET HTML,2026-10-03,lien présent dans index officiel; HTTP séparé dans download_log.csv,non identifiées au stade inventaire,scraping_required,original_nonprofit_only,local_only,https://www.electionsquebec.qc.ca/resultats-et-statistiques/resultats-generales/,general_history,NA,true,Licence vérifiée pour le portail dgeq.org uniquement; ne pas étendre aux autres sources.
src_81564fe4cbcd,Élections Québec,Élections partielles : 4 décembre 1968,https://www.electionsquebec.qc.ca/resultats-et-statistiques/resultats-partielles/1968-12-04/221/,Élections partielles : 4 décembre 1968,HTML,selon fichier; voir dictionnaire et index,selon index officiel,selon publication officielle,EQ-nonprofit-no-adaptation,https://www.electionsquebec.qc.ca/notre-institution/conditions-dutilisation/,GET HTML,2026-10-03,lien présent dans index officiel; HTTP séparé dans download_log.csv,non identifiées au stade inventaire,scraping_required,original_nonprofit_only,local_only,https://www.electionsquebec.qc.ca/resultats-et-statistiques/resultats-generales/,general_history,NA,true,Licence vérifiée pour le portail dgeq.org uniquement; ne pas étendre aux autres sources.
src_525a437f4149,Élections Québec,Élections partielles : 18 janvier 1965,https://www.electionsquebec.qc.ca/resultats-et-statistiques/resultats-partielles/1965-01-18/0/,Élections partielles : 18 janvier 1965,HTML,selon fichier; voir dictionnaire et index,selon index officiel,selon publication officielle,EQ-nonprofit-no-adaptation,https://www.electionsquebec.qc.ca/notre-institution/conditions-dutilisation/,GET HTML,2026-10-03,lien présent dans index officiel; HTTP séparé dans download_log.csv,non identifiées au stade inventaire,scraping_required,original_nonprofit_only,local_only,https://www.electionsquebec.qc.ca/resultats-et-statistiques/resultats-generales/,general_history,NA,true,Licence vérifiée pour le portail dgeq.org uniquement; ne pas étendre aux autres sources.
src_c10cbeac8bdd,Élections Québec,Élections partielles : 18 janvier 1965,https://www.electionsquebec.qc.ca/resultats-et-statistiques/resultats-partielles/1965-01-18/1/,Élections partielles : 18 janvier 1965,HTML,selon fichier; voir dictionnaire et index,selon index officiel,selon publication officielle,EQ-nonprofit-no-adaptation,https://www.electionsquebec.qc.ca/notre-institution/conditions-dutilisation/,GET HTML,2026-10-03,lien présent dans index officiel; HTTP séparé dans download_log.csv,non identifiées au stade inventaire,scraping_required,original_nonprofit_only,local_only,https://www.electionsquebec.qc.ca/resultats-et-statistiques/resultats-generales/,general_history,NA,true,Licence vérifiée pour le portail dgeq.org uniquement; ne pas étendre aux autres sources.
src_176015eae4fb,Élections Québec,Élections partielles : 5 octobre 1964,https://www.electionsquebec.qc.ca/resultats-et-statistiques/resultats-partielles/1964-10-05/0/,Élections partielles : 5 octobre 1964,HTML,selon fichier; voir dictionnaire et index,selon index officiel,selon publication officielle,EQ-nonprofit-no-adaptation,https://www.electionsquebec.qc.ca/notre-institution/conditions-dutilisation/,GET HTML,2026-10-03,lien présent dans index officiel; HTTP séparé dans download_log.csv,non identifiées au stade inventaire,scraping_required,original_nonprofit_only,local_only,https://www.electionsquebec.qc.ca/resultats-et-statistiques/resultats-generales/,general_history,NA,true,Licence vérifiée pour le portail dgeq.org uniquement; ne pas étendre aux autres sources.
src_003ac52385a4,Élections Québec,Élections partielles : 5 octobre 1964,https://www.electionsquebec.qc.ca/resultats-et-statistiques/resultats-partielles/1964-10-05/1/,Élections partielles : 5 octobre 1964,HTML,selon fichier; voir dictionnaire et index,selon index officiel,selon publication officielle,EQ-nonprofit-no-adaptation,https://www.electionsquebec.qc.ca/notre-institution/conditions-dutilisation/,GET HTML,2026-10-03,lien présent dans index officiel; HTTP séparé dans download_log.csv,non identifiées au stade inventaire,scraping_required,original_nonprofit_only,local_only,https://www.electionsquebec.qc.ca/resultats-et-statistiques/resultats-generales/,general_history,NA,true,Licence vérifiée pour le portail dgeq.org uniquement; ne pas étendre aux autres sources.
src_b24b6de4fe38,Élections Québec,Élections partielles : 5 octobre 1964,https://www.electionsquebec.qc.ca/resultats-et-statistiques/resultats-partielles/1964-10-05/2/,Élections partielles : 5 octobre 1964,HTML,selon fichier; voir dictionnaire et index,selon index officiel,selon publication officielle,EQ-nonprofit-no-adaptation,https://www.electionsquebec.qc.ca/notre-institution/conditions-dutilisation/,GET HTML,2026-10-03,lien présent dans index officiel; HTTP séparé dans download_log.csv,non identifiées au stade inventaire,scraping_required,original_nonprofit_only,local_only,https://www.electionsquebec.qc.ca/resultats-et-statistiques/resultats-generales/,general_history,NA,true,Licence vérifiée pour le portail dgeq.org uniquement; ne pas étendre aux autres sources.
src_513a147ce098,Élections Québec,Élections partielles : 5 octobre 1964,https://www.electionsquebec.qc.ca/resultats-et-statistiques/resultats-partielles/1964-10-05/3/,Élections partielles : 5 octobre 1964,HTML,selon fichier; voir dictionnaire et index,selon index officiel,selon publication officielle,EQ-nonprofit-no-adaptation,https://www.electionsquebec.qc.ca/notre-institution/conditions-dutilisation/,GET HTML,2026-10-03,lien présent dans index officiel; HTTP séparé dans download_log.csv,non identifiées au stade inventaire,scraping_required,original_nonprofit_only,local_only,https://www.electionsquebec.qc.ca/resultats-et-statistiques/resultats-generales/,general_history,NA,true,Licence vérifiée pour le portail dgeq.org uniquement; ne pas étendre aux autres sources.
src_56d87827ee1d,Élections Québec,Élections partielles : 25 septembre 1963,https://www.electionsquebec.qc.ca/resultats-et-statistiques/resultats-partielles/1963-09-25/0/,Élections partielles : 25 septembre 1963,HTML,selon fichier; voir dictionnaire et index,selon index officiel,selon publication officielle,EQ-nonprofit-no-adaptation,https://www.electionsquebec.qc.ca/notre-institution/conditions-dutilisation/,GET HTML,2026-10-03,lien présent dans index officiel; HTTP séparé dans download_log.csv,non identifiées au stade inventaire,scraping_required,original_nonprofit_only,local_only,https://www.electionsquebec.qc.ca/resultats-et-statistiques/resultats-generales/,general_history,NA,true,Licence vérifiée pour le portail dgeq.org uniquement; ne pas étendre aux autres sources.
src_52e2d7d3768e,Assemblée nationale du Québec,assnat,https://www.assnat.qc.ca/fr/patrimoine/resultatselec/index.html,assnat,HTML,selon fichier; voir dictionnaire et index,selon index officiel,selon publication officielle,unverified,NA,GET HTML,2026-10-03,lien présent dans index officiel; HTTP séparé dans download_log.csv,non identifiées au stade inventaire,scraping_required,not_verified,local_only,https://www.assnat.qc.ca/fr/patrimoine/resultatselec/index.html,assnat,NA,true,Licence vérifiée pour le portail dgeq.org uniquement; ne pas étendre aux autres sources.
src_5179307198a5,Assemblée nationale du Québec,Drapeau(x) sur l'hôtel du Parlement : Abitibi à Arthabaska,https://www.assnat.qc.ca/fr/patrimoine/resultatselec/a.html,Drapeau(x) sur l'hôtel du Parlement : Abitibi à Arthabaska,HTML,selon fichier; voir dictionnaire et index,selon index officiel,selon publication officielle,unverified,NA,GET HTML,2026-10-03,lien présent dans index officiel; HTTP séparé dans download_log.csv,non identifiées au stade inventaire,scraping_required,not_verified,local_only,https://www.assnat.qc.ca/fr/patrimoine/resultatselec/index.html,assnat,NA,true,Licence vérifiée pour le portail dgeq.org uniquement; ne pas étendre aux autres sources.
src_724898755de5,Assemblée nationale du Québec,Drapeau(x) sur l'hôtel du Parlement : Bagot à Beauharnois-Huntingdon,https://www.assnat.qc.ca/fr/patrimoine/resultatselec/b1.html,Drapeau(x) sur l'hôtel du Parlement : Bagot à Beauharnois-Huntingdon,HTML,selon fichier; voir dictionnaire et index,selon index officiel,selon publication officielle,unverified,NA,GET HTML,2026-10-03,lien présent dans index officiel; HTTP séparé dans download_log.csv,non identifiées au stade inventaire,scraping_required,not_verified,local_only,https://www.assnat.qc.ca/fr/patrimoine/resultatselec/index.html,assnat,NA,true,Licence vérifiée pour le portail dgeq.org uniquement; ne pas étendre aux autres sources.
src_db3d57b00e40,Assemblée nationale du Québec,Drapeau(x) sur l'hôtel du Parlement : Bellechasse à Bonaventure,https://www.assnat.qc.ca/fr/patrimoine/resultatselec/b2.html,Drapeau(x) sur l'hôtel du Parlement : Bellechasse à Bonaventure,HTML,selon fichier; voir dictionnaire et index,selon index officiel,selon publication officielle,unverified,NA,GET HTML,2026-10-03,lien présent dans index officiel; HTTP séparé dans download_log.csv,non identifiées au stade inventaire,scraping_required,not_verified,local_only,https://www.assnat.qc.ca/fr/patrimoine/resultatselec/index.html,assnat,NA,true,Licence vérifiée pour le portail dgeq.org uniquement; ne pas étendre aux autres sources.
src_ccc54fd0ebf1,Assemblée nationale du Québec,Drapeau(x) sur l'hôtel du Parlement : Borduas à Brome-Missisquoi,https://www.assnat.qc.ca/fr/patrimoine/resultatselec/b3.html,Drapeau(x) sur l'hôtel du Parlement : Borduas à Brome-Missisquoi,HTML,selon fichier; voir dictionnaire et index,selon index officiel,selon publication officielle,unverified,NA,GET HTML,2026-10-03,lien présent dans index officiel; HTTP séparé dans download_log.csv,non identifiées au stade inventaire,scraping_required,not_verified,local_only,https://www.assnat.qc.ca/fr/patrimoine/resultatselec/index.html,assnat,NA,true,Licence vérifiée pour le portail dgeq.org uniquement; ne pas étendre aux autres sources.
src_400452365bd1,Assemblée nationale du Québec,Drapeau(x) sur l'hôtel du Parlement : Chambly à Charlevoix-Saguenay,https://www.assnat.qc.ca/fr/patrimoine/resultatselec/c1.html,Drapeau(x) sur l'hôtel du Parlement : Chambly à Charlevoix-Saguenay,HTML,selon fichier; voir dictionnaire et index,selon index officiel,selon publication officielle,unverified,NA,GET HTML,2026-10-03,lien présent dans index officiel; HTTP séparé dans download_log.csv,non identifiées au stade inventaire,scraping_required,not_verified,local_only,https://www.assnat.qc.ca/fr/patrimoine/resultatselec/index.html,assnat,NA,true,Licence vérifiée pour le portail dgeq.org uniquement; ne pas étendre aux autres sources.
src_ef29c51fe1f8,Assemblée nationale du Québec,Drapeau(x) sur l'hôtel du Parlement : Châteauguay à Crémazie,https://www.assnat.qc.ca/fr/patrimoine/resultatselec/c2.html,Drapeau(x) sur l'hôtel du Parlement : Châteauguay à Crémazie,HTML,selon fichier; voir dictionnaire et index,selon index officiel,selon publication officielle,unverified,NA,GET HTML,2026-10-03,lien présent dans index officiel; HTTP séparé dans download_log.csv,non identifiées au stade inventaire,scraping_required,not_verified,local_only,https://www.assnat.qc.ca/fr/patrimoine/resultatselec/index.html,assnat,NA,true,Licence vérifiée pour le portail dgeq.org uniquement; ne pas étendre aux autres sources.
src_440ebd7b572a,Assemblée nationale du Québec,Drapeau(x) sur l'hôtel du Parlement : D'Arcy-McGee à Duplessis,https://www.assnat.qc.ca/fr/patrimoine/resultatselec/d.html,Drapeau(x) sur l'hôtel du Parlement : D'Arcy-McGee à Duplessis,HTML,selon fichier; voir dictionnaire et index,selon index officiel,selon publication officielle,unverified,NA,GET HTML,2026-10-03,lien présent dans index officiel; HTTP séparé dans download_log.csv,non identifiées au stade inventaire,scraping_required,not_verified,local_only,https://www.assnat.qc.ca/fr/patrimoine/resultatselec/index.html,assnat,NA,true,Licence vérifiée pour le portail dgeq.org uniquement; ne pas étendre aux autres sources.
src_82efc8cec4cf,Assemblée nationale du Québec,Drapeau(x) sur l'hôtel du Parlement : Fabre à Groulx,https://www.assnat.qc.ca/fr/patrimoine/resultatselec/eg.html,Drapeau(x) sur l'hôtel du Parlement : Fabre à Groulx,HTML,selon fichier; voir dictionnaire et index,selon index officiel,selon publication officielle,unverified,NA,GET HTML,2026-10-03,lien présent dans index officiel; HTTP séparé dans download_log.csv,non identifiées au stade inventaire,scraping_required,not_verified,local_only,https://www.assnat.qc.ca/fr/patrimoine/resultatselec/index.html,assnat,NA,true,Licence vérifiée pour le portail dgeq.org uniquement; ne pas étendre aux autres sources.
src_612bcc4cc655,Assemblée nationale du Québec,Drapeau(x) sur l'hôtel du Parlement : Hochelaga à Îles-de-la-Madeleine,https://www.assnat.qc.ca/fr/patrimoine/resultatselec/hi.html,Drapeau(x) sur l'hôtel du Parlement : Hochelaga à Îles-de-la-Madeleine,HTML,selon fichier; voir dictionnaire et index,selon index officiel,selon publication officielle,unverified,NA,GET HTML,2026-10-03,lien présent dans index officiel; HTTP séparé dans download_log.csv,non identifiées au stade inventaire,scraping_required,not_verified,local_only,https://www.assnat.qc.ca/fr/patrimoine/resultatselec/index.html,assnat,NA,true,Licence vérifiée pour le portail dgeq.org uniquement; ne pas étendre aux autres sources.
src_7b9ed0fabd68,Assemblée nationale du Québec,Drapeau(x) sur l'hôtel du Parlement : Jacques-Cartier à Jonquière-Kénogami,https://www.assnat.qc.ca/fr/patrimoine/resultatselec/j.html,Drapeau(x) sur l'hôtel du Parlement : Jacques-Cartier à Jonquière-Kénogami,HTML,selon fichier; voir dictionnaire et index,selon index officiel,selon publication officielle,unverified,NA,GET HTML,2026-10-03,lien présent dans index officiel; HTTP séparé dans download_log.csv,non identifiées au stade inventaire,scraping_required,not_verified,local_only,https://www.assnat.qc.ca/fr/patrimoine/resultatselec/index.html,assnat,NA,true,Licence vérifiée pour le portail dgeq.org uniquement; ne pas étendre aux autres sources.
src_c3fc7d75adf4,Assemblée nationale du Québec,Drapeau(x) sur l'hôtel du Parlement : Kamouraska à Kamouraska-Témiscouata,https://www.assnat.qc.ca/fr/patrimoine/resultatselec/k.html,Drapeau(x) sur l'hôtel du Parlement : Kamouraska à Kamouraska-Témiscouata,HTML,selon fichier; voir dictionnaire et index,selon index officiel,selon publication officielle,unverified,NA,GET HTML,2026-10-03,lien présent dans index officiel; HTTP séparé dans download_log.csv,non identifiées au stade inventaire,scraping_required,not_verified,local_only,https://www.assnat.qc.ca/fr/patrimoine/resultatselec/index.html,assnat,NA,true,Licence vérifiée pour le portail dgeq.org uniquement; ne pas étendre aux autres sources.
src_fc37ed3fd768,Assemblée nationale du Québec,Drapeau(x) sur l'hôtel du Parlement : Labelle à La Prairie,https://www.assnat.qc.ca/fr/patrimoine/resultatselec/l1.html,Drapeau(x) sur l'hôtel du Parlement : Labelle à La Prairie,HTML,selon fichier; voir dictionnaire et index,selon index officiel,selon publication officielle,unverified,NA,GET HTML,2026-10-03,lien présent dans index officiel; HTTP séparé dans download_log.csv,non identifiées au stade inventaire,scraping_required,not_verified,local_only,https://www.assnat.qc.ca/fr/patrimoine/resultatselec/index.html,assnat,NA,true,Licence vérifiée pour le portail dgeq.org uniquement; ne pas étendre aux autres sources.
src_728d86af63e6,Assemblée nationale du Québec,Drapeau(x) sur l'hôtel du Parlement : L'Assomption à Laviolette–Saint-Maurice,https://www.assnat.qc.ca/fr/patrimoine/resultatselec/l2.html,Drapeau(x) sur l'hôtel du Parlement : L'Assomption à Laviolette–Saint-Maurice,HTML,selon fichier; voir dictionnaire et index,selon index officiel,selon publication officielle,unverified,NA,GET HTML,2026-10-03,lien présent dans index officiel; HTTP séparé dans download_log.csv,non identifiées au stade inventaire,scraping_required,not_verified,local_only,https://www.assnat.qc.ca/fr/patrimoine/resultatselec/index.html,assnat,NA,true,Licence vérifiée pour le portail dgeq.org uniquement; ne pas étendre aux autres sources.
src_d4a5c8d4c2ec,Assemblée nationale du Québec,Drapeau(x) sur l'hôtel du Parlement : Les Plaines à Louis-Hébert,https://www.assnat.qc.ca/fr/patrimoine/resultatselec/l3.html,Drapeau(x) sur l'hôtel du Parlement : Les Plaines à Louis-Hébert,HTML,selon fichier; voir dictionnaire et index,selon index officiel,selon publication officielle,unverified,NA,GET HTML,2026-10-03,lien présent dans index officiel; HTTP séparé dans download_log.csv,non identifiées au stade inventaire,scraping_required,not_verified,local_only,https://www.assnat.qc.ca/fr/patrimoine/resultatselec/index.html,assnat,NA,true,Licence vérifiée pour le portail dgeq.org uniquement; ne pas étendre aux autres sources.
src_c67c8d9bd6bc,Assemblée nationale du Québec,Drapeau(x) sur l'hôtel du Parlement : Maisonneuve à Matane–Matapédia,https://www.assnat.qc.ca/fr/patrimoine/resultatselec/m1.html,Drapeau(x) sur l'hôtel du Parlement : Maisonneuve à Matane–Matapédia,HTML,selon fichier; voir dictionnaire et index,selon index officiel,selon publication officielle,unverified,NA,GET HTML,2026-10-03,lien présent dans index officiel; HTTP séparé dans download_log.csv,non identifiées au stade inventaire,scraping_required,not_verified,local_only,https://www.assnat.qc.ca/fr/patrimoine/resultatselec/index.html,assnat,NA,true,Licence vérifiée pour le portail dgeq.org uniquement; ne pas étendre aux autres sources.
src_a567416f3b01,Assemblée nationale du Québec,Drapeau(x) sur l'hôtel du Parlement : Matapédia à Montcalm,https://www.assnat.qc.ca/fr/patrimoine/resultatselec/m2.html,Drapeau(x) sur l'hôtel du Parlement : Matapédia à Montcalm,HTML,selon fichier; voir dictionnaire et index,selon index officiel,selon publication officielle,unverified,NA,GET HTML,2026-10-03,lien présent dans index officiel; HTTP séparé dans download_log.csv,non identifiées au stade inventaire,scraping_required,not_verified,local_only,https://www.assnat.qc.ca/fr/patrimoine/resultatselec/index.html,assnat,NA,true,Licence vérifiée pour le portail dgeq.org uniquement; ne pas étendre aux autres sources.
src_128f9f74ba8d,Assemblée nationale du Québec,Drapeau(x) sur l'hôtel du Parlement : Montmagny à Montréal No 5,https://www.assnat.qc.ca/fr/patrimoine/resultatselec/m3.html,Drapeau(x) sur l'hôtel du Parlement : Montmagny à Montréal No 5,HTML,selon fichier; voir dictionnaire et index,selon index officiel,selon publication officielle,unverified,NA,GET HTML,2026-10-03,lien présent dans index officiel; HTTP séparé dans download_log.csv,non identifiées au stade inventaire,scraping_required,not_verified,local_only,https://www.assnat.qc.ca/fr/patrimoine/resultatselec/index.html,assnat,NA,true,Licence vérifiée pour le portail dgeq.org uniquement; ne pas étendre aux autres sources.
src_3de6cee42b89,Assemblée nationale du Québec,Drapeau(x) sur l'hôtel du Parlement : Montréal No 6 à Mont-Royal–Outremont,https://www.assnat.qc.ca/fr/patrimoine/resultatselec/m4.html,Drapeau(x) sur l'hôtel du Parlement : Montréal No 6 à Mont-Royal–Outremont,HTML,selon fichier; voir dictionnaire et index,selon index officiel,selon publication officielle,unverified,NA,GET HTML,2026-10-03,lien présent dans index officiel; HTTP séparé dans download_log.csv,non identifiées au stade inventaire,scraping_required,not_verified,local_only,https://www.assnat.qc.ca/fr/patrimoine/resultatselec/index.html,assnat,NA,true,Licence vérifiée pour le portail dgeq.org uniquement; ne pas étendre aux autres sources.
src_a0251ac689cb,Assemblée nationale du Québec,Drapeau(x) sur l'hôtel du Parlement : Napierville à Outremont,https://www.assnat.qc.ca/fr/patrimoine/resultatselec/no.html,Drapeau(x) sur l'hôtel du Parlement : Napierville à Outremont,HTML,selon fichier; voir dictionnaire et index,selon index officiel,selon publication officielle,unverified,NA,GET HTML,2026-10-03,lien présent dans index officiel; HTTP séparé dans download_log.csv,non identifiées au stade inventaire,scraping_required,not_verified,local_only,https://www.assnat.qc.ca/fr/patrimoine/resultatselec/index.html,assnat,NA,true,Licence vérifiée pour le portail dgeq.org uniquement; ne pas étendre aux autres sources.
src_fd9a5ca5abb0,Assemblée nationale du Québec,Drapeau(x) sur l'hôtel du Parlement : Papineau à Prévost,https://www.assnat.qc.ca/fr/patrimoine/resultatselec/p.html,Drapeau(x) sur l'hôtel du Parlement : Papineau à Prévost,HTML,selon fichier; voir dictionnaire et index,selon index officiel,selon publication officielle,unverified,NA,GET HTML,2026-10-03,lien présent dans index officiel; HTTP séparé dans download_log.csv,non identifiées au stade inventaire,scraping_required,not_verified,local_only,https://www.assnat.qc.ca/fr/patrimoine/resultatselec/index.html,assnat,NA,true,Licence vérifiée pour le portail dgeq.org uniquement; ne pas étendre aux autres sources.
src_6f9919271d21,Assemblée nationale du Québec,Drapeau(x) sur l'hôtel du Parlement : Québec-Centre à Québec-Ouest,https://www.assnat.qc.ca/fr/patrimoine/resultatselec/q.html,Drapeau(x) sur l'hôtel du Parlement : Québec-Centre à Québec-Ouest,HTML,selon fichier; voir dictionnaire et index,selon index officiel,selon publication officielle,unverified,NA,GET HTML,2026-10-03,lien présent dans index officiel; HTTP séparé dans download_log.csv,non identifiées au stade inventaire,scraping_required,not_verified,local_only,https://www.assnat.qc.ca/fr/patrimoine/resultatselec/index.html,assnat,NA,true,Licence vérifiée pour le portail dgeq.org uniquement; ne pas étendre aux autres sources.
src_4840108788f3,Assemblée nationale du Québec,Drapeau(x) sur l'hôtel du Parlement : René-Lévesque à Rivière-du-Loup–Témiscouata,https://www.assnat.qc.ca/fr/patrimoine/resultatselec/r1.html,Drapeau(x) sur l'hôtel du Parlement : René-Lévesque à Rivière-du-Loup–Témiscouata,HTML,selon fichier; voir dictionnaire et index,selon index officiel,selon publication officielle,unverified,NA,GET HTML,2026-10-03,lien présent dans index officiel; HTTP séparé dans download_log.csv,non identifiées au stade inventaire,scraping_required,not_verified,local_only,https://www.assnat.qc.ca/fr/patrimoine/resultatselec/index.html,assnat,NA,true,Licence vérifiée pour le portail dgeq.org uniquement; ne pas étendre aux autres sources.
src_2244578dce31,Assemblée nationale du Québec,Drapeau(x) sur l'hôtel du Parlement : Robert-Baldwin à Rouyn-Noranda-Témiscamingue,https://www.assnat.qc.ca/fr/patrimoine/resultatselec/r2.html,Drapeau(x) sur l'hôtel du Parlement : Robert-Baldwin à Rouyn-Noranda-Témiscamingue,HTML,selon fichier; voir dictionnaire et index,selon index officiel,selon publication officielle,unverified,NA,GET HTML,2026-10-03,lien présent dans index officiel; HTTP séparé dans download_log.csv,non identifiées au stade inventaire,scraping_required,not_verified,local_only,https://www.assnat.qc.ca/fr/patrimoine/resultatselec/index.html,assnat,NA,true,Licence vérifiée pour le portail dgeq.org uniquement; ne pas étendre aux autres sources.
src_e2545508d8ce,Assemblée nationale du Québec,Drapeau(x) sur l'hôtel du Parlement : Saguenay à Saint-Jacques,https://www.assnat.qc.ca/fr/patrimoine/resultatselec/s1.html,Drapeau(x) sur l'hôtel du Parlement : Saguenay à Saint-Jacques,HTML,selon fichier; voir dictionnaire et index,selon index officiel,selon publication officielle,unverified,NA,GET HTML,2026-10-03,lien présent dans index officiel; HTTP séparé dans download_log.csv,non identifiées au stade inventaire,scraping_required,not_verified,local_only,https://www.assnat.qc.ca/fr/patrimoine/resultatselec/index.html,assnat,NA,true,Licence vérifiée pour le portail dgeq.org uniquement; ne pas étendre aux autres sources.
src_9d3d3707d691,Assemblée nationale du Québec,Drapeau(x) sur l'hôtel du Parlement : Saint-Jean à Saint-Sauveur,https://www.assnat.qc.ca/fr/patrimoine/resultatselec/s2.html,Drapeau(x) sur l'hôtel du Parlement : Saint-Jean à Saint-Sauveur,HTML,selon fichier; voir dictionnaire et index,selon index officiel,selon publication officielle,unverified,NA,GET HTML,2026-10-03,lien présent dans index officiel; HTTP séparé dans download_log.csv,non identifiées au stade inventaire,scraping_required,not_verified,local_only,https://www.assnat.qc.ca/fr/patrimoine/resultatselec/index.html,assnat,NA,true,Licence vérifiée pour le portail dgeq.org uniquement; ne pas étendre aux autres sources.
src_6498b71b1a4c,Assemblée nationale du Québec,Drapeau(x) sur l'hôtel du Parlement : Salaberry-Soulanges à Stanstead,https://www.assnat.qc.ca/fr/patrimoine/resultatselec/s3.html,Drapeau(x) sur l'hôtel du Parlement : Salaberry-Soulanges à Stanstead,HTML,selon fichier; voir dictionnaire et index,selon index officiel,selon publication officielle,unverified,NA,GET HTML,2026-10-03,lien présent dans index officiel; HTTP séparé dans download_log.csv,non identifiées au stade inventaire,scraping_required,not_verified,local_only,https://www.assnat.qc.ca/fr/patrimoine/resultatselec/index.html,assnat,NA,true,Licence vérifiée pour le portail dgeq.org uniquement; ne pas étendre aux autres sources.
src_00f6f4053817,Assemblée nationale du Québec,Drapeau(x) sur l'hôtel du Parlement : Taillon à Trois-Rivières,https://www.assnat.qc.ca/fr/patrimoine/resultatselec/t.html,Drapeau(x) sur l'hôtel du Parlement : Taillon à Trois-Rivières,HTML,selon fichier; voir dictionnaire et index,selon index officiel,selon publication officielle,unverified,NA,GET HTML,2026-10-03,lien présent dans index officiel; HTTP séparé dans download_log.csv,non identifiées au stade inventaire,scraping_required,not_verified,local_only,https://www.assnat.qc.ca/fr/patrimoine/resultatselec/index.html,assnat,NA,true,Licence vérifiée pour le portail dgeq.org uniquement; ne pas étendre aux autres sources.
src_4cc517b0501c,Assemblée nationale du Québec,Drapeau(x) sur l'hôtel du Parlement : Ungava à Verdun,https://www.assnat.qc.ca/fr/patrimoine/resultatselec/uz1.html,Drapeau(x) sur l'hôtel du Parlement : Ungava à Verdun,HTML,selon fichier; voir dictionnaire et index,selon index officiel,selon publication officielle,unverified,NA,GET HTML,2026-10-03,lien présent dans index officiel; HTTP séparé dans download_log.csv,non identifiées au stade inventaire,scraping_required,not_verified,local_only,https://www.assnat.qc.ca/fr/patrimoine/resultatselec/index.html,assnat,NA,true,Licence vérifiée pour le portail dgeq.org uniquement; ne pas étendre aux autres sources.
src_dca5486a83eb,Assemblée nationale du Québec,Drapeau(x) sur l'hôtel du Parlement : Viau à Yamaska,https://www.assnat.qc.ca/fr/patrimoine/resultatselec/uz2.html,Drapeau(x) sur l'hôtel du Parlement : Viau à Yamaska,HTML,selon fichier; voir dictionnaire et index,selon index officiel,selon publication officielle,unverified,NA,GET HTML,2026-10-03,lien présent dans index officiel; HTTP séparé dans download_log.csv,non identifiées au stade inventaire,scraping_required,not_verified,local_only,https://www.assnat.qc.ca/fr/patrimoine/resultatselec/index.html,assnat,NA,true,Licence vérifiée pour le portail dgeq.org uniquement; ne pas étendre aux autres sources.
src_58be849810a8,Élections Québec,donors,https://www.electionsquebec.qc.ca/financement-depenses-et-contributions/recherche-sur-les-donateurs/,donors,HTML,selon fichier; voir dictionnaire et index,selon index officiel,selon publication officielle,EQ-nonprofit-no-adaptation,https://www.electionsquebec.qc.ca/notre-institution/conditions-dutilisation/,GET HTML,2026-10-03,lien présent dans index officiel; HTTP séparé dans download_log.csv,non identifiées au stade inventaire,scraping_required,original_nonprofit_only,local_only,https://www.electionsquebec.qc.ca/financement-depenses-et-contributions/recherche-sur-les-donateurs/,donors,NA,false,Licence vérifiée pour le portail dgeq.org uniquement; ne pas étendre aux autres sources.
src_66332d2e729c,Assemblée nationale du Québec,Circonscriptions de l’Assemblée nationale,https://www.donneesquebec.ca/recherche/dataset/circonscription,Circonscriptions de l’Assemblée nationale,HTML,selon fichier; voir dictionnaire et index,selon index officiel,selon publication officielle,unverified,NA,GET HTML,2026-10-03,lien présent dans index officiel; HTTP séparé dans download_log.csv,non identifiées au stade inventaire,scraping_required,not_verified,local_only,https://www.donneesquebec.ca/recherche/dataset/circonscription,complementary,NA,false,Licence vérifiée pour le portail dgeq.org uniquement; ne pas étendre aux autres sources.
src_c898e875634a,Institut de la statistique du Québec,Codes et noms des divisions territoriales,https://statistique.quebec.ca/statistiques/divisions-territoriales/nom-code_dt/index.htm,Codes et noms des divisions territoriales,HTML,selon fichier; voir dictionnaire et index,selon index officiel,selon publication officielle,unverified,NA,GET HTML,2026-10-03,lien présent dans index officiel; HTTP séparé dans download_log.csv,non identifiées au stade inventaire,scraping_required,not_verified,local_only,https://statistique.quebec.ca/statistiques/divisions-territoriales/nom-code_dt/index.htm,complementary,NA,false,Licence vérifiée pour le portail dgeq.org uniquement; ne pas étendre aux autres sources.
src_77356c0fca96,Institut de la statistique du Québec,Géographie du Recensement 2021 harmonisée,https://statistique.quebec.ca/statistiques/divisions-territoriales/geographie-recensement-population_an.html,Géographie du Recensement 2021 harmonisée,HTML,selon fichier; voir dictionnaire et index,selon index officiel,selon publication officielle,unverified,NA,GET HTML,2026-10-03,lien présent dans index officiel; HTTP séparé dans download_log.csv,non identifiées au stade inventaire,scraping_required,not_verified,local_only,https://statistique.quebec.ca/statistiques/divisions-territoriales/geographie-recensement-population_an.html,complementary,NA,false,Licence vérifiée pour le portail dgeq.org uniquement; ne pas étendre aux autres sources.
src_5807303f9355,Statistique Canada,Profil du Recensement 2021,https://www12.statcan.gc.ca/census-recensement/2021/dp-pd/prof/index.cfm?Lang=F,Profil du Recensement 2021,HTML,selon fichier; voir dictionnaire et index,selon index officiel,selon publication officielle,unverified,NA,GET HTML,2026-10-03,lien présent dans index officiel; HTTP séparé dans download_log.csv,non identifiées au stade inventaire,scraping_required,not_verified,local_only,https://www12.statcan.gc.ca/census-recensement/2021/dp-pd/prof/index.cfm?Lang=F,complementary,NA,false,Licence vérifiée pour le portail dgeq.org uniquement; ne pas étendre aux autres sources.
src_c06b80a0f1a1,Gouvernement du Québec,Portail gouvernement ouvert,https://www.quebec.ca/gouvernement/gouvernement-ouvert/donnees-ouvertes,Portail gouvernement ouvert,HTML,selon fichier; voir dictionnaire et index,selon index officiel,selon publication officielle,unverified,NA,GET HTML,2026-10-03,lien présent dans index officiel; HTTP séparé dans download_log.csv,non identifiées au stade inventaire,scraping_required,not_verified,local_only,https://www.quebec.ca/gouvernement/gouvernement-ouvert/donnees-ouvertes,complementary,NA,false,Licence vérifiée pour le portail dgeq.org uniquement; ne pas étendre aux autres sources.
src_54b914419613,Élections Québec,"Contributions provinciales, export officiel français",https://donnees.electionsquebec.qc.ca/production/provincial/financement/contribution/contributions-pro-fr.csv,"Contributions provinciales diffusées, année courante et six années précédentes.",CSV,contribution publique,2020-2026 selon source,régulière selon site,EQ-nonprofit-no-adaptation,https://www.electionsquebec.qc.ca/notre-institution/conditions-dutilisation/,GET HTML,2026-10-03,lien présent dans index officiel; HTTP séparé dans download_log.csv,Oui; noms et ville du domicile; aucun fichier nominatif dans Git,raw_download,original_nonprofit_only,local_only,https://www.electionsquebec.qc.ca/financement-depenses-et-contributions/recherche-sur-les-donateurs/,contributions,NA,true,URL construite par rechercheDonateurs.js et electionsQC.urlDonnees; ne jamais restaurer un code postal.
src_a85ab1730d80,Élections Québec,Limites des dépenses électorales,https://www.electionsquebec.qc.ca/financement-depenses-et-contributions/limites-des-depenses-electorales/,Limites des dépenses électorales,HTML,voir tableaux et documents officiels,selon source,selon producteur,EQ-nonprofit-no-adaptation,https://www.electionsquebec.qc.ca/notre-institution/conditions-dutilisation/,GET HTML officiel,2026-10-03,page_content,fonctions politiques publiques possibles,scraping_required,original non commercial avec attribution; adaptation à autoriser,local_only,https://www.electionsquebec.qc.ca/financement-depenses-et-contributions/limites-des-depenses-electorales/,limits,NA,true,Périmètre provincial uniquement.
src_387eb36607a8,Élections Québec,Allocations versées,https://www.electionsquebec.qc.ca/financement-depenses-et-contributions/allocations-versees/,Allocations versées,HTML,voir tableaux et documents officiels,selon source,selon producteur,EQ-nonprofit-no-adaptation,https://www.electionsquebec.qc.ca/notre-institution/conditions-dutilisation/,GET HTML officiel,2026-10-03,page_content,fonctions politiques publiques possibles,scraping_required,original non commercial avec attribution; adaptation à autoriser,local_only,https://www.electionsquebec.qc.ca/financement-depenses-et-contributions/allocations-versees/,allocations,NA,true,Périmètre provincial uniquement.
src_c3a91f36053f,Élections Québec,Rapports de dépenses préélectorales des partis politiques,https://www.electionsquebec.qc.ca/financement-depenses-et-contributions/rapports-de-depenses-preelectorales-des-partis-politiques/,Rapports de dépenses préélectorales des partis politiques,HTML,voir tableaux et documents officiels,selon source,selon producteur,EQ-nonprofit-no-adaptation,https://www.electionsquebec.qc.ca/notre-institution/conditions-dutilisation/,GET HTML officiel,2026-10-03,page_content,fonctions politiques publiques possibles,scraping_required,original non commercial avec attribution; adaptation à autoriser,local_only,https://www.electionsquebec.qc.ca/financement-depenses-et-contributions/rapports-de-depenses-preelectorales-des-partis-politiques/,pre_election,NA,true,Aucun rapport préélectoral publié au 3 octobre 2026.
src_8a097d65a053,Élections Québec,Rapport annuel sur le financement politique,https://www.electionsquebec.qc.ca/financement-depenses-et-contributions/rapport-annuel-sur-le-financement-politique/,Rapport annuel sur le financement politique,HTML,voir tableaux et documents officiels,selon source,selon producteur,EQ-nonprofit-no-adaptation,https://www.electionsquebec.qc.ca/notre-institution/conditions-dutilisation/,GET HTML officiel,2026-10-03,page_content,fonctions politiques publiques possibles,scraping_required,original non commercial avec attribution; adaptation à autoriser,local_only,https://www.electionsquebec.qc.ca/financement-depenses-et-contributions/rapport-annuel-sur-le-financement-politique/,finance_bilan,NA,true,Périmètre provincial uniquement.
src_42a1a6aedb12,Élections Québec,Historique de la carte électorale du Québec,https://www.electionsquebec.qc.ca/comprendre/comprendre-les-cartes-electorales/historique-de-la-carte-electorale-du-quebec/,Historique de la carte électorale du Québec,HTML,voir tableaux et documents officiels,selon source,selon producteur,EQ-nonprofit-no-adaptation,https://www.electionsquebec.qc.ca/notre-institution/conditions-dutilisation/,GET HTML officiel,2026-10-03,page_content,fonctions politiques publiques possibles,scraping_required,original non commercial avec attribution; adaptation à autoriser,local_only,https://www.electionsquebec.qc.ca/comprendre/comprendre-les-cartes-electorales/historique-de-la-carte-electorale-du-quebec/,map_history,NA,true,Périmètre provincial uniquement.
src_ce9610d322a9,Élections Québec,Historique des circonscriptions du Québec,https://www.electionsquebec.qc.ca/comprendre/comprendre-les-cartes-electorales/historique-des-circonscriptions-du-quebec/,Historique des circonscriptions du Québec,HTML,voir tableaux et documents officiels,selon source,selon producteur,EQ-nonprofit-no-adaptation,https://www.electionsquebec.qc.ca/notre-institution/conditions-dutilisation/,GET HTML officiel,2026-10-03,page_content,fonctions politiques publiques possibles,scraping_required,original non commercial avec attribution; adaptation à autoriser,local_only,https://www.electionsquebec.qc.ca/comprendre/comprendre-les-cartes-electorales/historique-des-circonscriptions-du-quebec/,district_history,NA,true,Périmètre provincial uniquement.
src_6bcbed8b2fe7,Élections Québec,Atlas historique des circonscriptions électorales du Québec,https://www.electionsquebec.qc.ca/cartes-electorales/carte-electorale-du-quebec/atlas-historique-des-circonscriptions-electorales-du-quebec/,Atlas historique des circonscriptions électorales du Québec,HTML,voir tableaux et documents officiels,selon source,selon producteur,EQ-nonprofit-no-adaptation,https://www.electionsquebec.qc.ca/notre-institution/conditions-dutilisation/,GET HTML officiel,2026-10-03,page_content,fonctions politiques publiques possibles,scraping_required,original non commercial avec attribution; adaptation à autoriser,local_only,https://www.electionsquebec.qc.ca/cartes-electorales/carte-electorale-du-quebec/atlas-historique-des-circonscriptions-electorales-du-quebec/,atlas,NA,true,Périmètre provincial uniquement.
src_12368fe92c88,Élections Québec,Carte électorale du Québec et fiches des circonscriptions,https://www.electionsquebec.qc.ca/cartes-electorales/carte-electorale-du-quebec/,Carte électorale du Québec et fiches des circonscriptions,HTML,voir tableaux et documents officiels,selon source,selon producteur,EQ-nonprofit-no-adaptation,https://www.electionsquebec.qc.ca/notre-institution/conditions-dutilisation/,GET HTML officiel,2026-10-03,page_content,fonctions politiques publiques possibles,scraping_required,original non commercial avec attribution; adaptation à autoriser,local_only,https://www.electionsquebec.qc.ca/cartes-electorales/carte-electorale-du-quebec/,district_profiles,NA,true,Périmètre provincial uniquement.
src_09d2af55c4d7,Élections Québec,Loi électorale (PDF),https://docs.electionsquebec.qc.ca/PRO/69e8cf1b333ec/DGE-700-VF.pdf,Lien diffusé dans un index officiel; interprétation détaillée à vérifier.,PDF,selon fichier officiel,NA,selon producteur,EQ-nonprofit-no-adaptation,https://www.electionsquebec.qc.ca/notre-institution/conditions-dutilisation/,GET du lien effectivement publié,2026-10-03,index_link,à vérifier avant diffusion,raw_download,"voir licence, adaptation non confirmée",local_only,https://www.electionsquebec.qc.ca/financement-depenses-et-contributions/rapport-annuel-sur-le-financement-politique/,finance_bilan,NA,false,Nouvelle source découverte; extracteur et contrôle du périmètre requis avant activation.
src_bab64bc215e9,Élections Québec,"Gazette officielle du Québec, partie 2, numéro 24A, du 17 juin 2026",https://www.publicationsduquebec.gouv.qc.ca/fileadmin/gazette/pdf_encrypte/gaz_entiere/2624A-F.pdf,Lien diffusé dans un index officiel; interprétation détaillée à vérifier.,PDF,selon fichier officiel,NA,selon producteur,EQ-nonprofit-no-adaptation,https://www.electionsquebec.qc.ca/notre-institution/conditions-dutilisation/,GET du lien effectivement publié,2026-10-03,index_link,à vérifier avant diffusion,raw_download,"voir licence, adaptation non confirmée",local_only,https://www.electionsquebec.qc.ca/comprendre/comprendre-les-cartes-electorales/historique-de-la-carte-electorale-du-quebec/,map_history,NA,false,Nouvelle source découverte; extracteur et contrôle du périmètre requis avant activation.
src_46d47b51ca66,Élections Québec,"Gazette officielle du Québec, partie 2, numéro 2, du 14 janvier 2026",https://www.publicationsduquebec.gouv.qc.ca/fileadmin/gazette/pdf_encrypte/lois_reglements/2026F/87088.pdf,Lien diffusé dans un index officiel; interprétation détaillée à vérifier.,PDF,selon fichier officiel,2026,selon producteur,EQ-nonprofit-no-adaptation,https://www.electionsquebec.qc.ca/notre-institution/conditions-dutilisation/,GET du lien effectivement publié,2026-10-03,index_link,à vérifier avant diffusion,raw_download,"voir licence, adaptation non confirmée",local_only,https://www.electionsquebec.qc.ca/comprendre/comprendre-les-cartes-electorales/historique-de-la-carte-electorale-du-quebec/,map_history,NA,false,Nouvelle source découverte; extracteur et contrôle du périmètre requis avant activation.
src_e8a6a86253cd,Élections Québec,"Gazette officielle, partie 2, numéro 27, du 2 juillet 2025",https://www.publicationsduquebec.gouv.qc.ca/fileadmin/gazette/pdf_encrypte/lois_reglements/2025F/85953.pdf,Lien diffusé dans un index officiel; interprétation détaillée à vérifier.,PDF,selon fichier officiel,2025,selon producteur,EQ-nonprofit-no-adaptation,https://www.electionsquebec.qc.ca/notre-institution/conditions-dutilisation/,GET du lien effectivement publié,2026-10-03,index_link,à vérifier avant diffusion,raw_download,"voir licence, adaptation non confirmée",local_only,https://www.electionsquebec.qc.ca/comprendre/comprendre-les-cartes-electorales/historique-de-la-carte-electorale-du-quebec/,map_history,NA,false,Nouvelle source découverte; extracteur et contrôle du périmètre requis avant activation.
src_a7721fef25a9,Élections Québec,Circonscriptions provinciales et municipalités de la carte de 2017,https://donnees.electionsquebec.qc.ca/autres/atlas/2017.zip,Lien diffusé dans un index officiel; interprétation détaillée à vérifier.,ZIP,selon fichier officiel,2017,selon producteur,EQ-nonprofit-no-adaptation,https://www.electionsquebec.qc.ca/notre-institution/conditions-dutilisation/,GET du lien effectivement publié,2026-10-03,index_link,à vérifier avant diffusion,raw_download,"voir licence, adaptation non confirmée",local_only,https://www.electionsquebec.qc.ca/cartes-electorales/carte-electorale-du-quebec/atlas-historique-des-circonscriptions-electorales-du-quebec/,atlas,NA,false,Nouvelle source découverte; extracteur et contrôle du périmètre requis avant activation.
src_ffa23eedde87,Élections Québec,Circonscriptions provinciales et municipalités de la carte de 2011,https://donnees.electionsquebec.qc.ca/autres/atlas/2011.zip,Lien diffusé dans un index officiel; interprétation détaillée à vérifier.,ZIP,selon fichier officiel,2011,selon producteur,EQ-nonprofit-no-adaptation,https://www.electionsquebec.qc.ca/notre-institution/conditions-dutilisation/,GET du lien effectivement publié,2026-10-03,index_link,à vérifier avant diffusion,raw_download,"voir licence, adaptation non confirmée",local_only,https://www.electionsquebec.qc.ca/cartes-electorales/carte-electorale-du-quebec/atlas-historique-des-circonscriptions-electorales-du-quebec/,atlas,NA,false,Nouvelle source découverte; extracteur et contrôle du périmètre requis avant activation.
src_fb1a42deaccb,Élections Québec,Circonscriptions provinciales et municipalités de la carte de 2001,https://donnees.electionsquebec.qc.ca/autres/atlas/2001.zip,Lien diffusé dans un index officiel; interprétation détaillée à vérifier.,ZIP,selon fichier officiel,2001,selon producteur,EQ-nonprofit-no-adaptation,https://www.electionsquebec.qc.ca/notre-institution/conditions-dutilisation/,GET du lien effectivement publié,2026-10-03,index_link,à vérifier avant diffusion,raw_download,"voir licence, adaptation non confirmée",local_only,https://www.electionsquebec.qc.ca/cartes-electorales/carte-electorale-du-quebec/atlas-historique-des-circonscriptions-electorales-du-quebec/,atlas,NA,false,Nouvelle source découverte; extracteur et contrôle du périmètre requis avant activation.
src_f864fcb5a85f,Élections Québec,Circonscriptions provinciales et municipalités de la carte de 1992,https://donnees.electionsquebec.qc.ca/autres/atlas/1992.zip,Lien diffusé dans un index officiel; interprétation détaillée à vérifier.,ZIP,selon fichier officiel,1992,selon producteur,EQ-nonprofit-no-adaptation,https://www.electionsquebec.qc.ca/notre-institution/conditions-dutilisation/,GET du lien effectivement publié,2026-10-03,index_link,à vérifier avant diffusion,raw_download,"voir licence, adaptation non confirmée",local_only,https://www.electionsquebec.qc.ca/cartes-electorales/carte-electorale-du-quebec/atlas-historique-des-circonscriptions-electorales-du-quebec/,atlas,NA,false,Nouvelle source découverte; extracteur et contrôle du périmètre requis avant activation.
src_e6f8a085ee3a,Élections Québec,Circonscriptions provinciales et municipalités de la carte de 1988,https://donnees.electionsquebec.qc.ca/autres/atlas/1988.zip,Lien diffusé dans un index officiel; interprétation détaillée à vérifier.,ZIP,selon fichier officiel,1988,selon producteur,EQ-nonprofit-no-adaptation,https://www.electionsquebec.qc.ca/notre-institution/conditions-dutilisation/,GET du lien effectivement publié,2026-10-03,index_link,à vérifier avant diffusion,raw_download,"voir licence, adaptation non confirmée",local_only,https://www.electionsquebec.qc.ca/cartes-electorales/carte-electorale-du-quebec/atlas-historique-des-circonscriptions-electorales-du-quebec/,atlas,NA,false,Nouvelle source découverte; extracteur et contrôle du périmètre requis avant activation.
src_04cd3c0e9e69,Élections Québec,Circonscriptions provinciales et municipalités de la carte de 1985,https://donnees.electionsquebec.qc.ca/autres/atlas/1985.zip,Lien diffusé dans un index officiel; interprétation détaillée à vérifier.,ZIP,selon fichier officiel,1985,selon producteur,EQ-nonprofit-no-adaptation,https://www.electionsquebec.qc.ca/notre-institution/conditions-dutilisation/,GET du lien effectivement publié,2026-10-03,index_link,à vérifier avant diffusion,raw_download,"voir licence, adaptation non confirmée",local_only,https://www.electionsquebec.qc.ca/cartes-electorales/carte-electorale-du-quebec/atlas-historique-des-circonscriptions-electorales-du-quebec/,atlas,NA,false,Nouvelle source découverte; extracteur et contrôle du périmètre requis avant activation.
src_0e6bcdd4d76a,Élections Québec,Circonscriptions provinciales et municipalités de la carte de 1980,https://donnees.electionsquebec.qc.ca/autres/atlas/1980.zip,Lien diffusé dans un index officiel; interprétation détaillée à vérifier.,ZIP,selon fichier officiel,1980,selon producteur,EQ-nonprofit-no-adaptation,https://www.electionsquebec.qc.ca/notre-institution/conditions-dutilisation/,GET du lien effectivement publié,2026-10-03,index_link,à vérifier avant diffusion,raw_download,"voir licence, adaptation non confirmée",local_only,https://www.electionsquebec.qc.ca/cartes-electorales/carte-electorale-du-quebec/atlas-historique-des-circonscriptions-electorales-du-quebec/,atlas,NA,false,Nouvelle source découverte; extracteur et contrôle du périmètre requis avant activation.
src_210c8ba491cd,Élections Québec,Circonscriptions provinciales et municipalités de la carte de 1972,https://donnees.electionsquebec.qc.ca/autres/atlas/1972.zip,Lien diffusé dans un index officiel; interprétation détaillée à vérifier.,ZIP,selon fichier officiel,1972,selon producteur,EQ-nonprofit-no-adaptation,https://www.electionsquebec.qc.ca/notre-institution/conditions-dutilisation/,GET du lien effectivement publié,2026-10-03,index_link,à vérifier avant diffusion,raw_download,"voir licence, adaptation non confirmée",local_only,https://www.electionsquebec.qc.ca/cartes-electorales/carte-electorale-du-quebec/atlas-historique-des-circonscriptions-electorales-du-quebec/,atlas,NA,false,Nouvelle source découverte; extracteur et contrôle du périmètre requis avant activation.
src_50d603a17a13,Élections Québec,Circonscriptions provinciales et municipalités de la carte de 1965,https://donnees.electionsquebec.qc.ca/autres/atlas/1965.zip,Lien diffusé dans un index officiel; interprétation détaillée à vérifier.,ZIP,selon fichier officiel,1965,selon producteur,EQ-nonprofit-no-adaptation,https://www.electionsquebec.qc.ca/notre-institution/conditions-dutilisation/,GET du lien effectivement publié,2026-10-03,index_link,à vérifier avant diffusion,raw_download,"voir licence, adaptation non confirmée",local_only,https://www.electionsquebec.qc.ca/cartes-electorales/carte-electorale-du-quebec/atlas-historique-des-circonscriptions-electorales-du-quebec/,atlas,NA,false,Nouvelle source découverte; extracteur et contrôle du périmètre requis avant activation.
src_b2fcfa6244fb,Élections Québec,télécharger le document Excel,https://docs.electionsquebec.qc.ca/PRO/66e1e6ec424a1/EvolutionCEP2017.xlsx,Lien diffusé dans un index officiel; interprétation détaillée à vérifier.,XLSX,selon fichier officiel,2017,selon producteur,EQ-nonprofit-no-adaptation,https://www.electionsquebec.qc.ca/notre-institution/conditions-dutilisation/,GET du lien effectivement publié,2026-10-03,index_link,à vérifier avant diffusion,raw_download,"voir licence, adaptation non confirmée",local_only,https://www.electionsquebec.qc.ca/cartes-electorales/carte-electorale-du-quebec/,district_profiles,NA,false,Nouvelle source découverte; extracteur et contrôle du périmètre requis avant activation.
src_b7e2938c2649,Élections Québec,Résultats historiques provinciaux 2012-09-04 JSON,https://donnees.electionsquebec.qc.ca/production/provincial/resultats/archives/gen2012-09-04/resultats.json,Élections générales : 4 septembre 2012,JSON,"élection, circonscription, candidature",selon index officiel,selon publication officielle,EQ-nonprofit-no-adaptation,https://www.electionsquebec.qc.ca/notre-institution/conditions-dutilisation/,Route effectivement utilisée dans historiqueResultatsGen.js ou historiqueResultatsPart.js,2026-10-03,producer_javascript_route,non identifiées au stade inventaire,raw_download,original_nonprofit_only,local_only,https://www.electionsquebec.qc.ca/resultats-et-statistiques/resultats-generales/2012-09-04/,legacy_json,qc-prov-2012-09-04-general,true,Route dérivée du code JavaScript officiel et date d’une page réellement publiée; existence du fichier vérifiée au téléchargement. Licence ouverte non présumée.
src_e8904f6f5951,Élections Québec,Résultats historiques provinciaux 2008-12-08 JSON,https://donnees.electionsquebec.qc.ca/production/provincial/resultats/archives/gen2008-12-08/resultats.json,Élections générales : 8 décembre 2008,JSON,"élection, circonscription, candidature",selon index officiel,selon publication officielle,EQ-nonprofit-no-adaptation,https://www.electionsquebec.qc.ca/notre-institution/conditions-dutilisation/,Route effectivement utilisée dans historiqueResultatsGen.js ou historiqueResultatsPart.js,2026-10-03,producer_javascript_route,non identifiées au stade inventaire,raw_download,original_nonprofit_only,local_only,https://www.electionsquebec.qc.ca/resultats-et-statistiques/resultats-generales/2008-12-08/,legacy_json,qc-prov-2008-12-08-general,true,Route dérivée du code JavaScript officiel et date d’une page réellement publiée; existence du fichier vérifiée au téléchargement. Licence ouverte non présumée.
src_e1bd95cfcae7,Élections Québec,Résultats historiques provinciaux 2008-12-08 ZIP,https://donnees.electionsquebec.qc.ca/production/provincial/resultats/archives/gen2008-12-08/resultats-bureau-vote.zip,Élections générales : 8 décembre 2008,ZIP,bureau/section et candidature,selon index officiel,selon publication officielle,EQ-nonprofit-no-adaptation,https://www.electionsquebec.qc.ca/notre-institution/conditions-dutilisation/,Route effectivement utilisée dans historiqueResultatsGen.js ou historiqueResultatsPart.js,2026-10-03,producer_javascript_route,non identifiées au stade inventaire,raw_download,original_nonprofit_only,local_only,https://www.electionsquebec.qc.ca/resultats-et-statistiques/resultats-generales/2008-12-08/,legacy_polls,qc-prov-2008-12-08-general,true,Route dérivée du code JavaScript officiel et date d’une page réellement publiée; existence du fichier vérifiée au téléchargement. Licence ouverte non présumée.
src_280377a4ab9f,Élections Québec,Résultats historiques provinciaux 2007-03-26 JSON,https://donnees.electionsquebec.qc.ca/production/provincial/resultats/archives/gen2007-03-26/resultats.json,Élections générales : 26 mars 2007,JSON,"élection, circonscription, candidature",selon index officiel,selon publication officielle,EQ-nonprofit-no-adaptation,https://www.electionsquebec.qc.ca/notre-institution/conditions-dutilisation/,Route effectivement utilisée dans historiqueResultatsGen.js ou historiqueResultatsPart.js,2026-10-03,producer_javascript_route,non identifiées au stade inventaire,raw_download,original_nonprofit_only,local_only,https://www.electionsquebec.qc.ca/resultats-et-statistiques/resultats-generales/2007-03-26/,legacy_json,qc-prov-2007-03-26-general,true,Route dérivée du code JavaScript officiel et date d’une page réellement publiée; existence du fichier vérifiée au téléchargement. Licence ouverte non présumée.
src_97943df8aee2,Élections Québec,Résultats historiques provinciaux 2007-03-26 ZIP,https://donnees.electionsquebec.qc.ca/production/provincial/resultats/archives/gen2007-03-26/resultats-bureau-vote.zip,Élections générales : 26 mars 2007,ZIP,bureau/section et candidature,selon index officiel,selon publication officielle,EQ-nonprofit-no-adaptation,https://www.electionsquebec.qc.ca/notre-institution/conditions-dutilisation/,Route effectivement utilisée dans historiqueResultatsGen.js ou historiqueResultatsPart.js,2026-10-03,producer_javascript_route,non identifiées au stade inventaire,raw_download,original_nonprofit_only,local_only,https://www.electionsquebec.qc.ca/resultats-et-statistiques/resultats-generales/2007-03-26/,legacy_polls,qc-prov-2007-03-26-general,true,Route dérivée du code JavaScript officiel et date d’une page réellement publiée; existence du fichier vérifiée au téléchargement. Licence ouverte non présumée.
src_7bff9ffeecfe,Élections Québec,Résultats historiques provinciaux 2003-04-14 JSON,https://donnees.electionsquebec.qc.ca/production/provincial/resultats/archives/gen2003-04-14/resultats.json,Élections générales : 14 avril – 20 mai 2003 (Champlain),JSON,"élection, circonscription, candidature",selon index officiel,selon publication officielle,EQ-nonprofit-no-adaptation,https://www.electionsquebec.qc.ca/notre-institution/conditions-dutilisation/,Route effectivement utilisée dans historiqueResultatsGen.js ou historiqueResultatsPart.js,2026-10-03,producer_javascript_route,non identifiées au stade inventaire,raw_download,original_nonprofit_only,local_only,https://www.electionsquebec.qc.ca/resultats-et-statistiques/resultats-generales/2003-04-14/,legacy_json,qc-prov-2003-04-14-general,true,Route dérivée du code JavaScript officiel et date d’une page réellement publiée; existence du fichier vérifiée au téléchargement. Licence ouverte non présumée.
src_52c4ab07b017,Élections Québec,Résultats historiques provinciaux 2003-04-14 ZIP,https://donnees.electionsquebec.qc.ca/production/provincial/resultats/archives/gen2003-04-14/resultats-bureau-vote.zip,Élections générales : 14 avril – 20 mai 2003 (Champlain),ZIP,bureau/section et candidature,selon index officiel,selon publication officielle,EQ-nonprofit-no-adaptation,https://www.electionsquebec.qc.ca/notre-institution/conditions-dutilisation/,Route effectivement utilisée dans historiqueResultatsGen.js ou historiqueResultatsPart.js,2026-10-03,producer_javascript_route,non identifiées au stade inventaire,raw_download,original_nonprofit_only,local_only,https://www.electionsquebec.qc.ca/resultats-et-statistiques/resultats-generales/2003-04-14/,legacy_polls,qc-prov-2003-04-14-general,true,Route dérivée du code JavaScript officiel et date d’une page réellement publiée; existence du fichier vérifiée au téléchargement. Licence ouverte non présumée.
src_1af5a89dfff0,Élections Québec,Résultats historiques provinciaux 1998-11-30 JSON,https://donnees.electionsquebec.qc.ca/production/provincial/resultats/archives/gen1998-11-30/resultats.json,Élections générales : 30 novembre – 14 décembre 1998 (Masson),JSON,"élection, circonscription, candidature",selon index officiel,selon publication officielle,EQ-nonprofit-no-adaptation,https://www.electionsquebec.qc.ca/notre-institution/conditions-dutilisation/,Route effectivement utilisée dans historiqueResultatsGen.js ou historiqueResultatsPart.js,2026-10-03,producer_javascript_route,non identifiées au stade inventaire,raw_download,original_nonprofit_only,local_only,https://www.electionsquebec.qc.ca/resultats-et-statistiques/resultats-generales/1998-11-30/,legacy_json,qc-prov-1998-11-30-general,true,Route dérivée du code JavaScript officiel et date d’une page réellement publiée; existence du fichier vérifiée au téléchargement. Licence ouverte non présumée.
src_ae53c8c7c088,Élections Québec,Résultats historiques provinciaux 1998-11-30 ZIP,https://donnees.electionsquebec.qc.ca/production/provincial/resultats/archives/gen1998-11-30/resultats-bureau-vote.zip,Élections générales : 30 novembre – 14 décembre 1998 (Masson),ZIP,bureau/section et candidature,selon index officiel,selon publication officielle,EQ-nonprofit-no-adaptation,https://www.electionsquebec.qc.ca/notre-institution/conditions-dutilisation/,Route effectivement utilisée dans historiqueResultatsGen.js ou historiqueResultatsPart.js,2026-10-03,producer_javascript_route,non identifiées au stade inventaire,raw_download,original_nonprofit_only,local_only,https://www.electionsquebec.qc.ca/resultats-et-statistiques/resultats-generales/1998-11-30/,legacy_polls,qc-prov-1998-11-30-general,true,Route dérivée du code JavaScript officiel et date d’une page réellement publiée; existence du fichier vérifiée au téléchargement. Licence ouverte non présumée.
src_a5c774edf8cf,Élections Québec,Résultats historiques provinciaux 1994-09-12 JSON,https://donnees.electionsquebec.qc.ca/production/provincial/resultats/archives/gen1994-09-12/resultats.json,Élections générales : 12 septembre – 24 octobre 1994 (Saint-Jean),JSON,"élection, circonscription, candidature",selon index officiel,selon publication officielle,EQ-nonprofit-no-adaptation,https://www.electionsquebec.qc.ca/notre-institution/conditions-dutilisation/,Route effectivement utilisée dans historiqueResultatsGen.js ou historiqueResultatsPart.js,2026-10-03,producer_javascript_route,non identifiées au stade inventaire,raw_download,original_nonprofit_only,local_only,https://www.electionsquebec.qc.ca/resultats-et-statistiques/resultats-generales/1994-09-12/,legacy_json,qc-prov-1994-09-12-general,true,Route dérivée du code JavaScript officiel et date d’une page réellement publiée; existence du fichier vérifiée au téléchargement. Licence ouverte non présumée.
src_2fdd6d97a914,Élections Québec,Résultats historiques provinciaux 1989-09-25 JSON,https://donnees.electionsquebec.qc.ca/production/provincial/resultats/archives/gen1989-09-25/resultats.json,Élections générales : 25 septembre 1989,JSON,"élection, circonscription, candidature",selon index officiel,selon publication officielle,EQ-nonprofit-no-adaptation,https://www.electionsquebec.qc.ca/notre-institution/conditions-dutilisation/,Route effectivement utilisée dans historiqueResultatsGen.js ou historiqueResultatsPart.js,2026-10-03,producer_javascript_route,non identifiées au stade inventaire,raw_download,original_nonprofit_only,local_only,https://www.electionsquebec.qc.ca/resultats-et-statistiques/resultats-generales/1989-09-25/,legacy_json,qc-prov-1989-09-25-general,true,Route dérivée du code JavaScript officiel et date d’une page réellement publiée; existence du fichier vérifiée au téléchargement. Licence ouverte non présumée.
src_520c73ea8c20,Élections Québec,Résultats historiques provinciaux 1985-12-02 JSON,https://donnees.electionsquebec.qc.ca/production/provincial/resultats/archives/gen1985-12-02/resultats.json,Élections générales : 2 décembre 1985,JSON,"élection, circonscription, candidature",selon index officiel,selon publication officielle,EQ-nonprofit-no-adaptation,https://www.electionsquebec.qc.ca/notre-institution/conditions-dutilisation/,Route effectivement utilisée dans historiqueResultatsGen.js ou historiqueResultatsPart.js,2026-10-03,producer_javascript_route,non identifiées au stade inventaire,raw_download,original_nonprofit_only,local_only,https://www.electionsquebec.qc.ca/resultats-et-statistiques/resultats-generales/1985-12-02/,legacy_json,qc-prov-1985-12-02-general,true,Route dérivée du code JavaScript officiel et date d’une page réellement publiée; existence du fichier vérifiée au téléchargement. Licence ouverte non présumée.
src_765bb55410f7,Élections Québec,Résultats historiques provinciaux 1981-04-13 JSON,https://donnees.electionsquebec.qc.ca/production/provincial/resultats/archives/gen1981-04-13/resultats.json,Élections générales : 13 avril 1981,JSON,"élection, circonscription, candidature",selon index officiel,selon publication officielle,EQ-nonprofit-no-adaptation,https://www.electionsquebec.qc.ca/notre-institution/conditions-dutilisation/,Route effectivement utilisée dans historiqueResultatsGen.js ou historiqueResultatsPart.js,2026-10-03,producer_javascript_route,non identifiées au stade inventaire,raw_download,original_nonprofit_only,local_only,https://www.electionsquebec.qc.ca/resultats-et-statistiques/resultats-generales/1981-04-13/,legacy_json,qc-prov-1981-04-13-general,true,Route dérivée du code JavaScript officiel et date d’une page réellement publiée; existence du fichier vérifiée au téléchargement. Licence ouverte non présumée.
src_b9b5e6a7558b,Élections Québec,Résultats historiques provinciaux 1976-11-15 JSON,https://donnees.electionsquebec.qc.ca/production/provincial/resultats/archives/gen1976-11-15/resultats.json,Élections générales : 15 novembre 1976,JSON,"élection, circonscription, candidature",selon index officiel,selon publication officielle,EQ-nonprofit-no-adaptation,https://www.electionsquebec.qc.ca/notre-institution/conditions-dutilisation/,Route effectivement utilisée dans historiqueResultatsGen.js ou historiqueResultatsPart.js,2026-10-03,producer_javascript_route,non identifiées au stade inventaire,raw_download,original_nonprofit_only,local_only,https://www.electionsquebec.qc.ca/resultats-et-statistiques/resultats-generales/1976-11-15/,legacy_json,qc-prov-1976-11-15-general,true,Route dérivée du code JavaScript officiel et date d’une page réellement publiée; existence du fichier vérifiée au téléchargement. Licence ouverte non présumée.
src_3b8db421046a,Élections Québec,Résultats historiques provinciaux 1973-10-29 JSON,https://donnees.electionsquebec.qc.ca/production/provincial/resultats/archives/gen1973-10-29/resultats.json,Élections générales : 29 octobre 1973,JSON,"élection, circonscription, candidature",selon index officiel,selon publication officielle,EQ-nonprofit-no-adaptation,https://www.electionsquebec.qc.ca/notre-institution/conditions-dutilisation/,Route effectivement utilisée dans historiqueResultatsGen.js ou historiqueResultatsPart.js,2026-10-03,producer_javascript_route,non identifiées au stade inventaire,raw_download,original_nonprofit_only,local_only,https://www.electionsquebec.qc.ca/resultats-et-statistiques/resultats-generales/1973-10-29/,legacy_json,qc-prov-1973-10-29-general,true,Route dérivée du code JavaScript officiel et date d’une page réellement publiée; existence du fichier vérifiée au téléchargement. Licence ouverte non présumée.
src_8a20eb6a8e65,Élections Québec,Résultats historiques provinciaux 2012-06-11 JSON,https://donnees.electionsquebec.qc.ca/production/provincial/resultats/archives/part2012-06-11/resultats.json,Élections partielles : 11 juin 2012,JSON,"élection, circonscription, candidature",selon index officiel,selon publication officielle,EQ-nonprofit-no-adaptation,https://www.electionsquebec.qc.ca/notre-institution/conditions-dutilisation/,Route effectivement utilisée dans historiqueResultatsGen.js ou historiqueResultatsPart.js,2026-10-03,producer_javascript_route,non identifiées au stade inventaire,raw_download,original_nonprofit_only,local_only,https://www.electionsquebec.qc.ca/resultats-et-statistiques/resultats-partielles/2012-06-11/518/,legacy_json,qc-prov-2012-06-11-partial,true,Route dérivée du code JavaScript officiel et date d’une page réellement publiée; existence du fichier vérifiée au téléchargement. Licence ouverte non présumée.
src_3b86e20cc08e,Élections Québec,Résultats historiques provinciaux 2011-12-05 JSON,https://donnees.electionsquebec.qc.ca/production/provincial/resultats/archives/part2011-12-05/resultats.json,Élections partielles : 5 décembre 2011,JSON,"élection, circonscription, candidature",selon index officiel,selon publication officielle,EQ-nonprofit-no-adaptation,https://www.electionsquebec.qc.ca/notre-institution/conditions-dutilisation/,Route effectivement utilisée dans historiqueResultatsGen.js ou historiqueResultatsPart.js,2026-10-03,producer_javascript_route,non identifiées au stade inventaire,raw_download,original_nonprofit_only,local_only,https://www.electionsquebec.qc.ca/resultats-et-statistiques/resultats-partielles/2011-12-05/718/,legacy_json,qc-prov-2011-12-05-partial,true,Route dérivée du code JavaScript officiel et date d’une page réellement publiée; existence du fichier vérifiée au téléchargement. Licence ouverte non présumée.
src_66823dd8c7f5,Élections Québec,Résultats historiques provinciaux 2010-11-29 JSON,https://donnees.electionsquebec.qc.ca/production/provincial/resultats/archives/part2010-11-29/resultats.json,Élections partielles : 29 novembre 2010,JSON,"élection, circonscription, candidature",selon index officiel,selon publication officielle,EQ-nonprofit-no-adaptation,https://www.electionsquebec.qc.ca/notre-institution/conditions-dutilisation/,Route effectivement utilisée dans historiqueResultatsGen.js ou historiqueResultatsPart.js,2026-10-03,producer_javascript_route,non identifiées au stade inventaire,raw_download,original_nonprofit_only,local_only,https://www.electionsquebec.qc.ca/resultats-et-statistiques/resultats-partielles/2010-11-29/692/,legacy_json,qc-prov-2010-11-29-partial,true,Route dérivée du code JavaScript officiel et date d’une page réellement publiée; existence du fichier vérifiée au téléchargement. Licence ouverte non présumée.
src_acc454cd8165,Élections Québec,Résultats historiques provinciaux 2010-09-13 JSON,https://donnees.electionsquebec.qc.ca/production/provincial/resultats/archives/part2010-09-13/resultats.json,Élections partielles : 13 septembre 2010,JSON,"élection, circonscription, candidature",selon index officiel,selon publication officielle,EQ-nonprofit-no-adaptation,https://www.electionsquebec.qc.ca/notre-institution/conditions-dutilisation/,Route effectivement utilisée dans historiqueResultatsGen.js ou historiqueResultatsPart.js,2026-10-03,producer_javascript_route,non identifiées au stade inventaire,raw_download,original_nonprofit_only,local_only,https://www.electionsquebec.qc.ca/resultats-et-statistiques/resultats-partielles/2010-09-13/418/,legacy_json,qc-prov-2010-09-13-partial,true,Route dérivée du code JavaScript officiel et date d’une page réellement publiée; existence du fichier vérifiée au téléchargement. Licence ouverte non présumée.
src_b58fcb703164,Élections Québec,Résultats historiques provinciaux 2010-07-05 JSON,https://donnees.electionsquebec.qc.ca/production/provincial/resultats/archives/part2010-07-05/resultats.json,Élections partielles : 5 juillet 2010,JSON,"élection, circonscription, candidature",selon index officiel,selon publication officielle,EQ-nonprofit-no-adaptation,https://www.electionsquebec.qc.ca/notre-institution/conditions-dutilisation/,Route effectivement utilisée dans historiqueResultatsGen.js ou historiqueResultatsPart.js,2026-10-03,producer_javascript_route,non identifiées au stade inventaire,raw_download,original_nonprofit_only,local_only,https://www.electionsquebec.qc.ca/resultats-et-statistiques/resultats-partielles/2010-07-05/228/,legacy_json,qc-prov-2010-07-05-partial,true,Route dérivée du code JavaScript officiel et date d’une page réellement publiée; existence du fichier vérifiée au téléchargement. Licence ouverte non présumée.
src_54c3f7305664,Élections Québec,Résultats historiques provinciaux 2009-09-21 JSON,https://donnees.electionsquebec.qc.ca/production/provincial/resultats/archives/part2009-09-21/resultats.json,Élections partielles : 21 septembre 2009,JSON,"élection, circonscription, candidature",selon index officiel,selon publication officielle,EQ-nonprofit-no-adaptation,https://www.electionsquebec.qc.ca/notre-institution/conditions-dutilisation/,Route effectivement utilisée dans historiqueResultatsGen.js ou historiqueResultatsPart.js,2026-10-03,producer_javascript_route,non identifiées au stade inventaire,raw_download,original_nonprofit_only,local_only,https://www.electionsquebec.qc.ca/resultats-et-statistiques/resultats-partielles/2009-09-21/504/,legacy_json,qc-prov-2009-09-21-partial,true,Route dérivée du code JavaScript officiel et date d’une page réellement publiée; existence du fichier vérifiée au téléchargement. Licence ouverte non présumée.
src_23975b969371,Élections Québec,Résultats historiques provinciaux 2009-06-22 JSON,https://donnees.electionsquebec.qc.ca/production/provincial/resultats/archives/part2009-06-22/resultats.json,Élections partielles : 22 juin 2009,JSON,"élection, circonscription, candidature",selon index officiel,selon publication officielle,EQ-nonprofit-no-adaptation,https://www.electionsquebec.qc.ca/notre-institution/conditions-dutilisation/,Route effectivement utilisée dans historiqueResultatsGen.js ou historiqueResultatsPart.js,2026-10-03,producer_javascript_route,non identifiées au stade inventaire,raw_download,original_nonprofit_only,local_only,https://www.electionsquebec.qc.ca/resultats-et-statistiques/resultats-partielles/2009-06-22/402/,legacy_json,qc-prov-2009-06-22-partial,true,Route dérivée du code JavaScript officiel et date d’une page réellement publiée; existence du fichier vérifiée au téléchargement. Licence ouverte non présumée.
src_f20092c75f85,Élections Québec,Résultats historiques provinciaux 2008-09-29 JSON,https://donnees.electionsquebec.qc.ca/production/provincial/resultats/archives/part2008-09-29/resultats.json,Élections partielles : 29 septembre 2008,JSON,"élection, circonscription, candidature",selon index officiel,selon publication officielle,EQ-nonprofit-no-adaptation,https://www.electionsquebec.qc.ca/notre-institution/conditions-dutilisation/,Route effectivement utilisée dans historiqueResultatsGen.js ou historiqueResultatsPart.js,2026-10-03,producer_javascript_route,non identifiées au stade inventaire,raw_download,original_nonprofit_only,local_only,https://www.electionsquebec.qc.ca/resultats-et-statistiques/resultats-partielles/2008-09-29/644/,legacy_json,qc-prov-2008-09-29-partial,true,Route dérivée du code JavaScript officiel et date d’une page réellement publiée; existence du fichier vérifiée au téléchargement. Licence ouverte non présumée.
src_b1cdb1fbf174,Élections Québec,Résultats historiques provinciaux 2008-05-12 JSON,https://donnees.electionsquebec.qc.ca/production/provincial/resultats/archives/part2008-05-12/resultats.json,Élections partielles : 12 mai 2008,JSON,"élection, circonscription, candidature",selon index officiel,selon publication officielle,EQ-nonprofit-no-adaptation,https://www.electionsquebec.qc.ca/notre-institution/conditions-dutilisation/,Route effectivement utilisée dans historiqueResultatsGen.js ou historiqueResultatsPart.js,2026-10-03,producer_javascript_route,non identifiées au stade inventaire,raw_download,original_nonprofit_only,local_only,https://www.electionsquebec.qc.ca/resultats-et-statistiques/resultats-partielles/2008-05-12/378/,legacy_json,qc-prov-2008-05-12-partial,true,Route dérivée du code JavaScript officiel et date d’une page réellement publiée; existence du fichier vérifiée au téléchargement. Licence ouverte non présumée.
src_4ec6a883ffb0,Élections Québec,Résultats historiques provinciaux 2007-09-24 JSON,https://donnees.electionsquebec.qc.ca/production/provincial/resultats/archives/part2007-09-24/resultats.json,Élections partielles : 24 septembre 2007,JSON,"élection, circonscription, candidature",selon index officiel,selon publication officielle,EQ-nonprofit-no-adaptation,https://www.electionsquebec.qc.ca/notre-institution/conditions-dutilisation/,Route effectivement utilisée dans historiqueResultatsGen.js ou historiqueResultatsPart.js,2026-10-03,producer_javascript_route,non identifiées au stade inventaire,raw_download,original_nonprofit_only,local_only,https://www.electionsquebec.qc.ca/resultats-et-statistiques/resultats-partielles/2007-09-24/678/,legacy_json,qc-prov-2007-09-24-partial,true,Route dérivée du code JavaScript officiel et date d’une page réellement publiée; existence du fichier vérifiée au téléchargement. Licence ouverte non présumée.
src_976f92175327,Élections Québec,Résultats historiques provinciaux 2006-08-14 JSON,https://donnees.electionsquebec.qc.ca/production/provincial/resultats/archives/part2006-08-14/resultats.json,Élections partielles : 14 août 2006,JSON,"élection, circonscription, candidature",selon index officiel,selon publication officielle,EQ-nonprofit-no-adaptation,https://www.electionsquebec.qc.ca/notre-institution/conditions-dutilisation/,Route effectivement utilisée dans historiqueResultatsGen.js ou historiqueResultatsPart.js,2026-10-03,producer_javascript_route,non identifiées au stade inventaire,raw_download,original_nonprofit_only,local_only,https://www.electionsquebec.qc.ca/resultats-et-statistiques/resultats-partielles/2006-08-14/372/,legacy_json,qc-prov-2006-08-14-partial,true,Route dérivée du code JavaScript officiel et date d’une page réellement publiée; existence du fichier vérifiée au téléchargement. Licence ouverte non présumée.
src_0ee71b44a08d,Élections Québec,Résultats historiques provinciaux 2006-04-10 JSON,https://donnees.electionsquebec.qc.ca/production/provincial/resultats/archives/part2006-04-10/resultats.json,Élections partielles : 10 avril 2006,JSON,"élection, circonscription, candidature",selon index officiel,selon publication officielle,EQ-nonprofit-no-adaptation,https://www.electionsquebec.qc.ca/notre-institution/conditions-dutilisation/,Route effectivement utilisée dans historiqueResultatsGen.js ou historiqueResultatsPart.js,2026-10-03,producer_javascript_route,non identifiées au stade inventaire,raw_download,original_nonprofit_only,local_only,https://www.electionsquebec.qc.ca/resultats-et-statistiques/resultats-partielles/2006-04-10/392/,legacy_json,qc-prov-2006-04-10-partial,true,Route dérivée du code JavaScript officiel et date d’une page réellement publiée; existence du fichier vérifiée au téléchargement. Licence ouverte non présumée.
src_61ad41ed8836,Élections Québec,Résultats historiques provinciaux 2005-12-12 JSON,https://donnees.electionsquebec.qc.ca/production/provincial/resultats/archives/part2005-12-12/resultats.json,Élections partielles : 12 décembre 2005,JSON,"élection, circonscription, candidature",selon index officiel,selon publication officielle,EQ-nonprofit-no-adaptation,https://www.electionsquebec.qc.ca/notre-institution/conditions-dutilisation/,Route effectivement utilisée dans historiqueResultatsGen.js ou historiqueResultatsPart.js,2026-10-03,producer_javascript_route,non identifiées au stade inventaire,raw_download,original_nonprofit_only,local_only,https://www.electionsquebec.qc.ca/resultats-et-statistiques/resultats-partielles/2005-12-12/424/,legacy_json,qc-prov-2005-12-12-partial,true,Route dérivée du code JavaScript officiel et date d’une page réellement publiée; existence du fichier vérifiée au téléchargement. Licence ouverte non présumée.
src_abf0cae17f16,Élections Québec,Résultats historiques provinciaux 2004-09-20 JSON,https://donnees.electionsquebec.qc.ca/production/provincial/resultats/archives/part2004-09-20/resultats.json,Élections partielles : 20 septembre 2004,JSON,"élection, circonscription, candidature",selon index officiel,selon publication officielle,EQ-nonprofit-no-adaptation,https://www.electionsquebec.qc.ca/notre-institution/conditions-dutilisation/,Route effectivement utilisée dans historiqueResultatsGen.js ou historiqueResultatsPart.js,2026-10-03,producer_javascript_route,non identifiées au stade inventaire,raw_download,original_nonprofit_only,local_only,https://www.electionsquebec.qc.ca/resultats-et-statistiques/resultats-partielles/2004-09-20/384/,legacy_json,qc-prov-2004-09-20-partial,true,Route dérivée du code JavaScript officiel et date d’une page réellement publiée; existence du fichier vérifiée au téléchargement. Licence ouverte non présumée.
src_1e86e2e765b0,Élections Québec,Résultats historiques provinciaux 2002-06-17 JSON,https://donnees.electionsquebec.qc.ca/production/provincial/resultats/archives/part2002-06-17/resultats.json,Élections partielles : 17 juin 2002,JSON,"élection, circonscription, candidature",selon index officiel,selon publication officielle,EQ-nonprofit-no-adaptation,https://www.electionsquebec.qc.ca/notre-institution/conditions-dutilisation/,Route effectivement utilisée dans historiqueResultatsGen.js ou historiqueResultatsPart.js,2026-10-03,producer_javascript_route,non identifiées au stade inventaire,raw_download,original_nonprofit_only,local_only,https://www.electionsquebec.qc.ca/resultats-et-statistiques/resultats-partielles/2002-06-17/354/,legacy_json,qc-prov-2002-06-17-partial,true,Route dérivée du code JavaScript officiel et date d’une page réellement publiée; existence du fichier vérifiée au téléchargement. Licence ouverte non présumée.
src_f7d493b63d3f,Élections Québec,Résultats historiques provinciaux 2002-04-15 JSON,https://donnees.electionsquebec.qc.ca/production/provincial/resultats/archives/part2002-04-15/resultats.json,Élections partielles : 15 avril 2002,JSON,"élection, circonscription, candidature",selon index officiel,selon publication officielle,EQ-nonprofit-no-adaptation,https://www.electionsquebec.qc.ca/notre-institution/conditions-dutilisation/,Route effectivement utilisée dans historiqueResultatsGen.js ou historiqueResultatsPart.js,2026-10-03,producer_javascript_route,non identifiées au stade inventaire,raw_download,original_nonprofit_only,local_only,https://www.electionsquebec.qc.ca/resultats-et-statistiques/resultats-partielles/2002-04-15/537/,legacy_json,qc-prov-2002-04-15-partial,true,Route dérivée du code JavaScript officiel et date d’une page réellement publiée; existence du fichier vérifiée au téléchargement. Licence ouverte non présumée.
src_1e628f5a1f47,Élections Québec,Résultats historiques provinciaux 2001-10-01 JSON,https://donnees.electionsquebec.qc.ca/production/provincial/resultats/archives/part2001-10-01/resultats.json,Élections partielles : 1 er octobre 2001,JSON,"élection, circonscription, candidature",selon index officiel,selon publication officielle,EQ-nonprofit-no-adaptation,https://www.electionsquebec.qc.ca/notre-institution/conditions-dutilisation/,Route effectivement utilisée dans historiqueResultatsGen.js ou historiqueResultatsPart.js,2026-10-03,producer_javascript_route,non identifiées au stade inventaire,raw_download,original_nonprofit_only,local_only,https://www.electionsquebec.qc.ca/resultats-et-statistiques/resultats-partielles/2001-10-01/565/,legacy_json,qc-prov-2001-10-01-partial,true,Route dérivée du code JavaScript officiel et date d’une page réellement publiée; existence du fichier vérifiée au téléchargement. Licence ouverte non présumée.
src_60ae99fc5e74,Élections Québec,Résultats historiques provinciaux 2001-04-09 JSON,https://donnees.electionsquebec.qc.ca/production/provincial/resultats/archives/part2001-04-09/resultats.json,Élections partielles : 9 avril 2001,JSON,"élection, circonscription, candidature",selon index officiel,selon publication officielle,EQ-nonprofit-no-adaptation,https://www.electionsquebec.qc.ca/notre-institution/conditions-dutilisation/,Route effectivement utilisée dans historiqueResultatsGen.js ou historiqueResultatsPart.js,2026-10-03,producer_javascript_route,non identifiées au stade inventaire,raw_download,original_nonprofit_only,local_only,https://www.electionsquebec.qc.ca/resultats-et-statistiques/resultats-partielles/2001-04-09/517/,legacy_json,qc-prov-2001-04-09-partial,true,Route dérivée du code JavaScript officiel et date d’une page réellement publiée; existence du fichier vérifiée au téléchargement. Licence ouverte non présumée.
src_25d8d1d09ca2,Élections Québec,Résultats historiques provinciaux 1998-06-01 JSON,https://donnees.electionsquebec.qc.ca/production/provincial/resultats/archives/part1998-06-01/resultats.json,Élections partielles : 1 er juin 1998,JSON,"élection, circonscription, candidature",selon index officiel,selon publication officielle,EQ-nonprofit-no-adaptation,https://www.electionsquebec.qc.ca/notre-institution/conditions-dutilisation/,Route effectivement utilisée dans historiqueResultatsGen.js ou historiqueResultatsPart.js,2026-10-03,producer_javascript_route,non identifiées au stade inventaire,raw_download,original_nonprofit_only,local_only,https://www.electionsquebec.qc.ca/resultats-et-statistiques/resultats-partielles/1998-06-01/595/,legacy_json,qc-prov-1998-06-01-partial,true,Route dérivée du code JavaScript officiel et date d’une page réellement publiée; existence du fichier vérifiée au téléchargement. Licence ouverte non présumée.
src_25984d7d7187,Élections Québec,Résultats historiques provinciaux 1997-10-06 JSON,https://donnees.electionsquebec.qc.ca/production/provincial/resultats/archives/part1997-10-06/resultats.json,Élections partielles : 6 octobre 1997,JSON,"élection, circonscription, candidature",selon index officiel,selon publication officielle,EQ-nonprofit-no-adaptation,https://www.electionsquebec.qc.ca/notre-institution/conditions-dutilisation/,Route effectivement utilisée dans historiqueResultatsGen.js ou historiqueResultatsPart.js,2026-10-03,producer_javascript_route,non identifiées au stade inventaire,raw_download,original_nonprofit_only,local_only,https://www.electionsquebec.qc.ca/resultats-et-statistiques/resultats-partielles/1997-10-06/625/,legacy_json,qc-prov-1997-10-06-partial,true,Route dérivée du code JavaScript officiel et date d’une page réellement publiée; existence du fichier vérifiée au téléchargement. Licence ouverte non présumée.
src_ef2bcd58ba61,Élections Québec,Résultats historiques provinciaux 1997-04-28 JSON,https://donnees.electionsquebec.qc.ca/production/provincial/resultats/archives/part1997-04-28/resultats.json,Élections partielles : 28 avril 1997,JSON,"élection, circonscription, candidature",selon index officiel,selon publication officielle,EQ-nonprofit-no-adaptation,https://www.electionsquebec.qc.ca/notre-institution/conditions-dutilisation/,Route effectivement utilisée dans historiqueResultatsGen.js ou historiqueResultatsPart.js,2026-10-03,producer_javascript_route,non identifiées au stade inventaire,raw_download,original_nonprofit_only,local_only,https://www.electionsquebec.qc.ca/resultats-et-statistiques/resultats-partielles/1997-04-28/335/,legacy_json,qc-prov-1997-04-28-partial,true,Route dérivée du code JavaScript officiel et date d’une page réellement publiée; existence du fichier vérifiée au téléchargement. Licence ouverte non présumée.
src_ae885e09480c,Élections Québec,Résultats historiques provinciaux 1996-12-09 JSON,https://donnees.electionsquebec.qc.ca/production/provincial/resultats/archives/part1996-12-09/resultats.json,Élections partielles : 9 décembre 1996,JSON,"élection, circonscription, candidature",selon index officiel,selon publication officielle,EQ-nonprofit-no-adaptation,https://www.electionsquebec.qc.ca/notre-institution/conditions-dutilisation/,Route effectivement utilisée dans historiqueResultatsGen.js ou historiqueResultatsPart.js,2026-10-03,producer_javascript_route,non identifiées au stade inventaire,raw_download,original_nonprofit_only,local_only,https://www.electionsquebec.qc.ca/resultats-et-statistiques/resultats-partielles/1996-12-09/459/,legacy_json,qc-prov-1996-12-09-partial,true,Route dérivée du code JavaScript officiel et date d’une page réellement publiée; existence du fichier vérifiée au téléchargement. Licence ouverte non présumée.
src_ec1324e83b0d,Élections Québec,Résultats historiques provinciaux 1996-06-10 JSON,https://donnees.electionsquebec.qc.ca/production/provincial/resultats/archives/part1996-06-10/resultats.json,Élections partielles : 10 juin 1996,JSON,"élection, circonscription, candidature",selon index officiel,selon publication officielle,EQ-nonprofit-no-adaptation,https://www.electionsquebec.qc.ca/notre-institution/conditions-dutilisation/,Route effectivement utilisée dans historiqueResultatsGen.js ou historiqueResultatsPart.js,2026-10-03,producer_javascript_route,non identifiées au stade inventaire,raw_download,original_nonprofit_only,local_only,https://www.electionsquebec.qc.ca/resultats-et-statistiques/resultats-partielles/1996-06-10/445/,legacy_json,qc-prov-1996-06-10-partial,true,Route dérivée du code JavaScript officiel et date d’une page réellement publiée; existence du fichier vérifiée au téléchargement. Licence ouverte non présumée.
src_2e545590ac0b,Élections Québec,Résultats historiques provinciaux 1996-02-19 JSON,https://donnees.electionsquebec.qc.ca/production/provincial/resultats/archives/part1996-02-19/resultats.json,Élections partielles : 19 février 1996,JSON,"élection, circonscription, candidature",selon index officiel,selon publication officielle,EQ-nonprofit-no-adaptation,https://www.electionsquebec.qc.ca/notre-institution/conditions-dutilisation/,Route effectivement utilisée dans historiqueResultatsGen.js ou historiqueResultatsPart.js,2026-10-03,producer_javascript_route,non identifiées au stade inventaire,raw_download,original_nonprofit_only,local_only,https://www.electionsquebec.qc.ca/resultats-et-statistiques/resultats-partielles/1996-02-19/895/,legacy_json,qc-prov-1996-02-19-partial,true,Route dérivée du code JavaScript officiel et date d’une page réellement publiée; existence du fichier vérifiée au téléchargement. Licence ouverte non présumée.
src_d78bda3e984a,Élections Québec,Résultats historiques provinciaux 1994-02-28 JSON,https://donnees.electionsquebec.qc.ca/production/provincial/resultats/archives/part1994-02-28/resultats.json,Élections partielles : 28 février 1994,JSON,"élection, circonscription, candidature",selon index officiel,selon publication officielle,EQ-nonprofit-no-adaptation,https://www.electionsquebec.qc.ca/notre-institution/conditions-dutilisation/,Route effectivement utilisée dans historiqueResultatsGen.js ou historiqueResultatsPart.js,2026-10-03,producer_javascript_route,non identifiées au stade inventaire,raw_download,original_nonprofit_only,local_only,https://www.electionsquebec.qc.ca/resultats-et-statistiques/resultats-partielles/1994-02-28/285/,legacy_json,qc-prov-1994-02-28-partial,true,Route dérivée du code JavaScript officiel et date d’une page réellement publiée; existence du fichier vérifiée au téléchargement. Licence ouverte non présumée.
src_68f759717bcc,Élections Québec,Résultats historiques provinciaux 1994-02-21 JSON,https://donnees.electionsquebec.qc.ca/production/provincial/resultats/archives/part1994-02-21/resultats.json,Élections partielles : 21 février 1994,JSON,"élection, circonscription, candidature",selon index officiel,selon publication officielle,EQ-nonprofit-no-adaptation,https://www.electionsquebec.qc.ca/notre-institution/conditions-dutilisation/,Route effectivement utilisée dans historiqueResultatsGen.js ou historiqueResultatsPart.js,2026-10-03,producer_javascript_route,non identifiées au stade inventaire,raw_download,original_nonprofit_only,local_only,https://www.electionsquebec.qc.ca/resultats-et-statistiques/resultats-partielles/1994-02-21/815/,legacy_json,qc-prov-1994-02-21-partial,true,Route dérivée du code JavaScript officiel et date d’une page réellement publiée; existence du fichier vérifiée au téléchargement. Licence ouverte non présumée.
src_47d00d1e06ec,Élections Québec,Résultats historiques provinciaux 1993-12-13 JSON,https://donnees.electionsquebec.qc.ca/production/provincial/resultats/archives/part1993-12-13/resultats.json,Élections partielles : 13 décembre 1993,JSON,"élection, circonscription, candidature",selon index officiel,selon publication officielle,EQ-nonprofit-no-adaptation,https://www.electionsquebec.qc.ca/notre-institution/conditions-dutilisation/,Route effectivement utilisée dans historiqueResultatsGen.js ou historiqueResultatsPart.js,2026-10-03,producer_javascript_route,non identifiées au stade inventaire,raw_download,original_nonprofit_only,local_only,https://www.electionsquebec.qc.ca/resultats-et-statistiques/resultats-partielles/1993-12-13/549/,legacy_json,qc-prov-1993-12-13-partial,true,Route dérivée du code JavaScript officiel et date d’une page réellement publiée; existence du fichier vérifiée au téléchargement. Licence ouverte non présumée.
src_af198bab8499,Élections Québec,Résultats historiques provinciaux 1993-07-05 JSON,https://donnees.electionsquebec.qc.ca/production/provincial/resultats/archives/part1993-07-05/resultats.json,Élections partielles : 5 juillet 1993,JSON,"élection, circonscription, candidature",selon index officiel,selon publication officielle,EQ-nonprofit-no-adaptation,https://www.electionsquebec.qc.ca/notre-institution/conditions-dutilisation/,Route effectivement utilisée dans historiqueResultatsGen.js ou historiqueResultatsPart.js,2026-10-03,producer_javascript_route,non identifiées au stade inventaire,raw_download,original_nonprofit_only,local_only,https://www.electionsquebec.qc.ca/resultats-et-statistiques/resultats-partielles/1993-07-05/715/,legacy_json,qc-prov-1993-07-05-partial,true,Route dérivée du code JavaScript officiel et date d’une page réellement publiée; existence du fichier vérifiée au téléchargement. Licence ouverte non présumée.
src_104d9a727eaa,Élections Québec,Résultats historiques provinciaux 1992-01-20 JSON,https://donnees.electionsquebec.qc.ca/production/provincial/resultats/archives/part1992-01-20/resultats.json,Élections partielles : 20 janvier 1992,JSON,"élection, circonscription, candidature",selon index officiel,selon publication officielle,EQ-nonprofit-no-adaptation,https://www.electionsquebec.qc.ca/notre-institution/conditions-dutilisation/,Route effectivement utilisée dans historiqueResultatsGen.js ou historiqueResultatsPart.js,2026-10-03,producer_javascript_route,non identifiées au stade inventaire,raw_download,original_nonprofit_only,local_only,https://www.electionsquebec.qc.ca/resultats-et-statistiques/resultats-partielles/1992-01-20/528/,legacy_json,qc-prov-1992-01-20-partial,true,Route dérivée du code JavaScript officiel et date d’une page réellement publiée; existence du fichier vérifiée au téléchargement. Licence ouverte non présumée.
src_c837d52ba812,Élections Québec,Résultats historiques provinciaux 1991-08-12 JSON,https://donnees.electionsquebec.qc.ca/production/provincial/resultats/archives/part1991-08-12/resultats.json,Élections partielles : 12 août 1991,JSON,"élection, circonscription, candidature",selon index officiel,selon publication officielle,EQ-nonprofit-no-adaptation,https://www.electionsquebec.qc.ca/notre-institution/conditions-dutilisation/,Route effectivement utilisée dans historiqueResultatsGen.js ou historiqueResultatsPart.js,2026-10-03,producer_javascript_route,non identifiées au stade inventaire,raw_download,original_nonprofit_only,local_only,https://www.electionsquebec.qc.ca/resultats-et-statistiques/resultats-partielles/1991-08-12/722/,legacy_json,qc-prov-1991-08-12-partial,true,Route dérivée du code JavaScript officiel et date d’une page réellement publiée; existence du fichier vérifiée au téléchargement. Licence ouverte non présumée.
src_6f4df3beacc9,Élections Québec,Résultats historiques provinciaux 1989-05-29 JSON,https://donnees.electionsquebec.qc.ca/production/provincial/resultats/archives/part1989-05-29/resultats.json,Élections partielles : 29 mai 1989,JSON,"élection, circonscription, candidature",selon index officiel,selon publication officielle,EQ-nonprofit-no-adaptation,https://www.electionsquebec.qc.ca/notre-institution/conditions-dutilisation/,Route effectivement utilisée dans historiqueResultatsGen.js ou historiqueResultatsPart.js,2026-10-03,producer_javascript_route,non identifiées au stade inventaire,raw_download,original_nonprofit_only,local_only,https://www.electionsquebec.qc.ca/resultats-et-statistiques/resultats-partielles/1989-05-29/820/,legacy_json,qc-prov-1989-05-29-partial,true,Route dérivée du code JavaScript officiel et date d’une page réellement publiée; existence du fichier vérifiée au téléchargement. Licence ouverte non présumée.
src_a4ab9b077bc6,Élections Québec,Résultats historiques provinciaux 1988-06-20 JSON,https://donnees.electionsquebec.qc.ca/production/provincial/resultats/archives/part1988-06-20/resultats.json,Élections partielles : 20 juin 1988,JSON,"élection, circonscription, candidature",selon index officiel,selon publication officielle,EQ-nonprofit-no-adaptation,https://www.electionsquebec.qc.ca/notre-institution/conditions-dutilisation/,Route effectivement utilisée dans historiqueResultatsGen.js ou historiqueResultatsPart.js,2026-10-03,producer_javascript_route,non identifiées au stade inventaire,raw_download,original_nonprofit_only,local_only,https://www.electionsquebec.qc.ca/resultats-et-statistiques/resultats-partielles/1988-06-20/605/,legacy_json,qc-prov-1988-06-20-partial,true,Route dérivée du code JavaScript officiel et date d’une page réellement publiée; existence du fichier vérifiée au téléchargement. Licence ouverte non présumée.
src_4aa1df78a89f,Élections Québec,Résultats historiques provinciaux 1987-09-14 JSON,https://donnees.electionsquebec.qc.ca/production/provincial/resultats/archives/part1987-09-14/resultats.json,Élections partielles : 14 septembre 1987,JSON,"élection, circonscription, candidature",selon index officiel,selon publication officielle,EQ-nonprofit-no-adaptation,https://www.electionsquebec.qc.ca/notre-institution/conditions-dutilisation/,Route effectivement utilisée dans historiqueResultatsGen.js ou historiqueResultatsPart.js,2026-10-03,producer_javascript_route,non identifiées au stade inventaire,raw_download,original_nonprofit_only,local_only,https://www.electionsquebec.qc.ca/resultats-et-statistiques/resultats-partielles/1987-09-14/740/,legacy_json,qc-prov-1987-09-14-partial,true,Route dérivée du code JavaScript officiel et date d’une page réellement publiée; existence du fichier vérifiée au téléchargement. Licence ouverte non présumée.
src_154407e0c6f3,Élections Québec,Résultats historiques provinciaux 1986-01-20 JSON,https://donnees.electionsquebec.qc.ca/production/provincial/resultats/archives/part1986-01-20/resultats.json,Élections partielles : 20 janvier 1986,JSON,"élection, circonscription, candidature",selon index officiel,selon publication officielle,EQ-nonprofit-no-adaptation,https://www.electionsquebec.qc.ca/notre-institution/conditions-dutilisation/,Route effectivement utilisée dans historiqueResultatsGen.js ou historiqueResultatsPart.js,2026-10-03,producer_javascript_route,non identifiées au stade inventaire,raw_download,original_nonprofit_only,local_only,https://www.electionsquebec.qc.ca/resultats-et-statistiques/resultats-partielles/1986-01-20/710/,legacy_json,qc-prov-1986-01-20-partial,true,Route dérivée du code JavaScript officiel et date d’une page réellement publiée; existence du fichier vérifiée au téléchargement. Licence ouverte non présumée.
src_97485f74fd4c,Élections Québec,Résultats historiques provinciaux 1985-06-03 JSON,https://donnees.electionsquebec.qc.ca/production/provincial/resultats/archives/part1985-06-03/resultats.json,Élections partielles : 3 juin 1985,JSON,"élection, circonscription, candidature",selon index officiel,selon publication officielle,EQ-nonprofit-no-adaptation,https://www.electionsquebec.qc.ca/notre-institution/conditions-dutilisation/,Route effectivement utilisée dans historiqueResultatsGen.js ou historiqueResultatsPart.js,2026-10-03,producer_javascript_route,non identifiées au stade inventaire,raw_download,original_nonprofit_only,local_only,https://www.electionsquebec.qc.ca/resultats-et-statistiques/resultats-partielles/1985-06-03/555/,legacy_json,qc-prov-1985-06-03-partial,true,Route dérivée du code JavaScript officiel et date d’une page réellement publiée; existence du fichier vérifiée au téléchargement. Licence ouverte non présumée.
src_6bfafee16732,Élections Québec,Résultats historiques provinciaux 1984-11-26 JSON,https://donnees.electionsquebec.qc.ca/production/provincial/resultats/archives/part1984-11-26/resultats.json,Élections partielles : 26 novembre 1984,JSON,"élection, circonscription, candidature",selon index officiel,selon publication officielle,EQ-nonprofit-no-adaptation,https://www.electionsquebec.qc.ca/notre-institution/conditions-dutilisation/,Route effectivement utilisée dans historiqueResultatsGen.js ou historiqueResultatsPart.js,2026-10-03,producer_javascript_route,non identifiées au stade inventaire,raw_download,original_nonprofit_only,local_only,https://www.electionsquebec.qc.ca/resultats-et-statistiques/resultats-partielles/1984-11-26/680/,legacy_json,qc-prov-1984-11-26-partial,true,Route dérivée du code JavaScript officiel et date d’une page réellement publiée; existence du fichier vérifiée au téléchargement. Licence ouverte non présumée.
src_688fead178b4,Élections Québec,Résultats historiques provinciaux 1984-06-18 JSON,https://donnees.electionsquebec.qc.ca/production/provincial/resultats/archives/part1984-06-18/resultats.json,Élections partielles : 18 juin 1984,JSON,"élection, circonscription, candidature",selon index officiel,selon publication officielle,EQ-nonprofit-no-adaptation,https://www.electionsquebec.qc.ca/notre-institution/conditions-dutilisation/,Route effectivement utilisée dans historiqueResultatsGen.js ou historiqueResultatsPart.js,2026-10-03,producer_javascript_route,non identifiées au stade inventaire,raw_download,original_nonprofit_only,local_only,https://www.electionsquebec.qc.ca/resultats-et-statistiques/resultats-partielles/1984-06-18/745/,legacy_json,qc-prov-1984-06-18-partial,true,Route dérivée du code JavaScript officiel et date d’une page réellement publiée; existence du fichier vérifiée au téléchargement. Licence ouverte non présumée.
src_b8d6cf50c953,Élections Québec,Résultats historiques provinciaux 1983-12-05 JSON,https://donnees.electionsquebec.qc.ca/production/provincial/resultats/archives/part1983-12-05/resultats.json,Élections partielles : 5 décembre 1983,JSON,"élection, circonscription, candidature",selon index officiel,selon publication officielle,EQ-nonprofit-no-adaptation,https://www.electionsquebec.qc.ca/notre-institution/conditions-dutilisation/,Route effectivement utilisée dans historiqueResultatsGen.js ou historiqueResultatsPart.js,2026-10-03,producer_javascript_route,non identifiées au stade inventaire,raw_download,original_nonprofit_only,local_only,https://www.electionsquebec.qc.ca/resultats-et-statistiques/resultats-partielles/1983-12-05/880/,legacy_json,qc-prov-1983-12-05-partial,true,Route dérivée du code JavaScript officiel et date d’une page réellement publiée; existence du fichier vérifiée au téléchargement. Licence ouverte non présumée.
src_25af3d37f440,Élections Québec,Résultats historiques provinciaux 1983-06-20 JSON,https://donnees.electionsquebec.qc.ca/production/provincial/resultats/archives/part1983-06-20/resultats.json,Élections partielles : 20 juin 1983,JSON,"élection, circonscription, candidature",selon index officiel,selon publication officielle,EQ-nonprofit-no-adaptation,https://www.electionsquebec.qc.ca/notre-institution/conditions-dutilisation/,Route effectivement utilisée dans historiqueResultatsGen.js ou historiqueResultatsPart.js,2026-10-03,producer_javascript_route,non identifiées au stade inventaire,raw_download,original_nonprofit_only,local_only,https://www.electionsquebec.qc.ca/resultats-et-statistiques/resultats-partielles/1983-06-20/140/,legacy_json,qc-prov-1983-06-20-partial,true,Route dérivée du code JavaScript officiel et date d’une page réellement publiée; existence du fichier vérifiée au téléchargement. Licence ouverte non présumée.
src_e292ec2ab3f8,Élections Québec,Résultats historiques provinciaux 1982-04-05 JSON,https://donnees.electionsquebec.qc.ca/production/provincial/resultats/archives/part1982-04-05/resultats.json,Élections partielles : 5 avril 1982,JSON,"élection, circonscription, candidature",selon index officiel,selon publication officielle,EQ-nonprofit-no-adaptation,https://www.electionsquebec.qc.ca/notre-institution/conditions-dutilisation/,Route effectivement utilisée dans historiqueResultatsGen.js ou historiqueResultatsPart.js,2026-10-03,producer_javascript_route,non identifiées au stade inventaire,raw_download,original_nonprofit_only,local_only,https://www.electionsquebec.qc.ca/resultats-et-statistiques/resultats-partielles/1982-04-05/190/,legacy_json,qc-prov-1982-04-05-partial,true,Route dérivée du code JavaScript officiel et date d’une page réellement publiée; existence du fichier vérifiée au téléchargement. Licence ouverte non présumée.
src_430100a25e12,Élections Québec,Résultats historiques provinciaux 1980-11-17 JSON,https://donnees.electionsquebec.qc.ca/production/provincial/resultats/archives/part1980-11-17/resultats.json,Élections partielles : 17 novembre 1980,JSON,"élection, circonscription, candidature",selon index officiel,selon publication officielle,EQ-nonprofit-no-adaptation,https://www.electionsquebec.qc.ca/notre-institution/conditions-dutilisation/,Route effectivement utilisée dans historiqueResultatsGen.js ou historiqueResultatsPart.js,2026-10-03,producer_javascript_route,non identifiées au stade inventaire,raw_download,original_nonprofit_only,local_only,https://www.electionsquebec.qc.ca/resultats-et-statistiques/resultats-partielles/1980-11-17/38/,legacy_json,qc-prov-1980-11-17-partial,true,Route dérivée du code JavaScript officiel et date d’une page réellement publiée; existence du fichier vérifiée au téléchargement. Licence ouverte non présumée.
src_50cb836b3a85,Élections Québec,Résultats historiques provinciaux 1979-11-26 JSON,https://donnees.electionsquebec.qc.ca/production/provincial/resultats/archives/part1979-11-26/resultats.json,Élections partielles : 26 novembre 1979,JSON,"élection, circonscription, candidature",selon index officiel,selon publication officielle,EQ-nonprofit-no-adaptation,https://www.electionsquebec.qc.ca/notre-institution/conditions-dutilisation/,Route effectivement utilisée dans historiqueResultatsGen.js ou historiqueResultatsPart.js,2026-10-03,producer_javascript_route,non identifiées au stade inventaire,raw_download,original_nonprofit_only,local_only,https://www.electionsquebec.qc.ca/resultats-et-statistiques/resultats-partielles/1979-11-26/156/,legacy_json,qc-prov-1979-11-26-partial,true,Route dérivée du code JavaScript officiel et date d’une page réellement publiée; existence du fichier vérifiée au téléchargement. Licence ouverte non présumée.
src_e5d49a26272d,Élections Québec,Résultats historiques provinciaux 1979-11-14 JSON,https://donnees.electionsquebec.qc.ca/production/provincial/resultats/archives/part1979-11-14/resultats.json,Élections partielles : 14 novembre 1979,JSON,"élection, circonscription, candidature",selon index officiel,selon publication officielle,EQ-nonprofit-no-adaptation,https://www.electionsquebec.qc.ca/notre-institution/conditions-dutilisation/,Route effectivement utilisée dans historiqueResultatsGen.js ou historiqueResultatsPart.js,2026-10-03,producer_javascript_route,non identifiées au stade inventaire,raw_download,original_nonprofit_only,local_only,https://www.electionsquebec.qc.ca/resultats-et-statistiques/resultats-partielles/1979-11-14/23/,legacy_json,qc-prov-1979-11-14-partial,true,Route dérivée du code JavaScript officiel et date d’une page réellement publiée; existence du fichier vérifiée au téléchargement. Licence ouverte non présumée.
src_55753c48469a,Élections Québec,Résultats historiques provinciaux 1979-04-30 JSON,https://donnees.electionsquebec.qc.ca/production/provincial/resultats/archives/part1979-04-30/resultats.json,Élections partielles : 30 avril 1979,JSON,"élection, circonscription, candidature",selon index officiel,selon publication officielle,EQ-nonprofit-no-adaptation,https://www.electionsquebec.qc.ca/notre-institution/conditions-dutilisation/,Route effectivement utilisée dans historiqueResultatsGen.js ou historiqueResultatsPart.js,2026-10-03,producer_javascript_route,non identifiées au stade inventaire,raw_download,original_nonprofit_only,local_only,https://www.electionsquebec.qc.ca/resultats-et-statistiques/resultats-partielles/1979-04-30/74/,legacy_json,qc-prov-1979-04-30-partial,true,Route dérivée du code JavaScript officiel et date d’une page réellement publiée; existence du fichier vérifiée au téléchargement. Licence ouverte non présumée.
src_54ed72cc98e5,Élections Québec,Résultats historiques provinciaux 1978-07-05 JSON,https://donnees.electionsquebec.qc.ca/production/provincial/resultats/archives/part1978-07-05/resultats.json,Élections partielles : 5 juillet 1978,JSON,"élection, circonscription, candidature",selon index officiel,selon publication officielle,EQ-nonprofit-no-adaptation,https://www.electionsquebec.qc.ca/notre-institution/conditions-dutilisation/,Route effectivement utilisée dans historiqueResultatsGen.js ou historiqueResultatsPart.js,2026-10-03,producer_javascript_route,non identifiées au stade inventaire,raw_download,original_nonprofit_only,local_only,https://www.electionsquebec.qc.ca/resultats-et-statistiques/resultats-partielles/1978-07-05/155/,legacy_json,qc-prov-1978-07-05-partial,true,Route dérivée du code JavaScript officiel et date d’une page réellement publiée; existence du fichier vérifiée au téléchargement. Licence ouverte non présumée.
src_c3d6218599e0,Élections Québec,Résultats historiques provinciaux 1974-08-28 JSON,https://donnees.electionsquebec.qc.ca/production/provincial/resultats/archives/part1974-08-28/resultats.json,Élections partielles : 28 août 1974,JSON,"élection, circonscription, candidature",selon index officiel,selon publication officielle,EQ-nonprofit-no-adaptation,https://www.electionsquebec.qc.ca/notre-institution/conditions-dutilisation/,Route effectivement utilisée dans historiqueResultatsGen.js ou historiqueResultatsPart.js,2026-10-03,producer_javascript_route,non identifiées au stade inventaire,raw_download,original_nonprofit_only,local_only,https://www.electionsquebec.qc.ca/resultats-et-statistiques/resultats-partielles/1974-08-28/40/,legacy_json,qc-prov-1974-08-28-partial,true,Route dérivée du code JavaScript officiel et date d’une page réellement publiée; existence du fichier vérifiée au téléchargement. Licence ouverte non présumée.
src_bf038d713135,Élections Québec,Résultats historiques provinciaux 1972-10-11 JSON,https://donnees.electionsquebec.qc.ca/production/provincial/resultats/archives/part1972-10-11/resultats.json,Élections partielles : 15 novembre 1972,JSON,"élection, circonscription, candidature",selon index officiel,selon publication officielle,EQ-nonprofit-no-adaptation,https://www.electionsquebec.qc.ca/notre-institution/conditions-dutilisation/,Route effectivement utilisée dans historiqueResultatsGen.js ou historiqueResultatsPart.js,2026-10-03,producer_javascript_route,non identifiées au stade inventaire,raw_download,original_nonprofit_only,local_only,https://www.electionsquebec.qc.ca/resultats-et-statistiques/resultats-partielles/1972-10-11/78/,legacy_json,qc-prov-1972-10-11-partial,true,Route dérivée du code JavaScript officiel et date d’une page réellement publiée; existence du fichier vérifiée au téléchargement. Licence ouverte non présumée.
src_1802c37dad40,Élections Québec,Résultats historiques provinciaux 1971-02-08 JSON,https://donnees.electionsquebec.qc.ca/production/provincial/resultats/archives/part1971-02-08/resultats.json,Élections partielles : 8 février 1971,JSON,"élection, circonscription, candidature",selon index officiel,selon publication officielle,EQ-nonprofit-no-adaptation,https://www.electionsquebec.qc.ca/notre-institution/conditions-dutilisation/,Route effectivement utilisée dans historiqueResultatsGen.js ou historiqueResultatsPart.js,2026-10-03,producer_javascript_route,non identifiées au stade inventaire,raw_download,original_nonprofit_only,local_only,https://www.electionsquebec.qc.ca/resultats-et-statistiques/resultats-partielles/1971-02-08/240/,legacy_json,qc-prov-1971-02-08-partial,true,Route dérivée du code JavaScript officiel et date d’une page réellement publiée; existence du fichier vérifiée au téléchargement. Licence ouverte non présumée.
src_bcd514b5f73d,Élections Québec,Résultats historiques provinciaux 1969-10-08 JSON,https://donnees.electionsquebec.qc.ca/production/provincial/resultats/archives/part1969-10-08/resultats.json,Élections partielles : 8 octobre 1969,JSON,"élection, circonscription, candidature",selon index officiel,selon publication officielle,EQ-nonprofit-no-adaptation,https://www.electionsquebec.qc.ca/notre-institution/conditions-dutilisation/,Route effectivement utilisée dans historiqueResultatsGen.js ou historiqueResultatsPart.js,2026-10-03,producer_javascript_route,non identifiées au stade inventaire,raw_download,original_nonprofit_only,local_only,https://www.electionsquebec.qc.ca/resultats-et-statistiques/resultats-partielles/1969-10-08/208/,legacy_json,qc-prov-1969-10-08-partial,true,Route dérivée du code JavaScript officiel et date d’une page réellement publiée; existence du fichier vérifiée au téléchargement. Licence ouverte non présumée.
src_6f2056e5389e,Élections Québec,Résultats historiques provinciaux 1969-03-03 JSON,https://donnees.electionsquebec.qc.ca/production/provincial/resultats/archives/part1969-03-03/resultats.json,Élections partielles : 3 mars 1969,JSON,"élection, circonscription, candidature",selon index officiel,selon publication officielle,EQ-nonprofit-no-adaptation,https://www.electionsquebec.qc.ca/notre-institution/conditions-dutilisation/,Route effectivement utilisée dans historiqueResultatsGen.js ou historiqueResultatsPart.js,2026-10-03,producer_javascript_route,non identifiées au stade inventaire,raw_download,original_nonprofit_only,local_only,https://www.electionsquebec.qc.ca/resultats-et-statistiques/resultats-partielles/1969-03-03/212/,legacy_json,qc-prov-1969-03-03-partial,true,Route dérivée du code JavaScript officiel et date d’une page réellement publiée; existence du fichier vérifiée au téléchargement. Licence ouverte non présumée.
src_f9a761fd99ee,Élections Québec,Résultats historiques provinciaux 1968-12-04 JSON,https://donnees.electionsquebec.qc.ca/production/provincial/resultats/archives/part1968-12-04/resultats.json,Élections partielles : 4 décembre 1968,JSON,"élection, circonscription, candidature",selon index officiel,selon publication officielle,EQ-nonprofit-no-adaptation,https://www.electionsquebec.qc.ca/notre-institution/conditions-dutilisation/,Route effectivement utilisée dans historiqueResultatsGen.js ou historiqueResultatsPart.js,2026-10-03,producer_javascript_route,non identifiées au stade inventaire,raw_download,original_nonprofit_only,local_only,https://www.electionsquebec.qc.ca/resultats-et-statistiques/resultats-partielles/1968-12-04/40/,legacy_json,qc-prov-1968-12-04-partial,true,Route dérivée du code JavaScript officiel et date d’une page réellement publiée; existence du fichier vérifiée au téléchargement. Licence ouverte non présumée.
src_63ad7f1d0270,Élections Québec,Résultats historiques provinciaux 1965-01-18 JSON,https://donnees.electionsquebec.qc.ca/production/provincial/resultats/archives/part1965-01-18/resultats.json,Élections partielles : 18 janvier 1965,JSON,"élection, circonscription, candidature",selon index officiel,selon publication officielle,EQ-nonprofit-no-adaptation,https://www.electionsquebec.qc.ca/notre-institution/conditions-dutilisation/,Route effectivement utilisée dans historiqueResultatsGen.js ou historiqueResultatsPart.js,2026-10-03,producer_javascript_route,non identifiées au stade inventaire,raw_download,original_nonprofit_only,local_only,https://www.electionsquebec.qc.ca/resultats-et-statistiques/resultats-partielles/1965-01-18/0/,legacy_json,qc-prov-1965-01-18-partial,true,Route dérivée du code JavaScript officiel et date d’une page réellement publiée; existence du fichier vérifiée au téléchargement. Licence ouverte non présumée.
src_6e9eb7f5d233,Élections Québec,Résultats historiques provinciaux 1964-10-05 JSON,https://donnees.electionsquebec.qc.ca/production/provincial/resultats/archives/part1964-10-05/resultats.json,Élections partielles : 5 octobre 1964,JSON,"élection, circonscription, candidature",selon index officiel,selon publication officielle,EQ-nonprofit-no-adaptation,https://www.electionsquebec.qc.ca/notre-institution/conditions-dutilisation/,Route effectivement utilisée dans historiqueResultatsGen.js ou historiqueResultatsPart.js,2026-10-03,producer_javascript_route,non identifiées au stade inventaire,raw_download,original_nonprofit_only,local_only,https://www.electionsquebec.qc.ca/resultats-et-statistiques/resultats-partielles/1964-10-05/0/,legacy_json,qc-prov-1964-10-05-partial,true,Route dérivée du code JavaScript officiel et date d’une page réellement publiée; existence du fichier vérifiée au téléchargement. Licence ouverte non présumée.
src_0946a7cc5cfb,Élections Québec,Résultats historiques provinciaux 1963-09-25 JSON,https://donnees.electionsquebec.qc.ca/production/provincial/resultats/archives/part1963-09-25/resultats.json,Élections partielles : 25 septembre 1963,JSON,"élection, circonscription, candidature",selon index officiel,selon publication officielle,EQ-nonprofit-no-adaptation,https://www.electionsquebec.qc.ca/notre-institution/conditions-dutilisation/,Route effectivement utilisée dans historiqueResultatsGen.js ou historiqueResultatsPart.js,2026-10-03,producer_javascript_route,non identifiées au stade inventaire,raw_download,original_nonprofit_only,local_only,https://www.electionsquebec.qc.ca/resultats-et-statistiques/resultats-partielles/1963-09-25/0/,legacy_json,qc-prov-1963-09-25-partial,true,Route dérivée du code JavaScript officiel et date d’une page réellement publiée; existence du fichier vérifiée au téléchargement. Licence ouverte non présumée.
src_f9078e7eddb3,Élections Québec,Allocations publiques versées aux partis provinciaux en 2025,https://donnees.electionsquebec.qc.ca/autres/allocationsVerseesRevenusAppariements/allocationsVersees.json,Allocations versées,JSON,parti × année 2025,2025,selon producteur,EQ-nonprofit-no-adaptation,https://www.electionsquebec.qc.ca/notre-institution/conditions-dutilisation/,Route réellement utilisée dans allocationsVersees.js,2026-10-03,producer_javascript_route,fonctions politiques publiques possibles,raw_download,original non commercial avec attribution; adaptation à autoriser,local_only,https://www.electionsquebec.qc.ca/financement-depenses-et-contributions/allocations-versees/,allocations_json,NA,true,Périmètre provincial uniquement.
